variant.id	chr	pos	n.obs	freq	MAC	Est.G	Est.G:envir1	SE.G	SE.G:envir1	GxE.Stat	Joint.Stat	GxE.pval	Joint.pval
snp0	1	1	200	0.435	174	-0.171511947738501	0.196281307351481	0.129743750464336	0.182536293680591	1.07530016849659	1.34184913360788	0.282240360805398	0.406456019612746
snp1	1	2	200	0.4625	185	0.170557973451711	0.133871756856198	0.12625198477344	0.175715060704549	0.761868426755363	2.79886813301644	0.446138535710864	0.0199040626861126
snp2	1	3	200	0.465	186	0.0748729473213782	0.000620241534061761	0.137679343911865	0.185125568868128	0.00335038286636452	0.771781166161734	0.997326786239317	0.742432676184963
snp3	1	4	200	0.4825	193	-0.00272988283230945	-0.0533932112001266	0.161223426309125	0.200807668099621	0.265892292388148	0.44798702272002	0.790322161279899	0.904524229965623
snp4	1	5	200	0.455	182	-0.0365680784397843	0.0389955113807151	0.138691574625903	0.180681170694101	0.215824987357071	0.266416904147149	0.829124170211199	0.965133366652273
snp5	1	6	200	0.4575	183	0.081041544904813	-0.000882780190323729	0.138595132239128	0.19008338262056	0.00464417340513091	0.853898007972009	0.996294499062614	0.694494591795695
snp6	1	7	200	0.45	180	-0.0523463304502145	0.0161219204877944	0.134726347662687	0.185941447153027	0.0867042864011179	0.486056602570227	0.930906569196249	0.888584518971667
snp7	1	8	200	0.4675	187	0.19696044969939	-0.122322069530265	0.136699132835215	0.188116087321036	0.650247787269317	1.55087824387612	0.515532177624059	0.300408620230256
snp8	1	9	200	0.465	186	0.0182087464564139	0.0202925339223069	0.134602246652787	0.186283015769399	0.10893389200563	0.307276910854651	0.913254924660745	0.953887489548834
snp9	1	10	200	0.45	180	-0.196531411016646	0.2063828900795	0.125748448335527	0.179681640110451	1.14860310687634	1.56734231238438	0.250719675372312	0.29279547182439
snp10	1	11	200	0.475	190	-0.0472090926721406	0.135651736603918	0.133217303137773	0.183173284794274	0.740565070699427	0.789858220835412	0.458957193234816	0.73202690918805
snp11	1	12	200	0.45	180	-0.0317213530454353	0.0982619450472296	0.138406262542665	0.191262142717934	0.513755328947362	0.549120730657631	0.607423063293616	0.860048248484804
snp12	1	13	200	0.4825	193	0.107324232683354	0.0166998703555598	0.150421942964382	0.198083214350934	0.0843073473453103	1.16041074550733	0.932812070865391	0.510034683280146
snp13	1	14	200	0.46	184	-0.0349223168427508	0.109051840099718	0.139564176095897	0.188279893168441	0.579200669091928	0.619827060817708	0.5624537794123	0.82523028962428
snp14	1	15	200	0.4675	187	-0.0776359599264209	0.303562703516228	0.141304509751421	0.193777094203241	1.5665561750959	1.82673081391053	0.117218468368753	0.18853478878287
snp15	1	16	200	0.455	182	0.125251464041036	0.209593606429256	0.131906790120802	0.176386794597414	1.18826132595489	2.97323310531504	0.234730469324614	0.0120335397433608
snp16	1	17	200	0.4325	173	0.0484540948349419	-0.0426250826457532	0.131339405635453	0.1878106512365	0.226957749015405	0.371466876716272	0.820456596270251	0.933332447822815
snp17	1	18	200	0.4375	175	0.0365861759989822	0.0654690563527627	0.138209571689289	0.186992234305912	0.350116445187012	0.855924596387904	0.726251309565015	0.693292384614706
snp18	1	19	200	0.4675	187	0.0248579845703427	-0.102221780290519	0.13593511320289	0.185258846027168	0.551778133582502	0.633217398006703	0.581100370421701	0.818336108185615
snp19	1	20	200	0.44	176	0.139633424606818	-0.0402616250931603	0.145837778454393	0.192463978221508	0.209190444181835	1.2393934637269	0.834299571843054	0.463917715872063
snp20	1	21	200	0.4675	187	-0.0547940343085618	0.0499713562708938	0.162734647556289	0.203123917254307	0.246014142235799	0.337204444156102	0.805671284962723	0.944732539455507
snp21	1	22	200	0.4575	183	0.131615669161771	-0.0577634570911421	0.14433499632672	0.193306926535259	0.298817316722513	1.05530500311779	0.765079437452515	0.573020191423007
snp22	1	23	200	0.4525	181	0.00348906584785103	0.0659691033300161	0.129923870189074	0.183641080102299	0.359228465075828	0.526909073973509	0.719424183822787	0.870387654997756
snp23	1	24	200	0.4625	185	-0.00961727361815597	-0.136491745208122	0.127251837889819	0.181101706888763	0.753674537656114	1.10038465719121	0.45104467477547	0.545843378533019
snp24	1	25	200	0.47	188	0.0378141903494056	-0.0693216584600063	0.150044905178815	0.209769685725164	0.330465568560894	0.330817563861459	0.741048204919109	0.946750077558348
snp25	1	26	200	0.45	180	-0.110223273690863	0.202104044120485	0.141860023053384	0.194411085435766	1.03957057627386	1.03980176378179	0.298539452903293	0.582402287740303
snp26	1	27	200	0.4675	187	-0.040053779707878	0.261441842396622	0.124314991705435	0.17450459959924	1.49819456333551	1.7438033583022	0.134082707750634	0.21861893748827
snp27	1	28	200	0.475	190	0.0723859220042773	0.149599918704691	0.130333479892439	0.184246008714811	0.811957446178672	1.756909983186	0.416816049566947	0.213660634134222
snp28	1	29	200	0.455	182	0.00409244161280656	-0.060012012094191	0.136681702513391	0.18726792349933	0.320460711972414	0.421038773151942	0.748619108506253	0.915177883642834
snp29	1	30	200	0.455	182	-0.149788251287838	-0.137468058902457	0.133071971696431	0.17750377124473	0.774451483134549	2.68989785612042	0.438663848587897	0.026842327899202
snp30	1	31	200	0.47	188	0.121899443155827	-0.18739830927283	0.139397339078132	0.198396196546685	0.944566037730128	0.981832640714245	0.344880472659624	0.61754850238882
snp31	1	32	200	0.48	192	-0.0809032753496559	0.0556925504764451	0.143991439521501	0.188909047391979	0.294811451570581	0.600830776488908	0.76813791795088	0.834853673347279
snp32	1	33	200	0.4675	187	-0.225790526661413	0.231709611691565	0.14284104918039	0.189802500855646	1.22079324901936	1.58202338198848	0.222164310539742	0.286104259587766
snp33	1	34	200	0.4525	181	0.262035316577909	-0.411243745314429	0.159203755966137	0.198064037975235	2.07631708167966	2.07632309692291	0.0378646344813283	0.115838441839336
snp34	1	35	200	0.4525	181	0.0503122320171703	-0.0245057950552999	0.127270330892309	0.184806248136283	0.132602632770448	0.441992456930952	0.894507650160954	0.906940287693354
snp35	1	36	200	0.4675	187	0.0509650383645922	-0.117694542516086	0.135148789590392	0.189695983914159	0.620437713480242	0.624317720357683	0.534969649532422	0.822928213111588
snp36	1	37	200	0.45	180	0.238141422151636	-0.268334433469156	0.136198246618721	0.191146486247958	1.40381567423148	1.7664018226194	0.160373745249788	0.210117643185388
snp37	1	38	200	0.4275	171	0.0568921854374027	-0.149308988181798	0.147862608760413	0.208010224731411	0.717796388973617	0.745402380845446	0.472882840217411	0.757438938048268
snp38	1	39	200	0.4575	183	0.174092648985737	-0.129632720563653	0.156682306860135	0.206723934572201	0.627081333527819	1.16045809952783	0.530605922330249	0.510006657014233
snp39	1	40	200	0.4325	173	0.0254138295602028	0.0373982050673467	0.15162509554531	0.203485518305023	0.183788042406473	0.475324667196112	0.854179737125289	0.893180340342713
snp40	1	41	200	0.4375	175	0.0342224530718432	0.261659324957594	0.128440353122551	0.172524449485202	1.51665068770463	2.45703288683922	0.129354900657513	0.0488742159130648
snp41	1	42	200	0.4575	183	0.103770017495792	-0.194206928690731	0.144714055431955	0.187241724805662	1.03719899446717	1.04506839635301	0.299643126607015	0.579213588992271
snp42	1	43	200	0.47	188	0.150788537039979	-0.045838289569247	0.168740958318974	0.205554940270334	0.222997751885521	1.15697938128523	0.823537256189152	0.51206656923375
snp43	1	44	200	0.45	180	0.0883228572491317	-0.0819405288173999	0.149476764641622	0.197839713498834	0.41417634188943	0.593907674305887	0.678744966611404	0.838313483777158
snp44	1	45	200	0.44	176	0.209682232826384	-0.0593536984298077	0.134920807276851	0.186120764965222	0.318898852800751	1.94761973913767	0.749803214273402	0.150076318520454
snp45	1	46	200	0.4675	187	0.058402445619121	0.225474785895487	0.138283914838629	0.180481875716708	1.24929323235426	2.38754140539998	0.211557842320152	0.0578340844205022
snp46	1	47	200	0.4675	187	-0.150482880402728	0.222419439051519	0.157254205982604	0.206864564967479	1.07519351652365	1.09713747564426	0.282288097563211	0.547794358741717
snp47	1	48	200	0.4625	185	-0.22939875833108	0.043139477740308	0.143297596000886	0.198128438368673	0.217734910220385	2.05044165905088	0.827635661751318	0.122192757867737
snp48	1	49	200	0.475	190	-0.165501228375948	0.299169361403072	0.144478318101392	0.186720129931584	1.60223411108749	1.60928361797884	0.109103849636799	0.273926109711637
snp49	1	50	200	0.4525	181	-0.101926225589599	0.147642437379275	0.136701628918904	0.190300130609197	0.775839916171554	0.819407369726218	0.437843512379742	0.71482736086323
snp50	1	51	200	0.4425	177	0.0771011299768283	-0.0532061072463239	0.131281655756088	0.188717874788176	0.281934646127423	0.615696027495728	0.777993622905451	0.827338961493222
snp51	1	52	200	0.44	176	-0.0147109269600917	0.412376061657977	0.1385754075482	0.189291195557026	2.17852742936342	3.02959373268467	0.0293667924124619	0.0101607899124954
snp52	1	53	200	0.4375	175	-0.0515674205021089	0.259141326680938	0.131983136912665	0.181019790018828	1.43156351387869	1.6979803226723	0.152268777824544	0.236556407945698
snp53	1	54	200	0.46	184	-0.0929598862035172	0.339717578735255	0.139456322604309	0.196727933143267	1.72683956623413	1.89956260723164	0.0841964804324691	0.164611183524938
snp54	1	55	200	0.445	178	0.0626481660202202	-0.302715767818034	0.13696969058885	0.184740053879151	1.63860387318095	2.01861988777598	0.101295785180265	0.130365514259945
snp55	1	56	200	0.4725	189	-0.01408455748845	-0.0542954102710642	0.138568133240315	0.190247653535323	0.285393324238731	0.53736548250004	0.775342821455821	0.865558054039207
snp56	1	57	200	0.45	180	0.031673652555396	0.126550765698988	0.135400722077053	0.182075692022715	0.695044815115686	1.30996565378733	0.487027216828341	0.424007130340306
snp57	1	58	200	0.47	188	0.0176119514507329	-0.128838004214941	0.154207802691569	0.208363371616174	0.618333266617863	0.8468654237884	0.536355677390743	0.69866037813964
snp58	1	59	200	0.4425	177	-0.133822427994509	0.0944363736419972	0.137807343604823	0.18624587044	0.507052174734904	1.02351741067112	0.612118210478962	0.592269243089466
snp59	1	60	200	0.495	198	0.00627764003964028	0.0925608259904649	0.131117324609143	0.179535866689532	0.515556182155672	0.776636273445545	0.606164420702172	0.739647209326673
snp60	1	61	200	0.45	180	0.0735942892222459	0.122986016901805	0.146608396748017	0.197415457814983	0.622980683797651	1.46389987663915	0.533297215395349	0.342493902481498
snp61	1	62	200	0.4575	183	0.0438273980141283	0.125825685182547	0.140451257573475	0.202494260695226	0.621379019585778	1.23782943481175	0.534350272981145	0.464817299527788
snp62	1	63	200	0.44	176	0.0174109830576251	-0.0943152369279872	0.139760249423507	0.193232227215283	0.488092686645428	0.574819462430278	0.625484191016949	0.847716761037143
snp63	1	64	200	0.4725	189	0.0515750664480726	0.0527337201678321	0.138029491701725	0.187919221073405	0.280619086576744	0.86287546619591	0.779002575070655	0.689163293666516
snp64	1	65	200	0.4575	183	-0.112663565468643	-0.0197661310471204	0.138279156551056	0.191562409184231	0.103183767270909	1.27528137117789	0.917817122980777	0.443449527869236
snp65	1	66	200	0.455	182	0.0163601160677842	0.235957613994024	0.139994824110471	0.191903281365326	1.22956529099068	1.86685968794288	0.218859934220449	0.175067695709546
snp66	1	67	200	0.4725	189	0.0139451481885644	-0.0310624231031266	0.143316556603131	0.190124751403671	0.163379164857789	0.166490388837743	0.870219906497123	0.986236076254697
snp67	1	68	200	0.45	180	-0.154303236717169	0.442949941379354	0.140327761778407	0.186070608493827	2.38054760483062	2.61999106877017	0.0172869272562746	0.0323165240129376
snp68	1	69	200	0.47	188	0.0360971948744184	0.307706108705577	0.12830807899804	0.17660732975891	1.7423178818548	2.82447029883333	0.0814528361231931	0.0185216264101794
snp69	1	70	200	0.44	176	-0.0109352188897779	-0.227495666812697	0.145404923270847	0.199666558372975	1.139377914191	1.70567267899447	0.254545563669818	0.233479816651139
snp70	1	71	200	0.47	188	-0.0864422726014411	-0.0142953249326287	0.134121536680689	0.18630927864856	0.0767290015630102	1.03262142840094	0.938839132633433	0.586751723319321
snp71	1	72	200	0.4775	191	0.0257263199904306	0.033342692929228	0.139488169965114	0.18984092531015	0.175634905248986	0.4850553695277	0.86058077817176	0.889016613533341
snp72	1	73	200	0.49	196	-0.0639126752662808	-0.16758911450454	0.134100562856666	0.184237337608022	0.909637083776676	1.84605011898877	0.363013934723816	0.181963252631599
snp73	1	74	200	0.4225	169	0.0865479994838739	0.0667425611439001	0.152386100503259	0.201046367355515	0.331975961673945	1.30401777912295	0.739907410450672	0.427316131818617
snp74	1	75	200	0.47	188	-0.0305593224046347	0.0408063227943105	0.131150894476095	0.174050190887237	0.234451468201766	0.252127681601157	0.814634505991285	0.968715623934731
snp75	1	76	200	0.45	180	-0.22524936791693	0.195016501255778	0.15518155724815	0.196942287629032	0.990221570001858	1.47628454526895	0.322065831758611	0.336314673403859
snp76	1	77	200	0.47	188	0.11861838591422	-0.200650891932113	0.138987213657176	0.185267201445667	1.08303515336986	1.08658796667398	0.278792820003281	0.5541406715729
snp77	1	78	200	0.4625	185	0.0864614831687473	-0.0752287530973143	0.136901632092803	0.193385262841965	0.38900975178647	0.636407108720016	0.697268932579115	0.816680762534025
snp78	1	79	200	0.4375	175	-0.0664353705475981	-0.248522293761974	0.132605582003771	0.178166020685996	1.39489164547248	2.75399945531432	0.16304851684949	0.0225446723598029
snp79	1	80	200	0.4675	187	0.142184901409931	-0.325015553328134	0.140539853338968	0.18415802662318	1.76487313253619	1.81334042796301	0.0775850900939177	0.193186013475674
snp80	1	81	200	0.4375	175	0.142813435629405	-0.199616421535856	0.137735058617035	0.185824143381483	1.07422220763885	1.13407147389797	0.282723101328431	0.525681872705726
snp81	1	82	200	0.4625	185	-0.127556308045512	0.101590418388572	0.169561211180185	0.211402122544995	0.480555337692737	0.769571712303725	0.630832564450098	0.743697948196881
snp82	1	83	200	0.4325	173	0.106087644224702	-0.12253381309671	0.13861329925268	0.189492780657525	0.64664106290238	0.776543381176761	0.51786427548008	0.739700568802591
snp83	1	84	200	0.4525	181	-0.130160992754498	0.0389657622105433	0.14001050656121	0.191184317145589	0.203812544837924	1.14772960939931	0.838499989243688	0.517553887853531
snp84	1	85	200	0.4825	193	-0.0365936892734465	0.0292524489404153	0.140445905027321	0.191341119298985	0.152881142577127	0.264908239056704	0.878492007125327	0.965520265626592
snp85	1	86	200	0.48	192	-0.102067352080883	-0.0198008052816875	0.140933596571206	0.183799228601071	0.107730622333919	1.12513751302262	0.914209377760119	0.531013830677713
snp86	1	87	200	0.435	174	-0.0403572765711405	-0.0128063163883266	0.141005373106888	0.187083451900849	0.0684524272895803	0.499297395169534	0.945425488721666	0.88280676243988
snp87	1	88	200	0.47	188	-0.166245615208125	0.148614331334106	0.151874156383705	0.197180860708222	0.753695519942057	1.1088122885738	0.451032072635465	0.540785619565999
snp88	1	89	200	0.47	188	-0.21439145004406	0.142192010067694	0.157087785932269	0.195966107564676	0.725594909419557	1.44596248246027	0.46808714273839	0.351549852347494
snp89	1	90	200	0.465	186	0.141702891340739	-0.141608701145815	0.132962847337951	0.180413050484676	0.784913845009472	1.06674567101832	0.432504083975526	0.566106439209772
snp90	1	91	200	0.4775	191	-0.0874761128954439	-0.0744924361664077	0.135710550136853	0.188019005544846	0.396196309785501	1.40463555900744	0.691960213417015	0.372879291567296
snp91	1	92	200	0.455	182	-0.142777470751929	0.19962661469731	0.147325438643655	0.184317886721893	1.08305611705779	1.10247830202172	0.278783515425459	0.544586110441745
snp92	1	93	200	0.4625	185	-0.157535602801874	-0.135292436402238	0.135374028720738	0.191546638344231	0.706315900773481	2.46119062396605	0.479991707227168	0.0483770552014961
snp93	1	94	200	0.45	180	0.0256094408528291	0.0296335918719278	0.129417632435676	0.186944795743988	0.158515200992862	0.448854579377506	0.874050843436014	0.904172410934819
snp94	1	95	200	0.4525	181	0.125086676362942	0.0805315025640539	0.142689456283791	0.1957508911918	0.411397884697994	1.70445112493909	0.680780804731219	0.233966621104192
snp95	1	96	200	0.4575	183	0.00904558175369305	-0.182081090318791	0.156622558669365	0.213149451725057	0.854241420023256	1.21950132799113	0.392971237590194	0.47540331809915
snp96	1	97	200	0.46	184	0.135468682933643	-0.360240031387411	0.148384359525444	0.195780971679146	1.84001554542178	1.97338214987919	0.0657659550712418	0.142684617736077
snp97	1	98	200	0.44	176	-0.148023309078714	0.199546867496492	0.141628679421875	0.193441912346428	1.0315596298445	1.11707034602912	0.302278460432437	0.535838173296385
snp98	1	99	200	0.4525	181	0.134832246949829	-0.218443132588274	0.137038012052494	0.196061919451141	1.11415379998211	1.15242141844233	0.265213211518092	0.514768721917342
snp99	1	100	200	0.4625	185	0.226292375172136	-0.558887444163729	0.132996332816701	0.173778458029257	3.216091628973	3.37615975317218	0.00129949333887204	0.00334855175195077
snp100	1	101	200	0.475	190	-0.0111684650105298	0.205696007709605	0.143046329080329	0.190332492648986	1.08071934984297	1.535060414704	0.279821973086633	0.307830725877632
snp101	1	102	200	0.4625	185	0.09643643213389	-0.34103289339649	0.143032951535953	0.201311264613457	1.69405767755379	1.89452677338582	0.0902543235101209	0.166191282876228
snp102	1	103	200	0.4575	183	0.0113146321050834	0.0707278026406419	0.143671093648848	0.18875028502642	0.374716269333007	0.655646920075888	0.707871491265542	0.80659270404592
snp103	1	104	200	0.485	194	0.078364070279743	-0.0989575785240079	0.130220223013634	0.18692684676862	0.529392006737795	0.619845763445523	0.596533541966964	0.825220723140061
snp104	1	105	200	0.455	182	0.120524877955288	-0.252644576335374	0.138406190337703	0.186209796337462	1.35677381805152	1.37222918918382	0.174853089028278	0.390039807784895
snp105	1	106	200	0.4725	189	0.00948650608973604	-0.361038610656263	0.15427982702432	0.199281694549995	1.81169982256291	2.80032829923948	0.0700325910708987	0.0198228633707075
snp106	1	107	200	0.47	188	0.0243983517515225	-0.404299381528601	0.132852548035158	0.179773139717576	2.24894209537508	3.10500065079757	0.0245161803340251	0.00806263767750253
snp107	1	108	200	0.4575	183	0.0990509056264889	-0.161500980728325	0.154534040646104	0.202953884387302	0.795752105045346	0.798520598457334	0.426176134955304	0.727008163069574
snp108	1	109	200	0.4625	185	-0.0717117531413866	0.0696424302086654	0.126284595578468	0.182099702726432	0.382441207569071	0.567903989815786	0.702134129889302	0.851072916450021
snp109	1	110	200	0.4625	185	-0.0215119051502776	-0.202524814367659	0.137839010739923	0.186628810361306	1.08517443783507	1.81015804662729	0.277844403488916	0.194303078846618
snp110	1	111	200	0.4575	183	0.159477305154634	-0.288644241200786	0.142790764024133	0.190793458071779	1.51286235973665	1.51307858768502	0.130314624702198	0.318318315011922
snp111	1	112	200	0.4475	179	0.100437540898356	-0.389116797553062	0.134814885378792	0.187077282220811	2.07997888858456	2.2824397324137	0.0375274692968586	0.0739204646328906
snp112	1	113	200	0.4575	183	-0.105226066835897	0.00289137831171413	0.130836517616821	0.177789622634757	0.0162629194486454	1.17601789843277	0.987024639620264	0.500819737156874
snp113	1	114	200	0.4825	193	-0.197927648738327	0.192440997569757	0.141061773993962	0.194306740612244	0.990397949980487	1.40369049535253	0.321979647066666	0.373374439592307
snp114	1	115	200	0.465	186	-0.0826498709481592	0.167445070957982	0.127743181574579	0.171231208605364	0.977888740737044	0.984152652246415	0.328129354400041	0.616141754203633
snp115	1	116	200	0.47	188	-0.0656356809136358	-0.0533223985554505	0.138124515263284	0.186582245736386	0.285784954216852	1.04202518600086	0.775042832540842	0.58105594021096
snp116	1	117	200	0.445	178	-0.0822485201699271	0.206097687755193	0.14762532900164	0.199975381660698	1.03061529896156	1.07327917739331	0.302721258831963	0.562162628545535
snp117	1	118	200	0.48	192	-0.00829990113379694	-0.364662003678327	0.131385406593285	0.186758747331002	1.95258325989957	2.93514679871962	0.0508689963491944	0.0134665914914469
snp118	1	119	200	0.455	182	0.166438901180158	-0.221382845559319	0.137839394500634	0.18593356142474	1.19065565066868	1.28729622541663	0.233788794976514	0.436675123003387
snp119	1	120	200	0.4775	191	-0.0586533654245004	-0.153025305352312	0.131690589996514	0.183652045122199	0.833234964797106	1.65241627045184	0.404712226717553	0.255319451871263
snp120	1	121	200	0.4425	177	-0.0733886985258715	0.0968262828825699	0.138163878028269	0.191093188258832	0.506696673831307	0.564331980424171	0.61236766474438	0.852795679304712
snp121	1	122	200	0.47	188	-0.0581297644497349	-0.0661873976335543	0.132563802314434	0.181729246876391	0.364208836888946	1.04469899164401	0.715702068628307	0.579437199876907
snp122	1	123	200	0.4325	173	0.228814524065503	-0.331046798342677	0.147422629939023	0.200589964163934	1.65036570858613	1.72847161208094	0.0988681603098492	0.224516280188685
snp123	1	124	200	0.4625	185	-0.24679329707201	-0.0691654736344685	0.130971647527441	0.190980394934838	0.362160072284212	3.00629255661925	0.717232414854085	0.0109010357863386
snp124	1	125	200	0.44	176	0.0266593796696113	-0.260282389727667	0.147730739166819	0.202196479616407	1.28727458668645	1.62964265081142	0.197998598076825	0.265041838408275
snp125	1	126	200	0.4475	179	-0.0461436297548812	-0.0616212995042829	0.1276296807123	0.173393287552093	0.355384573268269	0.963837626443877	0.722301504327886	0.62845460249356
snp126	1	127	200	0.475	190	-0.0476459251308034	0.226471194263874	0.134478276005013	0.184743504229492	1.22586823936471	1.45064490758126	0.220248262508179	0.349173856748651
snp127	1	128	200	0.4425	177	0.0284761541767388	-0.0181648584482735	0.135468898412136	0.182804676898339	0.0993675805043831	0.225401478494967	0.920846422348818	0.974917025892987
snp128	1	129	200	0.4575	183	-0.0516943731967312	0.0203346253622656	0.143024684391043	0.192957443007997	0.105383990610939	0.432562668562835	0.91607111896475	0.910687717737177
snp129	1	130	200	0.4675	187	-0.0128545946909397	0.0646062295797906	0.14901614898569	0.198360794409341	0.325700599113694	0.407961930905655	0.744650890901065	0.920151941718036
snp130	1	131	200	0.455	182	-0.0138908351477626	-0.286094650710079	0.150916496759437	0.191508778213429	1.4938983652814	2.43016073044443	0.135202185796274	0.0521912413763403
snp131	1	132	200	0.44	176	0.0849767195283398	-0.0101342061460569	0.124661896250981	0.184513701189435	0.0549238678793418	0.877340833305477	0.956199116758107	0.680543545225839
snp132	1	133	200	0.4725	189	0.0210635290575283	-0.205359658989339	0.14687182408654	0.198656668000934	1.03374158570088	1.38748043540133	0.301256986436657	0.381917378922927
snp133	1	134	200	0.4725	189	0.00868303072706012	-0.0111633668663869	0.167563369842286	0.209385987492232	0.0533147752630822	0.0560156182483265	0.957481107987385	0.998432355296766
snp134	1	135	200	0.4875	195	0.116755698774226	-0.353297400712387	0.133425359997798	0.186058571069359	1.89885044629674	2.00477630541818	0.0575841422726586	0.134047104138014
snp135	1	136	200	0.4675	187	0.097036507752433	-0.0510662459657931	0.142287317224955	0.184781306513925	0.276360455119657	0.781673076895255	0.782271226616395	0.736750189928933
snp136	1	137	200	0.455	182	-0.0126042991207068	0.139486742382596	0.133519260450625	0.179906873465595	0.775327477464453	1.04073672923266	0.438146176814443	0.581836109451934
snp137	2	1	200	0.4675	187	0.127340491263345	-0.0122754209883871	0.143834535400234	0.184359429321334	0.0665841776228942	1.3313835864431	0.946912742217208	0.412181650666213
snp138	2	2	200	0.4425	177	0.0439990808695568	-0.139661616573273	0.145040784519622	0.188030059541369	0.742762178100283	0.831266137142787	0.457625677733208	0.70786513170235
snp139	2	3	200	0.465	186	-0.00770537886657643	0.190472666264476	0.152339216452601	0.198835159934411	0.957942580815718	1.35639905108541	0.338091713261358	0.398555231088969
snp140	2	4	200	0.4475	179	-0.0812076173630135	0.0341075427409208	0.137055034233946	0.183671012625897	0.185699105445623	0.708300721241087	0.852680729870958	0.778143008723898
snp141	2	5	200	0.445	178	-0.0113526454180753	-0.233666040245393	0.136777472555491	0.184828822201235	1.2642294500529	1.92187251713372	0.206147683329781	0.157741606583036
snp142	2	6	200	0.4525	181	-0.253550550055545	-0.12753877489523	0.129417068205816	0.181661215358261	0.702069369313126	3.55400956850498	0.482635903513674	0.00180807595657889
snp143	2	7	200	0.4525	181	-0.16767252025109	0.123934609835265	0.135760636662107	0.189307369770459	0.654673983297846	1.28068716817213	0.51267767930937	0.440396504459204
snp144	2	8	200	0.4725	189	-0.212694872204386	0.380969167328226	0.126130985274896	0.183766015518984	2.0731208991625	2.1110095406826	0.0381610294808413	0.107724241085839
snp145	2	9	200	0.455	182	-0.113567977363568	0.175906019322275	0.132545296669138	0.192581943636142	0.913408682044593	0.963102723589394	0.361027641064418	0.628899741735995
snp146	2	10	200	0.4675	187	-0.138701273323958	0.0606477841911522	0.143037651432516	0.190486498523762	0.31838363695675	1.16019681294459	0.75019394882895	0.51016130325218
snp147	2	11	200	0.4525	181	-0.152599656001343	0.513369364846205	0.135075846201421	0.184847995737072	2.77725145354792	3.05878871699532	0.00548207497084605	0.00929671462273346
snp148	2	12	200	0.475	190	-0.0575924834719487	0.202260620447377	0.132926556067142	0.19311934312072	1.04733486132947	1.11738893781861	0.294945162950986	0.535647480894257
snp149	2	13	200	0.435	174	-0.0711809816700073	0.156734621546071	0.15501390646158	0.203767275104028	0.769184460390188	0.778705405583791	0.441783814100258	0.738457997284826
snp150	2	14	200	0.43	172	0.168692751982761	-0.0991224909045117	0.147926962663135	0.191115160047384	0.518653208253787	1.26974055003926	0.60400259726483	0.446587230713587
snp151	2	15	200	0.47	188	-0.1504370539191	0.0437312045334727	0.133380382208555	0.197071096203331	0.221905725273647	1.3489961308238	0.824387273519553	0.402566378380779
snp152	2	16	200	0.4675	187	0.159211751033307	-0.195310573257405	0.140197617739555	0.1830995339353	1.06669071766409	1.18163890255047	0.286111520077816	0.497512176149641
snp153	2	17	200	0.445	178	-0.0820149419728985	-0.212537470842447	0.149516805091213	0.19638998629217	1.08222152694819	2.43807278775507	0.279154105288449	0.0511957141117213
snp154	2	18	200	0.4425	177	0.116215409462129	-0.0426942954902886	0.13955549772199	0.187510393429535	0.227690288039062	1.00345368033585	0.819887023168723	0.604435905021601
snp155	2	19	200	0.4425	177	0.311007663420191	-0.341595268697156	0.140817099239066	0.186013171775774	1.83640365591382	2.22055491891989	0.0662979792815117	0.0849721201976396
snp156	2	20	200	0.47	188	0.152125744603154	-0.216773823213139	0.140324432417801	0.183543452262307	1.18104906789778	1.22062019721841	0.237583231302983	0.474754793271575
snp157	2	21	200	0.4225	169	0.0350205489182424	-0.369285773417548	0.138824413768289	0.187295125021599	1.97167851205396	2.63205399679421	0.0486463181516654	0.0313088610450625
snp158	2	22	200	0.4625	185	-0.0882229537173379	0.154397633895201	0.146759476542219	0.196317351186745	0.786469626662453	0.788901480530835	0.43159240655137	0.732579967799816
snp159	2	23	200	0.4575	183	-0.0958687822703349	0.0360214398492562	0.147015424444245	0.196224634666003	0.183572464846572	0.800268440169419	0.854348865861764	0.725993085602932
snp160	2	24	200	0.4775	191	0.143147842996676	-0.250117850697982	0.152098668096316	0.194383935948972	1.28672078521777	1.28729346231712	0.198191625717902	0.436676676226267
snp161	2	25	200	0.4575	183	0.184800954925074	-0.0736820427167847	0.150254401733996	0.195467887416035	0.376952161763326	1.49679349646774	0.706209156273462	0.326216050498656
snp162	2	26	200	0.4525	181	0.0585400207644679	0.157197907651907	0.13010420024881	0.183474324781149	0.856784227653733	1.79659978869379	0.391564143968098	0.199112477499112
snp163	2	27	200	0.4375	175	0.0100876011144255	0.0407843720575302	0.136404232521041	0.191654057297395	0.212802027948951	0.388055887461775	0.831481381899039	0.927471061156376
snp164	2	28	200	0.465	186	0.0275884552215503	-0.0531974945084216	0.133985530974459	0.187534250661684	0.283668152994575	0.283691621687266	0.776664702796943	0.960558427710475
snp165	2	29	200	0.455	182	0.152833066123416	-0.0867688810205121	0.139963773097816	0.197917908235192	0.438408438095465	1.20793235187378	0.661090230712425	0.482125761325192
snp166	2	30	200	0.4525	181	-0.0696312296422353	0.208283173074827	0.13932854863167	0.197677453735676	1.05365163876166	1.12037442878959	0.292042437914775	0.533861183214952
snp167	2	31	200	0.4575	183	0.11107995016625	0.0653533574639737	0.134807935832581	0.173163102513314	0.377409254716656	1.7286696498385	0.705869490278933	0.22443943642356
snp168	2	32	200	0.4925	197	-0.0202990429284327	0.0825473501399955	0.145512365655939	0.191508524214154	0.431037471980553	0.507658661576319	0.666441124300009	0.879098209968094
snp169	2	33	200	0.445	178	0.0446806377903655	-0.161267671645396	0.144290544171885	0.19153494778081	0.841975177448814	0.959877849620877	0.399801847904611	0.630852788055298
snp170	2	34	200	0.45	180	-0.0527469948838876	0.208484951044788	0.140592561819464	0.190876548319763	1.09225021554522	1.25469448389359	0.274723136111856	0.455149599502013
snp171	2	35	200	0.46	184	-0.161504067109879	0.440505603914207	0.12704409853343	0.17158677190663	2.56724687468281	2.682587170913	0.0102509601191309	0.0273746749531499
snp172	2	36	200	0.4775	191	0.0153507513460566	-0.120179696466291	0.130925296420632	0.182432974109328	0.658760824642755	0.829690623047089	0.510049367449804	0.708791930148937
snp173	2	37	200	0.4475	179	0.0116576601321905	-0.00581626063420648	0.145299623141346	0.193104782678509	0.030119713005191	0.0888147164216867	0.975971579157928	0.996063740532622
snp174	2	38	200	0.465	186	0.025158518986972	-0.0118703324058622	0.144220662164567	0.193221469058787	0.0614338171823479	0.197538330139271	0.951013720994683	0.98067840585802
snp175	2	39	200	0.48	192	-0.151330673789326	0.171525956432872	0.133320908128618	0.182390339132075	0.940433343394707	1.14566760378528	0.34699532566745	0.51877909141082
snp176	2	40	200	0.4475	179	0.0340160658149755	0.0218275455855497	0.140480282254524	0.195886251421803	0.111429696709792	0.474429605785508	0.911275612123551	0.893560062159179
snp177	2	41	200	0.4575	183	0.230991317356061	-0.31123503375718	0.140975237973699	0.180790605430802	1.72152216104119	1.79578786113202	0.0851561143385821	0.1994030708554
snp178	2	42	200	0.4825	193	-0.204994366710258	0.0944111490381772	0.138769189192588	0.189890769916103	0.49718661459896	1.70685827416081	0.619057459713253	0.233007978378326
snp179	2	43	200	0.48	192	-0.0365107877765479	0.061869988912965	0.138972217612895	0.184682268130912	0.335007738095941	0.336360915201005	0.737619249021795	0.945000962814653
snp180	2	44	200	0.4675	187	-0.229704976782883	0.251327458570982	0.140857455601607	0.186789504189437	1.34551167455369	1.64415371049637	0.178460053739543	0.258820447168652
snp181	2	45	200	0.4575	183	0.0717027733048749	0.132169001334991	0.134513806348466	0.186606890242453	0.708275032949038	1.61012476769477	0.478774478504205	0.273555464133822
snp182	2	46	200	0.4775	191	0.110969463638371	0.047166844824044	0.135019085393804	0.181363915375368	0.260067415981967	1.58806524359114	0.794811771606145	0.283377426041383
snp183	2	47	200	0.4725	189	-0.135672852846903	0.0975868763557033	0.127111506903112	0.175243864690115	0.556863297487001	1.10960190111133	0.577620832739364	0.540312183176831
snp184	2	48	200	0.4675	187	0.0845008147778616	-0.0498236154461277	0.145401056722408	0.193491787400428	0.257497313532065	0.630350283335938	0.79679488889763	0.81981978288254
snp185	2	49	200	0.47	188	0.105669881536968	0.0110883687570624	0.138511488130065	0.185696423227902	0.0597123442892266	1.2166659444783	0.952384739958879	0.477048073464964
snp186	2	50	200	0.4575	183	0.109441260909328	0.112192876477694	0.136763872581338	0.186348628705419	0.60205903986044	1.82270161044443	0.5471348382927	0.189926033429272
snp187	2	51	200	0.455	182	-0.169902211873125	0.0588409540718673	0.141401840656531	0.185189161382009	0.317734329767226	1.53195601901525	0.750686468206591	0.309299683645828
snp188	2	52	200	0.445	178	-0.0252534355105291	0.0803783927560744	0.139508488160993	0.188163796288862	0.427172465380538	0.469241930014937	0.669253714933175	0.895749935823995
snp189	2	53	200	0.44	176	0.11263119386206	-0.189113233953284	0.137188929235236	0.190054858708345	0.995045510746423	1.00933630036517	0.319714130193817	0.600868071440807
snp190	2	54	200	0.47	188	0.0288287573604104	0.167320951670119	0.135852209807736	0.185657702452691	0.901233557561423	1.56874271946076	0.367464152184231	0.29215322829027
snp191	2	55	200	0.4475	179	-0.100884636868572	0.0587606900793692	0.149090684641731	0.198246395423584	0.29640231265652	0.754625696436256	0.766922859394886	0.752217347500332
snp192	2	56	200	0.465	186	-0.0841481673767245	-0.214964964109971	0.139121472150141	0.184103806903199	1.16762910950016	2.44333891886758	0.242956403048205	0.0505419024016132
snp193	2	57	200	0.435	174	-0.0142725640326818	-0.0400290002316528	0.132929631957346	0.192379414659371	0.208073199008992	0.409162295322258	0.835171813265638	0.919700788290655
snp194	2	58	200	0.47	188	-0.127335348447671	-0.0369952842882859	0.129791044236752	0.173992650244923	0.212625557666999	1.6352545349677	0.831619035109582	0.262624848399963
snp195	2	59	200	0.46	184	-0.160377162902566	0.0472477391792924	0.166721275831292	0.200933265132275	0.235141449317459	1.31441489587425	0.814098948540375	0.421538881919403
snp196	2	60	200	0.455	182	0.0159588121093469	-0.0720265205475195	0.137692258823214	0.18413148851364	0.391168947413271	0.456651057766571	0.695672359686862	0.900986419414165
snp197	2	61	200	0.4625	185	-0.0704263873336757	-0.00306808383568774	0.133947747801372	0.181696236797989	0.0168857863528503	0.797851526065773	0.986527731999224	0.727396521295291
snp198	2	62	200	0.4525	181	-0.044181248353173	0.0792242599646209	0.152855780998541	0.191523726098938	0.413652457469917	0.414916850667688	0.679128649791146	0.917522664887378
snp199	2	63	200	0.4825	193	-0.0297749651209209	0.102992044485034	0.135690242934527	0.18765661164552	0.548832484941079	0.605792953608124	0.583120414785024	0.832358075683233
snp200	2	64	200	0.4675	187	-0.196843143293454	0.0819900571454805	0.133390223495315	0.1878840355795	0.436386502411418	1.72252551490932	0.662556330322667	0.226831670832993
snp201	2	65	200	0.455	182	0.0980131707816164	-0.204448532440557	0.138724392624866	0.180063091198167	1.13542720543186	1.14529660072321	0.256196366184701	0.518999607637281
snp202	2	66	200	0.4625	185	0.0396800961434836	-0.209897935162565	0.147085699258711	0.195296168848315	1.07476729523348	1.32209028881472	0.28247892620919	0.417295211716758
snp203	2	67	200	0.4325	173	-0.0728695888737598	0.263203554887249	0.150613835846739	0.201322805511117	1.30737078801892	1.51190847652405	0.191086813447812	0.318882168973339
snp204	2	68	200	0.4775	191	-0.0411512292928605	0.0429674332969189	0.137902699331572	0.188807225144051	0.227573035216935	0.298742318548444	0.81997818470315	0.956357495613524
snp205	2	69	200	0.475	190	-0.263037240263368	0.426820474203424	0.136900900704355	0.181909522947623	2.34633386579942	2.36318426742379	0.0189591162264583	0.0612788854893352
snp206	2	70	200	0.4525	181	-0.0462136890620456	0.258288942212401	0.137181309580893	0.188340723716791	1.37139189610841	1.67753493984953	0.170252822346393	0.244861695203084
snp207	2	71	200	0.4525	181	-0.0532753345110606	0.353690349477845	0.143477337859811	0.186063785308537	1.90090913657026	2.57608460349983	0.0573139151589615	0.0362213721965132
snp208	2	72	200	0.44	176	0.0285366563185284	-0.029832288447024	0.145585480062913	0.192165755670426	0.155242479821367	0.196247957899708	0.876630160159929	0.980927594009475
snp209	2	73	200	0.4425	177	-0.0367214303158853	-0.176714630010083	0.134056015305471	0.1895351612974	0.932358032147924	1.62118476585477	0.351151526034237	0.268710678576136
snp210	2	74	200	0.4525	181	0.113398087591873	0.0422602013049513	0.14149920535033	0.19492865373602	0.216798302840493	1.44524774257109	0.828365534644126	0.351913272493514
snp211	2	75	200	0.4675	187	-0.116746601264003	-0.0826772910632579	0.134438218767923	0.182937884258595	0.451941878514284	1.82686976051976	0.651310853931388	0.188486939502993
snp212	2	76	200	0.435	174	-0.0672317922701447	-0.275377631505424	0.128356155106065	0.182843377512123	1.50608479920016	2.57342795802203	0.132045406279287	0.0364699834643898
snp213	2	77	200	0.4575	183	0.0896135532154519	-0.279914941163349	0.145480945445513	0.189420345191106	1.47774485829884	1.65265209701584	0.139476082648813	0.255219970341108
snp214	2	78	200	0.465	186	-0.276300453409422	0.0852999431388021	0.1275800831716	0.172315427602512	0.495022090161117	2.64234842140108	0.620584527495013	0.0304703076249707
snp215	2	79	200	0.4675	187	0.0694277092641276	-0.276506219065871	0.131915457067405	0.181214728094432	1.52584848910174	1.73144115943605	0.127047601599082	0.223365855484504
snp216	2	80	200	0.45	180	0.0891648057785504	-0.201592435578257	0.138669967007282	0.181145686377456	1.11287461274786	1.15423592277304	0.265762284792686	0.513692581608636
snp217	2	81	200	0.455	182	0.0498290779101555	0.0616542942575721	0.136555178701753	0.187474163417698	0.328868219138039	0.900458891847467	0.742255296805317	0.666701334337741
snp218	2	82	200	0.4725	189	0.128480033961126	-0.231998172927472	0.161156922769035	0.202564591917491	1.14530466914953	1.16404325816622	0.252082972494134	0.507885955608192
snp219	2	83	200	0.4725	189	-0.0125043632672435	-0.0506578450920634	0.140950128046251	0.188805719722361	0.268306729089329	0.513381616719512	0.788463226996991	0.876533511363817
snp220	2	84	200	0.4775	191	0.0371425834328126	0.0253028390202141	0.133803870301837	0.18248121213226	0.138659967919738	0.554569861739221	0.889718853404091	0.857465901476453
snp221	2	85	200	0.4525	181	0.0246555627269238	-0.135066028181707	0.138026481302012	0.182527411850515	0.73997667973467	0.949533448682785	0.459314144688867	0.637113866489678
snp222	2	86	200	0.4575	183	0.161680399332419	-0.164413889925286	0.135353934744232	0.186508961394798	0.881533459281128	1.19493843820017	0.378029152387281	0.489711451636044
snp223	2	87	200	0.465	186	0.0667383116149279	-0.199195492388343	0.15128856857522	0.196579387629739	1.01330813362554	1.11690146115975	0.310913003699502	0.535939264425658
snp224	2	88	200	0.46	184	-0.094062065324083	-0.127125084488757	0.133624623639184	0.187213330395666	0.679038635871094	1.76926644159473	0.497113381955803	0.209056261246401
snp225	2	89	200	0.46	184	-0.0852798776432161	-0.0929582526240139	0.141277996599329	0.195117638679878	0.476421574456048	1.38642848377482	0.63377406747737	0.382475006508814
snp226	2	90	200	0.46	184	0.0129888216738399	-0.03105933161748	0.14809327068362	0.194092730887056	0.160023157361589	0.16868937569701	0.872862832346796	0.98587268765997
snp227	2	91	200	0.47	188	-0.231585214177453	0.24723944079948	0.152421063834444	0.207787107807641	1.1898690126067	1.52231467179286	0.23409787947452	0.31388739250876
snp228	2	92	200	0.4425	177	-0.0278569980982925	0.302312220265602	0.144057707031772	0.193759569031931	1.56024407865906	2.10948711164608	0.118702212821564	0.108070883645166
snp229	2	93	200	0.45	180	-0.0540601048178398	0.256270447430167	0.145587003290139	0.193007379424788	1.32777538451597	1.65258563318279	0.184252321134148	0.255248005085156
snp230	2	94	200	0.475	190	-0.0127017517892303	-0.111377068576021	0.136587447928425	0.192080681927653	0.579845237211156	0.943906523740447	0.562018988297812	0.640516906134444
snp231	2	95	200	0.4625	185	-0.0306475890443527	-0.0628576189362421	0.141485818031753	0.190834097393637	0.32938358393356	0.773999361555936	0.741865774278567	0.74116092402211
snp232	2	96	200	0.4725	189	0.144057259499763	-0.304513025140117	0.142880116160895	0.196995517433624	1.5457865697006	1.55290030094109	0.122156121622032	0.29946741290695
snp233	2	97	200	0.43	172	-0.0662796460931106	-0.0163037242402858	0.144190413044086	0.191409650060805	0.0851771278778608	0.808863414274235	0.932120573797396	0.720989999959052
snp234	2	98	200	0.44	176	-0.103439538725739	0.0113812227390921	0.145191776820338	0.191713854432475	0.0593656768979146	1.01120880716072	0.952660850691185	0.599732458422257
snp235	2	99	200	0.4425	177	0.0926783222825915	-0.210151503676191	0.135166030528655	0.177667887320704	1.18283335748149	1.21803774448432	0.236875197520759	0.4762520855257
snp236	2	100	200	0.4575	183	-0.157198627454119	0.00521253431774532	0.135344841319285	0.190221333596123	0.0274024696347286	1.60964940718025	0.97813872850597	0.27376488989562
snp237	2	101	200	0.4675	187	-0.126443726354315	0.184373970851031	0.134822551708114	0.189753839666492	0.971648168885982	1.02945924971854	0.331225610330641	0.588667851695547
snp238	2	102	200	0.46	184	-0.0288298390562851	0.122376362188428	0.13594831769881	0.190276658345251	0.643149628822992	0.736983471124127	0.520127014216599	0.762180161859328
snp239	2	103	200	0.4775	191	0.0910811084405694	0.0766971456681713	0.13026636765429	0.188998647364458	0.405807907822067	1.39537746737885	0.684883747848997	0.377743782133181
snp240	2	104	200	0.4675	187	-0.129139346413952	0.153225039353472	0.127027999910963	0.173547867967721	0.882897849151168	1.04192383790252	0.377291465822125	0.581117304199001
snp241	2	105	200	0.46	184	0.0090044143270852	-0.157021557865231	0.144261957963232	0.188717688616807	0.832044727847768	1.13071155056209	0.405383698340443	0.527685769855442
snp242	2	106	200	0.4575	183	0.181828284301162	-0.0746909131288795	0.138034985493364	0.183482473278835	0.407073829963982	1.56814903699526	0.683953763643008	0.292425396040446
snp243	2	107	200	0.4675	187	0.158908131993881	-0.224837696503693	0.133924483300571	0.184269969987473	1.22015375874309	1.29940950144167	0.222406592527038	0.429887158761292
snp244	2	108	200	0.48	192	0.209765912195777	-0.322420418195145	0.13060344476585	0.187349930362479	1.72095296524176	1.81094144263058	0.0852593592334135	0.194027679100846
snp245	2	109	200	0.46	184	-0.145891993886564	0.371434992534219	0.149250737140154	0.187424454085113	1.98178511095219	2.16661897862289	0.0475032965761904	0.09564432657674
snp246	2	110	200	0.475	190	0.0939106023675108	0.104262336357345	0.13020991422629	0.181152799293462	0.575549131804708	1.73649694983309	0.564919972354558	0.221416258069268
snp247	2	111	200	0.4575	183	-0.0698064240953691	0.154410130407538	0.130263226144778	0.184389161917229	0.837414351266763	0.839032833017726	0.402359701661122	0.703288528023817
snp248	2	112	200	0.4525	181	-0.17538684499873	-0.0845559600887362	0.135132022039132	0.184137970777662	0.459198935079139	2.32717188556833	0.646091315236146	0.0666790483904868
snp249	2	113	200	0.4425	177	-0.0568376439192239	-0.246032589410275	0.140020995395363	0.184578581673326	1.33294224703554	2.59132377481039	0.182550757086883	0.0348229212312927
snp250	2	114	200	0.4525	181	0.00417364708289098	0.0324833235550285	0.140266677986629	0.185985500766608	0.174655139358372	0.307188178602414	0.861350619460563	0.953913494245713
snp251	2	115	200	0.455	182	-0.0666548474404464	-0.0249200723280315	0.13419920702343	0.183842479791562	0.135551219480316	0.880361936948468	0.892176070614787	0.678739029941211
snp252	2	116	200	0.47	188	0.0706648976461132	-0.0785347348857452	0.135676816255804	0.185342854687566	0.423726800896274	0.526328631179971	0.671765067091477	0.870653748902341
snp253	2	117	200	0.4125	165	0.0342704005888968	-0.175889686868029	0.149739577912495	0.186147508925242	0.944894121245898	1.22458368702369	0.344712933119718	0.472459805561137
snp254	2	118	200	0.4875	195	0.0362949033148999	-0.038504586538881	0.148993300929946	0.189465549451427	0.203227376429995	0.244738967295344	0.838957315995803	0.970495434115575
snp255	2	119	200	0.4425	177	0.0892243731337665	-0.271006999709841	0.141676539069486	0.203514566451027	1.33163441042956	1.40010128545626	0.1829803517896	0.37525788172136
snp256	2	120	200	0.4675	187	0.213541317084734	0.129551344932938	0.134739785761595	0.183330606154414	0.70665421148404	3.23226694619738	0.479781390879867	0.00538695598593158
snp257	2	121	200	0.465	186	-0.0694929508271693	0.325654978937922	0.145147199855461	0.192574258020218	1.69106183913601	2.01753478418414	0.0908249925846727	0.130651304457794
snp258	2	122	200	0.4825	193	0.116823118336916	0.0937098631171419	0.137246809304669	0.182639898230095	0.513085388380384	1.91483883073832	0.607891592014487	0.159884456123522
snp259	2	123	200	0.4725	189	0.0632521379605737	0.0654576929506188	0.143552762263467	0.202027512035251	0.324003856163894	0.992777554121121	0.745935114787731	0.610911218269276
snp260	2	124	200	0.4425	177	-0.222968190467997	0.0891219985601628	0.141663149412851	0.194454881213831	0.458317106795384	1.87143345615645	0.646724635669771	0.173577413738922
snp261	2	125	200	0.4675	187	-0.0904311451340881	0.149025827174216	0.147967464025176	0.199237085659074	0.747982368248563	0.753335337906723	0.454470792692849	0.752949539781884
snp262	2	126	200	0.47	188	0.103387973104271	-0.02683895515169	0.147072523176574	0.186143755915223	0.144184020676544	0.903362081893905	0.885355158746472	0.664957915359974
snp263	2	127	200	0.4425	177	0.111326786737858	0.0961980885205351	0.146641924919536	0.197795895893118	0.48635027580409	1.66621922285325	0.6267188389565	0.249538204989479
snp264	2	128	200	0.44	176	-0.0290404309495161	-0.00362450824925005	0.14237222381284	0.193138186459741	0.0187663988964998	0.321113504608344	0.985027458896356	0.949749568332527
snp265	2	129	200	0.47	188	-0.150869175460052	0.0884893860056006	0.12736850629749	0.182548720043815	0.484743941148211	1.27394881353587	0.62785799256758	0.444203366056891
snp266	2	130	200	0.46	184	-0.104241598655313	0.36666132639652	0.135059114081524	0.181848490810352	2.01630117886933	2.24289171662529	0.0437684917298191	0.0808401422941718
snp267	2	131	200	0.455	182	-0.0785576670090005	0.084672132124988	0.134374300558742	0.184482927733464	0.458970015086276	0.588817538220768	0.646255698706844	0.840840706434976
snp268	2	132	200	0.4675	187	-0.161972714253385	0.243892769590048	0.156824557266479	0.193919592453187	1.25770050619782	1.26316102996681	0.208500089132091	0.450324027685931
snp269	2	133	200	0.465	186	-0.248291314611111	0.434615495974373	0.144527355125163	0.196976938531427	2.20642832209027	2.2133550378952	0.0273540238096256	0.0863393116110556
snp270	2	134	200	0.4425	177	-0.120108273088716	0.233827735872131	0.134242669925679	0.182630802546119	1.28033022147555	1.28043297325459	0.200429023256364	0.440539882079495
snp271	2	135	200	0.4525	181	-0.0538703037716351	0.110555170165602	0.139898183345892	0.192239428400368	0.575091026255831	0.576551089458935	0.565229736646119	0.846872116849398
snp272	2	136	200	0.4775	191	0.0205521320140491	0.211834366407997	0.137379529172871	0.187449611662787	1.13008698459764	1.79793127720337	0.258439573485481	0.198636563360908
snp273	2	137	200	0.47	188	-0.0110928488969552	-0.0390551001534387	0.137911132223206	0.1819170085016	0.214686358769446	0.426730245034087	0.830011858732665	0.912972653661776
snp274	3	1	200	0.47	188	-0.0362124338343368	0.198010760454992	0.136767227346018	0.20028721979878	0.988634025944967	1.15645726983878	0.322842232218943	0.512375918010892
snp275	3	2	200	0.4525	181	0.170038685758686	-0.0882325140389359	0.138496448021434	0.188012843702632	0.469289822446853	1.39577998050877	0.638862489025316	0.37753164839677
snp276	3	3	200	0.4825	193	0.0594353630570876	0.0462740253679159	0.137415338873655	0.194420380567794	0.2380101573342	0.901275045401455	0.811873216144091	0.666211325157072
snp277	3	4	200	0.445	178	-0.252434638699664	-0.200006028068497	0.145584504377951	0.200054630299749	0.999757055204474	3.73801517635293	0.317428093200935	0.000924387936882088
snp278	3	5	200	0.475	190	0.191644611789401	-0.309942102508564	0.126926104859178	0.18345226836556	1.68949724781245	1.75704664476228	0.0911241788388108	0.213609337933357
snp279	3	6	200	0.465	186	-0.118662718389668	0.206133867114414	0.144215879941013	0.197752838310956	1.04238133255149	1.04910722035515	0.297234917726272	0.576769264941171
snp280	3	7	200	0.48	192	0.042205955063532	-0.225065104362293	0.140414087952392	0.200269512678489	1.12381111509274	1.33802498328372	0.261093165108837	0.40854409453648
snp281	3	8	200	0.4525	181	-0.136777485961961	0.233233700400944	0.144266594428281	0.199800561309524	1.16733255838869	1.18094451322783	0.243076095133133	0.497920441043144
snp282	3	9	200	0.4875	195	0.0325081932651567	0.00679988924554337	0.148251346621651	0.200708029497124	0.0338795077734585	0.359495688205943	0.972973234233933	0.937424952583554
snp283	3	10	200	0.45	180	-0.0344859482060929	-0.0454023219114712	0.131542810124777	0.186497487003491	0.243447365650677	0.657833802643584	0.807658854755846	0.805435095759174
snp284	3	11	200	0.4375	175	-0.195340399640619	0.0449435321884336	0.145380878289236	0.191610546940199	0.234556671885396	1.83629990586767	0.814552842186104	0.185259326212726
snp285	3	12	200	0.44	176	0.0592056203734705	0.135264702386678	0.149471118674224	0.194962627300686	0.69379811022993	1.58179779009515	0.487808827917352	0.286206378749244
snp286	3	13	200	0.47	188	0.0580388799681384	-0.177881755296554	0.140666102483114	0.18680063336306	0.952254561957662	1.0537653540157	0.34096789576812	0.573951310793507
snp287	3	14	200	0.455	182	0.18130687776265	-0.264007928357792	0.133702378371494	0.183722618720364	1.4369919729896	1.50817563880218	0.150720274382779	0.320684700904767
snp288	3	15	200	0.4725	189	-0.0889266817506515	0.0578062800072799	0.139208993295355	0.188295457869328	0.306997739942278	0.695494327532123	0.758845092479491	0.785169092596308
snp289	3	16	200	0.4475	179	-0.0676019492522695	0.0735772532646471	0.14376669099907	0.191082601128344	0.385054697969217	0.472309867765737	0.700196890808843	0.894457128035039
snp290	3	17	200	0.45	180	-0.0262396051334703	-0.144020860408643	0.142216210545984	0.19814573993597	0.726843082547134	1.26442842812805	0.467322087632603	0.449603307033034
snp291	3	18	200	0.48	192	0.0738168408140236	0.0411586185653479	0.135773082740152	0.182673392936148	0.225312607949066	1.0336166865028	0.821736092098339	0.586148723458002
snp292	3	19	200	0.4625	185	-0.0958574977367615	0.360890408868294	0.137654486127502	0.188849664979278	1.91099311141427	2.18544878847779	0.056005466150465	0.0918045697181776
snp293	3	20	200	0.47	188	0.101571082787081	0.110978317699153	0.137247493338363	0.186129680749781	0.5962419172058	1.79124639445905	0.551013626727657	0.201033881021659
snp294	3	21	200	0.4675	187	0.09210978307957	0.0965330841435897	0.133721597067905	0.177401911604711	0.544149063955331	1.82185517448648	0.586338899765398	0.19021920935722
snp295	3	22	200	0.47	188	0.0173227180590808	0.283611989378065	0.14319071623375	0.187650669839553	1.51138277108503	2.51265581238429	0.13069095636192	0.042565142332994
snp296	3	23	200	0.465	186	0.0707697881154062	-0.0325995032551382	0.144488003977824	0.196715379904759	0.165719138335403	0.575798888292255	0.868377984097362	0.847239230348082
snp297	3	24	200	0.4775	191	0.0629568719571609	0.248900755666408	0.154910388640505	0.207510078063064	1.19946345733996	2.25565321056117	0.230347785735057	0.078552687329683
snp298	3	25	200	0.4525	181	-0.036018687641302	-0.034447663324349	0.137062157888381	0.184772737389708	0.186432608029694	0.638109460006455	0.852105523147811	0.815795277040579
snp299	3	26	200	0.4475	179	0.0548439750201274	-0.0959730689321831	0.145028584229619	0.193392422383154	0.496260751840828	0.49666107857099	0.619710453377055	0.883966499563775
snp300	3	27	200	0.475	190	-0.0986953107975378	0.102772662551057	0.141867278736411	0.189595936415249	0.542061525654044	0.699842665333091	0.587776122168581	0.782790735890762
snp301	3	28	200	0.455	182	-0.189714025967466	0.463281399921791	0.124414655706461	0.179035709473625	2.58764802442968	2.61215224923351	0.00966336662710128	0.0329860779581599
snp302	3	29	200	0.4575	183	-0.0163137920208054	-0.00229679030355495	0.139822384365782	0.191109236379974	0.0120182066919484	0.176484252227809	0.990411089265229	0.98454729185004
snp303	3	30	200	0.4475	179	0.0514765969983577	-0.00931332190205486	0.130684648063153	0.186386212566999	0.0499678692634362	0.501536530199616	0.960147992936697	0.881818130431726
snp304	3	31	200	0.4825	193	0.121970601188451	-0.0372770478380262	0.135686919282788	0.186231277985301	0.200165344088808	1.10991687794724	0.841351270064636	0.540123350868002
snp305	3	32	200	0.46	184	0.282413430133334	-0.561108905061712	0.129480764438251	0.172656224338151	3.2498620146052	3.2588835127471	0.00115461016835033	0.00494113175001875
snp306	3	33	200	0.4575	183	0.182403070708082	-0.341824366668332	0.135935216666688	0.189117685101341	1.80746907136243	1.80766958562115	0.0706891728494381	0.195179688469344
snp307	3	34	200	0.47	188	0.157984102514447	-0.124590749594411	0.130380836533206	0.190871890629853	0.652745405220629	1.23300148788581	0.513920425201167	0.467597996254086
snp308	3	35	200	0.4525	181	-0.0288473366213828	-0.125508172673734	0.133770499803424	0.178797483446153	0.701957154288089	1.29949652081159	0.482705883845896	0.429838550909011
snp309	3	36	200	0.4525	181	-0.144148490938845	0.156432458213771	0.139005882453058	0.191237114853581	0.818002605475104	1.04223308324097	0.413355699531487	0.580930064724596
snp310	3	37	200	0.4375	175	0.0525990501145605	0.169661227659081	0.129846901433821	0.176689964693935	0.960219942049177	1.87459676340316	0.336944532275899	0.17255202173832
snp311	3	38	200	0.48	192	-0.150398930855856	0.263289865993787	0.147036827805659	0.195344652246684	1.34782223606153	1.34822363445848	0.17771556424965	0.402985989053595
snp312	3	39	200	0.4575	183	0.0185012898560426	-0.162969672234036	0.139280025725057	0.180190966098299	0.904427540197171	1.25276413108034	0.365768740348889	0.456252459205397
snp313	3	40	200	0.4575	183	-0.0762493982134277	0.140664936518093	0.131728347159388	0.180065264092291	0.781188627507835	0.781191479130348	0.434691561455237	0.73702750775586
snp314	3	41	200	0.4575	183	-0.0871510884283134	0.306490113496176	0.148195136787043	0.187783955555244	1.63214217418064	1.95721953847878	0.102649539057633	0.147289659109345
snp315	3	42	200	0.47	188	0.0111087487351999	0.0853879810582035	0.133955597240205	0.180669819199404	0.472618954491572	0.766225152611171	0.636485057074754	0.745611574309847
snp316	3	43	200	0.46	184	-0.0279185325533517	-0.0292642782177269	0.144946249706614	0.194401297673754	0.150535405719557	0.47603646148372	0.880342219261386	0.892877972542996
snp317	3	44	200	0.475	190	0.0688624333433489	-0.137641382727423	0.144907837371372	0.184921439689961	0.744323551439966	0.755421903484656	0.456680756413011	0.751765283970567
snp318	3	45	200	0.4225	169	0.101280396865787	-0.376135853969256	0.135210482149034	0.186409683145964	2.01779139163458	2.31307610892049	0.04361299180361	0.0688957667854234
snp319	3	46	200	0.45	180	0.0333458040370283	0.136235124494349	0.14429472843829	0.195329530937828	0.697463019750515	1.32772569265031	0.485513074526196	0.414191124848931
snp320	3	47	200	0.47	188	0.013881852493485	-0.182009829749373	0.133671073397139	0.175923963104871	1.03459373320776	1.43531730551456	0.300858681885127	0.356982726418738
snp321	3	48	200	0.4425	177	-0.189774194506579	0.0344868703112405	0.140858039966277	0.191814507971593	0.179792814818511	1.81701529110453	0.857315224643157	0.191901648795503
snp322	3	49	200	0.47	188	0.0384981580351647	0.0411282501886153	0.131667740005517	0.17568229917614	0.234105828427142	0.682177853219111	0.814902821220858	0.792404479011205
snp323	3	50	200	0.44	176	-0.0389866215007613	0.0184909784850526	0.144787913840363	0.191437825991876	0.0965899941103453	0.309182801285388	0.923052002882029	0.953327290678712
snp324	3	51	200	0.48	192	0.0463365359080202	0.0593092818632128	0.134049877313689	0.18632467565384	0.318311472461111	0.863734921468095	0.750248682782461	0.688652143314243
snp325	3	52	200	0.455	182	-0.0480733504814527	0.13450153947196	0.135363803470077	0.188037559840533	0.715290815228752	0.753418298952628	0.474429362778317	0.752902481206912
snp326	3	53	200	0.455	182	-0.110431629759873	0.19633012411731	0.125670284073091	0.189245127573286	1.03743819793342	1.06660831987929	0.299531684166893	0.566189385144104
snp327	3	54	200	0.4325	173	-0.178704842036461	0.309282409008748	0.144445422033816	0.198368594501069	1.55912991059218	1.56372411716153	0.118965635593106	0.29445869002357
snp328	3	55	200	0.48	192	-0.0166858554629829	0.188591811844954	0.151719547962867	0.207231955551354	0.910051788794801	1.19862501682277	0.362795198255369	0.487555589414606
snp329	3	56	200	0.4675	187	0.063242754491262	-0.0196806577398909	0.145992116394995	0.186837718069073	0.105335571121753	0.532254010548849	0.916109538294327	0.867927436887072
snp330	3	57	200	0.49	196	-0.0506131841054004	0.312778179146986	0.140175861246805	0.192360173818291	1.62600278913475	2.06508606044927	0.103949062028018	0.118565441898877
snp331	3	58	200	0.475	190	0.00826248311792722	-0.0278036762555546	0.139127235334683	0.185326847714131	0.150025085941364	0.16572841338688	0.880744823526025	0.986360913323203
snp332	3	59	200	0.45	180	0.0963483899979577	-0.0953259952745208	0.13084875634217	0.180572883981558	0.527908693556981	0.736673160606825	0.597562710479039	0.762354450905795
snp333	3	60	200	0.485	194	-0.240360174204592	0.373522054113984	0.150883013815198	0.195108183133945	1.91443561266497	1.9220577887785	0.0555645188189669	0.157685447060691
snp334	3	61	200	0.45	180	-0.0849794135500589	0.0960112982416071	0.145248951979873	0.196340169855668	0.489004864935108	0.593638534835706	0.624838252624289	0.838447463498131
snp335	3	62	200	0.465	186	0.039892696201194	-0.256235914540816	0.140651768783807	0.185628710845707	1.38036790415356	1.75085282565485	0.16747339715511	0.215942565190543
snp336	3	63	200	0.4725	189	-0.0487475579607726	0.122192235233675	0.130965947175994	0.181379668799158	0.673682094816142	0.684213215691748	0.500513447700255	0.791303366279156
snp337	3	64	200	0.485	194	0.0536943764102797	-0.0732849806918215	0.144111189299366	0.202935653535117	0.361124225414338	0.399355173819795	0.718006584236112	0.923354284965141
snp338	3	65	200	0.4475	179	0.124521112029404	-0.0157948437964203	0.134126858036936	0.182921005753146	0.0863478949909975	1.24856891014195	0.931189865923187	0.458652625934681
snp339	3	66	200	0.465	186	0.203280370073612	-0.174702346701202	0.14135846536848	0.190838032495182	0.915448270017207	1.45469763561575	0.359956347653929	0.34712421127116
snp340	3	67	200	0.465	186	-0.15427404628114	0.288752576532707	0.159539667773738	0.207532356478258	1.39136172032508	1.39493932067236	0.164115766398965	0.377974761474015
snp341	3	68	200	0.4725	189	-0.0292991053028157	0.0987036315026247	0.137696056077318	0.192920923287128	0.511627405782847	0.558106327949883	0.608911801251809	0.855780520802107
snp342	3	69	200	0.445	178	0.0454710264572716	-0.175840521946038	0.142748338490198	0.193503004315793	0.908722438536768	1.06074438961535	0.36349665676138	0.569731928275899
snp343	3	70	200	0.4325	173	-0.0510963935930163	0.37879782405496	0.143162961494034	0.196499626262837	1.92772796192641	2.44074069812191	0.0538889721790159	0.0508636082001547
snp344	3	71	200	0.46	184	0.0875024050267099	-0.126829953867906	0.157157923017272	0.200604602848039	0.632238503340732	0.640195850109798	0.527231041158802	0.814708121309513
snp345	3	72	200	0.45	180	0.225000926472414	-0.148504716715318	0.14256297873578	0.197351254093779	0.752489348989646	1.68041505278678	0.451756832683987	0.243680491020346
snp346	3	73	200	0.465	186	-0.143528470497538	0.191902749364573	0.131491322739256	0.187177796127201	1.02524312891344	1.15450783722656	0.305248482696962	0.513531363742974
snp347	3	74	200	0.4575	183	-0.203924378586782	0.135457266893094	0.137563881503581	0.180335452264246	0.751140528344968	1.55792553757206	0.452568087055393	0.297135804550494
snp348	3	75	200	0.4625	185	-0.0380376367612803	0.394853015376246	0.140836882563879	0.209095585088504	1.88838523400251	2.33989966327706	0.058974252197565	0.0647277532168506
snp349	3	76	200	0.45	180	0.218331794458743	-0.349283466662275	0.14379669036856	0.197964861144133	1.76437103354403	1.79981708505339	0.0776695317147071	0.197963864033483
snp350	3	77	200	0.4725	189	-0.0305369663121657	0.0219991457327157	0.139247043426887	0.177512089054185	0.12393040862699	0.227410791667825	0.901370375937025	0.97447361669643
snp351	3	78	200	0.4625	185	-0.0860731824531916	0.12110728610268	0.1394405895422	0.188186515981441	0.643549222807355	0.67442918952428	0.519867786110112	0.796580278334718
snp352	3	79	200	0.455	182	0.0926024240392759	-0.130253734742745	0.134141177317493	0.178539213290942	0.729552529899902	0.769163509222242	0.46566374752585	0.74393154933804
snp353	3	80	200	0.4675	187	-0.129283907973248	0.262296239969697	0.136935770763353	0.183854351765729	1.4266523334945	1.43928915502493	0.153680131479968	0.354950606471834
snp354	3	81	200	0.4325	173	-0.0108352652169825	0.0408063426805318	0.126288974739726	0.17997635575653	0.226731686554062	0.249271505990984	0.820632386379284	0.969409513468163
snp355	3	82	200	0.4625	185	-0.267374870188932	0.304791415267234	0.143461606762623	0.18729771804785	1.6273098169267	1.89224841435574	0.103671313986364	0.166909750165276
snp356	3	83	200	0.4275	171	0.129465204726126	-0.0412817925970775	0.142981833490733	0.18762146941342	0.22002701890216	1.1359602884132	0.825850112241992	0.524556104947095
snp357	3	84	200	0.4675	187	-0.0748037468102092	-0.00239295432896242	0.147837995862378	0.197637363632559	0.012107803327165	0.746087818610186	0.990339606694435	0.757051863093639
snp358	3	85	200	0.4425	177	0.0322002034455226	0.0414679383937339	0.150302693318869	0.197447276947583	0.21002031040794	0.59582447194242	0.833651821125465	0.837358151741505
snp359	3	86	200	0.4525	181	0.106391478863279	0.115507984855811	0.145253932406159	0.201594526920177	0.572971829247861	1.69272144300951	0.566663768175532	0.238674890993798
snp360	3	87	200	0.465	186	0.0550446869620133	-0.0808392821767054	0.143300471431813	0.195654896853646	0.413172803117597	0.428857267981556	0.679480012617587	0.912142292910167
snp361	3	88	200	0.475	190	-0.00292213843701967	0.0142882499875727	0.133003110471637	0.172066044313607	0.0830393355328778	0.0984095695228169	0.93382026237225	0.995169482968799
snp362	3	89	200	0.4325	173	-0.023567234426076	-0.102954138202882	0.148822501880919	0.194739694175755	0.528675669532296	0.998277706154035	0.597030458089593	0.607575282701913
snp363	3	90	200	0.4525	181	0.0515507781331665	-0.0398813504575397	0.150321846751045	0.196095526909777	0.203377155440618	0.3553358315416	0.838840253998485	0.938819751073258
snp364	3	91	200	0.43	172	0.0472825617004255	-0.0155965340076558	0.139697060847573	0.18587307489005	0.0839095926985749	0.403911813494429	0.933128312590219	0.921666000443505
snp365	3	92	200	0.4825	193	-0.197670940480644	0.173418502341575	0.140576735349855	0.191494253798261	0.905606820579958	1.41744514609313	0.365143997405345	0.366200100943134
snp366	3	93	200	0.445	178	-0.0353497409315745	0.0923738605923886	0.133220095792682	0.189027357989123	0.488679848118619	0.498240311620501	0.625068372907631	0.883272336509954
snp367	3	94	200	0.4525	181	0.028746993480087	-0.132943899911594	0.139850906550811	0.18713580436813	0.71041402451275	0.858371882805643	0.477447428802971	0.691839598300998
snp368	3	95	200	0.4575	183	-0.063146984195183	0.135326148153549	0.143206059184812	0.197512467335133	0.68515243609373	0.688051145413623	0.493247734437085	0.789222346894125
snp369	3	96	200	0.46	184	0.0946257539105781	-0.0308287549692517	0.150828815682093	0.192983243150985	0.159748351545384	0.781358794993515	0.873079310934914	0.736931170020277
snp370	3	97	200	0.4775	191	-0.0512888575606972	-0.154890214298793	0.14141986543729	0.193885262831073	0.798875644477136	1.63457063069968	0.424362522688592	0.262918659693463
snp371	3	98	200	0.465	186	0.157283909568008	-0.233003031211314	0.149940346191363	0.196839022003545	1.18372378017159	1.20092126009738	0.2365224223805	0.486214236447411
snp372	3	99	200	0.45	180	0.106157099680621	-0.172545042477675	0.144997761730844	0.187457857755696	0.920447104983693	0.920825340866146	0.357339162468349	0.654450285702685
snp373	3	100	200	0.455	182	-0.0810692872574575	0.144342606112119	0.148069094749715	0.194639767299208	0.741588464243433	0.741654156650724	0.458336714937436	0.75955279688838
snp374	3	101	200	0.4725	189	-0.00932453288688313	0.0766384505344961	0.15208073335723	0.195484426320013	0.392043765210417	0.518118821753684	0.695025876957339	0.874394565963734
snp375	3	102	200	0.455	182	0.0809335413467345	-0.302724819731891	0.143557247432394	0.190093767316745	1.59250260545088	1.8601485265834	0.111271818149181	0.177270888919321
snp376	3	103	200	0.45	180	-0.0987087083939168	0.294783945556036	0.139441948326835	0.186772910088165	1.57830140043802	1.69833943259752	0.114496384353224	0.23641219365918
snp377	3	104	200	0.465	186	0.00355315142857156	0.153844507986811	0.125046915960728	0.177663866150754	0.865930204717424	1.25589482574691	0.386528437950016	0.454464304378994
snp378	3	105	200	0.4675	187	-0.188456259517027	0.108603528132876	0.149824746755539	0.191738631297273	0.566414433012699	1.38050562964099	0.57111208558371	0.38562191022571
snp379	3	106	200	0.4775	191	0.150119934870909	0.0155545316768969	0.132055221260915	0.182117866556061	0.0854091472244911	1.763466130874	0.931936121303566	0.211209151447836
snp380	3	107	200	0.43	172	-0.0220099866018901	-0.0170928457582729	0.160445589028008	0.208506683240568	0.0819774478813794	0.329635395730161	0.934664647066813	0.947119745053957
snp381	3	108	200	0.4575	183	0.0246311621864939	0.140010976963583	0.125593797133643	0.187453879890362	0.746908930588544	1.21789861429196	0.455118534823531	0.476332796207424
snp382	3	109	200	0.455	182	0.0446431458238904	-0.184908496202898	0.118057035288664	0.189983944366715	0.973284857408687	1.02005633701985	0.330411746255891	0.594367499234126
snp383	3	110	200	0.44	176	-0.00033484373455706	-0.0986277982003788	0.136055643741049	0.179774671565261	0.548618986988805	0.805068124158076	0.58326695295212	0.723201538708331
snp384	3	111	200	0.455	182	0.302424320789433	-0.119749311379536	0.148513572148482	0.192878749713453	0.620852797715868	2.53194779459978	0.534696480750393	0.0405434995909606
snp385	3	112	200	0.45	180	-0.270099641438085	0.193191397160771	0.138555075482195	0.185846768214412	1.03951980987846	2.0795051256919	0.298563049822727	0.115075046650194
snp386	3	113	200	0.4425	177	0.0643886552191578	-0.0334573319782723	0.139469857589743	0.188833772019078	0.177178751557704	0.517886294450554	0.859367985404469	0.874499892903155
snp387	3	114	200	0.4525	181	-0.0217381932854041	0.18528578207385	0.142699504187139	0.193545190174319	0.957325686610815	1.2660913095565	0.338402894225519	0.448658346390225
snp388	3	115	200	0.47	188	0.120481028837327	-0.253920845074959	0.12566350331158	0.176514475939938	1.43852703141107	1.43971962402813	0.150284573361146	0.354730725195219
snp389	3	116	200	0.4575	183	-0.212675920556449	0.12403797521423	0.143360202574449	0.192049672521521	0.645864028746678	1.61525312166283	0.51836741714178	0.27130237003194
snp390	3	117	200	0.4775	191	-0.303980038500179	0.300593337803665	0.142631914043623	0.193872907923628	1.5504659264825	2.1317281535046	0.121029725636618	0.103092105701946
snp391	3	118	200	0.4575	183	0.0553035427469707	-0.0921565156654546	0.134937086447636	0.182390025856843	0.505271684855113	0.508589630252393	0.613368027477373	0.878682452958161
snp392	3	119	200	0.455	182	-0.071314328302582	0.0961667920761362	0.152904996341945	0.1970789661897	0.487960709026502	0.509706841730412	0.62557767180806	0.878182777438387
snp393	3	120	200	0.445	178	0.0377397278874538	-0.0692846346363709	0.146103952289571	0.19028754429072	0.364104938631812	0.366341537915053	0.715779649092936	0.935098823962642
snp394	3	121	200	0.4825	193	0.291018269410203	-0.237362548341647	0.143987511518582	0.191495036706052	1.23952323999917	2.07519795666661	0.215151787674178	0.116109301213411
snp395	3	122	200	0.4375	175	0.0251497733257337	-0.0343779528504068	0.143364351719751	0.191848897664734	0.179192860990445	0.190811950234177	0.857786269106915	0.98196010259397
snp396	3	123	200	0.455	182	0.0898543071408849	-0.29967169167892	0.1578723864942	0.198435717313028	1.51017012328579	1.79773046258624	0.13100002009171	0.198708290208978
snp397	3	124	200	0.48	192	0.101273596886588	-0.0736343425091709	0.151021255787297	0.196586667988453	0.374564273674428	0.698071608774563	0.707984547227928	0.783760346780329
snp398	3	125	200	0.46	184	-0.0968648448560897	0.0374005496889647	0.142589194323405	0.193299786610163	0.193484692067416	0.836648765803454	0.846579393503954	0.70469472885592
snp399	3	126	200	0.47	188	0.105347010531153	-0.151639786271348	0.141193278060138	0.188450336404769	0.804667103090992	0.833636187058603	0.421011808011111	0.706469925409019
snp400	3	127	200	0.4425	177	0.0633206935406258	-0.160373715078098	0.137215063437924	0.183309387888311	0.874879988011378	0.912279089919298	0.381639208856302	0.659596780727622
snp401	3	128	200	0.4775	191	-0.00484722365478657	-0.122278277343005	0.135675836386696	0.184983824174847	0.661021458975931	0.955871281949857	0.508598551938499	0.63327851986153
snp402	3	129	200	0.4825	193	0.0371102237655938	-0.245986060408836	0.133655643340675	0.188541631344056	1.304677691899	1.65868948827622	0.192002620762696	0.252681517017605
snp403	3	130	200	0.4725	189	-0.100034931480781	0.197893131721904	0.140745723783225	0.192686440389785	1.02702157620218	1.02909503728714	0.304410304431821	0.588888570237448
snp404	3	131	200	0.4625	185	0.0743774952619565	-0.0181071634014157	0.135543111625978	0.189249315409091	0.0956788845564613	0.694393620173247	0.923775611631213	0.785769921714726
snp405	3	132	200	0.4525	181	0.149723984733798	-0.214894505552285	0.125269499531599	0.184941683102118	1.16195820189237	1.29612160133374	0.245252443673062	0.431725373351378
snp406	3	133	200	0.4725	189	-0.000729251901171395	0.155137262052458	0.13695721801181	0.186699559737736	0.830946051883491	1.1945615072504	0.406004106389442	0.489932037095551
snp407	3	134	200	0.4675	187	0.0452506281443855	-0.123143845022842	0.135290358162483	0.189200992272748	0.650862574998128	0.676706495263038	0.515135202083447	0.795355702101064
snp408	3	135	200	0.4675	187	0.175398200062101	-0.126789053269553	0.144054382052772	0.19662377455867	0.644830736029435	1.26692077888415	0.519036881411134	0.448187265757165
snp409	3	136	200	0.47	188	0.0262193333168154	-0.138604660323777	0.134516814082497	0.188622003694362	0.734827632031565	0.875131702583603	0.462444476344358	0.681862163115739
snp410	3	137	200	0.4825	193	-0.0538399762280516	0.106815507675041	0.144032375797739	0.189609591044583	0.56334443361531	0.569604610798054	0.573200366831522	0.850250126494789
snp411	4	1	200	0.46	184	-0.0273359139705241	0.091355049153622	0.139581835749173	0.190892577273897	0.478567844063122	0.526599908957238	0.632246098833989	0.870529412704546
snp412	4	2	200	0.445	178	-0.0653199040323212	0.0228556821264587	0.142919153366717	0.187754233201908	0.121731913771979	0.56176763351746	0.903111337653804	0.854027881983498
snp413	4	3	200	0.475	190	-0.0867243788424425	0.0400468119154652	0.147361814752851	0.18225265108361	0.219732397182488	0.699462458492888	0.826079571922084	0.78299899585864
snp414	4	4	200	0.46	184	0.0243179863682317	0.1016062527634	0.147738700662487	0.192012339473725	0.529165224703195	1.01341403483907	0.596690838076261	0.598395122651448
snp415	4	5	200	0.4825	193	-0.0464931947995873	0.0712940675423734	0.136414200757646	0.180840953826819	0.394236294565486	0.400420690421391	0.693406591833135	0.922960939300867
snp416	4	6	200	0.445	178	0.0650531347405692	-0.254012447977168	0.139843686805514	0.188678430124119	1.34627179063378	1.56646479066316	0.178214879890329	0.293198340133809
snp417	4	7	200	0.4375	175	-0.10489473243666	-0.220230884398307	0.142851768081044	0.186199579950506	1.18276789054437	2.60870061562004	0.23690114943122	0.0332846332998866
snp418	4	8	200	0.475	190	0.0836015739138852	-0.0712297206704842	0.133052716312683	0.180519595394945	0.394581654776293	0.637047807002843	0.693151654596211	0.816347665410831
snp419	4	9	200	0.4525	181	-0.136447884660716	-0.08802304356171	0.134578660373222	0.185862078784839	0.473593344792021	2.02726213863967	0.635789922232235	0.128106172096164
snp420	4	10	200	0.4675	187	0.0697049516994798	-0.103071045537341	0.130205430774813	0.180119780878687	0.572236125507837	0.600097957735474	0.567162016444715	0.835221116139623
snp421	4	11	200	0.4725	189	0.281499661605167	-0.371488072846772	0.136067777548702	0.192996123790538	1.92484732620824	2.18760905202173	0.0542484612675616	0.0913719553140601
snp422	4	12	200	0.49	196	0.0383738630184082	-0.325563883627204	0.133138166405731	0.181425467990998	1.79447729821129	2.31569483801987	0.0727370189161468	0.0684794696746292
snp423	4	13	200	0.48	192	0.0765325470397341	0.085481937872646	0.15518552582984	0.200269519049095	0.426834489234933	1.29617170375418	0.669499883855526	0.431697337979455
snp424	4	14	200	0.465	186	-0.038297256414066	0.142223206582975	0.145366887330033	0.192870608892673	0.73740217547671	0.861067014871334	0.460877812904151	0.690238421927925
snp425	4	15	200	0.46	184	-0.0417232702646603	-0.0329348428412327	0.13397235684126	0.190358183380366	0.17301511422508	0.639863302049029	0.86263954735071	0.814881542725186
snp426	4	16	200	0.465	186	-0.0368314915192954	0.127736600638248	0.140179439624617	0.19070504062398	0.669812398352443	0.756246848592732	0.502977388930761	0.751296687979238
snp427	4	17	200	0.4675	187	-0.0701250207287191	0.0854231326573067	0.149082529789201	0.1961073121393	0.43559381710677	0.486274870867722	0.663131457513489	0.888490232212301
snp428	4	18	200	0.455	182	-0.0191834463374261	-0.0514570646030828	0.143519706600395	0.195872261295811	0.262707257590553	0.539096201301649	0.792776222475578	0.864752139425213
snp429	4	19	200	0.455	182	-0.165810424223959	0.429159070038483	0.151998157484411	0.195321235140837	2.19719617136886	2.42451476397629	0.0280064389270298	0.0529114286790556
snp430	4	20	200	0.485	194	-0.0438671093214476	0.0825997445055646	0.134087338068608	0.192520731586107	0.429043375355247	0.43232332743711	0.667891659015431	0.910781980063477
snp431	4	21	200	0.4625	185	0.0672659375867124	-0.0820355454259327	0.134260465405596	0.186205594814788	0.440564342373979	0.518185219773068	0.659528421966961	0.874364483576304
snp432	4	22	200	0.4625	185	0.0299772329969631	-0.397731634232394	0.138127359703621	0.199402332127717	1.99461876894021	2.60640506124092	0.046084474951851	0.0334844652484508
snp433	4	23	200	0.4375	175	-0.0316898761957976	0.148185254998436	0.139296369765476	0.182795304944115	0.81066225986351	0.99615203546157	0.417559652069397	0.608864556652359
snp434	4	24	200	0.425	170	-0.00762389205290127	0.158940633054039	0.128149913815479	0.184994617654991	0.859163553344336	1.09462973510015	0.390250288249304	0.549301873199054
snp435	4	25	200	0.4725	189	-0.291167632334552	0.5493812147033	0.152797031008151	0.200526210116495	2.73969779005017	2.76310119799571	0.0061495700710488	0.0219856762946518
snp436	4	26	200	0.4425	177	0.157491602682353	0.113261534618281	0.132390747961133	0.188341364693566	0.601363034628949	2.36621403444164	0.547598213785571	0.0608414226503234
snp437	4	27	200	0.4475	179	-0.24362134650033	0.148219040389611	0.138873507564477	0.184144134011024	0.804907748952451	1.84209208945952	0.420872916428965	0.183296240759342
snp438	4	28	200	0.465	186	-0.0303525385497425	0.026102840038367	0.12605169036176	0.183390842575734	0.142334479038055	0.243049393453477	0.886815813427424	0.970895435593305
snp439	4	29	200	0.4375	175	-0.178283388226188	0.00732266738854159	0.130759510947573	0.174103657448398	0.042059239282276	1.96712308170816	0.966451473738854	0.144455090908613
snp440	4	30	200	0.465	186	-0.0315936578205151	0.134456476147344	0.143131564714371	0.191847128873755	0.700852167747702	0.819115048636778	0.483395277745705	0.714998573459531
snp441	4	31	200	0.475	190	-0.112484932794825	0.0528375267736351	0.136164657132232	0.186324525949	0.283577948230485	0.965771044221184	0.77673383840239	0.627283394930992
snp442	4	32	200	0.46	184	0.0683349033611882	-0.148977818631849	0.147445622954486	0.197896109559739	0.752808223280801	0.763926650374951	0.45156516453204	0.746923907189604
snp443	4	33	200	0.4825	193	-0.00308052639922476	-0.0386005214641567	0.146231517906439	0.200619660193241	0.192406474156002	0.307790695449898	0.84742382150551	0.953736781384325
snp444	4	34	200	0.445	178	-0.0627156610005517	0.207674482959879	0.150569899059547	0.197682704998222	1.05054452265689	1.21303348817362	0.293467832251734	0.479157885185853
snp445	4	35	200	0.47	188	0.111591610724258	-0.322673056700098	0.142448025966517	0.179200969624946	1.80062115386668	2.02825740449761	0.0717626126502306	0.127847894045968
snp446	4	36	200	0.4675	187	-0.152343858563246	0.158398663412849	0.127550117509623	0.179788178011171	0.88102936002281	1.19587779488683	0.378301929049505	0.489161856125678
snp447	4	37	200	0.4725	189	-0.14155511773577	0.100302122936796	0.125376918788272	0.187320008785969	0.53545867089618	1.14934056957922	0.59233272900131	0.516597172077379
snp448	4	38	200	0.4625	185	0.101615876849713	-0.033705492583771	0.127364846856282	0.175906727802267	0.191610025408799	0.966491666012852	0.848047688887968	0.626846822620714
snp449	4	39	200	0.4625	185	0.15563541195955	0.0555176797379077	0.147727099888537	0.189814545951203	0.292483800225615	1.97055591851008	0.769916744188491	0.143482053547877
snp450	4	40	200	0.46	184	-0.0284817312302437	0.184971644954065	0.141005632753995	0.188964994236428	0.978867253702208	1.24075795263316	0.327645574075042	0.463133398579679
snp451	4	41	200	0.4475	179	0.227881623591504	-0.323395342113632	0.137951325162389	0.193312854525261	1.6729117311305	1.78652553419279	0.0943446740459559	0.202738817393957
snp452	4	42	200	0.4375	175	0.183977371549506	-0.131415865422768	0.139237962428174	0.189991462452853	0.691693530467874	1.38506620714308	0.489129810677423	0.3831977137592
snp453	4	43	200	0.45	180	-0.0295926950105414	0.052715940747025	0.134926536107076	0.190229827055262	0.277117114403469	0.280080978011775	0.781690180857554	0.96153657310884
snp454	4	44	200	0.47	188	0.115859776594906	-0.168022321608631	0.125510187068719	0.17558150356398	0.956947731954043	1.03132204203273	0.338593637333723	0.587539044063708
snp455	4	45	200	0.4725	189	0.0401038505474346	-0.197059030167974	0.136874244470367	0.193549495803714	1.01813249034665	1.1623994311414	0.308614996744779	0.508858031031891
snp456	4	46	200	0.435	174	0.0185940451091497	0.00895960632026056	0.124402980643662	0.176014617616729	0.0509026263930535	0.259025075121258	0.959403112665951	0.967009465775369
snp457	4	47	200	0.4525	181	0.0845635782475781	0.010483089781445	0.135816580092345	0.195612636489391	0.0535910663522678	0.912448384348735	0.957260974303084	0.65949490853091
snp458	4	48	200	0.47	188	-0.0565667842173805	0.111954079689997	0.145515137116297	0.196485790857436	0.569782065163318	0.571881645207736	0.568825521276424	0.849145857659915
snp459	4	49	200	0.4875	195	-0.149916930038198	0.0440281010538902	0.132708811776725	0.178079816680622	0.247238018741071	1.40747694806046	0.804724023699238	0.371392553654227
snp460	4	50	200	0.465	186	0.144479055981164	0.00369696885047005	0.150798635979229	0.18785752551613	0.0196796420069561	1.50522848021324	0.984298930960478	0.322111864392718
snp461	4	51	200	0.4625	185	-0.0887431084329643	0.0647988099588176	0.158247423064357	0.207447877928221	0.312361883890848	0.590946899013985	0.754765514398405	0.839785212935919
snp462	4	52	200	0.4475	179	-0.169567331612222	-0.0054993620170336	0.13458029015318	0.183419718831254	0.0299823925806636	1.83682085334432	0.976081095543039	0.185082163839019
snp463	4	53	200	0.445	178	0.0905390992784499	-0.045807286895929	0.14867680859844	0.19036726654427	0.240625858255293	0.700887816390287	0.809845106956254	0.782217952539657
snp464	4	54	200	0.4775	191	-0.138421381991858	0.016857426698403	0.155776532493916	0.193029280350685	0.0873309306638732	1.33488184892855	0.930408468820415	0.410263855899526
snp465	4	55	200	0.46	184	0.0306533448730543	-0.138657669316884	0.134725239218281	0.194331674732671	0.713510391487265	0.81452122824749	0.475529985207662	0.717686513763723
snp466	4	56	200	0.455	182	0.00628557533606686	-0.104344695342542	0.142795031029428	0.190653651445272	0.547299747744376	0.760311978763274	0.584172817131056	0.748984378224565
snp467	4	57	200	0.46	184	-0.116684106481667	0.298680393748264	0.137505431860957	0.185739566268773	1.60806014436397	1.65409548630523	0.107822007008186	0.254611623761301
snp468	4	58	200	0.48	192	0.0152942233383716	0.123501054874173	0.141506177129075	0.180552118060123	0.684018865029586	1.19412471941391	0.493963253345032	0.490187688845541
snp469	4	59	200	0.4775	191	-0.077611089438092	0.0109520433857814	0.132725229431201	0.177881352782318	0.0615693731494383	0.788980189970644	0.950905767339129	0.732534478127158
snp470	4	60	200	0.455	182	0.074689595593493	0.0658504308172228	0.13674334783775	0.186060496741347	0.353919461522051	1.26123901194353	0.723399241625703	0.451417827029325
snp471	4	61	200	0.475	190	0.0541779711031139	-0.286394463879776	0.139343578379466	0.191526952802359	1.49532198831207	1.78939025643834	0.134830429213564	0.201703043495186
snp472	4	62	200	0.465	186	0.146377800122476	-0.149416729968141	0.137386395472103	0.178166852317728	0.838633719035927	1.06802727656587	0.401674882867388	0.565332552921756
snp473	4	63	200	0.4425	177	0.13128470255968	-0.213171726971108	0.133092129632476	0.180821111269123	1.17890950605783	1.18964411507531	0.238434212048593	0.49281247119911
snp474	4	64	200	0.4625	185	0.0781901721150965	-0.128599230256717	0.151609751703683	0.189266989324402	0.679459374906097	0.680035859309299	0.49684683996109	0.793561382806722
snp475	4	65	200	0.455	182	-0.109446270996258	0.00587582896455099	0.144445394000036	0.197094095627566	0.0298123033358346	1.03748279740999	0.97621674648584	0.583806738901432
snp476	4	66	200	0.4425	177	0.155682798157337	-0.178163083136407	0.149704356133965	0.206287192772341	0.863665265603901	1.0531497855539	0.387771799835874	0.574323624721732
snp477	4	67	200	0.47	188	0.0242866645643538	-0.168324296812819	0.14407043027654	0.191532238804594	0.878830101205821	1.14320996019011	0.379493402623675	0.520240275145802
snp478	4	68	200	0.4575	183	0.0734411965811595	-0.091421780693553	0.148428233004287	0.194511520649133	0.470007022660951	0.515856468845767	0.638350000228708	0.875417863594951
snp479	4	69	200	0.4525	181	0.319750916174166	-0.084842756453602	0.151970938104263	0.198762476890003	0.426854996884321	2.78058847470936	0.669484945854249	0.0209454019748488
snp480	4	70	200	0.455	182	-0.0648689156525544	0.0952644624873728	0.123970608641175	0.172612470110413	0.551897915755657	0.580589208104784	0.581018296451705	0.844895849472291
snp481	4	71	200	0.4625	185	-0.0815334322946689	0.125371314348036	0.134135863580241	0.1927846269096	0.650318006978974	0.687538984631884	0.515486827915047	0.789500408639084
snp482	4	72	200	0.47	188	0.108268072942075	-0.343127270605107	0.149652791634843	0.19820567688015	1.73116772438656	1.97732331094614	0.0834218541018806	0.141578104628927
snp483	4	73	200	0.4725	189	-0.0492162094832253	0.222752863913762	0.150785582423376	0.196533074615136	1.13341158657377	1.37340807645665	0.257041450636854	0.389409078501828
snp484	4	74	200	0.45	180	-0.148073994139281	0.104360442402103	0.139864669445143	0.192841157426372	0.541173076302182	1.1064183323121	0.588388293144327	0.542221460093108
snp485	4	75	200	0.4675	187	-0.167890133338303	0.216638538582434	0.127543153086905	0.176087342368201	1.23029023931453	1.3799357444545	0.218588438091922	0.385925347140708
snp486	4	76	200	0.4525	181	-0.0362122333895972	-0.147433463202646	0.12694620731389	0.176707386590003	0.834336730612865	1.52285133147093	0.404091259264035	0.313631017083235
snp487	4	77	200	0.475	190	-0.153772559877179	0.00878515510350419	0.14132531216295	0.184542014795949	0.0476051760528251	1.5331555023918	0.962030906815051	0.308731628002078
snp488	4	78	200	0.4625	185	0.0836470025986004	-0.0694833698954139	0.134141988194145	0.187062012027043	0.371445645978451	0.631211225278435	0.710305632840067	0.819374687822626
snp489	4	79	200	0.45	180	0.0262407625600999	-0.0783296742091278	0.15400802937776	0.202484994225625	0.386841871955443	0.426083522830851	0.698873276525373	0.91322445592622
snp490	4	80	200	0.47	188	-0.00690537222693166	0.158919688948517	0.144784761899919	0.202931699396663	0.783119095838657	1.09298901099431	0.433557178459146	0.550288557092318
snp491	4	81	200	0.455	182	0.234368039413243	-0.205671005324604	0.135832259052929	0.185648312910181	1.10785281105199	1.73369889647905	0.26792538803868	0.222493824720461
snp492	4	82	200	0.4425	177	0.0114600808013701	0.0668918769071058	0.137057628223097	0.185219525168176	0.361149165274932	0.618993958197961	0.71798794132185	0.825656245182712
snp493	4	83	200	0.4425	177	0.0717393174458019	-0.0487344622381674	0.134462738347344	0.186332790755967	0.261545281646068	0.565604231131943	0.793672034628043	0.852182926155829
snp494	4	84	200	0.4825	193	0.132109414190248	-0.0462487900196481	0.141138690123246	0.185241891293582	0.249667014824149	1.16806037629411	0.802844868849786	0.505512495703693
snp495	4	85	200	0.465	186	-0.0962624538208426	0.0228857282854865	0.134038735340883	0.183816033561041	0.12450343880305	0.925214022912801	0.900916677795487	0.651804574662251
snp496	4	86	200	0.4875	195	-0.00668708301388076	-0.097043240872819	0.149113415678777	0.196539043533335	0.49376062449576	0.796095020873589	0.621475244480926	0.728415507800223
snp497	4	87	200	0.46	184	0.154212486298264	-0.24829075949062	0.140858145089722	0.192473663099813	1.28999861847	1.30954236123375	0.197051137773347	0.424242268935104
snp498	4	88	200	0.45	180	-0.114091356998367	0.154338395309322	0.140946975325088	0.193391735226669	0.798060967437037	0.861488116467821	0.424835110977548	0.68998812795054
snp499	4	89	200	0.415	166	-0.0883199516649566	0.0757906752123187	0.146308170285256	0.193292990056188	0.392102554729415	0.609494727122334	0.694982439959769	0.830487906956485
snp500	4	90	200	0.465	186	-0.0955653266858271	0.123929670027496	0.148427052614615	0.194190696590169	0.638185413635154	0.685915760485385	0.523352991125009	0.790380965268939
snp501	4	91	200	0.44	176	-0.114182089080138	0.321837908432018	0.148794705134979	0.190940437634505	1.6855408546202	1.88523918298584	0.0918842694546329	0.169134099839304
snp502	4	92	200	0.4475	179	0.0101728764083833	0.20960815486065	0.13967377308222	0.189666582454991	1.10514014723913	1.72230303102501	0.269098866751033	0.226918611522704
snp503	4	93	200	0.4475	179	-0.0754175486756941	0.220792527064792	0.140495025486394	0.190925820526394	1.1564309450448	1.24107234709322	0.247504930131119	0.462952748416543
snp504	4	94	200	0.4675	187	0.324822711822397	-0.367417044642426	0.145617202616479	0.189131822665284	1.94265057812435	2.26748533333692	0.0520583913884169	0.0764785577376963
snp505	4	95	200	0.4925	197	-0.067519131464735	-0.0649768135583548	0.134836224470368	0.201044611868866	0.323195995925208	1.01774285587613	0.746546813119218	0.595770197851975
snp506	4	96	200	0.4525	181	-0.179976966183499	0.138682068609825	0.138384987118014	0.182365782285474	0.76046101890284	1.33527172052772	0.446979061498742	0.410050365633214
snp507	4	97	200	0.4575	183	-0.0577345851482272	-0.184452934501433	0.133195359586043	0.186410711362498	0.989497508771058	1.91419930897466	0.322419788127849	0.160080334802408
snp508	4	98	200	0.455	182	0.118617439225392	-0.220904739687943	0.14793200971841	0.187677443184051	1.17704469935317	1.18991010841778	0.23917766565078	0.492656534137254
snp509	4	99	200	0.4575	183	-0.0794591353679826	0.202973706168014	0.131172977603684	0.177376085102305	1.14431269610526	1.19788495373405	0.252493979859108	0.48798813780981
snp510	4	100	200	0.485	194	0.096233987740546	-0.334920332824932	0.156033394196449	0.198335961723259	1.68865156835376	2.01361929141187	0.0912862220316115	0.131686481011955
snp511	4	101	200	0.4475	179	-0.0913195912046911	0.177772126177985	0.13680413497848	0.181401204519755	0.979994188289	0.982235682111426	0.327088987434417	0.617304124797465
snp512	4	102	200	0.4275	171	-0.0997290310052062	0.144750015741093	0.145811566338606	0.192777244617429	0.750866711620203	0.772659548991042	0.452732875817201	0.74192925106963
snp513	4	103	200	0.4825	193	-0.0424376643426274	0.269721203051353	0.153014823713623	0.199091660034885	1.35475892362389	1.74590963910226	0.175494377662361	0.217816953019994
snp514	4	104	200	0.445	178	0.0182886945957329	0.0213573218287486	0.131031224529112	0.193212757901668	0.110537844709085	0.309994175242553	0.91198283801104	0.953087852528552
snp515	4	105	200	0.465	186	0.0121898780440308	-0.126147036309136	0.151982135712845	0.199344738415269	0.632808456907204	0.893127946348421	0.526858733497875	0.671098897748462
snp516	4	106	200	0.4625	185	-0.0620275663013246	0.336269438809175	0.131025494881048	0.180938040251772	1.85847839592637	2.23940792690273	0.0631011085453278	0.0814737878827192
snp517	4	107	200	0.4525	181	-0.084631120741952	0.0932813882606055	0.137734982396896	0.185668207594024	0.502409052521107	0.619287916242677	0.615379812566657	0.825505988215111
snp518	4	108	200	0.48	192	0.0307426743130907	-0.214898538292785	0.134476939593401	0.181007984954458	1.1872323662785	1.53870636205244	0.235135977456826	0.306110652073664
snp519	4	109	200	0.475	190	0.146785171756748	-0.0471978731601836	0.152093362437419	0.206493767364544	0.228568027803283	1.25337813940278	0.819204676859209	0.455901555349431
snp520	4	110	200	0.4475	179	-0.0377343207568866	-0.291552094241879	0.136515182113942	0.180315879925429	1.61689638407029	2.69186216146527	0.105900649080304	0.0267008214491285
snp521	4	111	200	0.4475	179	-0.0789566775690634	-0.153156643010244	0.136577640734513	0.180105893652951	0.850369967933218	2.00512019746434	0.395119427601215	0.133954712424039
snp522	4	112	200	0.4525	181	-0.00697206158226193	0.0955018780701303	0.145986540279157	0.195485482813219	0.488536932235422	0.664120550658162	0.625169572607894	0.802095137448728
snp523	4	113	200	0.465	186	0.0268626570149497	-0.000593900013288101	0.137856875892641	0.187028771007119	0.00317544733941227	0.273272999071506	0.997466363852213	0.963349440914788
snp524	4	114	200	0.4525	181	0.0823302166876125	-0.0817307102909905	0.149568909897834	0.197205423814893	0.414444535601146	0.550489301323316	0.678548578747872	0.859401351154491
snp525	4	115	200	0.45	180	-0.17645350589863	-0.0399078606513512	0.130100308997496	0.174227392384816	0.229056178279972	2.22451106876494	0.818825252651431	0.0842282631216906
snp526	4	116	200	0.4475	179	-0.0594868106556833	0.320713570438575	0.149196901119988	0.194523167426885	1.64871657541317	2.15783441442059	0.0992057127687218	0.0974783789402043
snp527	4	117	200	0.47	188	-0.0918488269106258	-0.0030375420499914	0.149116885756624	0.205235348195399	0.0148002869715184	0.936277235156083	0.98819151063685	0.645127355986278
snp528	4	118	200	0.455	182	-0.137452270337408	0.00547827408232354	0.138456109715327	0.184865573824923	0.0296338251031625	1.43350286720271	0.97635908862122	0.357913037128241
snp529	4	119	200	0.4525	181	0.0514147740367547	0.0098886412333227	0.154532110899748	0.19691119607979	0.0502187860832237	0.589934102455089	0.959948041311567	0.840287551407543
snp530	4	120	200	0.44	176	-0.0230920235348413	-0.102673511661114	0.129806650956445	0.179588412265103	0.571715682354551	1.02787954159423	0.567514608271175	0.589625213069128
snp531	4	121	200	0.4775	191	0.000156248678633059	-0.0616123160887013	0.138797642878579	0.180887661965484	0.340610937303495	0.514291830552842	0.733396494540349	0.87612365135988
snp532	4	122	200	0.4675	187	0.233843392821834	-0.0256727606599699	0.135330993184713	0.180838155931055	0.141965397334386	2.39524619231513	0.887107337731442	0.0567782379757156
snp533	4	123	200	0.47	188	0.175092373247528	-0.0138773096740243	0.138506993112331	0.192823985538668	0.0719687938990422	1.68178986480363	0.942626742292497	0.243117947029358
snp534	4	124	200	0.4575	183	-0.0534347957010168	0.222173366901511	0.141425978477838	0.187312069378821	1.18611346101882	1.40741582590121	0.235577495287683	0.371424504504572
snp535	4	125	200	0.4675	187	0.157418294026182	-0.140375689397255	0.149393427178736	0.189880668456146	0.739283732981356	1.05704745644669	0.459734724969557	0.571966610481506
snp536	4	126	200	0.4375	175	0.00176522786057725	0.0149702134296811	0.146926082535834	0.183803312697693	0.08144691850197	0.139856309151059	0.935086537453196	0.990267774033409
snp537	4	127	200	0.435	174	-0.0244753120958487	0.347783372766477	0.135437832710473	0.185927284021645	1.87053435753942	2.47160252198576	0.0614096504974294	0.0471505543250378
snp538	4	128	200	0.4525	181	-0.180683388557181	0.511465412295107	0.125574333495249	0.183357684355688	2.78944083577614	2.85828493690046	0.00527991423990438	0.0168248824474219
snp539	4	129	200	0.4475	179	0.105708561959894	-0.344596040459677	0.150166376452982	0.193808048975368	1.77802749824633	2.03244486925839	0.075399338717307	0.126765535840617
snp540	4	130	200	0.4675	187	0.147119827402434	-0.10364960573917	0.149066458278652	0.191115782456146	0.542339331723969	1.03716102330991	0.587584765076858	0.584001636380382
snp541	4	131	200	0.48	192	-0.0788379137413436	0.183723956101684	0.13017664254851	0.182305535049419	1.00778046070779	1.01326284550671	0.313559868121695	0.598486807375151
snp542	4	132	200	0.465	186	-0.14356404330876	0.0714077934055919	0.135753518910313	0.185712043124261	0.38450814607544	1.18090436954857	0.700601859405542	0.497944046343738
snp543	4	133	200	0.44	176	-0.127245731015634	0.170474318984205	0.135802987708873	0.184793291209971	0.922513571071713	0.998288961570905	0.356260754814768	0.607568455966624
snp544	4	134	200	0.4575	183	-0.0239358759336544	0.0684198584105718	0.133141467380833	0.18725870010344	0.365376126037281	0.378630382119337	0.714830659845054	0.930828263633177
snp545	4	135	200	0.49	196	-0.0310431458472131	0.0304120568804581	0.128110687461589	0.178179078102264	0.170682535819404	0.242348706377228	0.864473395706806	0.971060556312136
snp546	4	136	200	0.455	182	0.131660666638442	-0.0317090628863559	0.148851780719664	0.192190452391338	0.164987711365547	1.19949467761132	0.868953654412596	0.487047443459939
snp547	4	137	200	0.4625	185	-0.199052042123671	0.162034786415972	0.122007226107418	0.182863300999466	0.886097896791465	1.64829502164276	0.37556477629334	0.257061932870712
snp548	5	1	200	0.4825	193	-0.116443569887368	-0.233770677396308	0.132968460825462	0.176833465643492	1.32198210641647	3.03037995847071	0.186174109427958	0.0101366131412598
snp549	5	2	200	0.44	176	-0.0921554558508897	0.161155068889741	0.125207778581065	0.181953148534065	0.885695412187769	0.905385874671072	0.375781681202122	0.663741978894577
snp550	5	3	200	0.4475	179	-0.0119654055850802	-0.0110683948244518	0.13359931213035	0.177621984219462	0.0623143293499986	0.210997300689496	0.950312517482699	0.977985993671529
snp551	5	4	200	0.4525	181	-0.0401864803465265	-0.407979889049462	0.129934439279217	0.188036185538076	2.16968817933636	3.45731111150246	0.0300304761391275	0.0025376925369576
snp552	5	5	200	0.4225	169	-0.135818142607725	0.228994283051787	0.13574418029666	0.182710067334129	1.25332055530917	1.25659154220491	0.210089070677128	0.454066710653276
snp553	5	6	200	0.47	188	-0.0970350597353917	0.160349725681475	0.13855463413994	0.186636499770716	0.85915523425732	0.864819620522873	0.390254877348405	0.688006847717432
snp554	5	7	200	0.4725	189	0.0317253802790684	0.099639397277701	0.137046707375833	0.186838296337988	0.533292152789997	1.05045594337804	0.593831358895373	0.575953215607226
snp555	5	8	200	0.4725	189	-0.04974653475776	0.0545426323224241	0.139128888489517	0.190648667244365	0.286089764543247	0.360067312943806	0.77480937078911	0.937232181585546
snp556	5	9	200	0.46	184	-0.0489791530189371	-0.226346968942403	0.126768901288878	0.175629936100453	1.28877214197095	2.20873535784499	0.197477313626553	0.087225728454951
snp557	5	10	200	0.465	186	-0.0455795619048341	0.146839529559399	0.130620457412778	0.179059542407889	0.820059783381474	0.899628348699507	0.412182027132289	0.667199896614498
snp558	5	11	200	0.4775	191	-0.00577319436194704	0.0122413898787588	0.138286171489239	0.192966359421319	0.0634379480209355	0.0636919895818703	0.949417769940517	0.997973720912413
snp559	5	12	200	0.465	186	-0.106164576374322	0.0126067214880133	0.14195709145113	0.188547002532293	0.0668624869061714	1.05147835561375	0.946691177290876	0.575334673772255
snp560	5	13	200	0.475	190	0.0673264254992304	0.00393747371774764	0.141418209660063	0.19195434754757	0.0205125529484132	0.730329463503955	0.983634498379104	0.76591003598708
snp561	5	14	200	0.4475	179	0.0878407670618426	0.0984648093462188	0.148680194629963	0.205164327865756	0.479931430431935	1.47203095878215	0.631276151258627	0.338430145826356
snp562	5	15	200	0.4675	187	0.0167413239027993	-0.127547302954865	0.158847762620364	0.199615480438353	0.638964987458752	0.880073659758424	0.522845709217657	0.678911279592374
snp563	5	16	200	0.4725	189	0.0724044551469638	-0.0270880240800916	0.143652809525423	0.191795223309945	0.141234091301204	0.599421613884617	0.887685015028925	0.835559987168858
snp564	5	17	200	0.4775	191	0.0662173562899265	0.118914377814835	0.133978258692172	0.187148432956339	0.635401408050141	1.4597015548959	0.525166649994858	0.344602288222432
snp565	5	18	200	0.4575	183	-0.0256212919723511	0.0707441190732085	0.134954666915408	0.181802806556967	0.38912556089194	0.412063557022884	0.697183265807669	0.918605805182022
snp566	5	19	200	0.4625	185	0.148686681863848	-0.312934596279788	0.132362158819442	0.182751859857438	1.71234698527229	1.7189049192215	0.0868327427293866	0.228249246512645
snp567	5	20	200	0.4775	191	0.13247152446137	-0.220991266686465	0.140707359133306	0.196203761356884	1.12633552567065	1.14740342992718	0.260023525977883	0.517747651078223
snp568	5	21	200	0.4525	181	-0.113350382432754	0.0518300270957964	0.140313361517672	0.186882315702487	0.277340458357273	0.925161786020034	0.781518696213702	0.651836076448532
snp569	5	22	200	0.455	182	-0.0580282170703827	0.142492325758324	0.132941238815075	0.189483909294832	0.752002248046352	0.760502925600702	0.452049706879432	0.748875635536359
snp570	5	23	200	0.4575	183	-0.135505522270699	0.0325376234078933	0.142617891313861	0.189246216145861	0.171932755489362	1.24870680382774	0.863490394861342	0.458573662255617
snp571	5	24	200	0.4775	191	-0.2403449963984	0.224997477997373	0.14592412971349	0.204768265692274	1.09879075860075	1.64919888958096	0.271859344075742	0.256679131756286
snp572	5	25	200	0.4575	183	0.0947383371540118	0.163653893169875	0.128808978226021	0.181808349501851	0.900145090246303	2.1317144762021	0.368043042985947	0.103095111519537
snp573	5	26	200	0.465	186	0.111075518955489	0.00620548946810057	0.138577178705596	0.191178913168732	0.0324590686558808	1.18864052600981	0.974105957296908	0.493400949722121
snp574	5	27	200	0.4675	187	0.0391747332610232	-0.301362591995647	0.14152801602067	0.198493720827005	1.51824748279215	1.96086428230984	0.128952021462938	0.146241726293988
snp575	5	28	200	0.4775	191	0.111232519632981	-0.274031461721516	0.143337376345454	0.185743433265515	1.47532247522202	1.56143424738667	0.140125866764792	0.295514180699685
snp576	5	29	200	0.455	182	-0.143354759830763	0.111704078271993	0.144146269652305	0.188116388511861	0.593803012888211	1.02583508780248	0.552643873681209	0.590864350274507
snp577	5	30	200	0.4725	189	0.158513954337253	-0.283835365181601	0.148318149311925	0.196157322532507	1.44697817811295	1.44697822955657	0.147903035442876	0.351033717665325
snp578	5	31	200	0.48	192	0.0600591271443443	-0.0940374799033454	0.142421233484022	0.196960366655971	0.477443667982199	0.494930023896228	0.633046225085131	0.884725488765117
snp579	5	32	200	0.4775	191	-0.253541915638066	0.235603529717892	0.133771022875371	0.192390172243687	1.22461312327051	1.89752669477849	0.220721020999679	0.165248681566704
snp580	5	33	200	0.48	192	-0.0815623202967699	0.299047814019742	0.13509225539532	0.182203772798268	1.64128222718441	1.89929652931922	0.100738843653574	0.16469439842699
snp581	5	34	200	0.465	186	-0.0660487421455697	0.0360529075884738	0.134183246939625	0.1756735493179	0.205226727236166	0.539993359811739	0.837394988530468	0.864333651227583
snp582	5	35	200	0.45	180	-0.0854103333449426	0.189180470859835	0.136484208831895	0.179040117947653	1.05663732256447	1.08480501236922	0.290677140143651	0.55521438672803
snp583	5	36	200	0.47	188	-0.199220168788064	0.370053495606957	0.143511059613914	0.193074148831312	1.91663926966355	1.91674191679432	0.0552837754780071	0.15930259251198
snp584	5	37	200	0.475	190	-0.0845450229225011	-0.176245722478892	0.145642525798898	0.192183354177073	0.917070696541719	2.15082243065543	0.359105595307367	0.0989620768747923
snp585	5	38	200	0.445	178	-0.0581815281420414	0.272809300567085	0.13135551597698	0.185920965385343	1.46734016791305	1.68882543990667	0.142283541902724	0.240252293892424
snp586	5	39	200	0.4675	187	-0.216311771305638	-0.244120452666954	0.12622040026557	0.176040480218178	1.38672907710999	3.97236350373735	0.165524390640193	0.00037453102939489
snp587	5	40	200	0.46	184	0.136026333921708	-0.253654492466917	0.144214524489011	0.194308287372703	1.30542292300884	1.30565754034495	0.191748877013597	0.426402814164299
snp588	5	41	200	0.45	180	0.124817139303785	-0.19738899902876	0.138408651677285	0.183658638288288	1.07476022292466	1.08202897009563	0.282482093374842	0.556886769507072
snp589	5	42	200	0.4525	181	0.107449010970598	0.051831370960178	0.139749367687102	0.1809980507709	0.286364249445891	1.50936781413283	0.774599153447689	0.320108397241028
snp590	5	43	200	0.4725	189	0.0269635842354619	-0.0892092350502504	0.123766821714037	0.176997893174484	0.504012976935878	0.536991006777744	0.61425225788427	0.865732187393896
snp591	5	44	200	0.4375	175	0.0451847590784773	-0.387865040312736	0.151802421262422	0.201516113500808	1.92473462084301	2.60147843393943	0.0542625669190112	0.0339167929115711
snp592	5	45	200	0.4575	183	-0.0793654056474923	-0.0399081625789953	0.172580841466568	0.211157728660221	0.188996930551438	1.04112096008202	0.850095222503089	0.581603446572844
snp593	5	46	200	0.4675	187	-0.0970504385451825	0.263132182011124	0.143815316772805	0.189299107141453	1.39003393087586	1.47848925408004	0.164518574094232	0.335221008701274
snp594	5	47	200	0.4675	187	-0.194681796121275	0.250618140637458	0.137952459747154	0.185324565903935	1.35232012774479	1.48216525142796	0.176272928221969	0.333401797829406
snp595	5	48	200	0.465	186	0.0748793044007411	-0.240446389708363	0.130884051352782	0.177662683312442	1.35338713355752	1.45310482599646	0.175931985697623	0.347929008818116
snp596	5	49	200	0.4825	193	0.170131557836701	-0.0334449828602169	0.153029996176289	0.195217170179456	0.171321932540422	1.54875882429429	0.863970635737922	0.301396999540268
snp597	5	50	200	0.46	184	-0.031507357742707	0.183438476566729	0.133727404202498	0.183477939103839	0.999784919444249	1.23723503065523	0.317414605452204	0.465159342272166
snp598	5	51	200	0.47	188	0.0245129085928382	0.00661549058792802	0.131566941661651	0.192929721650316	0.0342896394155306	0.28963901382211	0.972646186561456	0.958922156271978
snp599	5	52	200	0.465	186	-0.266117545078034	0.188692961549531	0.151987061944992	0.194998590975198	0.967663205184546	1.84776804877779	0.333212599942515	0.181386823629563
snp600	5	53	200	0.4575	183	0.250093262857088	-0.427580121189268	0.141206185896654	0.18857255949216	2.26745674100608	2.27083373164017	0.0233623386535907	0.0758996718245279
snp601	5	54	200	0.4825	193	-0.00540467784878315	-0.0453522003562563	0.139381641490457	0.182965837295032	0.247872504653018	0.416328048751674	0.804233054246574	0.91698467214022
snp602	5	55	200	0.475	190	-0.052655839082649	0.230884626447383	0.152053805221816	0.199458924003197	1.15755475770882	1.34856002762125	0.247045781127662	0.402803240172009
snp603	5	56	200	0.4175	167	0.0912718071378235	0.116164978356801	0.137957428352303	0.188874633052323	0.615037480044345	1.66471367530901	0.538529968748256	0.250164691907906
snp604	5	57	200	0.46	184	0.0397748158631738	-0.140561697601436	0.141960337921344	0.183508841391412	0.765966895849056	0.87438300854798	0.44369599988758	0.682308878378745
snp605	5	58	200	0.4625	185	-0.10507154246198	0.0477544736378019	0.140305935023874	0.196075096697729	0.24355195760235	0.873422608331287	0.807577840170121	0.682881778178601
snp606	5	59	200	0.4725	189	-0.0876283977446292	-0.0144338512600395	0.145184687551855	0.194909758972641	0.0740540203636778	0.991051154701485	0.940967401185884	0.611958263544781
snp607	5	60	200	0.46	184	-0.0205723163411343	-0.0698885201111759	0.135108222209343	0.186734245658553	0.374267290205399	0.694229384058588	0.708205465214848	0.785859528972018
snp608	5	61	200	0.46	184	0.0504913147714211	-0.236138120888787	0.126002127849904	0.190811518647454	1.23754646764842	1.3652537084602	0.215884274320125	0.393781597582991
snp609	5	62	200	0.4625	185	-0.149609317338741	-0.00199502888101966	0.150907692759386	0.183308054749795	0.010883476363015	1.64425450213343	0.991316413670976	0.258777558474309
snp610	5	63	200	0.4375	175	-0.00942177673588783	0.24529660781172	0.126820193080739	0.187906502908136	1.30541840764096	1.71320838001167	0.19175041370821	0.230491457799323
snp611	5	64	200	0.4725	189	-0.0302241534221898	-0.168524886014449	0.128358068675088	0.180988921117339	0.931133712351326	1.6248852815978	0.351784401809054	0.267101621219024
snp612	5	65	200	0.4675	187	-0.0588398055284714	0.18554314040199	0.132162030197223	0.183469472977293	1.01130252020157	1.08985455096983	0.311871660227317	0.552174327908337
snp613	5	66	200	0.47	188	0.0909486680064941	0.0293239123913718	0.139889522981728	0.194252305796514	0.150957860042545	1.11217801018031	0.880008957685063	0.53876814238839
snp614	5	67	200	0.4375	175	0.110828921179035	-0.0841948107584445	0.135811692064271	0.174271946345673	0.483123144739785	0.841117686190561	0.629008301295172	0.702057842932342
snp615	5	68	200	0.4575	183	0.109734501946053	-0.241446255546812	0.140512603568956	0.193893298021116	1.24525322953925	1.25740059510227	0.213038681821646	0.453605170292369
snp616	5	69	200	0.4525	181	0.182741446867654	-0.283005521588788	0.134386631945666	0.179543424873157	1.57625110353512	1.59718514493525	0.114967945421458	0.279291233589303
snp617	5	70	200	0.4525	181	0.187716508730762	0.0551408715614369	0.127773207271363	0.181858876613149	0.303206929396868	2.27787470725146	0.761732168543687	0.074693919359391
snp618	5	71	200	0.4675	187	-0.0608251329567279	0.249267259650256	0.136102195818557	0.190741933384483	1.30682988909314	1.45472975554303	0.191270491671307	0.347107992167826
snp619	5	72	200	0.455	182	0.0146460739242041	-0.168211497630796	0.135843440081139	0.184190323895468	0.9132482861926	1.23045939534337	0.361111973708066	0.469064420983718
snp620	5	73	200	0.455	182	-0.0483553002547393	0.154471874667702	0.136905876354522	0.185923751068398	0.830834542547902	0.898963780492318	0.406067105941668	0.66759876352312
snp621	5	74	200	0.4525	181	0.0543487643383261	-0.298464920585747	0.137241023728872	0.192619252727813	1.54950720843831	1.85130273036184	0.121259840028854	0.180204871608021
snp622	5	75	200	0.475	190	0.169716460033611	-0.204698666630748	0.15519438358915	0.20142171556352	1.01626910513626	1.13096399300595	0.309501256459156	0.527535152132752
snp623	5	76	200	0.4625	185	0.0637087035088154	-0.32963107118324	0.140521019232026	0.185619992301102	1.77583819014782	2.22652332146545	0.0757595910636582	0.0838519067872953
snp624	5	77	200	0.4575	183	0.0195231208314212	-0.188841340880545	0.137203556294068	0.189869879427668	0.994582929371294	1.27411677007728	0.319939153384985	0.444108324638374
snp625	5	78	200	0.48	192	-0.141855730570044	0.0730318731434492	0.138700713317339	0.18526117744502	0.39421034752477	1.16651273909966	0.693425746764578	0.506426547658116
snp626	5	79	200	0.435	174	0.0507683108679837	-0.0722721308718726	0.136802734599755	0.189495787398267	0.381391754741106	0.405750046010068	0.702912578283232	0.920980376285457
snp627	5	80	200	0.49	196	0.0175029386048807	0.146084663731597	0.134658754142029	0.181488569186603	0.804924874256932	1.35380038437687	0.420863033383824	0.399961198483939
snp628	5	81	200	0.43	172	-0.0171399049109578	0.43004597380967	0.131356869540728	0.185346409577697	2.32022824067383	3.03998137970072	0.0203285336530061	0.009845474268972
snp629	5	82	200	0.46	184	-0.00334824278121024	-0.0989933716131682	0.141279380532589	0.187679245302574	0.527460409666357	0.825175127466428	0.597873902410399	0.711445121245378
snp630	5	83	200	0.44	176	0.17681552356747	0.0276810736577995	0.140006133151923	0.186511562834738	0.148414785856075	2.00528061480607	0.882015431870385	0.133911630285992
snp631	5	84	200	0.455	182	0.119829745520721	-0.205854889442222	0.141397817100126	0.194953447119274	1.05591818192514	1.06447965754146	0.291005596590609	0.567475064011511
snp632	5	85	200	0.4675	187	0.0566940637886254	-0.072325452459668	0.138348245379239	0.185645762315069	0.389588491316709	0.430601593669163	0.696840863643373	0.911458818109946
snp633	5	86	200	0.455	182	-0.129293409786949	-0.196206403258883	0.129499280447674	0.175247908287903	1.11959341013388	2.72737771378933	0.262887065048824	0.0242510685940047
snp634	5	87	200	0.4625	185	-0.19834658651092	0.0688884113697478	0.139449743174021	0.193985871808646	0.3551207658963	1.68570388482032	0.72249912029759	0.241521014370284
snp635	5	88	200	0.485	194	-0.0486352980552465	-0.146526285784606	0.143240766542612	0.185309074281872	0.790712955382454	1.71320277562163	0.4291115142653	0.230493670867286
snp636	5	89	200	0.475	190	-0.0706427499980805	-0.0651032208716633	0.132636207693246	0.189671625552971	0.343241751009728	1.13999025038198	0.731416597640403	0.522155999837476
snp637	5	90	200	0.455	182	0.0723602611933594	0.307105015116767	0.134949192915964	0.186052775826182	1.65063387930141	3.06606809739058	0.0988133566135351	0.00909175982957025
snp638	5	91	200	0.47	188	-0.121596623565948	0.150614954474781	0.131444040423998	0.182946757107023	0.823272064815403	0.965021998918532	0.410353295784179	0.627737163739844
snp639	5	92	200	0.4725	189	-0.052470173730416	0.135527068432325	0.153203801836498	0.196912505405575	0.688260342598271	0.753435479206886	0.491288850381001	0.75289273565094
snp640	5	93	200	0.4425	177	-0.0569808459226574	0.251097100525081	0.137913044846759	0.194024592324283	1.29415089869335	1.47082818214218	0.195613303259125	0.339029630203276
snp641	5	94	200	0.4625	185	0.0067685056427771	-0.175014084630592	0.142862840016859	0.184807303975133	0.947008483247729	1.35197367425779	0.34363445617692	0.400950857948135
snp642	5	95	200	0.4575	183	0.0852299112837492	-0.230744918597706	0.141231187577274	0.18729494923989	1.23198687169169	1.32166049949472	0.217953988239947	0.417532356138053
snp643	5	96	200	0.455	182	0.125171800175719	-0.274753382140776	0.139412956319526	0.187728215097998	1.46356999131617	1.48081168927244	0.143311476840431	0.334071034811208
snp644	5	97	200	0.4825	193	-0.0404149111701353	0.173865477074797	0.133814070857467	0.183503548660876	0.94747746484243	1.08779224044305	0.343395534080011	0.553415624055755
snp645	5	98	200	0.4725	189	0.0120639677650287	-0.265794478171222	0.1461613180422	0.189234507725662	1.40457721673339	1.94996280000369	0.160147035440549	0.149392611692988
snp646	5	99	200	0.49	196	-0.0673495023896623	0.117985115942249	0.145796919689463	0.199986351212282	0.589965841303889	0.591960384081089	0.555213550629322	0.839281971805231
snp647	5	100	200	0.4625	185	0.112586024591078	0.00642405915916822	0.13268930572221	0.180257828502822	0.0356381701284481	1.26901169087733	0.971570872280413	0.447000602814278
snp648	5	101	200	0.4725	189	-0.0310741629990884	-0.0987843528763378	0.144911538317207	0.197475659777816	0.500235588464332	1.02640520827423	0.616909202163922	0.590518788567187
snp649	5	102	200	0.4425	177	-0.0188393543366004	0.0665114408493474	0.141436429349209	0.191661100727988	0.347026290659483	0.395247589720074	0.72857156758991	0.924862382152087
snp650	5	103	200	0.46	184	0.0858239955800367	-0.146917996998306	0.12938772187176	0.184967667897433	0.794290151724109	0.80670700526982	0.42702653597753	0.72224699794529
snp651	5	104	200	0.4575	183	0.071365042031864	-0.307271456913025	0.13281795089572	0.185190653426448	1.65921687314022	1.90818162164076	0.0970720987381131	0.161932037952555
snp652	5	105	200	0.455	182	-0.0262210743349905	0.0714023489201133	0.142083971968377	0.194025421312086	0.368005122407461	0.382158391577107	0.712869414687091	0.929579897392482
snp653	5	106	200	0.47	188	-0.195313548967367	0.268066002749224	0.134554693008036	0.185807157729883	1.44271085153202	1.56558991682824	0.149101941083139	0.293600319555778
snp654	5	107	200	0.425	170	0.0727474896020443	-0.46724739951196	0.155743560162085	0.204195728657576	2.28823297423378	3.0307102181001	0.0221239574070267	0.0101264728181415
snp655	5	108	200	0.445	178	0.0636878980268488	-0.113354103629679	0.127614858573689	0.180635935174974	0.627527980630641	0.634707946798417	0.530313200761595	0.81756318484718
snp656	5	109	200	0.4475	179	0.142975840022343	-0.130307482430149	0.157874821823899	0.207311823850888	0.628557889316891	0.909814334189377	0.529638536565598	0.661079574503453
snp657	5	110	200	0.48	192	0.0499036033836624	-0.219810927256042	0.157794603960491	0.198048346656053	1.10988519201215	1.42068922602103	0.267048502273878	0.364518148566831
snp658	5	111	200	0.455	182	-0.0652830428369886	-0.194708810588233	0.125754772190767	0.173343409784465	1.1232547624991	2.25895663956168	0.261329310522047	0.0779691105194725
snp659	5	112	200	0.455	182	-0.119830552860773	0.273671363812151	0.137610857327986	0.190990767463797	1.43290362904074	1.44991829070759	0.151885380038718	0.349542009783777
snp660	5	113	200	0.4475	179	-0.0455541150645653	0.200889184091969	0.145405975592415	0.195467845856936	1.02773519200187	1.22775209883849	0.304074408898693	0.470627857797484
snp661	5	114	200	0.47	188	-0.0397696202661919	0.114208740187257	0.144637042024194	0.183391487287508	0.622759223323212	0.690005140881514	0.533442758061994	0.788160486159705
snp662	5	115	200	0.4275	171	0.210549492898122	-0.207215787987017	0.138994191867322	0.200386175739645	1.03408225254144	1.51677454700421	0.30109771232159	0.316540997057332
snp663	5	116	200	0.4675	187	-0.0671031283306993	0.341570993278131	0.140233858457279	0.188952172975071	1.80771137955209	2.22236869398597	0.0706514325728673	0.0846304366323185
snp664	5	117	200	0.4575	183	-0.265880171490547	0.327346802451894	0.129416459877369	0.182030089258939	1.79831149775596	2.12568528433372	0.0721276587106555	0.104426796603976
snp665	5	118	200	0.46	184	-0.00879594044706681	0.0615395720887979	0.140976349437757	0.189815452889072	0.324207387502647	0.41197456472212	0.745781029477654	0.918639487881504
snp666	5	119	200	0.46	184	0.0544383614721218	-0.294046423344296	0.142706766714845	0.196809330306189	1.49406749612342	1.83036857682678	0.135157978547337	0.187284849169357
snp667	5	120	200	0.455	182	0.0303876033547482	-0.0863001996143685	0.139867731695399	0.191084059621995	0.45163474015095	0.474371517757218	0.651532138750705	0.893584686327065
snp668	5	121	200	0.45	180	-0.0812320039764856	0.0396247336616087	0.140790747419942	0.200895558985946	0.197240465949676	0.65409161205794	0.843639365309666	0.807414656123234
snp669	5	122	200	0.4625	185	-0.169051611795403	0.102031132315314	0.130093915191775	0.176655055249791	0.577572672183319	1.40072733094634	0.563552661492353	0.374929028659894
snp670	5	123	200	0.4725	189	0.111407467765309	-0.0044079600349422	0.150417536392746	0.196331930413932	0.0224515697759849	1.12995922808997	0.98208774396999	0.528134692396243
snp671	5	124	200	0.47	188	-0.122308482535024	0.193265581174372	0.15404718198756	0.199612162967681	0.96820543548573	0.97069843002439	0.332941780849785	0.624297837358956
snp672	5	125	200	0.475	190	-0.035174905484319	-0.0844708844148248	0.138660783427048	0.185971704396369	0.454213637977898	0.944799975906231	0.649675068010658	0.639976707874872
snp673	5	126	200	0.435	174	-0.116054619178389	0.194289062125591	0.133909374097525	0.180829220978038	1.07443399399032	1.08158576300314	0.282628213427567	0.557153841074166
snp674	5	127	200	0.45	180	-0.0419288749779831	0.0310725675736227	0.14592528103047	0.19831700981176	0.1566813033492	0.300231947452544	0.875496022838752	0.955930936078974
snp675	5	128	200	0.47	188	-0.157275727874714	-0.0621659936891107	0.139055980849995	0.202762507978395	0.306595111240855	1.88417841854614	0.759151575212784	0.169472576390538
snp676	5	129	200	0.435	174	0.112833021433613	0.00200339326653459	0.153248311370226	0.195411252914524	0.0102521898644748	1.19036188376318	0.991820079287996	0.492391716677434
snp677	5	130	200	0.4675	187	-0.0957069063784412	0.0618791719879933	0.138063338328814	0.183190484088141	0.337785951579344	0.739501249391383	0.735524497307696	0.760764790097033
snp678	5	131	200	0.46	184	-0.155136626724081	0.124155697023871	0.146151096636871	0.192482172764936	0.645024394937046	1.09113249499196	0.518911376954685	0.551405359401771
snp679	5	132	200	0.4575	183	-0.00751392705410335	0.0160638584369491	0.135601551881786	0.188305353067553	0.0853074975047911	0.0855322742845472	0.932016931116705	0.996348796939387
snp680	5	133	200	0.4525	181	0.114688610830842	-0.0807447421342579	0.145886554044178	0.192629841569833	0.419170474710618	0.826932132661942	0.675091548451173	0.710413292624608
snp681	5	134	200	0.4525	181	-0.139364246280179	0.0878620881974803	0.123616351890427	0.175141081349038	0.501664643844356	1.17960011438887	0.615903438893045	0.498711146816101
snp682	5	135	200	0.4675	187	0.0103649897496007	0.251304681708576	0.132998227332107	0.19220176979526	1.30750451453321	1.89911823529018	0.191041422676099	0.164750176248601
snp683	5	136	200	0.465	186	-0.177149121916805	0.2748998096413	0.125581329360302	0.172820418451255	1.59066742289389	1.63112644677788	0.111684442111554	0.264401435250511
snp684	5	137	200	0.4475	179	0.089777184919204	-0.166822983538164	0.141885061638433	0.189521538766108	0.880232318839725	0.880364749364355	0.378733468811169	0.678737349420848
snp685	6	1	200	0.485	194	0.0959103970131523	-0.0649281569922558	0.135096155705756	0.181655056444203	0.357425541920983	0.747720381592295	0.720773258227527	0.756129300874517
snp686	6	2	200	0.47	188	-0.0591007711166609	-0.0381231248204449	0.129833196970064	0.185131231573266	0.205924870139253	0.883184701254421	0.836849598201952	0.677051723289686
snp687	6	3	200	0.49	196	-0.138289975905847	0.248800106695941	0.140508715851992	0.185211615343993	1.34332885242561	1.34383033878767	0.179165513517778	0.405376104499027
snp688	6	4	200	0.465	186	-0.0872670811153618	0.0439043864192475	0.136116725944542	0.188355128769299	0.233093660396275	0.732776976271997	0.815688677607213	0.764539911868154
snp689	6	5	200	0.455	182	-0.0863216004186656	0.0148790301770905	0.130809807623485	0.183531963054232	0.0810705118034064	0.862548061162085	0.935385876646459	0.689357979587648
snp690	6	6	200	0.4875	195	0.00560241932606425	0.109926038438565	0.138220429858007	0.191211157277632	0.57489343197142	0.886780681484679	0.565363372216943	0.674900512050577
snp691	6	7	200	0.48	192	0.0540152919800582	-0.029981153613392	0.127384861600652	0.182925817984973	0.163897879171189	0.460952275846603	0.869811536700069	0.89921016060254
snp692	6	8	200	0.4775	191	-0.0369393983937269	0.0447465779774417	0.132873316905378	0.180471086015718	0.247943196693262	0.285913884291729	0.804178357048885	0.959950676375806
snp693	6	9	200	0.4675	187	-0.112766406778867	0.0759597849256486	0.153405089236019	0.195460608780511	0.388619402137165	0.782982476860678	0.69755771199461	0.735995864219935
snp694	6	10	200	0.4625	185	-0.00445260071834701	-0.0797166974392232	0.134311473113233	0.183388322593687	0.434687968741842	0.658073946602552	0.663788932516897	0.805307844128975
snp695	6	11	200	0.44	176	-0.143584379253836	-0.0500862095091907	0.140684958260908	0.181803472500547	0.275496440306111	1.88113767635173	0.782934860275133	0.170445534558808
snp696	6	12	200	0.47	188	-0.0534953205136979	0.261886090689621	0.137943229390293	0.191636071950231	1.36658035214599	1.65868718154065	0.17175687917418	0.252682483818202
snp697	6	13	200	0.4725	189	-0.0175285851366385	0.143688082763067	0.136211201802189	0.186822047533176	0.76911737485133	0.99118570594862	0.441823634549673	0.611876660544686
snp698	6	14	200	0.4475	179	-0.0914545987631268	0.144559007806976	0.126627362352554	0.180883801931121	0.799181608655167	0.829618531813012	0.42418511448669	0.708834324844968
snp699	6	15	200	0.455	182	-0.147706049052696	0.237441342538683	0.135501684141689	0.190992331799446	1.2431983017413	1.28346468137651	0.213794768374361	0.43883104901142
snp700	6	16	200	0.465	186	-0.00399163425415809	-0.0982041698089462	0.143030678896725	0.196772392949747	0.499074937986988	0.769646128579832	0.617726592540189	0.743655356771609
snp701	6	17	200	0.455	182	0.108478244228932	-0.215555858258235	0.128548731369739	0.173353622550903	1.24344594065197	1.24369162456395	0.213703550088486	0.461448682453826
snp702	6	18	200	0.45	180	-0.109732781478665	0.14251568373377	0.134516081066918	0.193446776700229	0.736717799928075	0.858005592251551	0.461293979953407	0.69205710979279
snp703	6	19	200	0.4525	181	0.0450294530524941	-0.0377279493853083	0.136519796141994	0.193242491817308	0.195236301449561	0.334344970634463	0.845207961386231	0.945640049500719
snp704	6	20	200	0.46	184	-0.0481395753667552	-0.077973556204876	0.154064882054077	0.195788480159171	0.398254055302364	1.08213472802626	0.690442923870265	0.556823043734863
snp705	6	21	200	0.445	178	0.18274510739863	-0.0489758723857918	0.136213663726729	0.192258745689076	0.254739373287062	1.63151170998875	0.798924403699829	0.26423531453374
snp706	6	22	200	0.4325	173	0.135002331615118	-0.0832204803754778	0.145028691266343	0.194502283935081	0.427863769472517	0.998751792212456	0.668750306133563	0.607287735612168
snp707	6	23	200	0.485	194	-0.119951202893702	0.221250146034232	0.133344364085956	0.191483064501332	1.1554554268829	1.16479257268228	0.247903975498859	0.507443010634515
snp708	6	24	200	0.45	180	0.0484777429784835	-0.022019800954385	0.139619462488044	0.180743960868268	0.121828695402076	0.396902113340956	0.903034687575245	0.92425650431963
snp709	6	25	200	0.465	186	-0.236248112118614	0.452497743491289	0.133598979130041	0.181854952002585	2.48823437859892	2.48829705049561	0.0128379096339912	0.0452383045262213
snp710	6	26	200	0.4675	187	-0.0657197851888213	0.0582890254571277	0.136335915470937	0.179768344013812	0.324245215568372	0.484617239002708	0.745752392505758	0.889205479909992
snp711	6	27	200	0.46	184	0.149331231212053	-0.334169187419842	0.139797094244398	0.185011166304731	1.8062109119913	1.85158642194113	0.0708854011017569	0.180110245791745
snp712	6	28	200	0.4375	175	0.0440500267307437	-0.0981111944065259	0.14938546583958	0.193549064513893	0.506906063601684	0.526145339786348	0.61222073092494	0.870737731607788
snp713	6	29	200	0.4425	177	-0.060211141249453	-0.124422830393322	0.138211292945128	0.179196928579092	0.694335730974349	1.65599008586837	0.487471688154302	0.253814502915553
snp714	6	30	200	0.465	186	-0.000946989783518611	-0.0425137130347913	0.140262242269923	0.184964387009259	0.22984810061119	0.359108483703458	0.818209806286725	0.937555379389047
snp715	6	31	200	0.46	184	-0.00523049740545239	-0.0725994403138085	0.142294571114816	0.19957768704634	0.363765315593379	0.577907805806202	0.71603326489887	0.846209159902509
snp716	6	32	200	0.49	196	0.0175442717557596	0.132022958290108	0.163178991609881	0.199109899675924	0.663065766719741	1.26848023628982	0.507288434347257	0.447302108404687
snp717	6	33	200	0.4375	175	0.0453424558778373	-0.377490919644178	0.154261177197472	0.200410070961005	1.88359256515421	2.5959357386032	0.0596201083055695	0.0344088603491461
snp718	6	34	200	0.4375	175	-0.0173970436127079	-0.0246508930040575	0.134299407276978	0.18039809385537	0.136647192202711	0.366600189185402	0.89130967236101	0.935010191871637
snp719	6	35	200	0.4425	177	-0.0496291928061227	-0.255685984725352	0.145864838037539	0.197289303788592	1.29599516960806	2.33759567093924	0.19497714906876	0.0650774773030265
snp720	6	36	200	0.4625	185	0.185212017202395	0.0709849883235783	0.13579093464885	0.194309182458625	0.365319782757531	2.33348313372814	0.71487271290099	0.0657055575217532
snp721	6	37	200	0.465	186	-0.0856772982297849	-0.182993743835779	0.141669153044642	0.185969956388264	0.983996272245869	2.04731511279013	0.325117345781509	0.122978026546842
snp722	6	38	200	0.4825	193	-0.135284760675752	0.151668170582411	0.139567843589735	0.183673222172979	0.82575004014234	0.987224143352767	0.408945899832744	0.614279185536113
snp723	6	39	200	0.4325	173	0.0733865264023213	-0.263654421549567	0.127147327515921	0.176652705975977	1.49250145981586	1.65394384513449	0.135567734837261	0.254675492816182
snp724	6	40	200	0.455	182	0.135697204466707	-0.105644388992508	0.142000246033527	0.183340697255054	0.576218976878551	0.98217769468732	0.564467179898811	0.617339284747644
snp725	6	41	200	0.46	184	-0.0342075423090712	-0.246577195469795	0.130488395834028	0.183199194451469	1.34595130840008	2.14050319554183	0.178318220181525	0.101177693633849
snp726	6	42	200	0.44	176	0.0925508264575889	-0.0585559830500637	0.151663416622324	0.204883742157239	0.285801022733783	0.65292190411069	0.775030524759169	0.808032089571239
snp727	6	43	200	0.485	194	0.0518062148741975	-0.102579482380033	0.137760200736692	0.187520744429864	0.547030050952039	0.548453464168339	0.584358086769364	0.860363244849367
snp728	6	44	200	0.4475	179	-0.144036619896963	-0.0411186579613231	0.135435350739733	0.180708387724727	0.227541501969234	1.855758455205	0.820002701536664	0.178722720430208
snp729	6	45	200	0.465	186	0.0514002291447869	-0.396724841093934	0.121855943245753	0.173204308449807	2.29050215115695	2.82233350735069	0.021992224018715	0.0186337055217096
snp730	6	46	200	0.4575	183	0.143886451064847	-0.448761155856467	0.133110753149368	0.184296048139558	2.435001511897	2.61867133255333	0.0148917274788049	0.0324284299296534
snp731	6	47	200	0.4425	177	-0.0580579157787774	-0.0634249523447152	0.132405794263235	0.183156453287051	0.346288384637547	1.05251247489368	0.729125996973661	0.574709113989593
snp732	6	48	200	0.4475	179	0.0996597470298698	0.179042842558634	0.138988042331164	0.188413963879256	0.950263127383557	2.41827742499671	0.341978569538055	0.053716618711909
snp733	6	49	200	0.4575	183	0.294395028303405	0.0420335531385546	0.136547551792862	0.184886636355002	0.227347708667519	3.33776910383219	0.820153378052198	0.00380914206401711
snp734	6	50	200	0.455	182	-0.188215589808597	0.256169700456903	0.136737362438613	0.18227954303123	1.40536725184248	1.50390505699177	0.159912099573791	0.322753885621183
snp735	6	51	200	0.445	178	0.0839984306345279	0.0513738673443485	0.142601917785747	0.190475574118741	0.269713676318006	1.18328901220445	0.787380538174632	0.496542379223035
snp736	6	52	200	0.46	184	-0.137248279208772	-0.025405934980802	0.152007857707527	0.192457093411248	0.132008306529466	1.62702414129115	0.894977721590109	0.266174338185794
snp737	6	53	200	0.4525	181	0.14893319910456	-0.217696287486403	0.145568868470572	0.190377325651195	1.14349903141964	1.17017505719482	0.252831456633152	0.504264255302286
snp738	6	54	200	0.455	182	-0.112136292977966	0.0547567346216594	0.143492696164215	0.187172397734679	0.29254705973943	0.885252759959616	0.769868384260286	0.675814786796798
snp739	6	55	200	0.4575	183	-0.193769211515282	0.24196790161038	0.139934856409041	0.185536091527318	1.30415543206995	1.44104365116136	0.192180592114529	0.354054861355183
snp740	6	56	200	0.4275	171	0.111547020609542	-0.170617204334425	0.138016410602332	0.187058359263838	0.912106815252112	0.936420039090289	0.361712491032329	0.645041099020373
snp741	6	57	200	0.4525	181	-0.00067740581597253	-0.0185610891086366	0.152831400386536	0.193804131203088	0.095772412040001	0.153655020501859	0.923701328619444	0.988264472179919
snp742	6	58	200	0.4575	183	0.0843155976973973	-0.0541626676326656	0.13772755714899	0.190611148303303	0.284152674776824	0.657588340144023	0.776293381222247	0.805565138439375
snp743	6	59	200	0.465	186	-0.106599083796411	0.110845577321559	0.138231264487345	0.186674740093138	0.593789911084138	0.771815953396625	0.552652637760459	0.742412743072305
snp744	6	60	200	0.425	170	-0.127237864543949	0.196186851374827	0.139491241240735	0.181074415913696	1.08345980510208	1.09410296085715	0.278604382674667	0.549618628235942
snp745	6	61	200	0.4625	185	0.0946248818778144	-0.0101126234664102	0.134882033349946	0.182387193386966	0.0554459075695873	1.0094773389552	0.955783223111632	0.60078253475765
snp746	6	62	200	0.455	182	-0.116223519013326	-0.038278833194844	0.158567496930253	0.201825747879206	0.189662783847352	1.39751625973603	0.849573385595236	0.376617254190849
snp747	6	63	200	0.4625	185	-0.0352687844009777	0.0872830350057036	0.142297761423774	0.187674448368584	0.465076816606828	0.490010506863109	0.64187644746608	0.886871525806766
snp748	6	64	200	0.435	174	-0.013207976664509	0.091066230267846	0.137775967099614	0.189525214571053	0.480496647762428	0.620353878973729	0.630874286267853	0.824960751615205
snp749	6	65	200	0.465	186	0.0152944222797446	0.176714329383332	0.135681055741328	0.188772174050368	0.936124883194817	1.38478946183983	0.34920889276516	0.383344610967182
snp750	6	66	200	0.47	188	0.0698501915496969	0.25076995889183	0.140040382826558	0.18503114877174	1.35528509959794	2.75730891077846	0.175326740475975	0.0223400060454713
snp751	6	67	200	0.4375	175	0.244521928338158	-0.278987799643076	0.152255528640829	0.195669490242906	1.42581145019971	1.63787893523407	0.15392277487466	0.26149929192052
snp752	6	68	200	0.4525	181	0.0681126611052065	-0.387111606164318	0.135091464503991	0.191600021591612	2.02041525334183	2.43394922572627	0.0433403325494961	0.0517125688028993
snp753	6	69	200	0.475	190	0.0999085733215254	-0.148192116822692	0.145829584232451	0.190858636459142	0.776449625607671	0.795405532281546	0.437483553141491	0.728815270447176
snp754	6	70	200	0.4475	179	-0.0201964373418792	0.0898058025220159	0.132759084491804	0.186685456143858	0.481054091609645	0.535010832049926	0.630478055045719	0.866651542109231
snp755	6	71	200	0.46	184	-0.294906534427757	0.156226519246537	0.134907473307249	0.186298087400104	0.838583591634068	2.44208426552996	0.401703021521177	0.0506970386189025
snp756	6	72	200	0.4325	173	0.0208146438361257	-0.033941854745709	0.138652992337751	0.184851604201738	0.183616771367949	0.1847906458233	0.854314105175921	0.983071139770613
snp757	6	73	200	0.47	188	0.183272085471661	-0.430434500423498	0.127480836360174	0.172462750306921	2.49581141236285	2.5490035850153	0.0125669393577743	0.0388242728819968
snp758	6	74	200	0.4625	185	0.226128974690835	-0.427213117958075	0.13266906608175	0.185398071790144	2.30430183999781	2.3044892440607	0.0212057057499998	0.0702752687457347
snp759	6	75	200	0.475	190	-0.0330678178306206	0.36419850786887	0.139971925519168	0.184465039182572	1.97434977100679	2.75851834151527	0.0483419852223823	0.0222656149671334
snp760	6	76	200	0.46	184	-0.105224245946592	-0.0321479741447763	0.134241191946113	0.182883180776919	0.175784202834871	1.32726574125253	0.860463480693453	0.414444100343461
snp761	6	77	200	0.4525	181	-0.0163467223392648	-0.0435230268330827	0.155260103688381	0.202113114638043	0.215339944223939	0.488223259992902	0.829502289059427	0.887647143573776
snp762	6	78	200	0.4475	179	-0.140193533701416	0.160131516875789	0.146836977626636	0.190794495912816	0.839287926570803	0.970401287267377	0.401307756672692	0.624477905737855
snp763	6	79	200	0.46	184	-0.291426834839479	0.375779711536736	0.15217826309753	0.19494991051103	1.92757057724053	2.04744744361687	0.0539085615247581	0.122944712419442
snp764	6	80	200	0.4575	183	-0.0724405419501882	0.0216985860389328	0.135925172042794	0.183447290194759	0.118282401532867	0.666858908810201	0.905843901047902	0.800634771048348
snp765	6	81	200	0.4575	183	-0.0803121532707735	-0.00915389910007525	0.136509061279715	0.185436824964565	0.0493639766633431	0.913788493513632	0.960629235603634	0.658688392422722
snp766	6	82	200	0.4725	189	-0.0185053368356859	-0.172994945227696	0.144228514747942	0.194835161621123	0.887904132848986	1.42663756965979	0.374592321440077	0.36144428261229
snp767	6	83	200	0.4375	175	0.0421338156023407	-0.0337143843206194	0.142037657457327	0.195111373156635	0.172795587336437	0.302057849385446	0.862812105666133	0.955405451373746
snp768	6	84	200	0.48	192	-0.00944502409698078	0.208553564754483	0.142346337294222	0.188339676138523	1.10732676741513	1.61951033800798	0.268152675427885	0.269440722227024
snp769	6	85	200	0.43	172	0.0763602925455355	0.256131832048855	0.127339978334747	0.179344558537234	1.42815502258843	2.70412240848144	0.153247243223593	0.0258320580058324
snp770	6	86	200	0.4825	193	0.0198122415564174	-0.201114721933091	0.146507209376608	0.193027871550439	1.04189472907564	1.37793728885312	0.297460488144025	0.386990325100199
snp771	6	87	200	0.45	180	-0.127918012262199	-0.00272644184202658	0.136350380364036	0.183822735932236	0.0148319076429787	1.46084704586025	0.988166283760304	0.344026343121455
snp772	6	88	200	0.4675	187	0.0932254926634309	-0.211232173279357	0.138205112391987	0.183864076395268	1.14884961445787	1.18284222149156	0.250617996933578	0.496804912328694
snp773	6	89	200	0.44	176	0.18691159346166	0.000565275554565592	0.15012012792807	0.19820289746639	0.00285200449535027	1.91443851926584	0.997724432730704	0.160007046831004
snp774	6	90	200	0.49	196	-0.133371256407108	0.267532691640516	0.149875015428635	0.201092227118468	1.33039797447221	1.34512912387448	0.183387181597814	0.404668858380912
snp775	6	91	200	0.4375	175	-0.174231022900729	-0.0473712141870157	0.138285998270109	0.181407147312486	0.261132016509888	2.1497296085517	0.793990702389267	0.0991948982503332
snp776	6	92	200	0.4725	189	0.0437631128143462	-0.119118730012523	0.133245201853714	0.184502710056486	0.645620489672236	0.680820082059431	0.518525164461861	0.79313804578085
snp777	6	93	200	0.4525	181	-0.164310647710296	0.000757876605754215	0.153637130675053	0.199838054160333	0.00379245388941868	1.61129930531407	0.996974066847596	0.273038429677995
snp778	6	94	200	0.48	192	0.00395744236447474	0.169790620268962	0.151681926283628	0.19202234993429	0.884223218427772	1.41962383879138	0.376575726932051	0.365070088030413
snp779	6	95	200	0.4775	191	-0.161293717816807	0.071832646214809	0.152612022523961	0.193868706850962	0.37052213006213	1.28196555346816	0.710993490638604	0.43967571281059
snp780	6	96	200	0.415	166	0.0930009309658232	-0.0868130736336389	0.13996210329185	0.188785230428786	0.459850982179386	0.667414253914171	0.645623186264432	0.800338197986277
snp781	6	97	200	0.465	186	-0.0770831797219966	0.00618457958700369	0.139660270633991	0.183186072530072	0.0337611888370412	0.754397834701967	0.973067585111044	0.752346683103616
snp782	6	98	200	0.47	188	-0.15495265706593	-0.0389689632789897	0.136470576333986	0.184692899367694	0.210993294341049	1.79931847724907	0.832892503915104	0.198141572475454
snp783	6	99	200	0.445	178	-0.0770649267153824	0.128855357887189	0.134305925282743	0.187337949680115	0.687823039097062	0.701168922486212	0.491564225826744	0.782063821238326
snp784	6	100	200	0.47	188	0.114216743457595	-0.214640631640988	0.131021213475627	0.186317621441191	1.15201466174114	1.15360465569041	0.249315048496233	0.514066907988168
snp785	6	101	200	0.445	178	0.0845696851344618	-0.168593113065025	0.14285286318799	0.184455854905886	0.914002502935164	0.923769386416936	0.360715530520365	0.652675676739476
snp786	6	102	200	0.4125	165	0.10838106229798	-0.0920600981217884	0.130529011550498	0.188701295480616	0.487861505599705	0.842778161520778	0.625647942343205	0.701077028134482
snp787	6	103	200	0.4825	193	0.108023501373311	-0.0823719434336138	0.128807194636832	0.177954704190171	0.46288151700439	0.862837194989451	0.643449296563534	0.689186051973516
snp788	6	104	200	0.42	168	-0.0668497951032809	0.0796448509365459	0.134649006910194	0.187719585927652	0.424275658519945	0.506438237805168	0.671364789139408	0.879642376582797
snp789	6	105	200	0.4325	173	0.0270628416939933	0.0669699052854376	0.136814916973033	0.18594984035635	0.360150377957293	0.76481885844289	0.718734680782252	0.746414694024378
snp790	6	106	200	0.46	184	-0.116181575387687	0.243473387055671	0.14799856334115	0.195029187680296	1.24839461186081	1.28073797815624	0.211886581246118	0.440367847476267
snp791	6	107	200	0.4525	181	0.0552371215025696	-0.103384031878154	0.136012297468865	0.179387917688026	0.576315468792882	0.576442459245993	0.564401969046175	0.846925153848775
snp792	6	108	200	0.4575	183	-0.254694370515689	0.11652880721608	0.134236959211742	0.19393826192424	0.600855169371377	2.13334315404761	0.547936454811439	0.102737662432904
snp793	6	109	200	0.47	188	0.102656975004479	-0.344646185349946	0.141505652107653	0.185645913456014	1.85647062697992	2.09788163917742	0.0633865059713726	0.110741825186145
snp794	6	110	200	0.4675	187	-0.063574645385245	0.267668562375102	0.158929460831383	0.215632495229646	1.24131829986959	1.41397040011711	0.214488187028846	0.368005959664566
snp795	6	111	200	0.43	172	-0.0527556410940149	-0.00348359739858135	0.139571900665906	0.186312941748235	0.0186975599542019	0.561098122883212	0.985082374790104	0.854348958835321
snp796	6	112	200	0.4675	187	0.145622805742183	-0.357553067485826	0.139803013043509	0.188732810991652	1.89449341429902	1.96991667606733	0.0581595476901913	0.143662877109269
snp797	6	113	200	0.455	182	-0.0153448532572672	0.020970700530065	0.153917724963037	0.197826628329041	0.10600544884779	0.110717755975226	0.915578028992984	0.993889534550571
snp798	6	114	200	0.475	190	0.034120544495101	0.159040216677439	0.139146180399499	0.187645751211998	0.84755565020899	1.52800116425322	0.396685482244212	0.311176881094502
snp799	6	115	200	0.4625	185	-0.269409847112247	0.638852162860372	0.133477482563917	0.188759522260184	3.3844764767935	3.41740970412935	0.000713141293139012	0.00291074987224258
snp800	6	116	200	0.425	170	-0.0657070874421368	0.264496845421743	0.149694314940591	0.199264187465775	1.32736769605011	1.60847410195334	0.184387080252213	0.2742831071269
snp801	6	117	200	0.48	192	0.0873446867374929	0.114075045745726	0.158399654053296	0.193567252484452	0.589330293639876	1.82078106112743	0.555639727012178	0.190591699833175
snp802	6	118	200	0.4375	175	-0.0762939775506682	0.0182513443401662	0.149273053296915	0.198813930172386	0.0918011344795657	0.67765053279528	0.926856042685803	0.794847408059097
snp803	6	119	200	0.475	190	0.042075151827349	-0.0937426464573797	0.133407147988303	0.182975195885463	0.512324339939824	0.516817644230997	0.608424033231209	0.874983509844386
snp804	6	120	200	0.455	182	-0.0536383017635056	-0.170056187690369	0.138981054851332	0.182370013720681	0.932478888502079	1.89390818384398	0.351089092081653	0.166386130502303
snp805	6	121	200	0.455	182	0.109094113562355	-0.0294088768653456	0.144704546303703	0.200757416651114	0.14648961595503	0.93932343496315	0.883534886759018	0.643287033023033
snp806	6	122	200	0.455	182	-0.0988807650348602	0.0234735881628187	0.146762074745728	0.197014970862072	0.119146215437873	0.883159775881788	0.905159516864856	0.677066627662206
snp807	6	123	200	0.4375	175	-0.207137191803615	0.417205955755615	0.134231578619811	0.178233078315003	2.34078858817811	2.36060993485761	0.0192430601471366	0.0616526150695265
snp808	6	124	200	0.475	190	0.0904554359525135	-0.110828576848298	0.140082649815457	0.193394902235871	0.57306876017408	0.665687741447833	0.566598138291465	0.801259764244471
snp809	6	125	200	0.48	192	-0.0295720944014783	-0.106291807062867	0.143609839129351	0.202254760991937	0.525534264516545	0.960841450556163	0.599211840228052	0.630269264743239
snp810	6	126	200	0.47	188	0.231386933921718	-0.269760730466093	0.128988273490321	0.179507172900636	1.50278524310233	1.82073770965108	0.132894432505546	0.19060674432674
snp811	6	127	200	0.48	192	-0.127110359865385	-0.0275504657053325	0.147213665137691	0.200500685968245	0.137408336396893	1.41630098070527	0.890708042059626	0.366794242982169
snp812	6	128	200	0.4525	181	-0.028788600552469	-0.122011283899306	0.139482033780134	0.189853290090927	0.642660887471956	1.21764200747136	0.52044416536564	0.47648166782922
snp813	6	129	200	0.46	184	0.101014710800434	-0.0404222240702964	0.160247586987463	0.199011383049099	0.203115135682081	0.756719999868561	0.839045041745419	0.75102782365162
snp814	6	130	200	0.48	192	-0.0743947176038459	0.321575605581936	0.12888978312499	0.187734104058241	1.71293120765193	1.88660168050153	0.0867251961516611	0.168700057188402
snp815	6	131	200	0.455	182	0.102091242709129	-0.1936953748163	0.134946194979109	0.184179915996888	1.05166393288817	1.05194771989164	0.292953764098556	0.575050737646396
snp816	6	132	200	0.47	188	0.116107687175944	-0.219276896477404	0.129490643560336	0.191879042208684	1.14278711188751	1.15531848122392	0.253126991109435	0.513050808641903
snp817	6	133	200	0.475	190	0.00809084338106295	-0.101974453179943	0.150728097858414	0.196187828234908	0.519779713641777	0.758846028757192	0.603217120179741	0.749818840461335
snp818	6	134	200	0.465	186	-0.0443618329446106	0.09165342508274	0.146491902029209	0.195511789342922	0.468787204039049	0.474514768695483	0.639221747216427	0.893523956421055
snp819	6	135	200	0.4575	183	0.00293769083223822	0.116709093531657	0.139388291588928	0.18520813924256	0.630150996651433	0.959942020150777	0.528595796962312	0.630813930026737
snp820	6	136	200	0.4525	181	0.0368494953735456	-0.122505260438277	0.152706101054943	0.198361490418081	0.617585904300657	0.698164272166454	0.536848338585278	0.78370964698197
snp821	6	137	200	0.44	176	-0.0199271472862901	0.0113064051990464	0.150862885871441	0.19226894839068	0.0588051544135582	0.145284631864662	0.95310730293938	0.989501683943904
snp822	7	1	200	0.4625	185	-0.0346076423471571	-0.0634757585767867	0.130248912699678	0.186157162064356	0.340979406179617	0.792078164094995	0.733119085189871	0.730742667671361
snp823	7	2	200	0.45	180	-0.0836496391138971	-0.0185983181018491	0.132371203059996	0.181450090676012	0.1024982574137	0.999578381195608	0.918361195948422	0.606786384429055
snp824	7	3	200	0.45	180	0.036072521585575	-0.0884980562549338	0.140573337240636	0.187549867957734	0.471864135222307	0.490291818138557	0.63702376898178	0.886749247913593
snp825	7	4	200	0.4625	185	0.0230828846211036	0.128996765717611	0.131647353332366	0.193177515003163	0.66776283831738	1.05689904451113	0.504284991374144	0.572056340460527
snp826	7	5	200	0.4675	187	0.0182992887163567	0.123099772055088	0.128862323408286	0.17775715292732	0.692516559968871	1.12721774263373	0.488612989989975	0.529771276341886
snp827	7	6	200	0.4825	193	0.215294019819493	-0.397793108224946	0.144781045613419	0.198772371621357	2.0012494944856	2.00345738697858	0.0453655095465279	0.134401895076688
snp828	7	7	200	0.455	182	0.135878098834519	-0.110031495518743	0.140452968007265	0.197810238264989	0.556247727538467	0.979844910249295	0.578041516000395	0.618753676022312
snp829	7	8	200	0.445	178	0.0662042718175416	0.164629035357671	0.136510519157038	0.189586273291349	0.868359467695612	1.79819293654895	0.385197576534962	0.198543130860178
snp830	7	9	200	0.47	188	0.0901630252667431	-0.214664689747141	0.140862842041364	0.188524127559568	1.13865897445574	1.17164239857218	0.254845420366342	0.503398611229517
snp831	7	10	200	0.4675	187	0.12231659220975	-0.101256851315913	0.136981750977672	0.180310418884031	0.561569608359892	0.904045110079536	0.574409291883333	0.664547593393309
snp832	7	11	200	0.47	188	0.0743797930664393	0.0376176126545623	0.161532404361819	0.19920546344162	0.188838257769906	0.972136460594542	0.850219585890247	0.623426347086682
snp833	7	12	200	0.4475	179	-0.083227983017717	0.246524841723754	0.149119473888901	0.194708454548463	1.26612294414978	1.35748142347382	0.20546906934393	0.397970296839903
snp834	7	13	200	0.4525	181	0.0932130934088727	-0.121996421881731	0.129294372685887	0.181350849745704	0.67270940308688	0.758556736576405	0.501132184249201	0.749983433544761
snp835	7	14	200	0.465	186	0.0720808810514545	-0.333878698852418	0.137195236008976	0.186514076432588	1.79009919915129	2.07687518535828	0.0734379655360487	0.115705713060411
snp836	7	15	200	0.475	190	0.0991979295682271	-0.282552580814924	0.140072759978019	0.181748642729879	1.55463378747132	1.73168674085888	0.120033312098957	0.223270891594484
snp837	7	16	200	0.4475	179	-0.240929949685979	0.406646839030124	0.136159441305068	0.191016887972251	2.1288528116383	2.1765044802363	0.0332664399479111	0.0936130131067123
snp838	7	17	200	0.44	176	0.0354952853771519	-0.0635796531907961	0.142966213644518	0.190415984276441	0.333898718809724	0.333960050868443	0.738455986603325	0.945761687348993
snp839	7	18	200	0.4575	183	0.0181774317305993	-0.00978538614149306	0.164968566505896	0.208367750861403	0.0469620951468725	0.124733266658826	0.962543437868427	0.992250985714808
snp840	7	19	200	0.4225	169	0.0483829191205279	-0.0710996418651379	0.141786150943451	0.196872120833908	0.361146319570161	0.380231904606521	0.717990068519722	0.930262801365359
snp841	7	20	200	0.47	188	0.276149815303961	-0.503262727393317	0.144605697295254	0.188930740643544	2.66374188593705	2.6754634442142	0.00772768319782339	0.0279021279999645
snp842	7	21	200	0.465	186	-0.0275626692783553	0.136600419469148	0.13187344063267	0.185412018682597	0.736739831860581	0.858384424259139	0.46128057912064	0.691832150473553
snp843	7	22	200	0.4525	181	0.173527249269038	-0.168466865215529	0.130970744354809	0.178828499381599	0.942058261396246	1.32524948354924	0.346162812167863	0.415553838934847
snp844	7	23	200	0.4825	193	-0.0615288211800615	0.167993859995367	0.138169875800825	0.182298112659676	0.921533731448924	0.995555344768919	0.356771838703566	0.609226461610527
snp845	7	24	200	0.45	180	-0.058761632476938	-0.0275095993345296	0.133378195852021	0.186089319292764	0.147830082022334	0.808549286676413	0.882476868143337	0.721173181350011
snp846	7	25	200	0.46	184	-0.0023575471279942	0.173752955500577	0.131525196134043	0.174349773956493	0.996576889993187	1.50416345475053	0.31896992801032	0.32262847521902
snp847	7	26	200	0.4175	167	-0.0101149664870628	0.106965210561601	0.133084915728046	0.179344793541687	0.596422167877086	0.785664929423374	0.550893234955334	0.734449022111173
snp848	7	27	200	0.445	178	0.107246142918899	-0.146307846788971	0.141073443695942	0.186754094153734	0.783425110180083	0.823444790501532	0.433377515432814	0.712460603642023
snp849	7	28	200	0.4575	183	0.0962095133104997	-0.249495623227499	0.137933115124626	0.1924510970416	1.29641050148739	1.33738938530527	0.194834096000709	0.40889160440743
snp850	7	29	200	0.4425	177	0.0906493048370564	-0.069299416145115	0.13239897068875	0.186671865939697	0.371236532062638	0.699174975252975	0.710461365481316	0.783156427688861
snp851	7	30	200	0.475	190	0.0705770440072623	-0.147120729417704	0.135672967404787	0.188689484006248	0.779697555444225	0.782452939163616	0.435568918076681	0.736300981933703
snp852	7	31	200	0.4675	187	-0.0850702552908371	0.181356451251045	0.148724780434622	0.194534169298567	0.932260136638014	0.956399457143091	0.351202103655823	0.632958790526025
snp853	7	32	200	0.45	180	-0.117373027175142	0.0704075481051595	0.14633167084387	0.202190296492799	0.348224169638463	0.868046000412009	0.727671837607441	0.686086250604337
snp854	7	33	200	0.47	188	0.130430127623039	-0.261207255577657	0.139585059470356	0.186626032366917	1.39962925999579	1.41268755518947	0.161624367204133	0.3686737898453
snp855	7	34	200	0.475	190	0.164958993980521	-0.145999246184785	0.135991536542754	0.189887550455577	0.768872134242109	1.22020955771701	0.441969221279039	0.474992776528299
snp856	7	35	200	0.465	186	0.10431007077509	-0.281741864066945	0.150567570300395	0.192317156932685	1.46498559234401	1.60809906194459	0.142924848646656	0.274448596870469
snp857	7	36	200	0.46	184	-0.131861036617333	-0.0711529919250319	0.133267176159803	0.180714476413103	0.393731555641288	1.89796068339225	0.693779241327914	0.165112638922541
snp858	7	37	200	0.45	180	-0.044096644878229	-0.0114945930796779	0.149980948358574	0.190387005477182	0.0603748824709336	0.54711317612464	0.951857063040009	0.860995144670937
snp859	7	38	200	0.45	180	0.0199272255147828	0.360127653388328	0.134112744086465	0.177896540707809	2.02436569005481	3.08289219502363	0.0429325392371396	0.00863344086973218
snp860	7	39	200	0.4725	189	0.0751324134478183	-0.0784985186433487	0.144061685560219	0.19425628184188	0.404097709989346	0.523921569925653	0.686140868882074	0.871754958275028
snp861	7	40	200	0.4725	189	0.0232078008760012	-0.014505178252155	0.13814066091594	0.193117683232725	0.0751105647569047	0.180889053343081	0.940126742110922	0.983772680067619
snp862	7	41	200	0.4675	187	-0.135106718069863	0.0572772009096177	0.131559614723839	0.180035987594036	0.318143065034155	1.15771078347646	0.750376418133419	0.511633296107942
snp863	7	42	200	0.47	188	0.0886817348414059	-0.338627678695526	0.153606306872023	0.195653681551389	1.73075035445518	2.0829964677027	0.0834962999520634	0.114241900759199
snp864	7	43	200	0.4525	181	0.0968613881633641	-0.247225704432932	0.146580187056426	0.197907026037764	1.24920125062036	1.30333473941548	0.211591474701219	0.427696810338918
snp865	7	44	200	0.4475	179	0.0792904573828501	-0.243217575665006	0.137875480127763	0.19133979460978	1.27112907255401	1.33745899033472	0.203682734134796	0.408853541866771
snp866	7	45	200	0.445	178	0.183245425014602	-0.111110620903847	0.129703611336709	0.181675129382424	0.611589606577138	1.51464909416993	0.540809316303025	0.317562401680537
snp867	7	46	200	0.4725	189	0.101702974629287	-0.138729455980027	0.144335309130036	0.182459522506781	0.760330039638636	0.78996859819189	0.447057330136928	0.731963087602653
snp868	7	47	200	0.4425	177	-0.089498394911215	-0.0926410747099843	0.160832512836056	0.196384473451516	0.471733192964748	1.64888840040668	0.637117241558963	0.256810587740323
snp869	7	48	200	0.4675	187	-0.100740758158234	-0.127277878737221	0.139009377789263	0.184929337485689	0.688251417907505	1.94862395808163	0.491294469541346	0.149783005089659
snp870	7	49	200	0.4575	183	-0.0387476659807147	-0.0446631666317088	0.131070091690778	0.178052005691539	0.250843378361511	0.753227227382862	0.801935202419038	0.753010860707868
snp871	7	50	200	0.4725	189	-0.062481665018828	0.187227345884241	0.146494180411427	0.198455834443718	0.94342071831271	1.01769023760265	0.345465749950714	0.595802102490805
snp872	7	51	200	0.475	190	-0.251175648352454	0.410418933473828	0.137212163576234	0.179520414978567	2.28619643912269	2.29184261874261	0.0222427690003658	0.0723477232798749
snp873	7	52	200	0.4425	177	-0.17843512735696	0.183722836339231	0.143517095397885	0.198816499672403	0.924082441054728	1.24402663211527	0.355443394588282	0.461256435829883
snp874	7	53	200	0.47	188	-0.21636554536728	0.199416640521489	0.13886598414963	0.198307770045717	1.00559166428787	1.5625372298467	0.314612035333878	0.295005494518746
snp875	7	54	200	0.4375	175	-0.125806725551139	-0.23105367312909	0.137143198840913	0.177323002110743	1.30301015874292	3.36646679703734	0.192571293377407	0.00345978321057918
snp876	7	55	200	0.475	190	-0.0607152508324183	0.0815497960161682	0.1493169381504	0.188434409967112	0.432775500135042	0.447675218038374	0.665177873795336	0.904650542784897
snp877	7	56	200	0.4675	187	0.0841855820217412	0.0264753058628015	0.140256997629227	0.189862935501039	0.139444309090315	1.0391386424816	0.889099060766963	0.582803873017168
snp878	7	57	200	0.49	196	-0.071838898693278	0.38475457270838	0.136226839141453	0.189619691996835	2.02908552722891	2.40089292257121	0.0424495797529556	0.0560145717190802
snp879	7	58	200	0.4575	183	0.0184256858154501	0.105059000242312	0.146917944338763	0.190113307927387	0.552612551891625	1.01342510976246	0.580528745168329	0.598388406575076
snp880	7	59	200	0.45	180	0.188466775681715	-0.210742886136874	0.138896392016771	0.188232023575705	1.11959103522104	1.3685609662796	0.262888077552362	0.392005440989761
snp881	7	60	200	0.46	184	0.115911435055593	-0.0196983245857709	0.140300736642928	0.188347936118382	0.104584764727074	1.11196658943292	0.916705304386677	0.538894829837144
snp882	7	61	200	0.4575	183	0.069585981313963	0.0761250922009449	0.134479862153542	0.180264238851815	0.422297249226028	1.31935861153813	0.672808065727812	0.418803445509348
snp883	7	62	200	0.4525	181	0.0480988865996884	-0.358449123962998	0.142001628950737	0.189779265346796	1.88876863501385	2.45900545212914	0.0589228372616259	0.0486378177921914
snp884	7	63	200	0.4525	181	0.0160978231390703	-0.397479091302151	0.151085765413903	0.202404160921148	1.96378913107918	2.81831771229766	0.0495545510604193	0.018845947711322
snp885	7	64	200	0.44	176	-0.0487879643709199	-0.0445337913283845	0.129671747302912	0.183176166295304	0.243120009710162	0.796230916965777	0.807912430671648	0.728336700829961
snp886	7	65	200	0.475	190	0.302464875776598	-0.488083983195641	0.136864065569288	0.182507830605484	2.6743180365269	2.69786752259316	0.00748814005894284	0.0262721828795198
snp887	7	66	200	0.4575	183	-0.0773595711896297	0.148817846423273	0.137113105757388	0.189753394673915	0.784269744839143	0.784362599547181	0.432881848388937	0.735200267727874
snp888	7	67	200	0.45	180	0.020882020865221	-0.129602876524336	0.14816735888509	0.202471745744046	0.640103516903404	0.792824619509839	0.522105302737114	0.73031053955066
snp889	7	68	200	0.4425	177	-0.0813022404450994	-0.108872470327477	0.137298953909504	0.188452264490647	0.577719087758056	1.50392091878597	0.563453790069583	0.322746186497083
snp890	7	69	200	0.47	188	-0.0286375860280317	0.256488955770121	0.133876605286504	0.182774801401372	1.40330589229788	1.8131167239884	0.160525641887547	0.193264390725316
snp891	7	70	200	0.4575	183	-0.155259849165001	0.0917239766002215	0.144152965936091	0.184531387011122	0.497064364419984	1.20065192670835	0.61914366326351	0.486371509359062
snp892	7	71	200	0.4525	181	0.0924681325855073	-0.117483321592351	0.138951669020332	0.185325471164447	0.633929706770331	0.695567649559088	0.526126697485216	0.785129051766583
snp893	7	72	200	0.4825	193	0.24205724269002	-0.123754731467036	0.136890519185023	0.190748448207099	0.648784997362985	2.00201193890535	0.516477355945738	0.134791531960701
snp894	7	73	200	0.455	182	0.041480840149696	-0.0219840884852482	0.130591852750349	0.171664133196408	0.128064541357019	0.35838732027882	0.898097896836619	0.93779797122038
snp895	7	74	200	0.4475	179	0.0380384269620774	0.0527030294935164	0.130650367368943	0.175230090722292	0.300764721836737	0.819553897860224	0.763593911402945	0.714741531714161
snp896	7	75	200	0.4625	185	0.0969363716178141	-0.281325416881806	0.143696731393679	0.191474051793952	1.4692613137186	1.57570490274469	0.141761925554215	0.288972725641321
snp897	7	76	200	0.4675	187	-0.0184823762753356	-0.0158888279245493	0.13868760231462	0.187316193535826	0.084823568238431	0.301986927104238	0.932401656318312	0.95542591648924
snp898	7	77	200	0.4725	189	-0.113907409571997	0.303348883308535	0.150153587579609	0.19556660585877	1.55112823059169	1.65006198072993	0.120870957049755	0.256313936816206
snp899	7	78	200	0.475	190	0.0358772982970791	0.137870826190518	0.142492999604145	0.188807736226723	0.730218098822822	1.3921742380508	0.465256881258189	0.379434021160424
snp900	7	79	200	0.4575	183	0.175635732264642	-0.345812543499662	0.136516790589813	0.188763641669473	1.83198703119525	1.83385826958467	0.0669533528029465	0.186091260739264
snp901	7	80	200	0.465	186	-0.135357498813231	0.153132247247343	0.13367572473571	0.174221163693723	0.878953188009614	1.03004033717816	0.379426658035758	0.588315713117291
snp902	7	81	200	0.4875	195	-0.178140076109009	0.0657412456163057	0.143089568591391	0.199054453675105	0.330267644870725	1.47169338834769	0.74119773822527	0.338598339045776
snp903	7	82	200	0.4475	179	-0.1399599161936	0.00281792548354809	0.131275203286446	0.187787687454998	0.015005911845117	1.51142980358441	0.988027463943769	0.319112994053678
snp904	7	83	200	0.4925	197	-0.0919697754627233	0.1139132828357	0.154814038514289	0.202938672555293	0.561318754091401	0.617393101401285	0.574580258964152	0.826473751514145
snp905	7	84	200	0.47	188	-0.167455774044616	0.226103739099067	0.14395407147764	0.195925949721843	1.1540265055245	1.24736677724162	0.248489302384478	0.459341223642414
snp906	7	85	200	0.4525	181	0.125168799900064	-0.319579114368004	0.124611085351949	0.176605775875511	1.80956207566662	1.84041388895038	0.0703637255471138	0.183863500585378
snp907	7	86	200	0.4725	189	-0.0277955473668324	-0.0192490755177688	0.139977249596041	0.191121810631708	0.100716268091777	0.417805733258551	0.919775696971915	0.916419714753614
snp908	7	87	200	0.445	178	0.0176894054491953	0.0217443006071181	0.144335676080015	0.20114102306826	0.108104752951062	0.30688893045341	0.913912597942786	0.954001144530162
snp909	7	88	200	0.4375	175	0.0413105230041722	-0.0358786187276475	0.139634467662873	0.202563647479457	0.177122692912044	0.298509227960725	0.859412017369349	0.956424066969843
snp910	7	89	200	0.46	184	-0.1522238472683	0.151368347049594	0.133551034659818	0.1805791128892	0.838238402148263	1.13988409181807	0.401896823255122	0.5222191918957
snp911	7	90	200	0.4625	185	0.158626758381079	-0.378028789639863	0.128996558693556	0.180233043592608	2.09744440921913	2.1322237644048	0.0359542533488381	0.102983232965514
snp912	7	91	200	0.455	182	-0.226076666633936	0.362556538254248	0.136778743532641	0.190447277169127	1.90371079935304	1.94284227974731	0.0569478591807531	0.151477517863252
snp913	7	92	200	0.485	194	-0.00972722177439948	-8.08667658934274e-05	0.133065975269425	0.174347888587691	0.000463824176756544	0.111811024401295	0.999629921863708	0.993768643346985
snp914	7	93	200	0.485	194	0.155129858809499	-0.319689405283832	0.146365314983184	0.19350945566517	1.65206089896192	1.66332934709492	0.0985221368774688	0.250741623506801
snp915	7	94	200	0.455	182	-0.0958868642087337	0.161737518007753	0.131687985172535	0.183121505537317	0.883225143508847	0.891635292384194	0.377114639187783	0.671993408482752
snp916	7	95	200	0.4575	183	-0.0202316739891649	-0.0731779895036404	0.144451889427954	0.196757674128477	0.371919366437811	0.736115892379875	0.70995288548378	0.762667361947053
snp917	7	96	200	0.4625	185	0.101449235559472	-0.170435010788278	0.154223384631328	0.193322407580084	0.881610222641545	0.882883601239664	0.377987625062446	0.677231762815967
snp918	7	97	200	0.465	186	-0.0328527669864562	-0.0145716832207361	0.129729865231971	0.182534990957869	0.0798295337473099	0.441390586720905	0.93637283474298	0.907181421628495
snp919	7	98	200	0.435	174	-0.109926077492459	-0.0334421695130925	0.130861121859091	0.182018725855506	0.183729280357892	1.43340988756893	0.854225837507396	0.35796074376193
snp920	7	99	200	0.49	196	-0.179630888112502	0.113187509160804	0.138239952593108	0.182351021461571	0.620712229926597	1.40969502449376	0.534788981157018	0.370234003617673
snp921	7	100	200	0.4575	183	0.0623780512688736	-0.265220080181586	0.133702744649293	0.192388621059129	1.37856427641878	1.51907023874481	0.168029137259323	0.315439872023702
snp922	7	101	200	0.45	180	-0.124452229768766	0.0159865429845244	0.145669686500075	0.19858323855532	0.0805029825317856	1.14864711550079	0.935837224218651	0.5170089475377
snp923	7	102	200	0.4425	177	-0.0160433362263241	0.0936378307377211	0.144178188907134	0.186628862085341	0.501732849310857	0.632397450614189	0.615855454176894	0.818760827435296
snp924	7	103	200	0.4675	187	-0.121603974940509	0.0886395372779506	0.129772938895266	0.186504006237515	0.475268810928743	0.963830605751599	0.634595386561239	0.628458855123703
snp925	7	104	200	0.425	170	-0.0922053364287517	0.241021350490466	0.139286232561417	0.191092370871392	1.26128190985016	1.31172104469269	0.207207296493787	0.423032593571056
snp926	7	105	200	0.475	190	0.0353222524587858	-0.184601939748115	0.134682158038004	0.188213576768096	0.980810964426699	1.15697036195467	0.326685970294255	0.51207191274736
snp927	7	106	200	0.4775	191	-0.0418571135890132	0.274307915040045	0.14798972497701	0.189483652682742	1.447660054872	1.93849716754693	0.147712146598431	0.152760241717088
snp928	7	107	200	0.4675	187	0.0599973141876966	-0.0869702685116218	0.14603886628518	0.189716429895332	0.458422439003326	0.469734820863237	0.646648973638712	0.895542677426696
snp929	7	108	200	0.44	176	0.0717315657482011	-0.0903879722959329	0.148158931378551	0.191130949497328	0.472911229362131	0.512535715822662	0.636276513100741	0.876913932473175
snp930	7	109	200	0.4375	175	-0.140783830488218	0.290910261405151	0.137904537763333	0.188068924082137	1.54682791335637	1.55301003539803	0.121904747387601	0.299416384207033
snp931	7	110	200	0.4825	193	-0.0481915970297583	0.00632146391166748	0.14537926060054	0.187626692222365	0.0336917089822999	0.473933654091788	0.973122990494381	0.893770226446954
snp932	7	111	200	0.4825	193	0.110317630060114	-0.194779560208227	0.1567775285868	0.210520596042998	0.925228048320957	0.925564224093958	0.354847296567719	0.651593377036326
snp933	7	112	200	0.4525	181	0.141403418525557	-0.0603860704835383	0.143503946517805	0.203745895655459	0.296379322338121	1.15208913716912	0.76694041473313	0.514965850620593
snp934	7	113	200	0.4725	189	-0.0403088955277427	0.143120453854592	0.136673721706303	0.186043553554305	0.769284670822072	0.846296685512809	0.441724335295141	0.698996852265634
snp935	7	114	200	0.475	190	-0.0985282408975915	0.17894631795332	0.12861125710041	0.186069721359435	0.961716482649242	0.973935049871913	0.336192040442019	0.622336247991041
snp936	7	115	200	0.48	192	-0.208722074544653	0.157021352232241	0.132194268858129	0.190815137461966	0.822897775935301	1.64006737439395	0.410566127579062	0.260563028177759
snp937	7	116	200	0.4375	175	-0.0267528248397168	-0.160780787753017	0.1342814528218	0.19045913422274	0.844174727608421	1.34869460784666	0.39857177459636	0.402730138594682
snp938	7	117	200	0.4425	177	-0.0352591460540084	0.120753441515005	0.139810598577384	0.187832040905686	0.642879888504419	0.7121469814712	0.520302040187625	0.776020251683421
snp939	7	118	200	0.46	184	-0.0658874278013848	0.409839329960915	0.130643317457417	0.181271680595068	2.26091206643817	2.74016807201338	0.0237647027776041	0.0234177609061296
snp940	7	119	200	0.45	180	0.11583088908331	-0.210673718418571	0.147812966068718	0.190772891652202	1.10431684813296	1.10720259060639	0.269455716811696	0.54175100237003
snp941	7	120	200	0.4475	179	-0.248465560244926	0.160123353470603	0.148756138904049	0.191516926533569	0.836079381435444	1.77902039612745	0.403110246907998	0.205469682792676
snp942	7	121	200	0.445	178	-0.0991212078056444	0.0147069891322086	0.151600797088414	0.201054059210952	0.0731494265270098	0.876785852185896	0.941687210294759	0.680874882876999
snp943	7	122	200	0.4475	179	0.149475285159474	-0.189463942118179	0.142156378554869	0.193317722790952	0.980065042060624	1.0929335429996	0.327054013682927	0.550321919000859
snp944	7	123	200	0.46	184	-0.0194208494432745	-0.041945254647791	0.150018387103997	0.197736594242931	0.212126919695293	0.498735714942484	0.832008018688413	0.883054237025496
snp945	7	124	200	0.47	188	-0.00842265897371264	-0.107873117577012	0.142525040636127	0.183054412528568	0.589295368994051	1.03345253375591	0.555663150905997	0.586248176447821
snp946	7	125	200	0.465	186	-0.0455467830241758	0.0572517333888486	0.132827556485405	0.179645087243334	0.318693565559628	0.358858451914613	0.749958894380893	0.937639535585217
snp947	7	126	200	0.46	184	-0.0689002593424151	-0.215857906473618	0.148071550898869	0.19514681281909	1.1061308322454	2.33868256610514	0.268669895300537	0.0649123050881542
snp948	7	127	200	0.47	188	0.103383940895921	-0.091139159612866	0.139136990039265	0.190534811384384	0.478333376198653	0.745631164759424	0.632412944577234	0.757309758579263
snp949	7	128	200	0.4525	181	0.0554121941650524	-0.176982213353427	0.139264094101387	0.185264297799926	0.955295841968196	1.05542703039212	0.339428109642204	0.572946400664074
snp950	7	129	200	0.4425	177	-0.257943411784281	0.276043602732673	0.134963709697587	0.182662734387117	1.51122013835429	1.91709025771103	0.130732373181905	0.159196255256724
snp951	7	130	200	0.4525	181	0.212474086876232	-0.355752130957698	0.150259179790495	0.20042387738699	1.77499874563743	1.7766473155666	0.0758980943035952	0.20633837886622
snp952	7	131	200	0.44	176	0.121054306937169	-0.360026660131594	0.13580840578278	0.187945517830646	1.91559056202663	2.02568579428977	0.0554172318265953	0.128516051430272
snp953	7	132	200	0.46	184	-0.0953749244593728	0.142521496133837	0.128984951817433	0.185074618286235	0.770075861582564	0.821076074541469	0.441254893704639	0.713849616416156
snp954	7	133	200	0.4725	189	0.156296091124349	-0.21973250515934	0.159341525851985	0.200093569247282	1.09814876103184	1.1134139251591	0.272139536125831	0.538027672446429
snp955	7	134	200	0.4625	185	-0.0525077300043702	0.0496582230142317	0.145441894798133	0.193494744658218	0.256638613632356	0.361681421504122	0.797457763708803	0.936686411800464
snp956	7	135	200	0.4675	187	-0.00624194995338619	-0.199384523171706	0.141457179610752	0.18309253053509	1.08898228993287	1.70354456082427	0.276161695575744	0.234328328139879
snp957	7	136	200	0.45	180	0.0945403522027841	-0.123796850744673	0.135357979283389	0.191122203295508	0.647736624055456	0.732815815860051	0.517155312083568	0.76451815221735
snp958	7	137	200	0.4675	187	-0.0434270623200905	-0.251401997387552	0.144532408649048	0.195829316917831	1.28378120980241	2.31288221981198	0.199218519985673	0.0689266708112627
snp959	8	1	200	0.4675	187	-0.103579127961877	0.0153922596569625	0.13339639930848	0.176063319046034	0.0874245682767004	1.04018965547271	0.930334041479432	0.582167390723599
snp960	8	2	200	0.4625	185	0.094806943637775	0.109053830763242	0.137048249763933	0.185582679303074	0.587629358368872	1.75825506622165	0.556781100755508	0.213156116815773
snp961	8	3	200	0.435	174	-0.130691495343596	0.210561881208291	0.125166462928394	0.178532046099516	1.17940664328084	1.21731496801042	0.238236291068719	0.476671423216072
snp962	8	4	200	0.4625	185	-0.0957565527483101	-0.0766325625924193	0.140325474574984	0.192870729036346	0.39732603788716	1.49157809869335	0.691127048874434	0.328768109113681
snp963	8	5	200	0.485	194	-0.210727217983213	0.178225386960428	0.133860359571331	0.181662641346692	0.981078914405386	1.59502982217454	0.326553827584041	0.28025368537249
snp964	8	6	200	0.4675	187	-0.0504232334325255	0.0837261935685128	0.13429797760484	0.184442497454825	0.453941985843148	0.460106816809069	0.649870583116995	0.899560344220987
snp965	8	7	200	0.4625	185	0.0874544392104327	-0.0699828616429605	0.133573290010078	0.193643722522602	0.361400104951981	0.661291188397123	0.71780036955216	0.803600504753789
snp966	8	8	200	0.45	180	-0.0358916458083218	0.31191071523829	0.131515492942214	0.184713702988575	1.68861708791352	2.13202928855603	0.0912928338447204	0.103025943520343
snp967	8	9	200	0.455	182	0.113955052357398	-0.393678276029591	0.134436813562613	0.187600133019763	2.09849678511752	2.29203202112801	0.0358612836019125	0.0723163240649425
snp968	8	10	200	0.4775	191	0.0686676330674055	0.166369911140492	0.131118802622478	0.186718109817584	0.891021825911951	1.84179557837511	0.372917461251383	0.183396376583421
snp969	8	11	200	0.4125	165	0.191683282276157	-0.188791513766929	0.146461187493651	0.193439793824851	0.975970404196508	1.31101447352657	0.329079130858421	0.42342474649844
snp970	8	12	200	0.46	184	-0.16590166455878	0.416926794834521	0.15250011205607	0.203932180166241	2.04443847211682	2.14901968555777	0.0409102499147825	0.099346374340257
snp971	8	13	200	0.4575	183	-0.149556693211497	0.310354280173355	0.143776705250258	0.203755512022236	1.52316998491548	1.52355848479474	0.127716183306812	0.313293374630039
snp972	8	14	200	0.4525	181	0.0106842171586519	-0.191246578123651	0.136585379574857	0.188920448701304	1.01231274559391	1.41038734540768	0.311388542652067	0.369872757165695
snp973	8	15	200	0.47	188	0.139682451151363	-0.00561589973940224	0.149810130836637	0.192241221434967	0.0292127759982113	1.45626185963128	0.976694891809906	0.346334813787733
snp974	8	16	200	0.4675	187	-0.0502967402229784	0.00652293159169041	0.146354068144382	0.193765191869132	0.0336641041085231	0.464113476871031	0.973145003509833	0.897896332758261
snp975	8	17	200	0.4675	187	-0.0560952319389943	0.029323163362352	0.131445197157814	0.177146397268262	0.165530678662048	0.474986070577066	0.868526304807592	0.89332405211652
snp976	8	18	200	0.4775	191	0.113599921228269	0.0507574726770684	0.141636221310599	0.199381232794146	0.254574976620161	1.39774350283649	0.799051388286719	0.376497658885616
snp977	8	19	200	0.465	186	-0.0411563875585342	-0.0309304947687038	0.138611449022314	0.188990232750993	0.163661869285365	0.635656388459373	0.869997336623584	0.817070805944539
snp978	8	20	200	0.47	188	0.0382309971932907	0.0567773634139708	0.150969002913199	0.200174352317071	0.283639551005201	0.812903030844042	0.776686624018038	0.718632147667334
snp979	8	21	200	0.4675	187	0.08371450324207	-0.181838074605331	0.142758619933685	0.191210837077476	0.950982054074966	0.961033304417455	0.341613485932486	0.630153079297802
snp980	8	22	200	0.4825	193	-0.0269864289861194	-0.0892343707127071	0.151001017504585	0.196356861877372	0.4544499736833	0.889447579425932	0.649504990679057	0.673303895157863
snp981	8	23	200	0.455	182	-0.144149742905801	0.0974507191868951	0.145944214400698	0.189110306441843	0.515311518554723	1.05345705485372	0.606335351165768	0.574137776217914
snp982	8	24	200	0.4525	181	0.260484610380911	-0.507005990172448	0.138905006819257	0.194874874983329	2.60170014331411	2.60388250795464	0.00927629201035282	0.0337052368479122
snp983	8	25	200	0.45	180	-0.149435670852503	0.321149601600606	0.148449384353255	0.192985662321272	1.66411119736954	1.70303587967555	0.0960902097902101	0.234531445595194
snp984	8	26	200	0.4525	181	0.17687038078405	-0.0496293316134494	0.139034983617234	0.182411780518309	0.272073061687307	1.63672526538486	0.785565842153669	0.261993706323769
snp985	8	27	200	0.445	178	0.119251014774025	-0.0993955607072932	0.143059392394956	0.18808803384868	0.528452335182888	0.84868583871259	0.597185421444167	0.697582964796274
snp986	8	28	200	0.4775	191	-0.0822515435297538	-0.0329496720366429	0.133023475731695	0.190367612837424	0.173084441967459	1.04231140846737	0.862585053891317	0.5808826417318
snp987	8	29	200	0.4675	187	0.00535991758861303	-0.127100050289172	0.135302932449316	0.178791515592202	0.710884125950744	0.985723535056633	0.477156043608073	0.615189183038684
snp988	8	30	200	0.4525	181	0.0560251805364053	-0.103191439918599	0.130263217791939	0.19899808973757	0.518554927108514	0.529880483894603	0.60407114742608	0.86902215118839
snp989	8	31	200	0.4475	179	-0.19170353573399	-0.0837872037757892	0.130597496276764	0.190278676492209	0.440339429096353	2.49217983802231	0.659691287451025	0.044803000223793
snp990	8	32	200	0.4775	191	0.0938779939700349	-0.0987481896169065	0.132674824608689	0.18596273969576	0.531010619538415	0.708411294622009	0.595411420187393	0.778082062811585
snp991	8	33	200	0.485	194	0.0727235384174525	-0.0672232247548456	0.137038495311649	0.192452236022157	0.3492982266369	0.532234348871991	0.726865429651471	0.867936519632983
snp992	8	34	200	0.465	186	0.129709095458363	-0.0300251202151129	0.136353080123175	0.185193346059241	0.162128504365963	1.24628998939981	0.871204659905274	0.459958335390562
snp993	8	35	200	0.4575	183	0.034698919368917	-0.065281821692307	0.134425185955665	0.185897187805625	0.351171647419251	0.351639082338702	0.725459579347031	0.940047359900864
snp994	8	36	200	0.4525	181	0.0546082922737348	0.0795621367565213	0.152347293169438	0.195287961382313	0.407409326173279	1.12912819391013	0.68370737837285	0.52863067960294
snp995	8	37	200	0.4475	179	0.0382101131309127	0.174286288296137	0.129102438672247	0.177262363902665	0.983210899702537	1.75356153202012	0.325503651403133	0.214920083782525
snp996	8	38	200	0.48	192	0.0144123795933767	-0.0983783733545243	0.140985332899833	0.189814166010376	0.518287836057224	0.630278538998837	0.604257458533519	0.819856857192592
snp997	8	39	200	0.4625	185	-0.103946306843753	0.244280610866204	0.137071721606061	0.180373959213885	1.35430087541927	1.39871359884834	0.175640406987568	0.375987317655159
snp998	8	40	200	0.45	180	-0.0447697778898104	-0.0208578514123826	0.141049948171016	0.191233096728345	0.109070300953251	0.598004331880397	0.913146730731319	0.836269298418982
snp999	8	41	200	0.445	178	-0.164694221564457	0.128363147658802	0.140195298038544	0.182526093777805	0.703259161482208	1.20457443297807	0.481894256056184	0.4840825725899
snp1000	8	42	200	0.475	190	0.0529284334653755	0.106606701421087	0.141531061482553	0.191647226394306	0.556265297582486	1.32860068331762	0.578029506555666	0.413710060337747
snp1001	8	43	200	0.4525	181	-0.0939691223583407	0.061237816573689	0.142782384195626	0.195770433480924	0.312804214021706	0.700676095532178	0.754429413615392	0.782334018950316
snp1002	8	44	200	0.4525	181	0.0602916815280059	-0.0091892827654325	0.147295191987246	0.1980083027448	0.0464085729641145	0.558999725610368	0.962984603639528	0.855353584323974
snp1003	8	45	200	0.46	184	0.0702892381862941	-0.145924106336758	0.129094137880762	0.183319844875797	0.796008235963896	0.796422971754917	0.42602724838576	0.728225318695329
snp1004	8	46	200	0.445	178	0.034688257327088	-0.072290527142384	0.146796973130655	0.188242112368534	0.38402951514301	0.392807576350048	0.700956571754569	0.925752002556252
snp1005	8	47	200	0.46	184	0.0506762717318498	0.106006279957368	0.139760215977476	0.183033710699841	0.579162600987796	1.28702324038476	0.562479463194085	0.436828586833632
snp1006	8	48	200	0.4475	179	0.115565507000345	-0.150281397961711	0.133543478809698	0.187270025203818	0.802485062935994	0.913120123881011	0.42227242541818	0.659090661018069
snp1007	8	49	200	0.47	188	0.21162211520405	-0.338046165861281	0.141113515462585	0.188554037539099	1.79283440584603	1.80904618359435	0.0729994062652734	0.194694415970243
snp1008	8	50	200	0.4275	171	-0.045095077371556	0.123061129347996	0.127687910284517	0.17515080507556	0.702600991727714	0.737918077485015	0.482304444295875	0.761655028323143
snp1009	8	51	200	0.475	190	0.0581268265595515	-0.371616051127897	0.134504953218309	0.172821473074535	2.15028864478909	2.7876865188581	0.0315323900387657	0.0205355435247398
snp1010	8	52	200	0.46	184	0.0151858488901825	0.0819991982459688	0.141586080198585	0.195772147995426	0.418850173967978	0.727337593492708	0.675325633426783	0.767581982639638
snp1011	8	53	200	0.4675	187	-0.0287799882058732	0.325059527793017	0.134694600513429	0.183894936198701	1.76763718736543	2.37436493234087	0.0771215769703374	0.0596772492404127
snp1012	8	54	200	0.46	184	-0.199997990989943	0.140898949370273	0.135890664401353	0.196217402677808	0.718075703008011	1.51679042955208	0.472710610477476	0.316533371559291
snp1013	8	55	200	0.4475	179	-0.0372066479860397	0.17634016619722	0.140138686653852	0.192663627543214	0.915274815728607	1.08227233092728	0.360047376766021	0.556740130969546
snp1014	8	56	200	0.4675	187	0.0798411650099617	-0.0814424617039912	0.136203224152434	0.195774822336524	0.416000692693757	0.586218635541241	0.67740949633863	0.842125568749013
snp1015	8	57	200	0.475	190	0.103175619895791	0.0858632482803446	0.141629650671054	0.185529118550862	0.462802006234971	1.80812029283292	0.643506293064299	0.195020714729729
snp1016	8	58	200	0.46	184	0.0936701405427234	-0.0251819267401672	0.144411940395973	0.19728093598536	0.127645008446411	0.802328179602607	0.898429910855385	0.724795847169659
snp1017	8	59	200	0.45	180	-0.0262845822771109	0.122080962988488	0.147039249365193	0.190845058711365	0.63968626598357	0.790445799455535	0.52237658604031	0.731687125232536
snp1018	8	60	200	0.4775	191	-0.0496126999262706	-0.131627381909604	0.14697618130073	0.193911475593161	0.678801404130237	1.41917500302177	0.497263703995227	0.365302739972145
snp1019	8	61	200	0.465	186	0.0541548366008178	0.00431818074011633	0.153787545310917	0.19664163927676	0.0219596457596592	0.588734007763133	0.982480145787309	0.84088206059462
snp1020	8	62	200	0.45	180	-0.105849624524823	-0.0534825525021411	0.137731744641666	0.186587866693355	0.286634674858233	1.48501292896103	0.774392061270628	0.331996218699214
snp1021	8	63	200	0.465	186	-0.0767617199530649	-0.0235582638221731	0.131174918252617	0.180854240454838	0.130261053116175	0.968851546981172	0.896359892584162	0.625416994797029
snp1022	8	64	200	0.4575	183	0.1332151609248	-0.209676860381772	0.129405266032505	0.182823272286787	1.14688276694261	1.18979731770823	0.251430075909633	0.492722655270555
snp1023	8	65	200	0.465	186	-0.191954266936113	0.435538696592342	0.125396283737686	0.174234102405724	2.49973277664175	2.52851184475259	0.0124287017239487	0.0408975109592589
snp1024	8	66	200	0.485	194	0.0793897280745568	-0.035549103451674	0.153447191359205	0.196817486740343	0.18061963924259	0.617823730232899	0.85666613953497	0.826253971790647
snp1025	8	67	200	0.46	184	-0.0900493581162214	0.0784067162268751	0.143370574334643	0.189932170130461	0.412814301932205	0.632099499292644	0.679742672184753	0.818915079529666
snp1026	8	68	200	0.4475	179	0.0894436880996842	-0.0517980342662508	0.148584075256727	0.200917449410099	0.257807544433456	0.667190363645509	0.796555441652927	0.800457779441114
snp1027	8	69	200	0.475	190	0.0341217562271673	-0.0899036638984367	0.156965796812971	0.210109971408099	0.427888611358744	0.457255325755234	0.668732219000239	0.900737671418392
snp1028	8	70	200	0.4775	191	0.000757374562882302	0.0670884965773918	0.1387539928539	0.188479124444006	0.355946563181975	0.521584196319339	0.721880584012883	0.872820779466721
snp1029	8	71	200	0.4775	191	-0.202969275908861	0.280892049495276	0.136995333521311	0.185653863632403	1.51298790124533	1.60939156827399	0.130282732106492	0.273878525081722
snp1030	8	72	200	0.46	184	-0.0853707913846475	0.112547200021864	0.13750156369902	0.190476911232576	0.590870564277689	0.654391229122948	0.554607150171939	0.807256400684172
snp1031	8	73	200	0.4175	167	0.0272196373550596	-0.113039144430682	0.132940516603543	0.183055031854447	0.617514543498394	0.688951034550612	0.536895391519989	0.788733516182647
snp1032	8	74	200	0.49	196	0.0291301407542657	-0.331008731098926	0.14313056643612	0.197623185046663	1.67494887313332	2.26413717676205	0.0939442633515866	0.0770609526359505
snp1033	8	75	200	0.46	184	0.0197381990957147	0.136813429657396	0.128840994913305	0.178815882946092	0.765107815946315	1.26837018119518	0.444207346084029	0.447364554641959
snp1034	8	76	200	0.48	192	0.176546861312928	-0.301012963420451	0.146876752283322	0.199501302778878	1.50882705640317	1.51284609812444	0.131342984523121	0.3184303025213
snp1035	8	77	200	0.47	188	0.00675694882640682	0.0466072803730265	0.129861442524799	0.184245861409899	0.252962427575714	0.385570000793052	0.800297247537693	0.928363321335889
snp1036	8	78	200	0.465	186	0.169832803512604	-0.16819485959743	0.13981406000284	0.185409527990683	0.907153269954294	1.21473942973787	0.364325751350191	0.478166662434361
snp1037	8	79	200	0.47	188	-0.189703434611846	0.402717696351091	0.147547053124308	0.186710317074325	2.1569118550143	2.2225513948561	0.031012533057201	0.0845960798098704
snp1038	8	80	200	0.445	178	0.0914343568155083	-0.0678017208390856	0.137853379631564	0.184992920470817	0.366509813816261	0.686735270845884	0.713984690950253	0.789936539802251
snp1039	8	81	200	0.46	184	-0.115420776423135	-0.0830372633877185	0.125663697850494	0.179514905333466	0.46256472816822	1.78838924401022	0.64367639594374	0.202064556895739
snp1040	8	82	200	0.4775	191	-0.00136995223617678	0.0268653958687619	0.134000249660691	0.184471340218598	0.145634524240603	0.191050400426448	0.884209912135462	0.981915397348961
snp1041	8	83	200	0.4175	167	0.0632883058879966	0.196211946999008	0.134129871662646	0.189192508665656	1.0371020944902	1.92917075360797	0.299688279181664	0.155540380673287
snp1042	8	84	200	0.475	190	0.344738161112175	-0.414027607958217	0.146069721850911	0.195001195849299	2.12320548166374	2.4257197727426	0.0337366368277411	0.0527570319744984
snp1043	8	85	200	0.4325	173	0.0135573732555669	-0.117615023185484	0.132024004630199	0.18304754767452	0.642538098323051	0.823856073515153	0.520523860635975	0.71221929604168
snp1044	8	86	200	0.45	180	0.147677366695	0.137410848313569	0.140817720609461	0.180662141076693	0.760595703641289	2.76114818108857	0.446898586727903	0.0221045979742641
snp1045	8	87	200	0.4625	185	-0.124242655448024	0.190956579612766	0.145209613555227	0.203949750620681	0.936292292741849	0.969447776372716	0.349122715312378	0.625055711038287
snp1046	8	88	200	0.4475	179	0.100304390268671	0.0168725112763261	0.137766298641284	0.190780408678688	0.088439433551811	1.10716932676253	0.929527420626354	0.541770955026431
snp1047	8	89	200	0.465	186	0.167463817552796	-0.391357496460027	0.147329558051883	0.190810395758511	2.05102816806337	2.15998107900246	0.0402642037022515	0.0970276654009601
snp1048	8	90	200	0.4575	183	0.0964752423497585	0.196786378271783	0.124627845078085	0.181407915289303	1.08477283341223	2.34573822995625	0.278022280495093	0.0638483893890238
snp1049	8	91	200	0.45	180	0.118662796229307	-0.115187497633135	0.141313192313497	0.204338996160935	0.563707857028008	0.840905989231472	0.572952969328741	0.702182848191611
snp1050	8	92	200	0.47	188	-0.0588057988941635	0.204649555833306	0.132993001837981	0.184362221851292	1.11004062425749	1.2025119882704	0.266981521224501	0.485285674933828
snp1051	8	93	200	0.475	190	-0.198078471820817	0.418018399608009	0.149889173865085	0.194488919994668	2.14931729591315	2.20849229111517	0.0316092563798391	0.0872725673334752
snp1052	8	94	200	0.46	184	0.132358423609477	-0.0136767753916895	0.131616255891695	0.193012377161086	0.0708595769496946	1.32305017735869	0.94350951538812	0.416765783224321
snp1053	8	95	200	0.44	176	-0.0283000735285659	-0.0273412821872001	0.142030838225528	0.183915536636766	0.148662166814103	0.515489661089191	0.881820215937503	0.875583467066822
snp1054	8	96	200	0.465	186	0.0761282100058329	-0.0733171424369935	0.137147688468737	0.189319846396752	0.387266014801983	0.555553923481383	0.698559282623747	0.856997668480319
snp1055	8	97	200	0.465	186	-0.249212255366722	0.0721875477094865	0.134260353526295	0.185500549622122	0.389150047568796	2.28046941542871	0.697165152920199	0.0742534990354673
snp1056	8	98	200	0.48	192	-0.0625200623623584	-0.126332329079854	0.133746274569231	0.172435125339138	0.732636861726339	1.64788392840233	0.463779942310835	0.25723615608423
snp1057	8	99	200	0.4675	187	-0.00099435628989336	0.0867174424610305	0.136644719373759	0.175014910873234	0.495486024752721	0.752557795984197	0.620257084517389	0.753390481285015
snp1058	8	100	200	0.4775	191	0.0793564767627141	-0.0220306440635064	0.142237799138262	0.190620452261816	0.115573349040466	0.699721667032221	0.907990685720601	0.782857019508783
snp1059	8	101	200	0.4325	173	-0.0699342855974083	0.172468710966992	0.139857278212814	0.187523589585202	0.9197174144783	0.945615319329824	0.357720449875659	0.639483687770179
snp1060	8	102	200	0.47	188	-0.0286776662133728	0.253246838990614	0.126364534027477	0.195771923119622	1.2935809944303	1.51887760330395	0.195810190759157	0.315532185825543
snp1061	8	103	200	0.455	182	-0.0701332856858678	0.0590422703527033	0.150815359517766	0.200429600401133	0.294578596347736	0.470125738787758	0.768315814636867	0.895378177612858
snp1062	8	104	200	0.445	178	-0.0744272307633654	-0.26976875063502	0.13817242001313	0.184607107446473	1.46131291674801	2.8504098100641	0.143929586695529	0.0172073606376574
snp1063	8	105	200	0.46	184	-0.182526191697785	0.173765314458563	0.136751733327904	0.193579702545477	0.897642222679524	1.3362290122292	0.369376321284723	0.409526368196617
snp1064	8	106	200	0.4475	179	-0.0917948990095295	-0.292080227824032	0.126449310274298	0.181314811193023	1.61090109463308	2.98926627012222	0.107201281401609	0.0114718804426473
snp1065	8	107	200	0.4425	177	-0.0198364741425356	0.186075087269731	0.135356957442805	0.188154916111645	0.988946189209957	1.23060713886371	0.322689470082937	0.468979151267597
snp1066	8	108	200	0.4575	183	0.0669081922407427	0.0916787749815596	0.140086437115021	0.19128919995955	0.479267909536691	1.30214400627383	0.631748048407655	0.428360774866261
snp1067	8	109	200	0.455	182	0.0632526506493716	-0.234411030181657	0.142500495103967	0.188807972797756	1.24153141791713	1.41444461844551	0.214409499314622	0.367759241738296
snp1068	8	110	200	0.495	198	-0.0553887080943746	-0.209678747558339	0.142472854296491	0.196313846588825	1.06807925778922	2.03645542235252	0.285484761447403	0.125735429737435
snp1069	8	111	200	0.4625	185	-0.0929643341630234	0.322843377432616	0.129379259554439	0.183811173479229	1.75638603095637	1.88568462524406	0.0790225164146011	0.168992109763163
snp1070	8	112	200	0.47	188	0.0834875116501331	-0.0901594883333169	0.143147332540527	0.187349225982471	0.481237581102965	0.586863866120651	0.630347653905026	0.841806922963575
snp1071	8	113	200	0.445	178	0.0555593607612518	-0.0600941070016253	0.136454459646492	0.188627220396423	0.318586611600013	0.408722910566793	0.750040007227394	0.919866057868934
snp1072	8	114	200	0.45	180	-0.18853789996548	0.0709661663934622	0.150837495426712	0.190722877133724	0.372090477345855	1.5825304036012	0.70982548612033	0.285874824895357
snp1073	8	115	200	0.4575	183	-0.0168211486536277	0.01751906718184	0.155349004446334	0.208448638304131	0.0840450065990806	0.108454674136018	0.933020648234448	0.994136052279788
snp1074	8	116	200	0.445	178	0.0639921532832777	-0.0779237355657042	0.145615897104308	0.191948707600411	0.405961241103648	0.451750720754761	0.68477107918145	0.902994011968532
snp1075	8	117	200	0.4675	187	-0.145030471345844	0.334893362831952	0.130424767969889	0.180992628115444	1.85031493447537	1.87283375327337	0.0642681713858026	0.173122968968368
snp1076	8	118	200	0.475	190	0.00559798415443941	0.0107909263347958	0.147300284663854	0.199255955139593	0.0541561045301558	0.127908234607503	0.956810792839975	0.99185310902596
snp1077	8	119	200	0.45	180	-0.00901141987178639	-0.0881285571145938	0.129101501934861	0.182009753953701	0.484196891651266	0.723406077249178	0.62824614267204	0.769774105773769
snp1078	8	120	200	0.43	172	-0.243150518696611	0.471415777249866	0.134970905671788	0.190082391009426	2.48006022412927	2.48006216909206	0.013136019381117	0.0461732717767123
snp1079	8	121	200	0.4525	181	-0.0835201012200752	-0.00532885333405067	0.140052980785617	0.199822990793335	0.0266678689618952	0.874146271697812	0.978724640867096	0.68245011091065
snp1080	8	122	200	0.4675	187	-0.0283426005729682	0.00665726454729181	0.14278645107066	0.184704780867814	0.0360427300041364	0.261842873435676	0.971248287456638	0.96630008580005
snp1081	8	123	200	0.46	184	0.145901932710009	-0.285032920865758	0.145761973350846	0.200717138320522	1.4200726617106	1.4216967646097	0.155586528267016	0.363996566074616
snp1082	8	124	200	0.4575	183	0.131654577266278	-0.00701479367956953	0.134572818214127	0.187038613166721	0.0375045214504276	1.31836980060128	0.970082735088696	0.41934996644487
snp1083	8	125	200	0.4525	181	0.227356011156121	-0.291214663103711	0.144614413168754	0.185777121831471	1.56754857774085	1.67562258589855	0.116986520869697	0.245648033624035
snp1084	8	126	200	0.44	176	-0.00464907743684249	-0.109212232755508	0.148864496370011	0.191307291520688	0.570873341457025	0.908276986424318	0.5680855029353	0.662004091842
snp1085	8	127	200	0.4425	177	-0.0702824265697876	0.0713521402052688	0.136210563710907	0.186453385514395	0.382680850811155	0.51620382732006	0.701956414470363	0.875260961242251
snp1086	8	128	200	0.475	190	-0.0291654816763007	0.218731251173445	0.145295881640881	0.191423726220444	1.14265486046152	1.51910492008217	0.253181918265637	0.315423253830771
snp1087	8	129	200	0.45	180	0.0461691952093938	-0.221150008238695	0.153357412125971	0.196931224649416	1.1229809220574	1.40110603428817	0.261445597072964	0.374730169631636
snp1088	8	130	200	0.465	186	-0.198133425965833	0.110180463970375	0.145476588352919	0.190244707846379	0.579151269003211	1.4757152574601	0.56248710876482	0.336597386875003
snp1089	8	131	200	0.4775	191	0.0162280634542593	-0.140836767920067	0.131437993460974	0.182687431877889	0.77091656756226	0.997620851453477	0.440756386312564	0.607973683525816
snp1090	8	132	200	0.4425	177	-0.00437570601007848	-0.0700435937298804	0.132385292871209	0.199498445679151	0.351098443355944	0.495830312739143	0.725514495727114	0.884331002231094
snp1091	8	133	200	0.46	184	-0.104636007617735	0.214559422178531	0.150468109653109	0.210542883506512	1.01907705739147	1.02031411763358	0.30816638514703	0.594211210658744
snp1092	8	134	200	0.45	180	-0.0523409417819702	0.028373728214667	0.145349345014493	0.193593428204668	0.146563488635937	0.408879811000591	0.883476574245234	0.919807058530317
snp1093	8	135	200	0.4525	181	-0.0648409984911507	-0.0494515558442496	0.143091685634144	0.188541351365769	0.26228493370833	0.969987834622501	0.793101776705712	0.624728452499972
snp1094	8	136	200	0.455	182	0.0567551058149506	-0.151713356567317	0.14326645500129	0.192512494158191	0.788070183344317	0.836643362892206	0.430655654686003	0.704697914311918
snp1095	8	137	200	0.47	188	-0.0232660188865621	0.268362396413787	0.128475145737004	0.181672340574126	1.4771780644522	1.93570799355257	0.13962791214107	0.153587826164411
snp1096	9	1	200	0.4525	181	-0.0705953901554876	-0.0558625432661739	0.138914823042195	0.192146507713383	0.290728902288986	1.11697801258317	0.771258665091746	0.535893441794645
snp1097	9	2	200	0.4825	193	-0.0476796045949987	0.138354083330175	0.149354889600779	0.196738605649643	0.703238100490351	0.763229160993822	0.481907378866102	0.74732181546282
snp1098	9	3	200	0.465	186	0.145231849896121	-0.168549417540988	0.135865040291968	0.186148187834559	0.905458277631947	1.08829412511678	0.365222653740666	0.553113501667462
snp1099	9	4	200	0.475	190	-0.241605696222208	0.356941781642905	0.133380387857902	0.178573494623673	1.99885085071066	2.0636775861933	0.0456244939348074	0.118910687855238
snp1100	9	5	200	0.4575	183	-0.126998630427174	0.179493192485221	0.140604660025105	0.18561688854365	0.967008949958837	1.00004404807156	0.333539559547604	0.606503943206751
snp1101	9	6	200	0.4475	179	0.0749519701377951	-0.308577757293468	0.135983718088056	0.186055297104523	1.65852712658922	1.91921534643498	0.0972111169212961	0.158548653123788
snp1102	9	7	200	0.46	184	-0.0847920648767722	-0.412014253716274	0.133936901710851	0.179583368908926	2.2942784525065	3.92362766290882	0.0217745094562595	0.000453993799015818
snp1103	9	8	200	0.445	178	-0.0979353591870278	-0.176374144712982	0.134907419613562	0.1825214437273	0.966320127165426	2.31340445906604	0.333884017670868	0.0688434566826167
snp1104	9	9	200	0.475	190	-0.0419498645221765	-0.0301604016974864	0.131159547092545	0.183870683835272	0.164030508117905	0.647006520305843	0.86970712707418	0.811144781456163
snp1105	9	10	200	0.4475	179	0.203764062295641	-0.213104915408088	0.147612108747116	0.202128308832758	1.05430514230647	1.38065083049683	0.291743235181041	0.385544615765289
snp1106	9	11	200	0.4275	171	0.0849446280149853	-0.08209272036243	0.140648640850446	0.192396110500499	0.426685966513949	0.603988615705623	0.669608073369717	0.83326703000695
snp1107	9	12	200	0.445	178	-0.0222143899340291	-0.0390355384839947	0.153017282592074	0.198385318031154	0.196766267138099	0.488239175664825	0.844010449936993	0.887640246113693
snp1108	9	13	200	0.455	182	-0.22268430350568	0.396660183127376	0.137275200663143	0.184153575875442	2.15396405549935	2.1544998572652	0.0312429908701906	0.0981817606653892
snp1109	9	14	200	0.4825	193	0.0512684843164294	0.160776114183445	0.141548735478474	0.194870373372272	0.825041341078077	1.57423213577287	0.409348120396053	0.28964379367497
snp1110	9	15	200	0.4525	181	0.0597015973136027	-0.135492756089022	0.134749054956534	0.183302021432418	0.739177642615234	0.749875594515329	0.459799134968475	0.754910029072931
snp1111	9	16	200	0.455	182	0.169358268122341	-0.104266532099151	0.135480140446221	0.182346491165854	0.57180443359513	1.32496953953676	0.567454473317056	0.415708019916992
snp1112	9	17	200	0.4525	181	-0.140924153035838	0.0876501167005827	0.142788497925326	0.193937305464269	0.451950781159694	1.05980500324915	0.651304440275982	0.5702996682929
snp1113	9	18	200	0.4575	183	0.0408690578508852	0.210378906014659	0.142292163527128	0.188727604916635	1.11472249174989	1.93024545594265	0.264969359626618	0.155218145669528
snp1114	9	19	200	0.465	186	-0.0918160677323033	0.0392746789276938	0.144320902811694	0.186322654120606	0.210788533005071	0.772791017251006	0.83305228685094	0.741853883159753
snp1115	9	20	200	0.4475	179	0.0545008817974525	0.196535579415855	0.133592071927244	0.185865232033261	1.05740905529166	1.86216021340514	0.2903249405927	0.176608417065672
snp1116	9	21	200	0.4375	175	-0.116012445007491	0.0524625387491842	0.137775727739119	0.190112541570892	0.275955170109706	0.970378012332976	0.782582498769593	0.624492010202392
snp1117	9	22	200	0.445	178	-0.00856116646813143	0.141526383178023	0.143084384835754	0.185755445782342	0.761896280251487	1.11424937003239	0.446121910258773	0.537527246388997
snp1118	9	23	200	0.4675	187	-0.0454328663253112	0.290559555089192	0.137213664714132	0.183728060467236	1.58146531537031	2.03627994730026	0.113771683465222	0.125780367023835
snp1119	9	24	200	0.4625	185	-0.0527033867861972	0.267978374638159	0.137636310020249	0.193890517538727	1.38211181258327	1.64959794158621	0.166937372002538	0.256510242231167
snp1120	9	25	200	0.4725	189	0.103338419189773	-0.117136648222155	0.145146452784413	0.192856566812278	0.607377027177784	0.719460850976032	0.543600730560857	0.771968171801569
snp1121	9	26	200	0.4875	195	0.0608546433444456	-0.181245594838983	0.131476299870606	0.1845457560494	0.982117382263002	1.03690868184972	0.32604202300257	0.584154481949729
snp1122	9	27	200	0.445	178	-0.0396394419440671	0.180379590948485	0.141111983278286	0.189339546596144	0.95267784354227	1.0800194719288	0.340753322693365	0.558097818567202
snp1123	9	28	200	0.445	178	-0.0940828563485753	-0.399168129945805	0.125530587110391	0.171846167720939	2.32282241285714	4.27357121815722	0.020188694522098	0.00010818092745168
snp1124	9	29	200	0.475	190	-0.107756627085927	0.0856494266750236	0.148505890368994	0.200969373793592	0.426181487548401	0.740223368239234	0.669975605932952	0.760358445978174
snp1125	9	30	200	0.455	182	-0.0323844500286317	-0.00778065544487773	0.137533539826711	0.185357713589587	0.0419764319175052	0.385392279761055	0.966517486158565	0.928426923927396
snp1126	9	31	200	0.46	184	-0.0666088451645214	0.385847928206301	0.14530505844127	0.199254308668776	1.93645964689126	2.44162276896903	0.0528114302509067	0.0507542016692981
snp1127	9	32	200	0.4525	181	-0.00932592228487451	0.0986415832214711	0.154003040263314	0.197416088126057	0.499663346375727	0.721355280551705	0.617312145535866	0.770915337305977
snp1128	9	33	200	0.48	192	0.0113476943619118	-0.0831516166211154	0.128458892505814	0.176760249941651	0.470420338557816	0.587760101154614	0.638054736080563	0.841363938007925
snp1129	9	34	200	0.425	170	0.28599003738781	-0.175270926903209	0.135689607263616	0.183068458701268	0.957406470489911	2.25188733407683	0.338362133819373	0.0792222343603532
snp1130	9	35	200	0.4575	183	0.0794458356954491	0.039183012481706	0.137845851738592	0.185972013400826	0.21069305948339	1.14464263851986	0.833126790771916	0.519388362866699
snp1131	9	36	200	0.4775	191	0.027123441456388	0.304902048124736	0.139786836873731	0.192481900796072	1.58405567933251	2.50568736526845	0.113181048988747	0.0433159398333833
snp1132	9	37	200	0.4425	177	-0.0142770753536262	0.109522843971471	0.13751225853456	0.189077759721359	0.579247628768571	0.694087243901144	0.562422097446092	0.785937071806304
snp1133	9	38	200	0.4825	193	0.0119083993586108	-0.00337026017357243	0.15317373183597	0.199405068354818	0.0169015772837602	0.100265479207818	0.986515134457026	0.994986028967928
snp1134	9	39	200	0.45	180	-0.0714395887948285	-0.147397204092705	0.14562472173235	0.195279221829761	0.75480229136309	1.80541705333549	0.450367618838083	0.195975550821837
snp1135	9	40	200	0.49	196	-0.09894321840516	0.116565552872158	0.14180982113813	0.192303975678433	0.606152589726364	0.712403040485892	0.544413431859481	0.775878730572345
snp1136	9	41	200	0.4475	179	-0.104599821211605	0.21178735242977	0.129879825640391	0.175112200436496	1.20943801689349	1.21478051379888	0.22649461054377	0.478142799035781
snp1137	9	42	200	0.4825	193	-0.0259480777908376	0.0160738786155551	0.131807939453259	0.187622916245787	0.0856711905836611	0.210255566044653	0.931727804489102	0.978138795305489
snp1138	9	43	200	0.44	176	0.127691121404465	-0.0953412325132135	0.133788245297934	0.177935544121602	0.535818928049906	0.983285588349854	0.592083699274504	0.61666751486118
snp1139	9	44	200	0.44	176	0.00664542259404716	-0.223109101797548	0.131978436586469	0.181773599223274	1.22740102386101	1.69055952210899	0.219671901779604	0.239549369207306
snp1140	9	45	200	0.4725	189	0.141747365620926	-0.334229227192417	0.150780086440918	0.200935693384368	1.66336414184549	1.70745221247411	0.0962395663825052	0.232771840861095
snp1141	9	46	200	0.4675	187	0.0508503493570607	-0.313031428359803	0.142314596437075	0.191256493728068	1.63671006541026	2.04712981996276	0.101691064834154	0.123024685344246
snp1142	9	47	200	0.4525	181	-0.0187333877043303	0.137830170562126	0.142646308003595	0.189936407812043	0.725664827243234	0.953120980966717	0.468044268982012	0.634943156017263
snp1143	9	48	200	0.4425	177	0.0790248218266311	-0.243831503162606	0.145790340331011	0.192855383095356	1.26432303443687	1.42699068917486	0.206114105199492	0.361262219870715
snp1144	9	49	200	0.43	172	-0.08181984492034	0.211045349025268	0.14555770034237	0.193740608625421	1.08931911860205	1.15834421972895	0.276013184666133	0.511258131974139
snp1145	9	50	200	0.4225	169	-0.10841205427259	0.0995930284558348	0.150040091496798	0.19912688960199	0.500148566850509	0.726565263325031	0.616970470864133	0.76801305987361
snp1146	9	51	200	0.47	188	-0.0861201172734138	0.123196473396573	0.128414794360983	0.18191847466251	0.67720704906483	0.729089074605118	0.498274595916214	0.766603592818387
snp1147	9	52	200	0.465	186	-0.0471614082057442	-0.252550971248058	0.140333422157272	0.187375687476349	1.34783212619266	2.40357796181518	0.177712382513533	0.0556544350364475
snp1148	9	53	200	0.455	182	0.092721168928395	-0.268572460875184	0.146255253523762	0.199673031278899	1.34506126919087	1.43272106377632	0.178605449410605	0.35831427186663
snp1149	9	54	200	0.46	184	-0.0133167553128928	-0.117425605406447	0.132805962858115	0.177600027060805	0.661180109878273	1.08762951484203	0.508496815276592	0.553513586408571
snp1150	9	55	200	0.4575	183	0.0709521098755566	-0.0839928550850979	0.135036330594821	0.19357240002716	0.433909250871059	0.534333858035094	0.664354341762497	0.866965291459747
snp1151	9	56	200	0.4725	189	0.0968898422584569	-0.140500353342295	0.136382182620862	0.189910426481724	0.739824326369021	0.784247248848999	0.459406596252082	0.735266784393596
snp1152	9	57	200	0.4675	187	-0.099727260788229	0.227287572456223	0.141695632406801	0.182630125936098	1.24452398689004	1.28607030799788	0.213306776813487	0.437364463648312
snp1153	9	58	200	0.4725	189	0.130018864513494	0.155940403726542	0.143281747271335	0.197369283704458	0.790094592226664	2.24965120969719	0.429472527815985	0.0796219649474322
snp1154	9	59	200	0.48	192	0.141091876272747	-0.375965739170583	0.135763184511837	0.188031659643561	1.9994810442203	2.07560606044368	0.0455563308333175	0.116011000662441
snp1155	9	60	200	0.465	186	0.0232290380851071	-0.242564244890962	0.139861467966894	0.190575804129263	1.27279664907743	1.73042542394045	0.203090210580004	0.223758916149169
snp1156	9	61	200	0.4375	175	0.118555450830575	-0.134641290929026	0.14064224648118	0.18319250405919	0.734971616991069	0.854239628405996	0.462356780127237	0.694291990499548
snp1157	9	62	200	0.4275	171	0.150448248586627	-0.150752794758164	0.136843763289415	0.190112537237717	0.792966087079583	1.09966169447488	0.427797581476567	0.546277647190342
snp1158	9	63	200	0.455	182	0.080221707331193	0.0461562494188151	0.132075421339777	0.181711034669949	0.254009061709715	1.1539532337703	0.799488557419332	0.513860201075395
snp1159	9	64	200	0.4625	185	0.174942626308006	0.00421483434356185	0.142114933974061	0.200646279556572	0.0210062920323099	1.77825877891588	0.983240636468251	0.205748209371562
snp1160	9	65	200	0.485	194	0.0796163028078731	-0.0249608617729332	0.134695616975313	0.183506794136965	0.13602145844422	0.720318020954338	0.891804317236537	0.771491962186969
snp1161	9	66	200	0.47	188	0.109295466523819	-0.0530452546281951	0.134533966171549	0.179518625219344	0.29548607874744	0.913124216642109	0.767622585390299	0.659088197875053
snp1162	9	67	200	0.4575	183	0.0178312259457644	0.156560596634576	0.143938077712764	0.185009594474066	0.846229608143496	1.47824054280173	0.397424667783735	0.33534428744357
snp1163	9	68	200	0.49	196	0.0163199793539723	0.04436103929687	0.143353975762816	0.188895140594518	0.234844788263216	0.502556943718143	0.814329203684543	0.881366494863308
snp1164	9	69	200	0.475	190	-0.0570209899152046	-0.0964796450350919	0.143992321651123	0.190900252434489	0.505392967294272	1.30797736759786	0.613282857388682	0.425112092797547
snp1165	9	70	200	0.4625	185	0.0827519724510044	-0.27883233399926	0.135359011689408	0.180952808503025	1.54091188916031	1.73678731847745	0.123338231844812	0.22130463343163
snp1166	9	71	200	0.4775	191	-0.00341056391126134	-0.0925961415797709	0.132974754015534	0.183390751676321	0.504911729372265	0.738237967799731	0.613620835448236	0.761475219743596
snp1167	9	72	200	0.475	190	-0.11846894978605	-0.0511487794695714	0.143904482595613	0.189694900288423	0.26963708245083	1.53387473561817	0.787439468937999	0.308391298619565
snp1168	9	73	200	0.475	190	-0.0269566289792932	-0.147609112018438	0.145870603556917	0.191969543473879	0.768919430381013	1.3875204701575	0.441941141858369	0.381896164673028
snp1169	9	74	200	0.465	186	-0.0207114984247881	0.261954597376681	0.142023400575928	0.196069769638589	1.33602746542486	1.81293419901221	0.181540296264232	0.193328356830296
snp1170	9	75	200	0.455	182	0.303107198429828	-0.523901447724894	0.141532946829721	0.189522783637728	2.76431908432882	2.76996190653962	0.00570417289035596	0.0215723153777587
snp1171	9	76	200	0.4775	191	0.0530214944257823	-0.305675639104311	0.131132846188452	0.183073336371944	1.6696895635489	2.0099835263316	0.094980799672766	0.132653224805293
snp1172	9	77	200	0.48	192	-0.0889576532087531	-0.139761305908052	0.134878066108008	0.184877277229158	0.755968002140234	1.88159268291587	0.449668380571338	0.170299689903095
snp1173	9	78	200	0.46	184	0.0717551262992007	-0.247420340749859	0.143660075082743	0.189368316179205	1.30655616389236	1.45222647278005	0.191363492648737	0.348373233415209
snp1174	9	79	200	0.4825	193	0.311573111222552	-0.363681321564372	0.150076224469162	0.200170760557033	1.81685537164531	2.11941310387357	0.069239261693986	0.105826327068599
snp1175	9	80	200	0.4725	189	-0.114365991316343	0.313968166096183	0.153551989282662	0.203394443554471	1.54364180559387	1.67958125089486	0.122675131442057	0.244022074338936
snp1176	9	81	200	0.46	184	-0.220563542754334	0.052303663142469	0.138980792974843	0.181455179330526	0.28824563363494	2.06815112502442	0.773158719783369	0.117816784137412
snp1177	9	82	200	0.46	184	0.289956201936723	-0.233572349982162	0.135354412446729	0.182808050894014	1.27769181302403	2.18475038026771	0.201358113054989	0.0919447788494974
snp1178	9	83	200	0.4725	189	0.0700415164776041	0.23513464261534	0.126525735978306	0.179813896332282	1.30765556729181	2.49275556170364	0.190990160404417	0.0447387552484163
snp1179	9	84	200	0.45	180	0.0154915792405451	-0.0957101027059309	0.155389835570952	0.204799928654788	0.467334648671974	0.589466332285109	0.640260470545419	0.840519371802175
snp1180	9	85	200	0.44	176	0.0469201753953181	-0.21173240538841	0.127168007865781	0.177366597144995	1.19375580744395	1.39168305940335	0.232573503132514	0.379693523447499
snp1181	9	86	200	0.4425	177	0.105946018904552	-0.0537229334692886	0.140944020629091	0.187636685716064	0.286313591951754	0.84028055670796	0.774637948814892	0.702552106907801
snp1182	9	87	200	0.4925	197	-0.0524616735067057	0.0318151775021294	0.152228113776141	0.196480717926685	0.161925189595454	0.380744233871631	0.871364766156958	0.930081478099052
snp1183	9	88	200	0.4625	185	-0.0309687606733051	0.0458776927925573	0.143898780775183	0.18627391727658	0.246291555271466	0.250343748508697	0.805456546565333	0.969149887676646
snp1184	9	89	200	0.465	186	0.0263615609984255	-0.0926264018476475	0.139128571679726	0.184325380694681	0.502515722460789	0.56026334261815	0.615304795637305	0.854748926367914
snp1185	9	90	200	0.4575	183	-0.0971223520882659	-0.0569286150362344	0.131633440259087	0.175092157134782	0.325135151498602	1.54813058885735	0.745078785925399	0.301690337530153
snp1186	9	91	200	0.49	196	-0.160971887623362	0.214984333452265	0.137832590592748	0.187266175420993	1.14801476010795	1.24630694233605	0.250962470614843	0.459948617301055
snp1187	9	92	200	0.4175	167	0.167672426822095	-0.309317405344161	0.134746098405155	0.191749038355214	1.61313667070994	1.61713040883037	0.106714818439426	0.270480470906244
snp1188	9	93	200	0.485	194	0.175867400105489	-0.438757617907156	0.1332072205892	0.182871939780571	2.39926157306376	2.4779248325391	0.0164281746190816	0.0464185675138493
snp1189	9	94	200	0.4325	173	0.0301348659705399	-0.585241540297697	0.136155348502802	0.187921426737601	3.11428851120252	4.33591552044113	0.00184389091814002	8.27173072599176e-05
snp1190	9	95	200	0.465	186	0.0173555061394202	-0.0596473315769041	0.140831072483934	0.195223783593803	0.305533119371413	0.335011523087617	0.759960149477153	0.945429119073099
snp1191	9	96	200	0.4925	197	-0.122700406832881	0.121885470141613	0.142675704001202	0.188440716161865	0.646810692636704	0.860134942014276	0.517754471201597	0.690792313837675
snp1192	9	97	200	0.4175	167	-0.083153947836091	0.10556010145081	0.135258871634466	0.185029461307691	0.570504289991262	0.640982243617204	0.568335713266578	0.814297811321521
snp1193	9	98	200	0.47	188	0.16693929606713	-0.110168262156217	0.136647674091652	0.184489465552266	0.597152047822515	1.3023638617508	0.550405870959155	0.428238149450392
snp1194	9	99	200	0.49	196	0.106312991784056	-0.174116263477306	0.130850831705619	0.184890669032217	0.94172553103243	0.967331588692712	0.346333180187479	0.626337947545115
snp1195	9	100	200	0.455	182	0.0946826311191743	0.151500070879332	0.132405391248	0.178800646819505	0.847312767454742	2.13523182127574	0.396820812091495	0.102324364697707
snp1196	9	101	200	0.485	194	-0.0223525950441414	-0.262988722099675	0.148121543232027	0.191510966910915	1.37323061097597	2.30365460018148	0.169680666250818	0.0704105437068838
snp1197	9	102	200	0.465	186	-0.225813431479405	0.125947466024582	0.144429956157946	0.191521262645705	0.6576161011301	1.72879756865897	0.510784845725804	0.224389809920624
snp1198	9	103	200	0.4425	177	0.0220629886656095	-0.0699747550854487	0.158836153110847	0.211266929813913	0.33121490025478	0.364403861069125	0.740482166060497	0.935761084227039
snp1199	9	104	200	0.44	176	0.279089103883108	-0.307461571108297	0.147145359234213	0.21090638728686	1.45781061950537	1.90611221225457	0.144892750345253	0.162572392703847
snp1200	9	105	200	0.465	186	0.0227050198525996	-0.0470004876386266	0.136302530269874	0.182418186891193	0.257652421831497	0.258629487619892	0.796675168402448	0.967108481819426
snp1201	9	106	200	0.4475	179	0.0384703464885073	0.120073438687389	0.138173794727201	0.19059525118544	0.629991764960417	1.25236096328925	0.528699972151361	0.456482921632701
snp1202	9	107	200	0.475	190	-0.170311696882358	0.305456909269317	0.128498628905357	0.177158794754243	1.72419839327227	1.72915979984003	0.0846720341035563	0.224249320826675
snp1203	9	108	200	0.4825	193	-0.122796583831696	0.191647156706264	0.155950243935244	0.206557465528348	0.927815202496093	0.937496019668894	0.353503436736735	0.644391129400033
snp1204	9	109	200	0.4625	185	0.0808822359838658	-0.180866155055828	0.147494427192133	0.194261360400567	0.931045446623466	0.953453337712527	0.351830056056394	0.634742017941842
snp1205	9	110	200	0.4775	191	0.0394783836844791	-0.0899151062831011	0.136744615741442	0.185340229181162	0.48513540034103	0.49268627216584	0.627580302208289	0.885706292722691
snp1206	9	111	200	0.44	176	-0.0289193580400927	0.130732673295105	0.13922437797544	0.194126221664795	0.673441599872305	0.791640050424107	0.500666390643324	0.730996224039937
snp1207	9	112	200	0.4725	189	0.0576336089683564	-0.169360789369699	0.141573502253239	0.201394862726423	0.84093897469351	0.880115718406992	0.400382122680148	0.678886149753708
snp1208	9	113	200	0.4725	189	-0.00941977419981934	0.154152313342603	0.135467650946412	0.186117500020864	0.828252653970326	1.1110219340427	0.40752743005715	0.53946095527414
snp1209	9	114	200	0.4875	195	-0.117697380597077	0.232397496200179	0.135585555274338	0.182112910853957	1.27611763004847	1.27642820697879	0.201913940307752	0.442801148785034
snp1210	9	115	200	0.415	166	0.0474235091517178	-0.00564461925959035	0.138586628150701	0.182757311151619	0.0308858738620173	0.470626516283664	0.975360555574647	0.895167292737575
snp1211	9	116	200	0.4825	193	0.0372568718599647	-0.156197609553231	0.137042608385064	0.187223003587335	0.834286420794273	0.95036877370163	0.404119602006604	0.636608505746181
snp1212	9	117	200	0.4575	183	-0.108962822715272	-0.149925004966375	0.132462044094917	0.181339087886484	0.826766069653035	2.21085452710023	0.408369665087936	0.0868182114492318
snp1213	9	118	200	0.47	188	0.0225271788277573	-0.128420133012302	0.124714520157404	0.173336300548425	0.74087270009795	0.903542739516018	0.458770629631233	0.664849392735174
snp1214	9	119	200	0.4775	191	-0.151092405356239	0.114995432803771	0.152383761070875	0.19411329392272	0.59241399947369	1.01926548325914	0.553573394073195	0.594846992075922
snp1215	9	120	200	0.455	182	0.204551184266161	-0.476000531751632	0.139547844390637	0.188234182135255	2.52876776338957	2.58456294772755	0.0114463738211675	0.035437566697375
snp1216	9	121	200	0.4425	177	0.318087189949092	-0.00168362878665818	0.130235263329792	0.176930521781115	0.00951576228741942	3.53123503272439	0.992407634767877	0.00196000074003675
snp1217	9	122	200	0.47	188	0.0846417711474552	-0.280877451978554	0.135468588193743	0.187007978464293	1.501954378017	1.67182694381089	0.133108891507958	0.247213568778079
snp1218	9	123	200	0.465	186	0.15953984620977	-0.0394795838481246	0.141149832063376	0.188666839304331	0.209255553300713	1.51407380133277	0.834248746956372	0.317839183004349
snp1219	9	124	200	0.4775	191	0.109455779888849	0.0714713115874113	0.144753827298193	0.19462209763101	0.36723122634777	1.57327515118364	0.713446548781872	0.290080342674502
snp1220	9	125	200	0.48	192	-0.07143756379309	0.191901752611817	0.132692387455739	0.200016219014705	0.959430957935009	0.969656455168999	0.337341685588746	0.624929259453858
snp1221	9	126	200	0.465	186	-0.0976062262966776	0.0642605445563445	0.141892477113281	0.193457422473027	0.332168927585624	0.72992422088342	0.739761705142956	0.766136685839797
snp1222	9	127	200	0.445	178	-0.048152442228021	0.314075595502672	0.131862279027418	0.181259639791374	1.73273871593349	2.07501954615856	0.0831421198276038	0.116152295297173
snp1223	9	128	200	0.455	182	-0.0807997973475717	0.0585536707395467	0.136420227717504	0.192408093465028	0.304320206520779	0.612081738097643	0.760883952173819	0.829176676063229
snp1224	9	129	200	0.4825	193	0.0720163935397392	-0.0622324329885813	0.132319256411187	0.186800832102018	0.333148585519116	0.54836808856482	0.739022126109283	0.860403528774743
snp1225	9	130	200	0.4675	187	0.0613612387533499	-0.0587457774941594	0.132203412482353	0.18285627326777	0.321267498480262	0.464644952782171	0.748007684410839	0.897674753571747
snp1226	9	131	200	0.44	176	0.0671748089537989	-0.317623691345582	0.140968117307476	0.189643548297183	1.67484575245263	2.01420954078411	0.0939644994508867	0.131530036750616
snp1227	9	132	200	0.4475	179	-0.00288856082574191	-0.197737506974714	0.141174483320044	0.187833843121333	1.05272566268574	1.67246939816826	0.292466743486048	0.246948135063078
snp1228	9	133	200	0.4475	179	-0.171505807275069	0.239259264361988	0.144928495035768	0.199665050077504	1.1983031795956	1.28308515624974	0.230799009223465	0.439044827179342
snp1229	9	134	200	0.4575	183	-0.094135682399417	0.430490009227782	0.147549241050334	0.199956026069618	2.15292340865936	2.50428564373287	0.0313246984372952	0.0434683021505192
snp1230	9	135	200	0.48	192	0.191220178312584	-0.0249629475696499	0.137053554027719	0.183017595696915	0.136396434859682	1.95764986110617	0.891507891910595	0.147165645077729
snp1231	9	136	200	0.465	186	0.0537312872333326	-0.226753113422326	0.131387380454886	0.189153304638833	1.19877955003369	1.31630147105999	0.230613676311363	0.42049412069916
snp1232	9	137	200	0.475	190	0.156748231927083	0.00412947871189923	0.13847560937551	0.190574515700643	0.0216685777566706	1.66262225454501	0.982712329202771	0.251036638432035
snp1233	10	1	200	0.445	178	-0.139251807981346	0.00302425873272744	0.139170278284192	0.188103752308171	0.0160776098063838	1.43282439592731	0.987172475993378	0.358261226832282
snp1234	10	2	200	0.4575	183	-0.342889062857203	0.236502458655353	0.133331639054381	0.181524809070515	1.30286576180053	2.67436786673707	0.192620594706276	0.0279840172769913
snp1235	10	3	200	0.47	188	-0.111195142407893	0.0123435876954186	0.138672572152254	0.191944400747592	0.0643081415625686	1.07006695061806	0.948724870846186	0.564101183953325
snp1236	10	4	200	0.4575	183	-0.0667706468618396	0.0117471497617267	0.147826741856108	0.193273757539023	0.0607798488077453	0.613086044523914	0.951534538967593	0.828666705269774
snp1237	10	5	200	0.42	168	0.0325373733617345	-0.135818581370522	0.133337388402502	0.188261340839665	0.721436386061832	0.824455273714235	0.470641066500824	0.711867664595239
snp1238	10	6	200	0.4625	185	-0.113803128177705	0.0692651579233671	0.145481986370329	0.197827525249092	0.35012902191519	0.846646522752725	0.72624187137884	0.698789890867266
snp1239	10	7	200	0.4725	189	-0.127018779632611	0.362810809315542	0.149854998154554	0.204082521229842	1.77776522520974	1.87001651689512	0.0754424220841516	0.174038126364955
snp1240	10	8	200	0.43	172	0.0373267338285078	-0.183409910777275	0.141479332227709	0.185506197032276	0.988699642984779	1.22589195640747	0.322810117546601	0.471703086956247
snp1241	10	9	200	0.465	186	-0.0898041445802648	-0.13202061888334	0.128181566778667	0.181572717929953	0.727095019496655	1.84135764169141	0.467167749555606	0.183544344311726
snp1242	10	10	200	0.4325	173	0.0341140489910957	-0.22743153536016	0.148968549585488	0.192295143845969	1.18272115879502	1.49734552329851	0.236919675708786	0.325946569570494
snp1243	10	11	200	0.4575	183	-0.0146181142344649	-0.102410308518981	0.135575911710451	0.176144127949202	0.58140063884795	1.0016006254251	0.560970467001827	0.605559832146352
snp1244	10	12	200	0.465	186	-0.117515696491167	-0.0292506493195436	0.130630448549972	0.186945479520583	0.156466202844574	1.39544128734846	0.875665557323789	0.377710143664545
snp1245	10	13	200	0.46	184	-0.0547238542433827	0.0803176205627931	0.141182154431602	0.190565803814075	0.421469219320979	0.437742125448246	0.67341248321501	0.908637472764048
snp1246	10	14	200	0.4475	179	-0.152305633825817	0.118009522699882	0.155994646923812	0.200234751783131	0.589355851813846	1.00280548140199	0.555622585498794	0.604829053688239
snp1247	10	15	200	0.4675	187	0.0335694995870295	-0.124927011231185	0.143704581289745	0.197659458594634	0.632031536054083	0.70395401380602	0.52736627048502	0.780535054798195
snp1248	10	16	200	0.455	182	-0.0805581234808509	-0.21799106498154	0.135641072295158	0.178787086460748	1.21927746179476	2.55440877944889	0.222738899976705	0.0382924662322632
snp1249	10	17	200	0.4575	183	0.0387582981138492	-0.149281485316197	0.157003453515056	0.195184923334991	0.764820780035295	0.955594270201237	0.4443782720971	0.633446202043682
snp1250	10	18	200	0.455	182	-0.0229605257189227	0.184417963428757	0.12674616045996	0.182901098042406	1.00829336402343	1.20974956653905	0.313313647788599	0.481067826746467
snp1251	10	19	200	0.4675	187	0.04658780834096	-0.0629717702946202	0.138563174090912	0.182740006450925	0.3445976144886	0.364844126441261	0.730396899430495	0.935610877323353
snp1252	10	20	200	0.46	184	-0.0620576000115177	0.1365585845295	0.139439987930288	0.185839159517632	0.734821363182844	0.748797371467357	0.462448294692276	0.755520206503875
snp1253	10	21	200	0.4725	189	-0.0064582652276132	0.100704577673142	0.127647163160226	0.182685146956928	0.551246663183215	0.722735501943694	0.581464595921159	0.770147439276123
snp1254	10	22	200	0.46	184	0.000150684429694415	0.131646571500435	0.133853135608212	0.191021250274455	0.689172389518383	0.94683155753565	0.4907147897906	0.638748172086331
snp1255	10	23	200	0.4625	185	-0.126635572316805	-0.228709492509607	0.142235216799903	0.187322412580923	1.22094035283047	3.07727928685844	0.222108604458997	0.0087839955162169
snp1256	10	24	200	0.435	174	-0.037127926057823	0.392505826538138	0.126256213636412	0.186242835313242	2.10749490512203	2.61221436156833	0.0350747028596006	0.0329807264406102
snp1257	10	25	200	0.4575	183	-0.0767097831891538	0.0648888984537789	0.137013510282765	0.1886410022088	0.343980882703092	0.563077261672777	0.730860663203178	0.853399067167558
snp1258	10	26	200	0.4575	183	0.0809325640683015	-0.174293079248241	0.141695966705675	0.190277867690277	0.915992392409742	0.929282952899003	0.359670885062942	0.649350008540051
snp1259	10	27	200	0.4675	187	-0.0701426612577489	-0.157051228463304	0.139340522923985	0.193468165955065	0.811767805251126	1.74588420941401	0.416924878868558	0.217826623787784
snp1260	10	28	200	0.475	190	0.0357902072073151	-0.0694340277855022	0.141236783221276	0.189794059342129	0.365838783501322	0.366662705062014	0.714485377941221	0.934988761415933
snp1261	10	29	200	0.4275	171	0.0151706314034737	-0.0860452203801848	0.14181366232147	0.196230239802225	0.438491134021482	0.541220770571785	0.661030295758177	0.863760315526484
snp1262	10	30	200	0.465	186	-0.0160956984696108	0.0723662612207229	0.140543553235623	0.181485712940467	0.398743570765051	0.465042548954917	0.690082159858637	0.897508860568025
snp1263	10	31	200	0.4625	185	0.0421279286880267	-0.0402298072699928	0.131237748494368	0.186089765066514	0.216184953834584	0.321408420197444	0.828843581347999	0.94965958869958
snp1264	10	32	200	0.4725	189	0.0167296160475942	-0.0394331861807237	0.138664667416531	0.192974815663414	0.204343691404286	0.20876471845895	0.838084929404931	0.97844436241757
snp1265	10	33	200	0.46	184	0.148739356207761	-0.0600307773273385	0.130204978091691	0.185727113458771	0.323220321521147	1.29067854333832	0.746528391848445	0.434775466066559
snp1266	10	34	200	0.4625	185	0.0480468714376794	-0.0214250154767124	0.145453685386922	0.185018219441536	0.115799490133362	0.384067915672579	0.907811454612329	0.928900099080308
snp1267	10	35	200	0.4575	183	-0.0332865394325668	-0.0647006157046855	0.155714229661251	0.202808850403536	0.319022644110196	0.744229086037943	0.749709341740722	0.758101144479752
snp1268	10	36	200	0.4625	185	-0.0213777886964211	0.179396713972102	0.145270555406946	0.188053333600338	0.953967209926556	1.30469641623198	0.340100240545048	0.426938045295931
snp1269	10	37	200	0.4625	185	0.00302373381117106	-0.115268826375095	0.145258891235662	0.190712536280481	0.604411375482779	0.925004506528205	0.545570174676389	0.651930923285849
snp1270	10	38	200	0.475	190	-0.0250588096499296	0.082486532163235	0.152305707941208	0.193551496768757	0.42617356900001	0.491707390398934	0.669981375533849	0.886133131049849
snp1271	10	39	200	0.4525	181	-0.0966278253544587	0.239000605374396	0.140688948715712	0.180239713971715	1.32601522776442	1.40735558118291	0.184834653474488	0.371455998015377
snp1272	10	40	200	0.46	184	-0.215243165680729	-0.0150081229949732	0.140192909701549	0.186883371863304	0.0803074283460109	2.40631111628583	0.935992750332673	0.0552898133662617
snp1273	10	41	200	0.4425	177	-0.137289983381668	0.358287317433976	0.126492200532065	0.195263217764133	1.83489405499179	1.83800454365895	0.0665213887159575	0.18468006096064
snp1274	10	42	200	0.4675	187	0.0359143899255185	0.114066688831652	0.133989541096621	0.186435835098349	0.611828132566248	1.21081078153027	0.540651474537258	0.480450355496561
snp1275	10	43	200	0.47	188	0.101374834218725	-0.121078022865844	0.152197913664157	0.199513664889002	0.606865815096951	0.688121197564882	0.54393996619964	0.789184305781244
snp1276	10	44	200	0.4525	181	0.0392979597661521	-0.409899125413659	0.129702555349927	0.188901856854216	2.16990522083642	2.65815379659346	0.0300140267494545	0.0292203234522144
snp1277	10	45	200	0.465	186	-0.104639361308832	0.20714870839322	0.141032074270195	0.192860246055156	1.07408713112384	1.07422363786273	0.282783631740428	0.56159281954007
snp1278	10	46	200	0.44	176	0.0892636659316143	-0.0120700324153603	0.130290448027951	0.185366170125823	0.0651145373892519	0.908061483743801	0.948082805833965	0.662133667264998
snp1279	10	47	200	0.4675	187	-0.00861599410547829	0.0732228241528009	0.1379522191763	0.193723449093097	0.377976050372778	0.486138203288562	0.705448385531112	0.888549273168464
snp1280	10	48	200	0.4675	187	-0.0939565567274949	0.175109099557373	0.139372212074331	0.197866027107226	0.884988201953837	0.887226098439848	0.376162994586212	0.674633920737972
snp1281	10	49	200	0.4425	177	0.221698644337842	-0.374824122294036	0.147926180854875	0.190026720881363	1.9724811361032	1.97267392780514	0.0485547076666669	0.142884136311975
snp1282	10	50	200	0.49	196	1.27848441601647e-05	0.0371979330078786	0.13195108029338	0.17971904975612	0.206978242197232	0.305118323342165	0.836026850773956	0.954518174040833
snp1283	10	51	200	0.425	170	-0.0538111433299211	0.118023046517829	0.143404725148088	0.187598520400814	0.62912567895347	0.648814627444279	0.529266780226781	0.810195088437233
snp1284	10	52	200	0.4725	189	0.0427587561322936	0.150497905687516	0.127711142852291	0.175272603313707	0.858650484115597	1.6368671354383	0.390533376530289	0.261932875208901
snp1285	10	53	200	0.4325	173	-0.12306470292269	0.042538964190476	0.143747187816832	0.182653926864219	0.232893784003333	1.09669361776213	0.815843885389281	0.548061130844287
snp1286	10	54	200	0.44	176	-0.336445919364354	0.375328324225434	0.145529052500824	0.202797412501405	1.85075499532241	2.32325069980736	0.0642048082749188	0.0672897802786056
snp1287	10	55	200	0.4775	191	-0.1411348475328	0.195088221081311	0.156085920817072	0.195199197600979	0.999431470410573	1.01693246615756	0.317585721107442	0.596261577150989
snp1288	10	56	200	0.4775	191	0.100586359534694	0.0116898463835915	0.130741346761827	0.18361571746888	0.0636647371191017	1.14592511252811	0.949237183463282	0.518626046880797
snp1289	10	57	200	0.4775	191	-0.204869489003372	0.0577334596491463	0.139694361777238	0.187856650534659	0.307327206595194	1.81470390054818	0.758594329197505	0.192708783510388
snp1290	10	58	200	0.4625	185	-0.0859203444911736	0.221586750942838	0.124079897096645	0.17781166287	1.24618794609014	1.27201260840114	0.212695403309931	0.445299567475308
snp1291	10	59	200	0.47	188	-0.0187970627386644	0.278610424314155	0.142285762160692	0.187239049284337	1.48799315836657	2.13972117059267	0.136752697924279	0.101347168537735
snp1292	10	60	200	0.4675	187	0.00716195625914664	0.0303451029464962	0.149975454520047	0.192123893754698	0.157945492116876	0.316738080570868	0.874499750418065	0.951075807797041
snp1293	10	61	200	0.47	188	-0.0288364896540214	0.288535957341678	0.150322853318871	0.193445819828255	1.49155953640066	2.02233192367838	0.135814652556366	0.129391420048799
snp1294	10	62	200	0.4725	189	0.169426019824881	0.0608180060332167	0.139648431315072	0.1966971948735	0.309196102528712	2.04488773143847	0.757172358480367	0.123590336942232
snp1295	10	63	200	0.4875	195	-0.126582460858031	0.0238520114483066	0.139178289971974	0.185845319115531	0.128343353288758	1.21949734344259	0.897877257812108	0.475405628162834
snp1296	10	64	200	0.455	182	-0.0784477521779003	-0.0984981706953983	0.136269242179911	0.181247489648162	0.543445709988056	1.56120803071526	0.586822960850929	0.295618573818246
snp1297	10	65	200	0.455	182	0.141433976435787	-0.0999706889670725	0.139775913171644	0.197434563561899	0.506348468897798	1.0658376045367	0.612612043007064	0.566654844980728
snp1298	10	66	200	0.455	182	-0.117638145170327	0.436238683875646	0.135099666030552	0.18238822698823	2.39181383074576	2.75635767539223	0.016765343986965	0.0223986673017909
snp1299	10	67	200	0.475	190	-0.0345790439720956	-0.136249642580154	0.133888189363401	0.183103183392737	0.744114002037384	1.35305033645794	0.456807509041028	0.400367418794326
snp1300	10	68	200	0.465	186	-0.0806731827164155	-0.116821580357037	0.137641549789211	0.191356260696776	0.610492596017818	1.48496717705569	0.541535546534692	0.33201877566185
snp1301	10	69	200	0.4675	187	0.00466007727583467	0.0405377283118219	0.161240130524871	0.202260794895461	0.200423064354978	0.361541200339777	0.841149722679112	0.936733908212792
snp1302	10	70	200	0.4575	183	0.0507534294550701	0.0563475856095247	0.13102135655584	0.190336123008726	0.296042520562118	0.84888775035703	0.767197609267999	0.697463423315189
snp1303	10	71	200	0.4375	175	0.129004599188324	-0.131158182051278	0.145684709556844	0.188357530296876	0.696325662396164	0.887001992001688	0.486224905508278	0.67476805667072
snp1304	10	72	200	0.4575	183	-0.265688744165136	0.28536788207588	0.136863466139426	0.182862216031488	1.56056230898318	1.9507024099642	0.118627057644765	0.149177270379317
snp1305	10	73	200	0.4375	175	0.0785880578599179	-0.11525426910558	0.150885822534557	0.190434534121772	0.605217271316356	0.60992693051864	0.545034641446069	0.830269086371141
snp1306	10	74	200	0.4475	179	0.177468589286577	-0.165335989490084	0.141018575014274	0.18684697519902	0.884873781413781	1.26052471216461	0.376224710253527	0.451824578570184
snp1307	10	75	200	0.485	194	-0.0252394941537715	-0.21135826034926	0.12604188771178	0.17404719735037	1.21437324798618	1.92679511131004	0.224605226277132	0.156254420356508
snp1308	10	76	200	0.4725	189	-0.0584263490589833	0.0987104385644423	0.140811460216648	0.192180576161591	0.513633794507119	0.516515858376938	0.607508047486823	0.875119950287208
snp1309	10	77	200	0.4675	187	0.146880619799519	0.0253453882373651	0.133587156262999	0.181636114616615	0.139539365785611	1.77244179664016	0.889023950807438	0.207884017861022
snp1310	10	78	200	0.455	182	-0.0393060909304118	-0.0198177567709136	0.14491180647208	0.194308272902913	0.101991317584381	0.519753436226438	0.918763566709649	0.873653166080571
snp1311	10	79	200	0.465	186	0.123611451670708	0.070238551216492	0.142577445286273	0.195311296301765	0.359623598565288	1.68705142727235	0.719128633605836	0.240972789349173
snp1312	10	80	200	0.47	188	0.128987041794793	-0.108362966194544	0.146969297163452	0.201472123312691	0.537855880073102	0.892114014579581	0.590676549939905	0.671706555289764
snp1313	10	81	200	0.4425	177	-0.000215703621044571	0.161197882998268	0.130355100317414	0.1800078537644	0.895504721750913	1.27208937213897	0.370517342849666	0.445256087258243
snp1314	10	82	200	0.4125	165	0.00550792682638656	-0.00542323620050379	0.150927535255944	0.196733323111601	0.0275664341695043	0.0365133819755566	0.978007953138165	0.999333608605791
snp1315	10	83	200	0.45	180	-0.0998986022045033	0.117853182297787	0.154054520832592	0.195651866551404	0.602361655807782	0.666965421368488	0.546933427917484	0.80057790036092
snp1316	10	84	200	0.4825	193	-0.0419196993437973	0.285660730243163	0.132853234960651	0.184544333345495	1.54792469139848	1.91933464973214	0.121640429072791	0.158512353469515
snp1317	10	85	200	0.47	188	0.0865620580307639	0.182756174821891	0.139957998800609	0.181728440509431	1.0056553300605	2.40625777589599	0.314581398088591	0.0552969103881522
snp1318	10	86	200	0.4575	183	-0.0344241881473003	0.175250779459088	0.148838734910571	0.202708614994271	0.864545295541787	1.05533857770823	0.387288408957462	0.572999888533048
snp1319	10	87	200	0.4675	187	-0.182535409511921	0.19902899067489	0.132655154573446	0.183668706286219	1.08363038374503	1.38867931679181	0.278528713558457	0.381282342282306
snp1320	10	88	200	0.4375	175	-0.124053335143913	-0.0255237077964401	0.134615808709172	0.180710241706069	0.141241069435098	1.4006305919315	0.887679502540446	0.374979835098884
snp1321	10	89	200	0.455	182	-0.0304420229028351	-0.173438363636273	0.140989458940495	0.197899388898025	0.876396660960096	1.47342914433556	0.38081443292368	0.337733984427768
snp1322	10	90	200	0.4475	179	-0.0279036183250772	0.185251274940184	0.151403937404859	0.206270597816073	0.898098308249286	1.12851154784175	0.369133140877663	0.528998778179498
snp1323	10	91	200	0.465	186	-0.109317644028499	0.0826870624149287	0.135674753708256	0.185957972577438	0.44465457043255	0.82838458401813	0.656569404578319	0.709559794115486
snp1324	10	92	200	0.4475	179	0.314202051971218	-0.43391128922154	0.137572384144345	0.189588991505247	2.2886945374649	2.45720539105698	0.0220971066353511	0.0488535043107574
snp1325	10	93	200	0.4775	191	-0.240372665197088	0.339095397654276	0.139849490219788	0.187971316488974	1.80397415939877	1.89011954516099	0.0712353579808891	0.167583097291986
snp1326	10	94	200	0.445	178	-0.0625108599900167	-0.0121735333311614	0.144100825606328	0.18411492263883	0.0661192105272298	0.737491190363919	0.947282916528316	0.761894923912237
snp1327	10	95	200	0.4375	175	0.129476993524385	-0.19288197460917	0.141598603046157	0.190487696901524	1.01256919867578	1.04716979012457	0.311265978324205	0.577941697557686
snp1328	10	96	200	0.4725	189	0.0523027781321956	0.150340103702787	0.138612465926633	0.185359555968929	0.81107285198713	1.60308040220556	0.41732383511901	0.276669012503352
snp1329	10	97	200	0.46	184	0.0693749799385905	-0.105314557143138	0.136826640787083	0.190988733509224	0.551417642329417	0.575844714299654	0.5813474094224	0.847216874021165
snp1330	10	98	200	0.465	186	0.0995123444594527	-0.139071206391648	0.135849365592333	0.190067437376728	0.731694015087912	0.789006739769382	0.464355350195187	0.732519133435677
snp1331	10	99	200	0.4525	181	0.174898871820258	-0.0140718669084196	0.130105790789994	0.177892212375571	0.0791033329705892	1.94175075522958	0.936950432495816	0.151799000598127
snp1332	10	100	200	0.475	190	-0.119765126390383	0.131024111709897	0.135113194959724	0.183548272641289	0.713840069560117	0.898977016079026	0.475326079204407	0.667590820212812
snp1333	10	101	200	0.4675	187	-0.0340159777280409	0.15366244599366	0.127943085645906	0.184121564308429	0.834570608667294	0.934785491599637	0.403959516399362	0.64602830675549
snp1334	10	102	200	0.4475	179	0.228294463108641	-0.232688794551509	0.134091435056458	0.181846700210905	1.27958766522372	1.7028584521264	0.200690190202066	0.234602319917756
snp1335	10	103	200	0.4425	177	-0.0492516543302296	0.115349570847996	0.142245262477265	0.205189110614701	0.562162243904828	0.56958429529625	0.574005483045405	0.850259965303645
snp1336	10	104	200	0.44	176	0.00221402349479699	0.0589450603206357	0.145002637921834	0.19437310268251	0.303257289754317	0.468834330094089	0.761693792319803	0.895921201582112
snp1337	10	105	200	0.4775	191	-0.0489727523749965	0.153576401522083	0.139325442576819	0.189131141193891	0.812010124576163	0.891893525682545	0.416785821971304	0.671838677463457
snp1338	10	106	200	0.4725	189	0.141726182574932	-0.174710983214349	0.14201317490832	0.185495714066707	0.941859945893525	1.03836509049884	0.346264349281302	0.583272360773906
snp1339	10	107	200	0.4525	181	0.0221961254056331	0.046359467019187	0.136557761515709	0.184881007056884	0.250752999224648	0.542016704639286	0.802005081912401	0.863388034918851
snp1340	10	108	200	0.4575	183	0.052415877499757	0.00329270547005778	0.13321860999363	0.188055108517498	0.0175092583020758	0.574262109392617	0.986030346922342	0.847988262106116
snp1341	10	109	200	0.47	188	-0.0304518664737593	-0.0176418344632294	0.142126271394561	0.1846655900043	0.0955339566121583	0.443147433530939	0.923890720116697	0.906476816436315
snp1342	10	110	200	0.445	178	-0.00631540009487091	-0.173917580892481	0.137116979906722	0.180982931486481	0.960961232443473	1.51580141765575	0.336571660740541	0.317008412093754
snp1343	10	111	200	0.4525	181	0.0223310309947969	-0.00993241942998207	0.14286381334005	0.186305841319904	0.0533124423776235	0.183991561601966	0.957482966717224	0.983216000097687
snp1344	10	112	200	0.4725	189	0.132091612646982	-0.282894264800614	0.130395087606641	0.178770080603393	1.58244748699433	1.5990550696107	0.113547451350206	0.278457855497899
snp1345	10	113	200	0.47	188	-0.143091477153161	0.384697644623375	0.135612835400472	0.181453040956627	2.12009477821499	2.25817307668884	0.0339980532415239	0.0781072167730451
snp1346	10	114	200	0.4275	171	0.1075681829508	-0.185514187687302	0.155468325961584	0.198191635186697	0.936034396772328	0.938013491787203	0.349255478105787	0.644078506768592
snp1347	10	115	200	0.4325	173	-0.0370125097044169	-0.038470354043406	0.154155662939782	0.201775186135203	0.190659489802816	0.609866241357276	0.848792378858474	0.830299818613119
snp1348	10	116	200	0.4575	183	-0.00282492886690915	-0.137007602877014	0.14439504312005	0.190122797554079	0.720626903451927	1.09118838033296	0.471139096646286	0.551371735798091
snp1349	10	117	200	0.4825	193	0.101428860342422	0.0300889703360848	0.143294521383629	0.192357511532614	0.156422123037203	1.23828129334197	0.875700300148031	0.464557341422714
snp1350	10	118	200	0.4575	183	-0.0326064016236866	0.116671458346166	0.140211860890401	0.194813176313059	0.59888894865447	0.661281687725004	0.549246941495881	0.803605553522916
snp1351	10	119	200	0.455	182	-0.000511589505752616	0.0452301964474994	0.14114830046875	0.18833558928911	0.240157458387047	0.352297262424968	0.81020819193732	0.939829615216177
snp1352	10	120	200	0.4525	181	-0.187964406079375	0.196572158286675	0.138999214988638	0.19386375631163	1.01397064632695	1.35417998001628	0.310596759097534	0.399755683737724
snp1353	10	121	200	0.445	178	-0.12161623549017	0.2923513649206	0.155430128353542	0.201410656905358	1.45151884916385	1.50626949468132	0.146635437437661	0.321607347477668
snp1354	10	122	200	0.46	184	-0.142426681027251	0.104377567034295	0.156229175957197	0.208159757206846	0.50143009597468	0.955273641463451	0.616068463313488	0.633640281414836
snp1355	10	123	200	0.45	180	-0.198899976546536	0.594040942341924	0.139065476471797	0.18656363995366	3.18411959848915	3.43087434687639	0.00145195009017087	0.00277959681596125
snp1356	10	124	200	0.45	180	-0.0926124625390392	0.443280942579108	0.142326959648659	0.184583030018578	2.40152598283001	3.00326343243022	0.0163268495418	0.0110007082456719
snp1357	10	125	200	0.4625	185	0.00408165972765491	0.00961768755886199	0.145609830572098	0.196244739515959	0.0490086388179585	0.10439923970925	0.960912411432954	0.994565221510425
snp1358	10	126	200	0.49	196	0.0351617471513474	-0.341323215975085	0.140208023284375	0.191334490049479	1.78390846254023	2.36297631785733	0.0744385405853071	0.0613090054268403
snp1359	10	127	200	0.465	186	0.0705016897315894	-0.211234608426592	0.140482278281631	0.194335872319933	1.08695633958325	1.15807947585109	0.277056105538829	0.511414922834584
snp1360	10	128	200	0.4675	187	-0.132144612998034	-0.0501090599999489	0.144467262535588	0.184911384863995	0.270989587995378	1.8306327660598	0.786399040322732	0.187194300380806
snp1361	10	129	200	0.4725	189	-0.025496752096883	-0.0278233559435436	0.135927428190644	0.186609667501928	0.14909922039948	0.458306292197425	0.881475341046086	0.900304419704036
snp1362	10	130	200	0.46	184	-0.222758087571249	0.304788213982505	0.14210012603819	0.184414336150377	1.65273600927626	1.72611174321645	0.0983846024233932	0.225433317109908
snp1363	10	131	200	0.4725	189	0.13272814746555	-0.042837501170212	0.146322891652297	0.196312351517901	0.218210931910241	1.1299156026242	0.827264767879713	0.528160726933751
snp1364	10	132	200	0.47	188	-0.053714195399105	0.175524141423967	0.132980441153179	0.190341374309603	0.92215442943301	0.98082321919987	0.35644802932133	0.618160532666236
snp1365	10	133	200	0.48	192	0.0890689535255431	0.19411369426435	0.138727401088143	0.187384722704807	1.03590992617975	2.3362251397919	0.30024416634762	0.0652862421388697
snp1366	10	134	200	0.445	178	-0.0392181390100401	0.177412084089486	0.154299764314998	0.205457870650078	0.863496168475541	1.03235679954356	0.387864725149711	0.586912061292163
snp1367	10	135	200	0.455	182	0.0164042758352942	0.049686228145765	0.141462394044704	0.193312354167403	0.257025622391098	0.480535862044688	0.797158993543979	0.890958564256338
snp1368	10	136	200	0.4575	183	-0.0241847334593737	0.213196772785256	0.144056433716377	0.189659794772401	1.12410104124124	1.48772198850835	0.260970163646322	0.33066207136433
snp1369	10	137	200	0.465	186	0.083877955944175	-0.00353330770761368	0.150266000065413	0.198194276062014	0.0178274962214757	0.84107369505499	0.985776469430621	0.702083820082855
snp1370	11	1	200	0.4225	169	-0.0297294417693221	-0.236424110037441	0.123238310169578	0.180860502130426	1.3072180340788	2.03427413309697	0.191138672406558	0.12629490078237
snp1371	11	2	200	0.465	186	0.0243803451477751	-0.156307349385396	0.15525128084947	0.196835592837983	0.794101042051137	1.1089354055021	0.427136611032474	0.540711795935037
snp1372	11	3	200	0.4575	183	-0.138053079742848	0.276301632881306	0.131038883786343	0.193584259536173	1.42729390056466	1.43017835854239	0.153495197988025	0.35962082423457
snp1373	11	4	200	0.465	186	-0.120695935795902	-0.138297121340337	0.13114611103727	0.186495294821899	0.741558233264858	2.06812309463491	0.458355037080114	0.117823614255506
snp1374	11	5	200	0.4375	175	0.0978620376246218	0.0756446923187553	0.139582693304983	0.185735516954307	0.407271013962099	1.53208189364669	0.683808949485383	0.309240043327572
snp1375	11	6	200	0.42	168	-0.025478730946917	0.0465768072949674	0.138983861915086	0.185113176856007	0.251612597687726	0.251945197860852	0.801340520298398	0.968760178663231
snp1376	11	7	200	0.485	194	0.036420281092845	0.08984711801142	0.144579003675776	0.186138504258205	0.482689588430275	1.09868132353817	0.629316156957631	0.546866630975854
snp1377	11	8	200	0.445	178	-0.0903891333800547	0.0586379423261001	0.145749000535458	0.189105963630855	0.310079815571361	0.678340337324827	0.756500261139412	0.794475757302263
snp1378	11	9	200	0.47	188	0.0866026093935147	-0.0301192014162781	0.139216144690662	0.190397980862051	0.158190760636796	0.773371993533419	0.874306484029537	0.741520760224218
snp1379	11	10	200	0.46	184	0.0965637158158035	-0.17841023423013	0.13498730560451	0.187544985173457	0.951293014127368	0.952496227983807	0.341455652256072	0.635321231158274
snp1380	11	11	200	0.4325	173	-0.0890723059224622	0.127260327066955	0.140997079853247	0.187979696768923	0.676989745458474	0.703766177105774	0.498412460649357	0.780638256751306
snp1381	11	12	200	0.445	178	0.145656736807185	-0.0223139329091179	0.139193913437117	0.194108187238436	0.114956165561982	1.40506733834847	0.908479866445218	0.372653176857628
snp1382	11	13	200	0.4675	187	0.00629507339982665	0.219342745939969	0.128077679565437	0.17610909906196	1.24549354410585	1.78333161312336	0.212950387131489	0.203897916197332
snp1383	11	14	200	0.4725	189	0.176005673341169	-0.283180682737337	0.127368527862648	0.175372619415568	1.614737144721	1.65159335721671	0.106367629971112	0.255666783629544
snp1384	11	15	200	0.465	186	-0.104132096118626	0.00464619076720646	0.138398059198166	0.182364702220957	0.0254774674628483	1.13768814280058	0.97967412101273	0.523526748149957
snp1385	11	16	200	0.485	194	-0.196086139019163	0.194766641213442	0.135157891091265	0.187615324296999	1.03811691258824	1.45221196487078	0.299215628513096	0.348380573251366
snp1386	11	17	200	0.4425	177	-0.0679977935868327	0.141978369096422	0.134126203633377	0.18692396860352	0.759551437716206	0.760707515869692	0.447522756352217	0.74875911024804
snp1387	11	18	200	0.46	184	-0.0720513675994061	0.151966315478855	0.134587091831531	0.180764241694976	0.840687926184456	0.849558170685546	0.400522786276886	0.697066445062937
snp1388	11	19	200	0.4675	187	-0.020248867279311	0.288403761438734	0.133299381191565	0.180382570944146	1.59884494343988	2.14882983161894	0.109855059940545	0.099386914125016
snp1389	11	20	200	0.485	194	-0.0663751151074246	0.053186702417086	0.142907940923758	0.188126332355188	0.282718010558288	0.480547322357051	0.777393008846985	0.890953657621378
snp1390	11	21	200	0.4675	187	-0.0927791202938604	-0.0275324092732291	0.137834491279558	0.181236435220065	0.151914317006943	1.18319915308353	0.879254516018839	0.496595177033929
snp1391	11	22	200	0.485	194	0.226365938767471	-0.115571597016746	0.143019137172649	0.202465664185952	0.570820724004842	1.75208859004365	0.568121173410991	0.215475683437815
snp1392	11	23	200	0.485	194	0.266818288451621	-0.0789602779184851	0.153080347455892	0.20453855601179	0.386041045063082	2.17121474401169	0.699466270912362	0.0946956956497868
snp1393	11	24	200	0.445	178	-0.058955013526994	0.0206754824408847	0.146295789710781	0.191589525601711	0.107915515610526	0.476871767836401	0.914062709322292	0.892522691073353
snp1394	11	25	200	0.47	188	-0.0528526986983981	-0.139300982520644	0.139241135028039	0.186732428974785	0.745992451795581	1.61267028718391	0.455671974766711	0.272435680505156
snp1395	11	26	200	0.4525	181	0.144176285837953	-0.300734189704621	0.139304411231891	0.185336014408427	1.62264301768079	1.63437525313882	0.104665738992708	0.263002633371188
snp1396	11	27	200	0.4525	181	0.0727104193812393	-0.287533464514273	0.131554469033588	0.186979338342028	1.53778201946735	1.69905234460504	0.124101921376568	0.236126066887538
snp1397	11	28	200	0.4525	181	-0.0665351534545455	0.0643586023627935	0.149415096443225	0.192721019327375	0.333946979874923	0.445460782398895	0.73841956793371	0.90554559065585
snp1398	11	29	200	0.4675	187	0.0197051643396018	-0.0151097239790921	0.140139076547894	0.184057154340665	0.0820925653948014	0.145337360286387	0.93457310512588	0.989494102391768
snp1399	11	30	200	0.465	186	-0.214781587292808	0.269359517951654	0.142502911779513	0.187024085132097	1.44023973041442	1.57206437542051	0.149799586262694	0.290633225503542
snp1400	11	31	200	0.4575	183	0.142328091097749	-0.208805549359899	0.140349537381828	0.193528193373392	1.0789412422046	1.12925536958078	0.280613922001562	0.528554770663066
snp1401	11	32	200	0.4625	185	0.182815932482063	-0.132868536700587	0.157592211557492	0.198158061945728	0.67051794610798	1.21592064180863	0.502527670167778	0.477480716777826
snp1402	11	33	200	0.47	188	-0.0585819572391937	-0.152641413903962	0.148366117859025	0.192839574401609	0.791546104463338	1.81577843953511	0.428625383202164	0.192333262247304
snp1403	11	34	200	0.4825	193	-0.0724332665296061	0.122731680467614	0.130913266474323	0.183755467644637	0.667907638563244	0.677168487684234	0.504192551181266	0.795107001457545
snp1404	11	35	200	0.4725	189	0.00102199064358533	0.00437783739212705	0.151248406653953	0.200947041802768	0.0217860255759523	0.0421563263996871	0.982618641517567	0.999111816740702
snp1405	11	36	200	0.445	178	0.0632341883259206	-0.116749049729603	0.134469673105612	0.184384951072675	0.633181010979504	0.633348646668715	0.526615444588375	0.818268092920422
snp1406	11	37	200	0.47	188	0.226120365092636	-0.215762472401295	0.134272497981458	0.185991659173001	1.1600653134698	1.68621027142772	0.246022215202588	0.24131490474498
snp1407	11	38	200	0.46	184	0.0500981206898654	-0.0531903161572895	0.138106804199837	0.187959920667088	0.282987543134259	0.363636497019601	0.777186386016458	0.93602251249551
snp1408	11	39	200	0.455	182	-0.00103601434558227	0.10650456095103	0.137157856364344	0.188204500887947	0.565898054767776	0.787582738824073	0.571463084004155	0.733341871624858
snp1409	11	40	200	0.4625	185	-0.0014582714649509	0.12821216578453	0.13454140138221	0.187862324039143	0.682479397826547	0.94923637637938	0.494935865670316	0.637293580854183
snp1410	11	41	200	0.46	184	-0.211878454771201	0.441471604634987	0.135250500809041	0.189778623308384	2.32624516364844	2.32728474432196	0.0200054755580975	0.0666615375656743
snp1411	11	42	200	0.4825	193	0.263799132144008	-0.222988631681565	0.137797351000604	0.187063562164874	1.19204739341501	1.93272396834621	0.233242662557609	0.154476859755049
snp1412	11	43	200	0.4475	179	-0.251257282683731	0.309309256168101	0.136819378461362	0.191240352318282	1.61738488984436	1.90572387884205	0.105795225320586	0.162692762217651
snp1413	11	44	200	0.465	186	-0.0875514499119665	0.21294168861964	0.148039138994263	0.199678979905935	1.0664201545899	1.0850346208697	0.286233754860799	0.555076096267307
snp1414	11	45	200	0.44	176	-0.181689420236689	-0.0536773185590171	0.136631562218043	0.187111794497313	0.286872982556895	2.26084997337736	0.774209578190659	0.0776362127837562
snp1415	11	46	200	0.4525	181	0.038441774973124	-0.0232123720294152	0.146118066483041	0.189970229924421	0.122189524319943	0.288624337203052	0.902748922669517	0.959203521475106
snp1416	11	47	200	0.47	188	0.0420502653701936	-0.0344067791468488	0.14516286744259	0.202408030482033	0.169987223653673	0.294426079361895	0.865020184465461	0.957582539888055
snp1417	11	48	200	0.4475	179	-0.0441767698203085	-0.254847626684414	0.138582016509717	0.187995936850343	1.35560178030491	2.33880294477525	0.175225905102225	0.0648940325913408
snp1418	11	49	200	0.4625	185	0.0284943443428019	0.0365488848939627	0.131681338772913	0.186084072794684	0.196410602718744	0.516093035507647	0.844288798118068	0.875311014489126
snp1419	11	50	200	0.455	182	-0.0689006942006422	0.226286721693349	0.132161981700965	0.189050150721909	1.19696662937981	1.28248195627338	0.23131956190952	0.439384680563312
snp1420	11	51	200	0.455	182	0.117393205824382	-0.264988620390302	0.145548354523324	0.191434184760002	1.38422832224304	1.43957826615528	0.166288553692312	0.354802922270216
snp1421	11	52	200	0.455	182	0.00617062697773629	-0.0568368136113735	0.13360557172079	0.186450447500077	0.304836026801974	0.388053716431925	0.760491041169041	0.927471842531188
snp1422	11	53	200	0.475	190	-0.0535948999259664	0.254871219213258	0.133345919987362	0.181504611517535	1.40421346368181	1.6637199252528	0.160255293814845	0.25057876046478
snp1423	11	54	200	0.4775	191	-0.0157544542800677	-0.166420418975637	0.138529979530935	0.193112387967883	0.861780130870295	1.29989846790582	0.388808520659424	0.429614057753936
snp1424	11	55	200	0.44	176	0.0293668784940574	-0.180941354178711	0.143428955998928	0.189391020055247	0.955385076472631	1.24601105085838	0.339382998073017	0.460118244426405
snp1425	11	56	200	0.44	176	0.230394362119092	-0.281844106038795	0.131252394749483	0.180247259218366	1.5636526583594	1.8118079180159	0.117899161226544	0.193723389268476
snp1426	11	57	200	0.4525	181	-0.0963585965453127	0.0575119238618573	0.136479007036819	0.180086491223234	0.319357234799838	0.756499922070266	0.749455635897776	0.75115289000076
snp1427	11	58	200	0.4575	183	-0.106411970574952	0.125382333159452	0.151736504843742	0.191042346384182	0.656306497132896	0.72001273777901	0.511626938011115	0.771661596715951
snp1428	11	59	200	0.4575	183	0.0401342521351339	0.127978962553136	0.138469754358487	0.189955481303802	0.673731348391337	1.33762995729276	0.500482127908201	0.408760057600263
snp1429	11	60	200	0.4725	189	0.196374658011599	-0.210372136587993	0.138423758203187	0.189390850439748	1.11078299769777	1.42327932433594	0.266661766612835	0.363178068726265
snp1430	11	61	200	0.465	186	0.011577847433122	-0.147816381460051	0.13776693597124	0.185148532767608	0.798366475015957	1.06334685822711	0.424657852204394	0.568159397373815
snp1431	11	62	200	0.4475	179	-0.0998013484068082	0.253584501457871	0.145935129534281	0.192347867530607	1.3183639866323	1.40896684393943	0.18738183042537	0.370614150323127
snp1432	11	63	200	0.4525	181	-0.0458109172044263	0.0300776826148439	0.155060655014247	0.202241987499804	0.148721257077604	0.321488073439768	0.881773587052485	0.949635273551551
snp1433	11	64	200	0.465	186	0.105292350193609	0.162012656597432	0.141629775110013	0.191317303291218	0.84682699269925	2.18192665564098	0.397091560499011	0.0925133828658232
snp1434	11	65	200	0.4725	189	-0.0612121613057326	0.167899913099416	0.146506299027469	0.189521495555852	0.885914880562643	0.979733718353556	0.375663396859111	0.618821089585507
snp1435	11	66	200	0.4775	191	0.0536986919675101	-0.0252607629478314	0.143839290928644	0.19464528889888	0.129778445143641	0.424421726606418	0.896741716955981	0.913870044399102
snp1436	11	67	200	0.48	192	0.0601892623705603	-0.0134814328883529	0.143931964492107	0.19976078772364	0.0674878840936683	0.533567709621634	0.946193307127836	0.867320026982917
snp1437	11	68	200	0.4525	181	-0.0176329884443931	0.110051399147083	0.145391787953322	0.192695661190178	0.5711150861797	0.749407414623298	0.567921632882294	0.755175024140046
snp1438	11	69	200	0.4525	181	0.138414730981908	-0.305915956571487	0.134915173265528	0.183321097050899	1.66874386796054	1.69662801225091	0.0951681513019052	0.23709999524224
snp1439	11	70	200	0.4725	189	-0.0847166035451057	-0.0416090012793312	0.146606230975571	0.189339539183667	0.219758648715041	1.13832885254367	0.826059125887206	0.52314516658109
snp1440	11	71	200	0.4675	187	-0.170724049743886	0.0803867450183125	0.144520314449848	0.186158997068472	0.431817673516716	1.34048822099616	0.66587393335118	0.407198566019668
snp1441	11	72	200	0.4625	185	-0.0539662957040957	0.0309120948842671	0.143392852751467	0.193121888220526	0.160065206326942	0.41341889486657	0.872829709066805	0.918092077305048
snp1442	11	73	200	0.4725	189	0.113324877472467	-0.339749873189914	0.149869988080514	0.202371136264345	1.67884550861106	1.80493400445045	0.093182156736199	0.196146513683599
snp1443	11	74	200	0.435	174	-0.102116184952393	0.239949588674293	0.13605929530378	0.187591009805017	1.27911027785232	1.30128998963384	0.200858224820216	0.428837243182394
snp1444	11	75	200	0.4375	175	-0.072539712473385	0.0492587194149072	0.160730505760261	0.206219234634055	0.23886578525189	0.488048802286286	0.811209657064893	0.887722738017722
snp1445	11	76	200	0.4675	187	0.0767896380799603	-0.195897753445541	0.166234448407688	0.220640995350975	0.887857458827744	0.954360068347738	0.374617430537136	0.634193243807966
snp1446	11	77	200	0.46	184	-0.111706045361249	0.133322945624143	0.141249278659595	0.192793837739365	0.691531156739461	0.808149251815488	0.489231807888819	0.721406423307634
snp1447	11	78	200	0.4625	185	-0.0271690546820052	-0.171056338134588	0.151457846435045	0.198902123443931	0.860002573993675	1.54956261167757	0.389787623625938	0.301021934813297
snp1448	11	79	200	0.4575	183	0.037797371185841	-0.007601465166053	0.146935803713739	0.19833309858088	0.0383267604874994	0.330516911122221	0.969427154673418	0.946844204352993
snp1449	11	80	200	0.475	190	-0.188153325360731	0.491182479146178	0.136058007510955	0.182090394282294	2.69746507542128	2.83752264092107	0.00698696133086328	0.0178497215758481
snp1450	11	81	200	0.4825	193	0.0527313988155225	-0.0265086814936736	0.131417111553755	0.191766468059023	0.138234185371316	0.442716115249413	0.890055338416909	0.906650010454886
snp1451	11	82	200	0.4375	175	-0.1537649989464	-0.191637907963263	0.140435305167399	0.188400931107082	1.01718132090515	3.00560484048309	0.30906718024822	0.0109235941460154
snp1452	11	83	200	0.4475	179	-0.0215159765927285	0.074190155009095	0.145098440149299	0.187543755677219	0.395588510751505	0.446453152764545	0.692408614239407	0.905144926063277
snp1453	11	84	200	0.4675	187	-0.0629578635502871	0.254143877288045	0.135059542233632	0.181857766319623	1.39748707152477	1.57218704269111	0.162267151751565	0.290577182763855
snp1454	11	85	200	0.4525	181	0.0825006767681023	0.167128846928269	0.131670997970782	0.182187307317349	0.917346270655119	2.01752684584466	0.358961218073731	0.13065339696553
snp1455	11	86	200	0.45	180	0.0659573287885918	0.0145184644793019	0.15161214621269	0.196802915798453	0.0737715923587754	0.756635040465434	0.941192131428402	0.751076106431998
snp1456	11	87	200	0.47	188	0.061258166855017	0.0669531247268953	0.130411875370466	0.184066272439836	0.363744665654484	1.07811995486385	0.716048686391488	0.559242931166107
snp1457	11	88	200	0.4675	187	-0.0296964654819783	0.0438170239375582	0.130512619677109	0.175921295106711	0.249071744901489	0.261057058393387	0.803305285133069	0.966498633819627
snp1458	11	89	200	0.4675	187	-0.0396793525113262	-0.044931480084111	0.137405825276104	0.178361178373553	0.251912890988016	0.769038804611437	0.801108395286995	0.744002903577229
snp1459	11	90	200	0.465	186	0.00609980395727162	-0.0624884629490093	0.136260765924375	0.184541306839982	0.338615045157309	0.454827109318733	0.734899747124627	0.901735670867081
snp1460	11	91	200	0.4275	171	0.238155102072116	-0.0734368546809512	0.153788805948848	0.197226307596736	0.372348169855239	1.9448121023115	0.709633638371505	0.150898620261165
snp1461	11	92	200	0.465	186	-0.129562761305597	0.156706009449547	0.153287359141264	0.195710403952016	0.800703520534188	0.879702815593456	0.423303303971204	0.679132845452783
snp1462	11	93	200	0.47	188	0.0420423492205003	0.113520984480747	0.14316176017402	0.183972739844884	0.617053290484568	1.28368108164374	0.537199576393815	0.438709173806431
snp1463	11	94	200	0.4775	191	0.0657541924603062	0.0282634259904115	0.140623327272352	0.193405280070264	0.146135751723755	0.850465246826455	0.883814223567783	0.696529196312593
snp1464	11	95	200	0.46	184	-0.0430296698663343	-0.241017670381848	0.136405165976151	0.193887144952698	1.24308226025324	2.05718880997327	0.213837522151749	0.12051116196341
snp1465	11	96	200	0.4725	189	0.0252010321494091	0.193408997554821	0.131850185635676	0.185182361840721	1.04442451015489	1.69082081412471	0.296289028601122	0.239443568328841
snp1466	11	97	200	0.46	184	0.121420098851475	-0.225244609330157	0.13982209634993	0.18516895403842	1.21642750805527	1.21921995189256	0.223822110389085	0.475566456458178
snp1467	11	98	200	0.435	174	0.0497914519497063	-0.104083494495247	0.123801893264906	0.172939809375432	0.601848093109051	0.602375141335337	0.547275258630415	0.834078375641589
snp1468	11	99	200	0.4725	189	0.153188302225653	-0.338400103090972	0.146992348772958	0.197426183105371	1.71405888402533	1.75399527448223	0.086517911992442	0.214756658784493
snp1469	11	100	200	0.44	176	0.0686022991356586	-0.086179957764022	0.141961326493174	0.194651187200951	0.442740468235896	0.506575833077388	0.657953467702766	0.879581073826234
snp1470	11	101	200	0.4525	181	0.217977422545105	-0.218410259090426	0.137823441699967	0.189937650447972	1.14990502712496	1.58159836790309	0.250182990129492	0.286296669835372
snp1471	11	102	200	0.4875	195	-0.122062067466544	-0.0884265870802722	0.135759099954094	0.181217006500733	0.487959650077956	1.99408703283408	0.625578421894037	0.136942856328513
snp1472	11	103	200	0.4625	185	-0.235520244659325	0.266557371339935	0.134030989990051	0.186616055494032	1.42837319454788	1.77416507033646	0.15318447035043	0.207249717428445
snp1473	11	104	200	0.45	180	-0.0793653561182011	0.303658907029502	0.170610445809235	0.218977650428943	1.38671186961173	1.67597893600282	0.165529639742361	0.245501383343613
snp1474	11	105	200	0.4775	191	0.0354758517381999	-0.0325256234434277	0.137487305674173	0.195126045745285	0.166690322243737	0.258955924339986	0.867613720727835	0.967026784485329
snp1475	11	106	200	0.47	188	0.155168994508945	-0.270871748496658	0.146988167197388	0.196873066515348	1.3758700125471	1.37609713081859	0.168861880772281	0.387972174660284
snp1476	11	107	200	0.4625	185	0.211808211908408	-0.00722183755328226	0.139470067670762	0.187335262495334	0.0385503372781306	2.14763278061963	0.96924889794217	0.0996428206881183
snp1477	11	108	200	0.4525	181	0.0718301508360988	0.406408119759904	0.139756742492754	0.187493076136868	2.16759001523464	3.85633281870268	0.0301898941200094	0.000589844624352636
snp1478	11	109	200	0.4425	177	0.0764020349487516	-0.0146205145187265	0.13249190544909	0.189169079956397	0.0772880775341112	0.737101001682904	0.938394375286294	0.762114140873139
snp1479	11	110	200	0.48	192	-0.0899697702733895	0.356952318849197	0.14041927661376	0.181284451062378	1.96901784326982	2.33322782835483	0.0489510421122991	0.0657447111788098
snp1480	11	111	200	0.465	186	-0.197286065912153	0.164780790115055	0.141850686484856	0.190850380313345	0.863402995815421	1.42108271730539	0.387915932874176	0.364314401156747
snp1481	11	112	200	0.4225	169	-0.157310363563915	0.413034110495578	0.136055708525221	0.184163824586968	2.24275376242814	2.36473532961139	0.0249126976275136	0.0610546087694223
snp1482	11	113	200	0.4775	191	0.0224387309783283	-0.137479394314382	0.138064783890089	0.18902795636909	0.727296622971175	0.905483906481577	0.467044266427017	0.663683066827541
snp1483	11	114	200	0.4625	185	0.198173386356407	-0.239018758964675	0.141977069134029	0.19418254426179	1.23089724605956	1.42812003418354	0.218361297748694	0.360680261252246
snp1484	11	115	200	0.435	174	0.209394699353222	-0.0257281052438758	0.156996077648733	0.203189754783467	0.126621075315994	1.96706962325324	0.899240315513102	0.144470282305927
snp1485	11	116	200	0.485	194	-0.117868393937196	0.036469092680351	0.143718500038389	0.191376956431682	0.190561566869571	1.03291293392131	0.848869103523459	0.58657510399705
snp1486	11	117	200	0.4625	185	-0.0501078617704968	-0.22928003364572	0.129525389058965	0.183211792535424	1.25144801255841	2.14241130427197	0.210771069600403	0.100765111599972
snp1487	11	118	200	0.4475	179	0.0870627387277794	0.135706719634724	0.13419931577963	0.186791442864843	0.726514649458098	1.77715710948683	0.467523330140733	0.20615155106389
snp1488	11	119	200	0.465	186	0.0229846002611776	0.0528201918881083	0.134759737463113	0.179687020855864	0.293956634355233	0.628754853153799	0.768791040837947	0.820643629418867
snp1489	11	120	200	0.465	186	0.0201329008544625	-0.13091928302193	0.146415245320047	0.196817093610987	0.665182482984403	0.850612849910545	0.505933783054777	0.696441758002916
snp1490	11	121	200	0.4275	171	0.0530599824253337	-0.00213507207131554	0.132884166270574	0.185945187531169	0.0114822658207147	0.533709825083203	0.990838678687534	0.867254253383511
snp1491	11	122	200	0.475	190	-0.0232414942786507	0.00133190149812988	0.135115476615264	0.177595514343803	0.00749963479117767	0.242943645176679	0.994016213281049	0.970920384492671
snp1492	11	123	200	0.47	188	-0.140908618304118	0.13080731523973	0.143994153084272	0.189662812015623	0.689683517024703	0.980549722255527	0.490393233610383	0.618326354677843
snp1493	11	124	200	0.4775	191	0.0852741003290908	0.11524119993603	0.142232869532363	0.188448737832272	0.611525453880194	1.6495803830675	0.540851772524932	0.256517671989192
snp1494	11	125	200	0.47	188	0.0549524584885751	-0.260054366177113	0.127460323835268	0.18937226512286	1.37324420769005	1.53515430074795	0.16967644071401	0.307786362922965
snp1495	11	126	200	0.45	180	0.125447193944822	-0.141106383034174	0.133244299331247	0.187003084221992	0.754567143217094	0.949501654597226	0.450508744379532	0.637133100637458
snp1496	11	127	200	0.475	190	-0.153052027291628	0.169003520604395	0.13712333676675	0.185876521330836	0.909224679880848	1.12577059502735	0.363231539307729	0.530635615578963
snp1497	11	128	200	0.48	192	-0.0279012431776841	0.222821846146645	0.141211164910827	0.195024407965951	1.14253312429256	1.48040720768931	0.253232485523314	0.334271162943537
snp1498	11	129	200	0.45	180	0.0888938109602773	-0.18578416947615	0.135791625660429	0.186727217362665	0.994949595994443	0.996692865128261	0.319760779515121	0.608536531089254
snp1499	11	130	200	0.45	180	0.184391188448145	-0.177107847937332	0.145320541527257	0.19127437711537	0.925936085158476	1.26893973323183	0.354479196919042	0.447041421422405
snp1500	11	131	200	0.445	178	0.068770845002958	-0.0595402253618812	0.132334167453774	0.177466591369368	0.335501036575148	0.524990514118079	0.737247162909711	0.871266376996973
snp1501	11	132	200	0.4775	191	0.017038477492957	0.164979464846475	0.134675053660937	0.180635738662358	0.913326820418702	1.45109574066087	0.361070680579777	0.348945536691769
snp1502	11	133	200	0.4675	187	-0.137602100135301	0.280942549807746	0.136242181058111	0.189085131637697	1.48579926604729	1.4863249682665	0.137332224358465	0.331349703376173
snp1503	11	134	200	0.465	186	-0.114829157958292	0.0142733767758184	0.133345570201181	0.186916639104944	0.0763622588345631	1.13593710948323	0.939130894987467	0.524569916730692
snp1504	11	135	200	0.4475	179	-0.078542978762402	0.134320514093759	0.141315920494363	0.18672383612288	0.719353869772494	0.721842638509092	0.471922912091696	0.770644271783325
snp1505	11	136	200	0.435	174	0.110372936237294	-0.0874202250828159	0.143949421272769	0.195075366230416	0.448135645069394	0.793569260251243	0.654055304301448	0.729879311362888
snp1506	11	137	200	0.4525	181	-0.165026473840869	0.120971121985274	0.1406450462295	0.185839640268767	0.650943586687543	1.21940188666907	0.515082903740084	0.475460970845602
snp1507	12	1	200	0.48	192	-0.151008558677717	-0.0524949927166221	0.141045125510261	0.184049721105112	0.285221799856147	1.88084005593453	0.775474219848375	0.170540980209493
snp1508	12	2	200	0.465	186	0.0250823491129019	0.00168753608634441	0.154143668952174	0.194320194133339	0.00868430630110656	0.28765894517415	0.993071013175277	0.959470379891047
snp1509	12	3	200	0.4825	193	-0.0119406112888048	-0.150147697157335	0.143943900750457	0.1982231553904	0.757468000454435	1.17381697324242	0.448769530000319	0.502116485521844
snp1510	12	4	200	0.485	194	0.0494871860299739	-0.222681006239112	0.1379972367649	0.182185587160466	1.22227564600364	1.47727372245562	0.221603405775833	0.335823744857793
snp1511	12	5	200	0.47	188	-0.0610964259134614	-0.129267817730111	0.141985082929032	0.184960027266246	0.698895970338676	1.60859908817863	0.484617046003628	0.274227969445084
snp1512	12	6	200	0.4475	179	0.048448397253864	0.00615795962219737	0.132891212696351	0.183901132484101	0.0334851642239329	0.566235594892919	0.973287696432469	0.851878494457598
snp1513	12	7	200	0.4675	187	-0.0502654046092905	0.276486384076071	0.139425121310607	0.18762148275189	1.47363926572148	1.8128293016009	0.140578743297736	0.193365124923026
snp1514	12	8	200	0.465	186	0.0460298637264047	-0.248304451176502	0.153812676963871	0.192491079474619	1.28995302979347	1.74924465086305	0.197066966860363	0.216551166565574
snp1515	12	9	200	0.4775	191	0.107010693533674	-0.0638763541175489	0.149296258701525	0.194657642079419	0.32814716871731	0.783880119824445	0.742800391233321	0.735478463266528
snp1516	12	10	200	0.45	180	0.301359198170182	0.00673342942352073	0.136351636807883	0.189819892304643	0.0354727280780151	3.20794772822898	0.971702792525526	0.00582576875270642
snp1517	12	11	200	0.44	176	-0.0267896116612364	0.216489644493263	0.131893021596641	0.176441954033755	1.22697374147107	1.61285594403835	0.219832460437334	0.272354119881194
snp1518	12	12	200	0.47	188	0.0584420903194339	-0.0343443489636377	0.145457902931094	0.196277373840211	0.174978645228855	0.431064524834448	0.861096413341383	0.911277049375918
snp1519	12	13	200	0.46	184	-0.142454248035424	-0.00434967181594209	0.141509369311721	0.192069839269844	0.0226463032013637	1.52825476887708	0.981932408672142	0.311056310871412
snp1520	12	14	200	0.46	184	0.0647397710225988	0.0175137116682052	0.138929315950735	0.184813359977349	0.0947643161206078	0.809495118936755	0.924502030886991	0.720621551217778
snp1521	12	15	200	0.455	182	-0.044972152861887	0.223697828983845	0.150145723987361	0.198255156141321	1.1283329691783	1.39087874946397	0.259179324794275	0.380118646312904
snp1522	12	16	200	0.47	188	-0.119294812559697	-0.051542161456512	0.145360073729888	0.194437886964206	0.265082912909872	1.56233239883802	0.790945590143331	0.295099921740602
snp1523	12	17	200	0.4525	181	-0.279870706429363	0.0163798572035198	0.145946395844961	0.184365943844142	0.0888442673412982	2.91563675929924	0.929205676516957	0.0142575476036632
snp1524	12	18	200	0.4625	185	0.0552162086040772	-0.405495284673155	0.148420234776936	0.198282098646239	2.04504232828709	2.72559985462658	0.0408506852167041	0.0243689064835328
snp1525	12	19	200	0.4625	185	-0.0518233436603616	0.13278368517494	0.133688096100556	0.188059562790332	0.70607249748305	0.723263646176203	0.480143053925698	0.769853416113919
snp1526	12	20	200	0.465	186	-0.0921162298194337	0.235036720895609	0.144561718117362	0.189625753311063	1.2394767946422	1.31993795493477	0.215168977281982	0.418483380277941
snp1527	12	21	200	0.4625	185	-0.118104931576215	0.0231934881247709	0.132382265226463	0.189150140612373	0.12261946012666	1.10825603233187	0.902408443781511	0.54111918651973
snp1528	12	22	200	0.4775	191	0.0378634958010583	0.130508614056547	0.141960846608301	0.186443398757856	0.699990532923321	1.42076321102177	0.483933216729597	0.364479835191974
snp1529	12	23	200	0.445	178	-0.0749360285450111	0.143863495469678	0.151279907250845	0.199612754059104	0.720712943157334	0.72509466445761	0.471086147340643	0.768833278315564
snp1530	12	24	200	0.475	190	0.177958398258316	-0.226911134839687	0.140144573022629	0.189385638775804	1.19814330329612	1.32366248673206	0.230861233148188	0.41642821324269
snp1531	12	25	200	0.46	184	-0.0246915953205861	-0.0203234185238971	0.136091359105309	0.175425426282272	0.115852182631697	0.43330802592328	0.907769693151108	0.910393893917883
snp1532	12	26	200	0.4525	181	-0.0274786846323131	0.191441613680131	0.133199809889251	0.181103287264289	1.05708524992567	1.33877156256985	0.290472682294373	0.40813607281759
snp1533	12	27	200	0.4275	171	-0.210801720146085	0.293704318651223	0.147891051969516	0.189160771803984	1.55267033354871	1.60044708283383	0.120501913220131	0.277838454677849
snp1534	12	28	200	0.475	190	-0.0144843107438827	-0.00298036089651266	0.137440352139867	0.183025229459863	0.0162838801257519	0.17807700942806	0.987007917633952	0.98426932939806
snp1535	12	29	200	0.47	188	0.110035414779848	-0.314468990585034	0.155750481789637	0.199552162547947	1.57587362907919	1.7623828237176	0.115054929514637	0.211612901715258
snp1536	12	30	200	0.4525	181	0.0786332541840197	-0.0176433701983988	0.133550128549097	0.193700365931623	0.0910858898667595	0.748654461399685	0.927424344288385	0.75560105184728
snp1537	12	31	200	0.4575	183	0.156840438313307	-0.239599143923237	0.154095179585967	0.198609668817557	1.20638207268415	1.21497965567289	0.227670205191622	0.478027134268608
snp1538	12	32	200	0.4375	175	0.120687915208453	-0.095320509523791	0.140408380701952	0.1870785306605	0.509521371518431	0.8775865022713	0.610386822051288	0.680396859264549
snp1539	12	33	200	0.465	186	0.125405979569278	-0.225151177010395	0.14089654963688	0.187051362810935	1.20368637590719	1.20425096211563	0.22871082006063	0.484271204230276
snp1540	12	34	200	0.45	180	0.0360231343385403	-0.100930271151319	0.128253240081791	0.182492022287124	0.553066758132146	0.572423258682767	0.580217698124063	0.848882760457245
snp1541	12	35	200	0.49	196	-0.0610682679117807	0.0236768447177299	0.147333675347934	0.192436573209106	0.12303713542021	0.476019283503465	0.902077691544708	0.892885273812278
snp1542	12	36	200	0.485	194	0.1582688043921	-0.0786172975758392	0.137186228781141	0.18851994274143	0.417023771769702	1.27661715271144	0.676661020104099	0.442694360899195
snp1543	12	37	200	0.465	186	0.153912214368759	-0.220218164381554	0.136686950151314	0.188084468360238	1.17084715341711	1.24464151031589	0.241660220299889	0.460903657096981
snp1544	12	38	200	0.485	194	0.0446204512210044	-0.0305834539106328	0.127488790060563	0.184210909133469	0.166024119062752	0.361616794754517	0.868137969311171	0.936708304484411
snp1545	12	39	200	0.445	178	0.0379648859999756	0.216726859239898	0.138678846388621	0.192919958815122	1.12340299350566	1.94310470340354	0.261266379031969	0.151400301859244
snp1546	12	40	200	0.455	182	0.0469622550042255	-0.166949794779592	0.1434860168134	0.197169284543444	0.846733278797321	0.938711526128494	0.397143805117635	0.643656767521809
snp1547	12	41	200	0.48	192	0.0290514061945723	0.241837461132962	0.146796122549951	0.191785170783547	1.26098102447089	2.22046358075337	0.207315683883732	0.0849893557566181
snp1548	12	42	200	0.46	184	-0.0816581031651582	0.0788160170392051	0.141473970949864	0.19535057016237	0.40345936525138	0.577622526708566	0.686610322056398	0.84634864725147
snp1549	12	43	200	0.4725	189	0.0788684640669184	-0.0620385229144518	0.138818523701541	0.185026036499028	0.335296178247745	0.579637285101583	0.737401676365846	0.845362549363938
snp1550	12	44	200	0.4825	193	0.297118016977958	-0.407923438660657	0.135551118045542	0.181721172449336	2.2447766166289	2.3743247217392	0.0247824766302445	0.0596829471281992
snp1551	12	45	200	0.465	186	-0.152240042923138	0.150993758051541	0.142648476561343	0.182085603072097	0.829246000254919	1.06732533031952	0.406965220172835	0.565756400986958
snp1552	12	46	200	0.49	196	0.124097982395666	-0.0501514353885262	0.12752008289451	0.175834178889075	0.285220061909375	1.12597857923964	0.775475551257079	0.53051137429384
snp1553	12	47	200	0.4825	193	0.0550060755283406	0.0242029358350558	0.149329168551664	0.199557803503564	0.121282833395305	0.711562133932382	0.903467016605368	0.776343396652541
snp1554	12	48	200	0.4475	179	0.017840509622822	-0.185293308815827	0.138956651322948	0.184756963884905	1.00290297545297	1.3259145735289	0.315907676864595	0.415187635105572
snp1555	12	49	200	0.4625	185	-0.20668072706411	0.055013601608796	0.142996698809295	0.199525128253009	0.275722672580045	1.73505306747857	0.782761080199985	0.221971879626204
snp1556	12	50	200	0.455	182	-0.0742309247516932	0.0983484073776798	0.128581517146997	0.179790740371022	0.547015976321834	0.605814628577951	0.58436775616162	0.832347146245138
snp1557	12	51	200	0.4575	183	0.0777354428941805	-0.107970446050615	0.130826825296717	0.179669478721304	0.600939273709891	0.644365647377283	0.547880433730515	0.81252910509863
snp1558	12	52	200	0.415	166	0.0169267856668708	0.12161610994447	0.159503249068702	0.212524337589695	0.572245566431386	0.939927471836982	0.567155621340934	0.642922027209849
snp1559	12	53	200	0.4775	191	0.0695689980770798	-0.11125021616355	0.144078484344942	0.187751686003598	0.592539105941337	0.593565145584715	0.55348964211682	0.838483990414392
snp1560	12	54	200	0.47	188	-0.00755205476414108	-0.100342087743183	0.137888973165756	0.193997180216817	0.517234774397429	0.755554529956856	0.60499227980065	0.751689962563959
snp1561	12	55	200	0.46	184	0.106502152240085	-0.152892981898629	0.139698648924605	0.189052097926352	0.808734648150745	0.843975182549583	0.418667793896505	0.700369620242002
snp1562	12	56	200	0.4675	187	-0.229174242741627	0.39014759635615	0.140839701082426	0.194271539600809	2.00825914674804	2.02327129994481	0.0446157607158087	0.12914578756379
snp1563	12	57	200	0.4525	181	-0.152438446901555	0.327653855584299	0.154010116225065	0.205976905474782	1.59073103282646	1.61870172058457	0.111670119833061	0.26979371510831
snp1564	12	58	200	0.45	180	0.021201461083583	-0.177427115246464	0.132980468384226	0.189247856365907	0.937538309038553	1.16190184148256	0.348481727606328	0.509152375569192
snp1565	12	59	200	0.4625	185	-0.171971420223529	0.162293647020468	0.135331357856712	0.179286935690994	0.905217362296744	1.27074597233114	0.36535024551806	0.446017244416786
snp1566	12	60	200	0.46	184	0.0805546718228714	0.0906511614566377	0.132794978546829	0.186677828501899	0.48560218524138	1.38579091670173	0.627249246799128	0.382813163568711
snp1567	12	61	200	0.465	186	0.0739739733021275	-0.275152275050001	0.14134822520281	0.185758447865743	1.4812369408301	1.74200972220811	0.138543445570527	0.219303440279179
snp1568	12	62	200	0.4425	177	-0.0388949454027258	-0.000135840033076623	0.138638528914823	0.189000975092229	0.000718726625671299	0.412442917880517	0.999426539171311	0.918462153134949
snp1569	12	63	200	0.4525	181	-0.0557775353498721	0.0662526107553541	0.147328807129229	0.192053793416483	0.344969029649315	0.38694529497855	0.730117653925466	0.927870289089824
snp1570	12	64	200	0.4675	187	-0.0144836942350583	0.0173338875139769	0.140021505340862	0.191236359068919	0.0906411709487209	0.106235405234851	0.927777716874958	0.994372911046419
snp1571	12	65	200	0.44	176	0.141037719839727	0.172985924734013	0.147585515182656	0.185669047800066	0.93168962077238	2.81046041271729	0.351496951970708	0.0192673395907653
snp1572	12	66	200	0.4625	185	0.0085712759007059	-0.0666844911947405	0.131787605194291	0.177487192039179	0.375714384956975	0.485556499250153	0.707129242488426	0.888800429890164
snp1573	12	67	200	0.4425	177	0.0306715875851518	-0.228172199732462	0.138323273155954	0.185047984859404	1.23304341793197	1.62003778384626	0.217559565813255	0.269210625713205
snp1574	12	68	200	0.435	174	-0.131076214461773	0.1730893325593	0.139097956733305	0.189314645511377	0.914294465131057	0.991625060418672	0.360562138134924	0.611610198332808
snp1575	12	69	200	0.4475	179	-0.131353195135438	-0.111513237959388	0.153354509959198	0.194716771750798	0.572694570461066	2.09480857256847	0.566851514370918	0.111457550023282
snp1576	12	70	200	0.4675	187	-0.16029427499356	-0.00230686575081879	0.152227984009603	0.19713216924956	0.011702127357501	1.71136733657634	0.990663266348437	0.231219204693534
snp1577	12	71	200	0.465	186	0.117878314117318	-0.163508906325556	0.137086267085382	0.183720642807315	0.889986578683175	0.941512203569569	0.373473092757927	0.641964280471287
snp1578	12	72	200	0.4775	191	0.0981725283158321	-0.153517760215831	0.151279448606955	0.198332511381506	0.774042334998366	0.779428171189535	0.438905756418441	0.738042301423774
snp1579	12	73	200	0.44	176	-0.126274654492591	0.24500020074373	0.160308412217624	0.20735229785392	1.18156491767617	1.19324476497584	0.237378380660147	0.490702846713607
snp1580	12	74	200	0.47	188	0.134719211371989	-0.119303807835541	0.137295602070529	0.19483564235865	0.612330507864309	0.989479281847076	0.540319108946604	0.612911561786096
snp1581	12	75	200	0.47	188	-0.230739169877262	0.110936251356846	0.129921698247376	0.190819142247342	0.581368567379102	2.02404729579764	0.56099207733165	0.128943142472012
snp1582	12	76	200	0.4525	181	-0.0601000163010592	-0.136796614234903	0.13379026127939	0.184941939456295	0.739673297668809	1.64397359929175	0.459498254263245	0.258897098948683
snp1583	12	77	200	0.485	194	-0.0952880140784132	0.0636447102906552	0.137522555597516	0.193029081550654	0.32971565620776	0.726533955797177	0.741614822750349	0.768030529659966
snp1584	12	78	200	0.445	178	0.202056366561565	-0.173786736349624	0.12998055877125	0.17754670484857	0.978822651188303	1.56665154937212	0.327667615643588	0.29311257211714
snp1585	12	79	200	0.4625	185	0.0303050117680759	-0.0366372112000923	0.152693939069399	0.197370101732517	0.185626956051045	0.204601869208555	0.852737313073182	0.979286569789322
snp1586	12	80	200	0.46	184	0.00771847233897443	0.0371687599589476	0.134989267631978	0.196217382851758	0.189426438263263	0.324397579808475	0.84975860482303	0.948743411314178
snp1587	12	81	200	0.47	188	0.180333608660699	-0.324252874148607	0.14434474992388	0.194295990718997	1.66886034523256	1.66906288562651	0.0951450600329936	0.248357644166936
snp1588	12	82	200	0.45	180	-0.00494752302778273	-0.0141909645006096	0.141374149153553	0.188903128010305	0.0751229725525533	0.148823123093321	0.940116870013464	0.988986931812006
snp1589	12	83	200	0.46	184	0.106725039721146	0.00222484819766203	0.145231944393755	0.192374630812483	0.0115651850156411	1.10036026270526	0.990772523134878	0.545858030814683
snp1590	12	84	200	0.4575	183	-0.138990573044888	-0.0455997007408648	0.133360622699328	0.17284329827622	0.263821051759798	1.88652701382736	0.79191781214339	0.168723822540243
snp1591	12	85	200	0.41	164	0.117387104955923	-0.134410670922426	0.137212575461354	0.186669468925937	0.720046356245623	0.870886738326543	0.471496454377526	0.684393759304862
snp1592	12	86	200	0.46	184	0.0296778952024534	0.104580099554403	0.125935159498324	0.180433026549009	0.579606192694426	1.09054669644929	0.562180215971855	0.551757826782131
snp1593	12	87	200	0.4725	189	-0.0217382106600984	-0.013037206289215	0.133952784952594	0.181728781397273	0.0717399092701484	0.31618838864368	0.94280889496474	0.951241268753846
snp1594	12	88	200	0.47	188	-0.0123112669177718	0.157784667052867	0.148429662675483	0.186619757735205	0.845487471250218	1.2581475968102	0.397838724940733	0.45317918144395
snp1595	12	89	200	0.44	176	0.085783625316422	0.0402112388426833	0.127345105373727	0.187552123003476	0.214400339482897	1.12749139602889	0.830234876950803	0.529607864777144
snp1596	12	90	200	0.4825	193	-0.0282640238576494	0.0270550533073667	0.136762891110512	0.178781959684538	0.151329884486698	0.206851123844259	0.879715496327783	0.97883352809168
snp1597	12	91	200	0.43	172	0.180433051750503	0.0859579936405401	0.151195527217873	0.190637814394742	0.450896869088901	2.42225184487856	0.65206388016762	0.0532023878092753
snp1598	12	92	200	0.455	182	-0.000611490423809005	-0.0215254109607245	0.141531891469792	0.185636376684192	0.115954703195613	0.178030189798427	0.907688441166658	0.984277534698631
snp1599	12	93	200	0.4425	177	0.186594360485019	-0.0276542450143228	0.139118637317072	0.19004609063747	0.145513359004452	1.85353646620384	0.88430556904802	0.17946075756301
snp1600	12	94	200	0.45	180	-0.00755934518669562	0.188584815092748	0.151884802751439	0.200649252035699	0.939873003160736	1.42806302976038	0.347282706652971	0.360709624538058
snp1601	12	95	200	0.465	186	0.0569017095602411	0.0589342627794195	0.141927806813675	0.190608248184417	0.309190516888858	0.955966069110706	0.757176607156297	0.633221141843368
snp1602	12	96	200	0.47	188	0.108829917156595	-0.0328853064928955	0.124585438387649	0.1798297496156	0.18286911127436	1.04244712162958	0.854900719802909	0.580800473221311
snp1603	12	97	200	0.465	186	0.0991396316428331	-0.0938724680710148	0.128072698691887	0.179891695212168	0.521827691713616	0.77408914808105	0.601790307199878	0.741109416058734
snp1604	12	98	200	0.46	184	0.113751891117345	-0.0389384045526638	0.130508677151154	0.185502993544385	0.209907149252268	1.01870194086862	0.833740142241792	0.59518867541501
snp1605	12	99	200	0.4925	197	-0.0571527472092651	0.0173850328084788	0.150334767429935	0.19619259941662	0.0886120723216541	0.462846067888888	0.929390213505176	0.898423928553835
snp1606	12	100	200	0.4775	191	-0.10752055232928	0.0742961151317865	0.142139341704897	0.190313879626839	0.390387265907582	0.796191809609811	0.69625020270526	0.728359379928183
snp1607	12	101	200	0.4675	187	0.0247876418176213	-0.0939404423926441	0.144723601166418	0.19523323407694	0.481170343957027	0.534425836142899	0.630395436233893	0.866922680081616
snp1608	12	102	200	0.46	184	0.158018090274093	-0.41858112811769	0.149073421869994	0.195645318963431	2.13948961485723	2.33564551542233	0.0323960361064925	0.0653746972975069
snp1609	12	103	200	0.4725	189	-0.0109341302224356	-0.202360162754146	0.138059939827938	0.195345031755032	1.03591148920496	1.50628699836866	0.300243437086683	0.321598868275543
snp1610	12	104	200	0.4425	177	-0.122498357453768	0.100485049435816	0.142803425716633	0.189388096035439	0.530577430890975	0.873156783301145	0.595711638765077	0.683040322299388
snp1611	12	105	200	0.45	180	-0.0431664670772631	-0.0198841713274014	0.141367120290584	0.186454105652635	0.106643783776184	0.612230668458137	0.915071582194673	0.829101084595846
snp1612	12	106	200	0.465	186	-0.0631087992193053	-0.0353113355347226	0.136083439841081	0.180576242601117	0.195548068926893	0.917147908038818	0.844963910382425	0.656665749506373
snp1613	12	107	200	0.455	182	0.00129119376729016	0.0486648056669161	0.135903261660008	0.186218103421711	0.261332302137722	0.384603063816842	0.793836258321146	0.928709065875759
snp1614	12	108	200	0.465	186	-0.0133581748434233	0.23740147266407	0.12808398010109	0.182802704603339	1.29867593140486	1.63583574104512	0.19405516737149	0.262375318786085
snp1615	12	109	200	0.4975	199	-0.113067387253147	-0.00735660564844037	0.137448192059267	0.185777436559601	0.0395990265808208	1.27241620927687	0.968412803507812	0.445070979600472
snp1616	12	110	200	0.485	194	0.0233240516767717	0.0482861441922661	0.131893961147421	0.181248766320482	0.266408126093874	0.56261294699409	0.789924907584458	0.853622121272509
snp1617	12	111	200	0.4675	187	-0.0073480595051479	0.0131472706140996	0.146861247202322	0.19002796830728	0.0691859768391574	0.0692297845082995	0.94484158522058	0.997606487498468
snp1618	12	112	200	0.485	194	-0.00822336469493856	0.0423987938126917	0.132412443689712	0.182337028067107	0.232529806272192	0.279117172215052	0.81612653950379	0.961795722140395
snp1619	12	113	200	0.4525	181	-0.0747064751014781	0.185089858266602	0.136584765222403	0.181254545262393	1.02115981697815	1.0649379096196	0.307178726776144	0.567198257616308
snp1620	12	114	200	0.4875	195	-0.189132135582542	0.126037828483084	0.136871072764525	0.186635945998483	0.675313792360813	1.42651814394202	0.499476422987176	0.361505867151192
snp1621	12	115	200	0.4825	193	-0.0389360718830897	-0.163473628015154	0.145848344605922	0.197911724918904	0.825992639304915	1.44748645231036	0.408808267282254	0.350775621535635
snp1622	12	116	200	0.4225	169	-0.0526025262497775	0.239279833485402	0.122134774387167	0.18342652997211	1.30449959186267	1.41658357367991	0.192063298585892	0.366647453196514
snp1623	12	117	200	0.45	180	0.0456330089552935	0.185062183806251	0.143662501242625	0.19148597950441	0.966452918825782	1.88800135109548	0.333817594986649	0.168255007125206
snp1624	12	118	200	0.4625	185	-0.0635337000581007	0.120551973489169	0.14510408539428	0.193692931005926	0.622387058025781	0.623691755945113	0.533687388361577	0.823249715574348
snp1625	12	119	200	0.4725	189	-0.0400396158124512	-0.0525868023950203	0.138187913965883	0.179956301661417	0.292219843981684	0.834040130841031	0.770118540170604	0.706232009636734
snp1626	12	120	200	0.43	172	0.0607357224523713	-0.0551865670450838	0.154206028926677	0.2075639563475	0.265877409624489	0.396534990735843	0.790333623598502	0.924391126859151
snp1627	12	121	200	0.4775	191	-0.0519402868294829	0.06790819861352	0.134559078959557	0.187278160024713	0.36260607539373	0.405872181459458	0.71689917123276	0.920934730016452
snp1628	12	122	200	0.4775	191	0.157115484836446	-0.382371637470412	0.149862439481042	0.188260634869005	2.0310758950562	2.20547713711501	0.0422472962781713	0.0878552503522955
snp1629	12	123	200	0.4575	183	-0.0435582092675312	0.534229571162063	0.138146674283314	0.188871378951641	2.82853640465477	3.78762207249908	0.00467613823687543	0.000766987171691651
snp1630	12	124	200	0.455	182	0.220934782625773	-0.408749521529812	0.142520180095732	0.187344339870124	2.18180875821056	2.18201760910142	0.0291236499277851	0.0924950246743801
snp1631	12	125	200	0.465	186	-0.0685757961142796	0.191722221052056	0.14875792028366	0.184364809034596	1.03990681332292	1.13503298346777	0.298383196731801	0.52510872805288
snp1632	12	126	200	0.475	190	-0.013496377443092	0.0652612147990635	0.131452814531524	0.182762197257131	0.357082677810261	0.424388388624365	0.721029911896257	0.913882974662548
snp1633	12	127	200	0.4475	179	0.0166661088333624	-0.292720409007963	0.133660214800649	0.181542981488241	1.61240278532565	2.22874574329788	0.106874319161561	0.0834378034004404
snp1634	12	128	200	0.4625	185	-0.108923621991752	0.273894770599798	0.143935375257762	0.195472758011402	1.40119151837936	1.46467449310615	0.161156809930736	0.342105645251018
snp1635	12	129	200	0.4825	193	-0.11455018390103	0.0324768976161056	0.14760448374592	0.191867464222618	0.169267352063524	0.986233963470895	0.865586354680955	0.614879653708197
snp1636	12	130	200	0.4675	187	-0.0929157541970194	0.402521788257239	0.148827452157695	0.194674268073173	2.06766817330959	2.46081923764368	0.0386712366565558	0.0484212912475736
snp1637	12	131	200	0.4425	177	-0.0885489130411596	0.227389864009442	0.131922226336446	0.184173343560275	1.23465133234672	1.26665723243441	0.216960295809112	0.448336921527533
snp1638	12	132	200	0.46	184	0.0654007646158086	0.0336067690922141	0.148060438931826	0.197956423973721	0.169768519846951	0.860479105730576	0.865192185025601	0.690587809862076
snp1639	12	133	200	0.46	184	-0.127304835994734	0.0380367319458737	0.140300773772271	0.188562849449524	0.201719119417824	1.16266419523048	0.840136314715853	0.508701430322933
snp1640	12	134	200	0.475	190	-0.00548267155617528	-0.0910683281005418	0.14320885338762	0.190322150815245	0.478495685922267	0.770142346061712	0.632297444084179	0.743371308674047
snp1641	12	135	200	0.4625	185	0.152151976814447	-0.406081461465733	0.151754467634757	0.206042965928191	1.97085816366699	2.06902939362536	0.0487401016025411	0.117602931531089
snp1642	12	136	200	0.47	188	0.212173700687107	0.0464303644440784	0.148285301689465	0.192533542730805	0.241154677702036	2.5212889085116	0.809435236299387	0.0416502095115841
snp1643	12	137	200	0.43	172	0.074009638247863	-0.0563882716919071	0.144332257612016	0.192335706368498	0.293176304891989	0.527000787420813	0.769387394692992	0.870345591176947
snp1644	13	1	200	0.4325	173	0.00488381617268302	-0.170887370615247	0.140154777726369	0.194433012256359	0.878901008795421	1.19860744331857	0.379454951658805	0.48756585933878
snp1645	13	2	200	0.45	180	0.0424571267604235	-0.160369895234957	0.155052673262868	0.197274993056853	0.812925615912911	0.965035529716181	0.416260706850329	0.62772896704696
snp1646	13	3	200	0.4625	185	-0.00675126319915999	0.023944579436687	0.131018393533031	0.179449564406003	0.133433477623343	0.148431069411799	0.893850570805507	0.989044561562002
snp1647	13	4	200	0.45	180	-0.140683148693825	0.24932850162364	0.138903821022791	0.182792202600142	1.36399965686198	1.36403672406122	0.172567673665523	0.39443611447912
snp1648	13	5	200	0.4575	183	-0.0475441219638233	0.0639323982156466	0.137291043107645	0.18111878238045	0.352986020419202	0.373949317265012	0.724098920909259	0.932469304025136
snp1649	13	6	200	0.45	180	-0.00842134134369639	-0.156320059890354	0.141481637220086	0.186991686425237	0.835973314529432	1.30043401291618	0.403169915674166	0.429315022661998
snp1650	13	7	200	0.4725	189	0.123249222619636	-0.231374526167891	0.13611495114853	0.196107075802512	1.17983772498293	1.18484732864223	0.238064762122002	0.495627027357073
snp1651	13	8	200	0.4475	179	-0.168052660313457	0.236487262406297	0.145135071572413	0.1960547261212	1.20623086770223	1.27547285378275	0.227728485100056	0.443341245159895
snp1652	13	9	200	0.4375	175	0.251204888895904	-0.283772563696109	0.144276179347746	0.189833273680031	1.49485155154841	1.75979469479151	0.134953188814812	0.212579618837713
snp1653	13	10	200	0.4525	181	-0.107816060969162	0.129130062878616	0.145418420310962	0.191136726055863	0.675590011104801	0.767042840971985	0.499300985266436	0.745144320968328
snp1654	13	11	200	0.455	182	0.0657310100757999	-0.0667642503555412	0.133274758914965	0.182422938883114	0.365986047392427	0.494585264984183	0.714375486953505	0.884876411127257
snp1655	13	12	200	0.46	184	0.0204102052399011	0.0421976634314568	0.156569978117528	0.200271786808233	0.210701987054535	0.503862298847116	0.833119823969931	0.880787744170693
snp1656	13	13	200	0.45	180	-0.177810416017774	0.282608872919567	0.146537159439981	0.193604683332547	1.45972126322038	1.47056749866989	0.144366695607805	0.339159634546556
snp1657	13	14	200	0.4675	187	-0.0399475659831515	-0.0355420726011721	0.138015219115551	0.185444263901352	0.1916590562223	0.651747990171864	0.848009279738598	0.808651105481764
snp1658	13	15	200	0.45	180	0.0321671522613862	0.177612652785485	0.138990200090764	0.181147561464882	0.980486026691101	1.71133540693647	0.326846263791473	0.231231839511117
snp1659	13	16	200	0.4575	183	0.205939401375156	-0.110774167512078	0.137236777226151	0.19196794252186	0.577045136062045	1.64111343927195	0.563908965098476	0.260116242776256
snp1660	13	17	200	0.4725	189	-0.0334008199431264	-0.0550567173326361	0.145002051352231	0.195580612453215	0.28150396218749	0.731256434192562	0.778323889522973	0.765391366119724
snp1661	13	18	200	0.455	182	0.235195025214964	-0.452831313364134	0.122408949991033	0.178647171463628	2.53478020197107	2.54916921997938	0.0112517900548762	0.0388078840416395
snp1662	13	19	200	0.465	186	0.103333958956348	-0.143733157066984	0.153524025831425	0.204704539777251	0.702149337886629	0.733774426469351	0.482586036307226	0.763980927241962
snp1663	13	20	200	0.48	192	-0.00740142814542307	-0.214991941653693	0.151161777906559	0.195776574492175	1.09814947069822	1.62119095679939	0.272139226291455	0.26870798162543
snp1664	13	21	200	0.46	184	-0.0480611050855701	-0.254514419746923	0.131253464515337	0.173725038879003	1.46504166232588	2.56007125652604	0.142909551340111	0.0377419746007685
snp1665	13	22	200	0.4775	191	-0.0610665808405183	0.103840198353493	0.136451360090234	0.186251163337114	0.557527783950229	0.560530882593417	0.57716688153815	0.854620784638989
snp1666	13	23	200	0.45	180	-0.0432982427779679	-0.0028191528191308	0.138409220755028	0.187965250641939	0.0149982659534293	0.454306397785457	0.988033563796237	0.901949135295584
snp1667	13	24	200	0.43	172	0.0549465037776368	0.119863187813185	0.140807450520563	0.190419544534537	0.629468934537046	1.39299133940256	0.529042100398011	0.379002515838565
snp1668	13	25	200	0.4775	191	-0.102535901233137	0.0720791464065536	0.144204973886035	0.198390548903938	0.363319456520355	0.739500009915003	0.716366260749475	0.760765487409463
snp1669	13	26	200	0.4625	185	0.0602651222542559	-0.268836256443885	0.142276664154205	0.181327409589016	1.48260131798723	1.8309704946561	0.138180366768777	0.187078591288011
snp1670	13	27	200	0.445	178	-0.234617665337019	0.485542589746601	0.148923834493846	0.194077111702766	2.5018024304186	2.53325148906115	0.012356285750969	0.04040985640237
snp1671	13	28	200	0.45	180	0.0202938019458431	-0.15944521878896	0.141874907404753	0.194875687625491	0.818189383867008	1.06041388954481	0.413249056088364	0.569931666559087
snp1672	13	29	200	0.4625	185	0.141097091467742	0.0869066243677065	0.134195904360712	0.184866122579715	0.470105734652557	2.04720925766198	0.638279477250972	0.123004680396642
snp1673	13	30	200	0.47	188	-0.0985149045750704	0.15491253078669	0.143540445244228	0.189801539404619	0.816181635157592	0.824603068592284	0.414396258808953	0.711780920841176
snp1674	13	31	200	0.4625	185	-0.0996874600715709	0.203360386457909	0.130216051764649	0.174012596373995	1.16865325094535	1.17344758115415	0.242543364188038	0.502334215514572
snp1675	13	32	200	0.4525	181	0.00835370621933345	0.183567325523684	0.143846786065907	0.193439714927432	0.948963999417334	1.42652280883823	0.342638922315633	0.361503461493111
snp1676	13	33	200	0.45	180	0.167157937875535	-0.412716391981841	0.127047497729948	0.173672469706764	2.37640653512147	2.42196080276539	0.017482189756062	0.0532399052536069
snp1677	13	34	200	0.4825	193	0.0261620606886984	0.265361885850162	0.147568758309945	0.197354726359168	1.34459351820755	2.18731498040665	0.178756537699812	0.0914307511051182
snp1678	13	35	200	0.4575	183	-0.106788756505566	0.0500148776677664	0.124127503173441	0.174944918524732	0.285889284979122	0.969527108372779	0.774962920744855	0.625007638990992
snp1679	13	36	200	0.47	188	-0.105121337455467	-0.163004328704591	0.128898120413098	0.174214943239977	0.935650671940675	2.37417366076254	0.349453075921965	0.059704356638357
snp1680	13	37	200	0.455	182	0.0214251629672469	-0.02668680600457	0.136536709213414	0.186382538267095	0.143182973322997	0.162313702541439	0.886145676580824	0.986913513504818
snp1681	13	38	200	0.4625	185	-0.138701590162112	0.0712809518156189	0.132493872471217	0.180105224868272	0.395773925313679	1.15255059884805	0.692271814099531	0.514692089570057
snp1682	13	39	200	0.4525	181	0.223991582734938	-0.0915825818478069	0.130081691101896	0.183150381428875	0.500040355544507	1.98210285355113	0.617046662162734	0.140244793112264
snp1683	13	40	200	0.47	188	0.20590695439814	-0.362994130769156	0.137804485313565	0.18106662872055	2.00475445604825	2.00539576542012	0.0449893036594245	0.133880711528108
snp1684	13	41	200	0.4725	189	0.090209375030459	-0.00719822738905157	0.137797069616876	0.189429973613637	0.0379994108204499	0.919659915336305	0.969688151787504	0.655152543292882
snp1685	13	42	200	0.42	168	0.0451878505296851	0.125113823450541	0.144577924468554	0.192623581144568	0.649524957988606	1.40505418993482	0.515999119858079	0.372660061435309
snp1686	13	43	200	0.475	190	0.260456963694039	-0.175198996428066	0.135737536398424	0.192919188985355	0.908147071058682	2.00444091298115	0.363800523948683	0.134137258406848
snp1687	13	44	200	0.4675	187	-0.216637125206001	0.438741378989925	0.131918106244455	0.184512286302415	2.37784370776713	2.381221572429	0.0174142052281841	0.0587121793794517
snp1688	13	45	200	0.46	184	0.0383837983268852	0.0884127753123181	0.143960090761698	0.199793276606517	0.442521274058899	0.945850134372699	0.65811203920212	0.639341691942746
snp1689	13	46	200	0.4575	183	0.00803136195750758	0.0589024928605975	0.134222995140321	0.183728721555002	0.320594909506102	0.538007326918668	0.748517395777562	0.865259391956934
snp1690	13	47	200	0.47	188	0.186223043808684	-0.0055340034078154	0.138588918862937	0.190634681500522	0.0290293632001072	1.90972394730181	0.976841172010921	0.161455974459432
snp1691	13	48	200	0.4675	187	-0.218753329178959	0.1070660972642	0.128439868251263	0.178869772808304	0.59857009702217	1.89438211957294	0.54945960178717	0.166236832186075
snp1692	13	49	200	0.465	186	-0.0903196799517963	0.0558249436301239	0.144800516123206	0.204068916852412	0.273559268560718	0.669105858486963	0.78442333925176	0.799433981436869
snp1693	13	50	200	0.4625	185	-0.147553014496159	0.231641318796446	0.134196864076766	0.181503274694417	1.27623768323983	1.30069222018989	0.201871511445336	0.429170876503788
snp1694	13	51	200	0.4575	183	0.0144654703116715	0.0482136602662763	0.133763630154372	0.18148242335791	0.265665728802793	0.494180241075434	0.790496659586918	0.885053613719882
snp1695	13	52	200	0.4675	187	-0.0507560500342164	0.26661795923866	0.130514198346992	0.183635383458389	1.45188772565214	1.74199468134034	0.146532826010308	0.219309186373188
snp1696	13	53	200	0.4525	181	0.103456327743944	-0.447792073840983	0.14641613391324	0.192192593978813	2.32991326341299	2.7898789401807	0.0198107358679051	0.020410368439104
snp1697	13	54	200	0.4775	191	0.146781617875909	-0.241093221749871	0.131345336008955	0.192439322723148	1.25282722022837	1.30592866223646	0.210268593112684	0.426251881880451
snp1698	13	55	200	0.48	192	0.232422496227711	-0.24744429791419	0.139319664752365	0.188153915807177	1.31511638677653	1.67457770787709	0.188470790115506	0.24607836180301
snp1699	13	56	200	0.455	182	-0.129420784898863	0.0928131289448057	0.13006498774417	0.188901881783452	0.491329827254988	1.0304924025838	0.623193186969646	0.58804177017648
snp1700	13	57	200	0.4725	189	0.0573104474200978	-0.134683919842552	0.143754681524092	0.186844504825129	0.720834257173391	0.755373396283222	0.471011495609512	0.751792830828661
snp1701	13	58	200	0.4425	177	0.124291598250469	-0.00792435800138366	0.137012947050954	0.190786100375623	0.041535300453136	1.23598561664598	0.96686915143334	0.4658785867411
snp1702	13	59	200	0.465	186	-0.0108917622881471	0.121054263182438	0.142425314196499	0.186021293094352	0.650754874180119	0.878538945775612	0.515204734274674	0.679828077745956
snp1703	13	60	200	0.48	192	-0.14800761338878	-0.00718017864405401	0.135502659389556	0.188335932174017	0.0381243162744948	1.61067671461272	0.969588563817177	0.273312420824439
snp1704	13	61	200	0.46	184	-0.0298072527570683	0.0784388266251292	0.138022108583863	0.187448054040229	0.418456339953762	0.437457641813067	0.675613501675019	0.908750596089381
snp1705	13	62	200	0.45	180	0.00443134690201091	0.136879860102216	0.155943509536253	0.20119718792078	0.680326904748347	1.10681156057633	0.496297492466081	0.541985562520838
snp1706	13	63	200	0.4525	181	-0.0480113921778827	-0.0646092473972984	0.135001445573611	0.183621234237165	0.351861524434855	0.976503981207856	0.724942115315553	0.620779077813086
snp1707	13	64	200	0.4275	171	0.193276572941322	-0.296306375823033	0.134058960428017	0.188435235673155	1.57245737382675	1.63050840953223	0.115844517386242	0.264668061364546
snp1708	13	65	200	0.48	192	0.0142656560423024	0.225390698332841	0.13369191471804	0.192663274637678	1.16986851156096	1.66489575858859	0.242053887421612	0.250088870201271
snp1709	13	66	200	0.455	182	-0.0419525985648408	-0.110838438328634	0.139622204393333	0.190987903508052	0.580342714343485	1.24023367283109	0.561683527963609	0.463434703180661
snp1710	13	67	200	0.4675	187	-0.00957713834174436	-0.23413697905626	0.134456750410366	0.185549864788463	1.26185475437122	1.95294079456146	0.207001055436619	0.148526947355107
snp1711	13	68	200	0.47	188	0.00911155995113072	0.102400076101191	0.137790825670802	0.188421677885865	0.543462287620744	0.840392390025238	0.586811549690275	0.702486085838368
snp1712	13	69	200	0.435	174	0.163992653705488	-0.0585317298613655	0.140179007422513	0.196720738802948	0.297537159617908	1.41084339542831	0.766056442520982	0.369634890409353
snp1713	13	70	200	0.45	180	-0.0115098597484115	-0.037680230515181	0.158525903970174	0.201784553009799	0.186734960397842	0.400114758200468	0.851868443770939	0.923073967212696
snp1714	13	71	200	0.435	174	-0.0312741026216715	-0.163813197212865	0.134924690741511	0.181785441442743	0.90113485388466	1.64244339390535	0.367516623379559	0.259548900968281
snp1715	13	72	200	0.44	176	0.0139459708757019	0.110583821591131	0.133151954803176	0.19639421581201	0.563070664448604	0.841933681481791	0.573386766396347	0.701575918636951
snp1716	13	73	200	0.4675	187	0.0658278770010493	-0.0674275066804326	0.143082298807867	0.193078529489958	0.349223224656575	0.461123948142054	0.726921731740368	0.899138993208849
snp1717	13	74	200	0.445	178	0.00344016780581398	0.307724077675752	0.153367411342667	0.206179685082643	1.49250435392026	2.349058225717	0.135566976705527	0.063352730336815
snp1718	13	75	200	0.415	166	-0.000684874752446051	0.160470521489048	0.133002161562822	0.181994140002224	0.881734551931653	1.2560117510831	0.377920371555893	0.454397569941538
snp1719	13	76	200	0.46	184	0.120347255746937	-0.324752461035156	0.140176338196942	0.190757444078622	1.70243663414418	1.77964640785808	0.0886735475312019	0.205240940905907
snp1720	13	77	200	0.4275	171	-0.0337721779481092	0.150127052049657	0.145272558244126	0.195983787320298	0.766017710456338	0.916580152825856	0.443665764276599	0.657007668693553
snp1721	13	78	200	0.48	192	0.00388356569932087	-0.0783328545411216	0.142619622757046	0.196673188607412	0.398289441971093	0.549574970034835	0.690416842178218	0.85983366275373
snp1722	13	79	200	0.485	194	0.0825310589687852	-0.0257937300236769	0.135818073831005	0.183505820537676	0.140560827706177	0.744408771368695	0.888216895883353	0.757999760392024
snp1723	13	80	200	0.4675	187	-0.262742926927731	0.225400058718935	0.144988711304929	0.194552866518303	1.15855429299331	1.82338473590681	0.246637908892941	0.18968965299557
snp1724	13	81	200	0.48	192	0.144128729497672	-0.106009563710492	0.129735070766815	0.177570244609763	0.597000719030732	1.15968632199112	0.550506900548889	0.510463479457807
snp1725	13	82	200	0.46	184	0.0756285831160076	-0.148522993926782	0.156204831698285	0.199252679951595	0.745400232322412	0.764012158906794	0.456029803481456	0.746875115305224
snp1726	13	83	200	0.48	192	-0.112585862407673	0.194600286100475	0.147074572852842	0.191082590983485	1.01840929149477	1.01935073018245	0.30848348841218	0.594795306353215
snp1727	13	84	200	0.46	184	-0.0510621111196797	0.0758968330855586	0.142351549795579	0.183893852237549	0.412720883064199	0.418543939766727	0.679811122861751	0.916136860211229
snp1728	13	85	200	0.4875	195	0.0892136232658216	-0.24118264640078	0.136095775804546	0.183047093880592	1.31759888282144	1.39410696230452	0.187637959793033	0.378413747760669
snp1729	13	86	200	0.465	186	-0.0394013305168168	0.313055483514179	0.13946106767738	0.186895300494102	1.6750313286987	2.14037186657765	0.0939280850283316	0.101206138827419
snp1730	13	87	200	0.455	182	-0.083805212240698	0.242407253967946	0.139914507688252	0.191777502920077	1.26400255648843	1.3572939846609	0.206229109363165	0.398071564166333
snp1731	13	88	200	0.45	180	0.154920215715844	-0.232968316870475	0.145519735230596	0.199418702315231	1.1682370518198	1.2045569194995	0.242711158756941	0.484092784968996
snp1732	13	89	200	0.47	188	0.0211108751710132	-0.0945604798034468	0.125910536390516	0.184910262518153	0.511385785276052	0.561558264638314	0.60908094644688	0.854128317077235
snp1733	13	90	200	0.4475	179	-0.067689956781712	0.275888879670509	0.142943202584378	0.184260492614947	1.49727635997935	1.82257788073491	0.134321363425314	0.189968869369002
snp1734	13	91	200	0.4625	185	-0.0321906373016923	0.161173760186606	0.125361728682305	0.180317026293754	0.893835504607526	1.00106977004265	0.371409909632505	0.605881811630376
snp1735	13	92	200	0.48	192	-0.025523878998798	-0.0544157648123246	0.14101491897772	0.185011784463774	0.294120533835396	0.656214501633374	0.768665800747839	0.806292470172163
snp1736	13	93	200	0.4675	187	0.138067226977567	-0.0176349614369542	0.157125133737129	0.212113795244955	0.0831391537574861	1.27993505173385	0.933740893400045	0.440820785450881
snp1737	13	94	200	0.43	172	-0.054710841175083	-0.0916280199331461	0.132811854387518	0.187310226595211	0.489177882055313	1.13856134384104	0.624715766958286	0.523006719585167
snp1738	13	95	200	0.465	186	0.224283339968656	-0.181694802160679	0.136653713143196	0.182376699811296	0.996261048416145	1.6606357897812	0.319123324194803	0.251866621046509
snp1739	13	96	200	0.435	174	0.179389212301624	-0.213208765305881	0.136898858478997	0.184816436027977	1.15362448215161	1.33864480703753	0.248654156715705	0.408205334760704
snp1740	13	97	200	0.475	190	0.0958560627401744	-0.0710136425692901	0.140074057175223	0.190798483818788	0.37219185995595	0.716695869915971	0.709750006272787	0.773502416411363
snp1741	13	98	200	0.4475	179	-0.0218687003342521	-0.108537752351397	0.137665962265388	0.186980708717659	0.58047567097036	1.02705234828077	0.561593888631981	0.590126556197774
snp1742	13	99	200	0.49	196	-0.101937342169901	0.0704028066326616	0.147069375715757	0.192880238116645	0.365007879086531	0.733265022387821	0.715105524776333	0.764266448122836
snp1743	13	100	200	0.465	186	-0.127424107592973	0.457689315922214	0.141926098697932	0.183360406957883	2.49611856515645	2.88935178906976	0.0125560625436602	0.0153878524850574
snp1744	13	101	200	0.47	188	-0.022769424950065	-0.0613827357614571	0.131353876303792	0.175981619266906	0.348801971576132	0.725587462209764	0.727237983162947	0.768558510703284
snp1745	13	102	200	0.4725	189	-0.0697368895178795	0.019699203213274	0.134713065715802	0.184825926546474	0.106582466980468	0.631325803462765	0.915120228665576	0.819315424922298
snp1746	13	103	200	0.4675	187	0.142327234058588	-0.12989231280609	0.131750865224237	0.183712087401733	0.707042822511989	1.08300046135109	0.479539866566035	0.556301425385704
snp1747	13	104	200	0.4525	181	-0.308329095759431	0.317363908016589	0.13655334350713	0.189273497429726	1.67674773450214	2.25934382755005	0.0935918219776554	0.0779009395233817
snp1748	13	105	200	0.4625	185	-0.000990185799110949	-0.0471382086026184	0.151555300322443	0.201630319074065	0.23378531968351	0.372117823881366	0.815151646991365	0.933106592670638
snp1749	13	106	200	0.4525	181	0.169618957095327	-0.0948112754355496	0.140102552766137	0.192654928816809	0.492130027598223	1.34235566689475	0.622627426046487	0.406179796769901
snp1750	13	107	200	0.475	190	0.063356470999991	-0.108336606944232	0.130104908675794	0.181804415318364	0.595896456939842	0.60501393077191	0.551244400303437	0.832750727569254
snp1751	13	108	200	0.45	180	-0.124084543782002	-0.0803339900132307	0.132210942504739	0.183423872403195	0.43796910925882	1.83697152137679	0.66140867646256	0.185030947303076
snp1752	13	109	200	0.4575	183	-0.152941673471022	0.0359690144388199	0.134019071608751	0.176311323762655	0.20400853258433	1.50172297787167	0.838346831096261	0.323814016505971
snp1753	13	110	200	0.4325	173	0.0953943091804449	0.0277083444486755	0.143693460847271	0.199962182594774	0.138567923639975	1.08283094320279	0.889791591953488	0.556403557162329
snp1754	13	111	200	0.4575	183	0.0975721021634104	-0.116937987104353	0.136446414670073	0.189391393967075	0.617440870226035	0.729270724945219	0.536943971395783	0.766502058468565
snp1755	13	112	200	0.46	184	-0.219606056699095	0.400706849539823	0.148322548560929	0.187268345400343	2.13974683592783	2.15324127450236	0.032375231769088	0.0984482752485613
snp1756	13	113	200	0.4225	169	0.0169276350964126	-0.043486059419822	0.135347693568507	0.186172594188569	0.233579274164146	0.242486281678692	0.815311619511272	0.971028171341889
snp1757	13	114	200	0.4675	187	-0.0915425082241823	0.0408482052283185	0.155707567078449	0.20405312993362	0.200184164004771	0.710739621011378	0.841336551798008	0.776797636641892
snp1758	13	115	200	0.475	190	-0.060060371081792	-0.0418172390090739	0.141048792112093	0.192691848961013	0.217016128261526	0.827699887629387	0.828195775913665	0.709962198445051
snp1759	13	116	200	0.46	184	-0.0492286163051997	-0.0472340483482781	0.120988300081795	0.177606385479167	0.265947917474052	0.851765590876912	0.790279320682902	0.695758744014959
snp1760	13	117	200	0.4825	193	-0.134773784892579	0.0661888694175351	0.132457527394973	0.177542938526586	0.372804854796427	1.18065531554451	0.709293689320072	0.498090502240628
snp1761	13	118	200	0.41	164	-0.029765554628215	-0.291738210005689	0.136835436871415	0.187824364872474	1.55325008128615	2.43103209636361	0.120363400932964	0.0520808204907617
snp1762	13	119	200	0.4775	191	-0.121608628561659	0.366757436100238	0.13168445174917	0.178582926563442	2.05370940636895	2.18631042028181	0.0400038256007207	0.0916318255707937
snp1763	13	120	200	0.4525	181	-0.145756020003094	0.281303944107436	0.150396123111727	0.20690844813298	1.35955755623203	1.36001419036516	0.173969977166925	0.396603079174351
snp1764	13	121	200	0.4625	185	-0.0800761842940933	-8.17775947994925e-06	0.14915097459538	0.192432532687937	4.24967616739262e-05	0.843418384207682	0.999966092489986	0.700698709449056
snp1765	13	122	200	0.45	180	0.0301055520911406	-0.0152568894256233	0.147231556972909	0.189568400143194	0.080482239730349	0.23963690096637	0.935853721051021	0.971695376647202
snp1766	13	123	200	0.47	188	-0.325531309404102	0.135705632182189	0.141127181676942	0.189139357997086	0.717490180887045	2.74225737233684	0.473071692964522	0.0232840256474512
snp1767	13	124	200	0.4525	181	0.225349349578269	-0.204572873507844	0.136870415561125	0.186250374183579	1.09837563765754	1.64999973168146	0.272040495999038	0.256340264903435
snp1768	13	125	200	0.4425	177	-0.0738802104022701	-0.13061739741809	0.14852607058223	0.18687262497736	0.698964856055908	1.76029304091728	0.484573994134589	0.212393244653947
snp1769	13	126	200	0.4475	179	0.10641632963673	-0.0491025057264502	0.141822696111822	0.189135100250433	0.259616039864804	0.889088236090907	0.795159962450323	0.6735190854784
snp1770	13	127	200	0.46	184	-0.0575999114804211	0.285874948153755	0.138330508448522	0.188523270410671	1.5163907751601	1.8485193463671	0.129420570269643	0.181135141725262
snp1771	13	128	200	0.4625	185	0.00866098447717224	-0.093447619084861	0.140814575326341	0.180737338202874	0.517035494790612	0.708790976006158	0.605131381201594	0.777872753701615
snp1772	13	129	200	0.47	188	0.212161744233851	0.00860005386394741	0.129757763237717	0.177133634859007	0.0485512188060318	2.42524615936146	0.961276945835575	0.0528176709726962
snp1773	13	130	200	0.44	176	-0.00714630090570433	0.0730824753364741	0.142382953069216	0.182214969412908	0.401078328371944	0.550789526881994	0.688362455915581	0.859259290081422
snp1774	13	131	200	0.4575	183	-0.146660949106178	-0.0227320362569763	0.139556933031326	0.184896529285832	0.122944634735868	1.65427717990975	0.902150940304082	0.254535110443819
snp1775	13	132	200	0.4725	189	0.00470763326834241	0.0426620024400669	0.151255699143198	0.203465701060985	0.209676629611788	0.356411021379591	0.833920066935268	0.938460597787489
snp1776	13	133	200	0.455	182	0.150696635878228	0.00866430728627915	0.144398676100583	0.197505331205954	0.043868726142102	1.58110317284595	0.965009044214654	0.286520949999928
snp1777	13	134	200	0.46	184	-0.0901893077864749	-0.118228216313771	0.134015117136871	0.188978696749925	0.625616634822187	1.67091932992851	0.531566425139189	0.247588866819082
snp1778	13	135	200	0.4675	187	0.10669596764867	-0.0907075903635172	0.150352102080041	0.208619325360002	0.434799557552919	0.721859960849557	0.663707926100777	0.770634635588935
snp1779	13	136	200	0.4775	191	-0.0783003695004524	0.320443226606493	0.132384018908324	0.183047690826784	1.75059966700003	2.02158747297131	0.0800148926873343	0.129586333056294
snp1780	13	137	200	0.46	184	0.237547587866807	-0.28425459844764	0.127573598365963	0.176786471148343	1.60789791549784	1.90448929566203	0.107857538466751	0.163075867994169
snp1781	14	1	200	0.4525	181	0.0950404381970731	-0.179017568639423	0.136986972481674	0.190752986591886	0.938478457600401	0.939278942879019	0.347998582668654	0.643313917493948
snp1782	14	2	200	0.4525	181	0.0692669801477923	0.040294121154132	0.133874535655936	0.178220003225824	0.226092023481085	0.99898025630215	0.821129848321886	0.607149165315983
snp1783	14	3	200	0.485	194	-0.0178821668093391	0.137404954144294	0.136542512309936	0.188105980737189	0.730465632223931	0.943050466452633	0.465105613038142	0.641034442447077
snp1784	14	4	200	0.475	190	-0.116803053779295	0.387679246669292	0.142383456136672	0.192398570190632	2.01497987373385	2.22860549471012	0.0439067579240198	0.0834638875148426
snp1785	14	5	200	0.4675	187	0.0677001543385078	0.112361991552377	0.129520825132046	0.182487761028451	0.615723437665823	1.48995128228428	0.538077065768351	0.329566405306192
snp1786	14	6	200	0.465	186	-0.0902320909142838	-0.121143134432809	0.132283800097705	0.181685673409833	0.666773181171768	1.74696926911675	0.504917025817654	0.217414238139161
snp1787	14	7	200	0.4475	179	0.378155642093818	-0.600662978857233	0.125233375091575	0.175602288719651	3.42058741510022	3.529688579984	0.000624860504488277	0.00197073100637655
snp1788	14	8	200	0.4675	187	-0.169084542847052	0.23833070904403	0.136949126872037	0.17928782844264	1.32931895664227	1.38757582080215	0.183742762716458	0.381866835530621
snp1789	14	9	200	0.45	180	0.119623352875907	-0.204111598490881	0.133882046777143	0.187086183155381	1.09100306098692	1.10070736162739	0.275271535692605	0.545649556088079
snp1790	14	10	200	0.4425	177	0.0468713963960508	-0.151340875282246	0.150485542693895	0.192650358162693	0.785572768852261	0.923193145046169	0.432117823063933	0.653023089296854
snp1791	14	11	200	0.46	184	0.0108279683511229	-0.0121173396854048	0.131316352026691	0.178829318144675	0.067759245581878	0.083039892383508	0.945977286477204	0.996558125014751
snp1792	14	12	200	0.4725	189	-0.135182463443943	0.111987973715912	0.133077676372108	0.182759443357424	0.61276162620443	1.02858559354548	0.540033967624654	0.589197308993642
snp1793	14	13	200	0.4625	185	0.0256778091774129	-0.161639567567331	0.141824789330097	0.184648459116078	0.875390828285861	1.13505612789476	0.381361288490014	0.525094933650965
snp1794	14	14	200	0.49	196	0.1855259912536	-0.190906216554097	0.143905805609397	0.192760784662666	0.990378913886378	1.2892620367841	0.321988947964077	0.435570636399634
snp1795	14	15	200	0.4625	185	-0.0812609979542449	-0.0419554743977331	0.143299802340082	0.187350370706311	0.223941240359232	1.11725700975402	0.822803025365749	0.535726444504451
snp1796	14	16	200	0.4625	185	-0.0680530928692806	-0.281936350420067	0.136774386792441	0.18402872127295	1.53202363451682	2.9859337769346	0.125516602599315	0.0115866667493211
snp1797	14	17	200	0.4775	191	0.119892278214759	-0.275404439943272	0.150679846684915	0.186545824124642	1.47633666545792	1.60696588422519	0.139853535826014	0.274948993546402
snp1798	14	18	200	0.465	186	0.0552692444671782	-0.288668303135228	0.156246289975747	0.195420683369783	1.47716351287646	1.99137743712479	0.139631811808064	0.137684278959053
snp1799	14	19	200	0.4675	187	-0.0825295416150676	-0.195656788645424	0.129410086643847	0.179468584453857	1.09020076823378	2.32167154929972	0.275624715025977	0.0675370197018928
snp1800	14	20	200	0.46	184	0.148713411786241	-0.319772576028583	0.146147278710474	0.202728290513835	1.57734559502321	1.58519888888025	0.114716026487694	0.284669119139802
snp1801	14	21	200	0.465	186	0.100330027172327	-0.120708860940125	0.137835046977061	0.179346617645615	0.673047880828413	0.761318022471834	0.500916830042545	0.748411315079269
snp1802	14	22	200	0.465	186	-0.02258500607464	0.0152406179766202	0.135652168446561	0.183290270333371	0.0831501745777358	0.177025245147712	0.933732130399593	0.984453150918891
snp1803	14	23	200	0.4675	187	0.00893971191603425	-0.115574349701164	0.14201113316984	0.185910747428749	0.621665779410944	0.873005675831436	0.5341616578458	0.683130441135782
snp1804	14	24	200	0.4475	179	0.0505898382317585	-0.0485647061371489	0.136358281639526	0.186364490588135	0.260589911650481	0.37104886451792	0.794408770291523	0.933477303222588
snp1805	14	25	200	0.46	184	0.0282824173114499	-0.131255358749361	0.144647134234299	0.18973140304224	0.691795647134595	0.820982670289825	0.489065670605854	0.713904361953474
snp1806	14	26	200	0.4925	197	-0.146962978357915	-0.0973231698375098	0.135177137681405	0.185165790412087	0.525600164160544	2.28513794489924	0.599166042648652	0.0734663564001267
snp1807	14	27	200	0.475	190	0.136022523577958	-0.227975832532663	0.151278541969367	0.190004635369517	1.19984353060282	1.20021031695772	0.230200114498485	0.486629413993758
snp1808	14	28	200	0.4475	179	0.050143547208248	-0.0679942916212682	0.13286581962811	0.194334747021903	0.349882317306873	0.39752500243159	0.726427018056648	0.924027853070467
snp1809	14	29	200	0.4425	177	0.0289159560346926	0.188256742923015	0.137645641721674	0.188604215431265	0.998157663085869	1.76964741276887	0.318202912356608	0.208915381384381
snp1810	14	30	200	0.4475	179	-0.0973739176151339	0.0845164447157646	0.144333680684437	0.18974163400033	0.44542909710379	0.678464122441049	0.656009688525615	0.794409043128754
snp1811	14	31	200	0.435	174	-0.0991483268172278	0.302603551329815	0.137472621622889	0.193621557943521	1.56286084330591	1.67287751660894	0.118085329450863	0.246779613721469
snp1812	14	32	200	0.485	194	0.0349397919235103	-0.219677094679982	0.131039973191033	0.184869061756084	1.18828479245393	1.37910932167938	0.234721227068288	0.386365579503513
snp1813	14	33	200	0.4475	179	-0.0711099391948607	0.0260224635218113	0.145461818447474	0.188490023607599	0.138057511075415	0.598132890720534	0.890194965392937	0.836205002647375
snp1814	14	34	200	0.4375	175	-0.0360008381747978	0.0291894794852766	0.145135399836039	0.188847356717138	0.154566523951922	0.252892552234273	0.877163062786677	0.968528546616613
snp1815	14	35	200	0.455	182	0.140218309261018	-0.0929034893928671	0.145899294330685	0.190333025723116	0.488110190230555	1.01872593575521	0.625471793541431	0.595174126845228
snp1816	14	36	200	0.4625	185	0.134205519742011	-0.26138111651063	0.152589127861705	0.200231819036274	1.30539250838688	1.31862939003824	0.191759228058523	0.419206460692689
snp1817	14	37	200	0.4575	183	0.29763115871668	-0.2951387363548	0.141151293463507	0.184770089948978	1.59732961344717	2.10867924898813	0.110192253063868	0.108255177130572
snp1818	14	38	200	0.4725	189	-0.0941815444997638	0.0354609733372312	0.137139436362156	0.189153506170712	0.187471932480213	0.826896738106357	0.85129062817069	0.710434085496204
snp1819	14	39	200	0.465	186	0.213627852157132	-0.317048556910049	0.149623713792307	0.197525214713891	1.60510422615808	1.6455341678101	0.108470869407787	0.258233426632316
snp1820	14	40	200	0.4825	193	0.0891443393843312	0.118499949793209	0.140107539659084	0.192529909377459	0.615488524231771	1.69361372331328	0.538232145652317	0.238314577966996
snp1821	14	41	200	0.48	192	0.159788150430976	-0.107297978288213	0.128690860524159	0.181933150479701	0.589765955271494	1.30734996226061	0.555347570104078	0.425461012820125
snp1822	14	42	200	0.4675	187	-0.0126584044431415	-0.101816355593375	0.133084894525465	0.186904582160718	0.544750451895415	0.897552988089476	0.585925160457431	0.668445318419086
snp1823	14	43	200	0.4775	191	-0.115135354822018	0.106498315447662	0.135014160042747	0.201220090357526	0.529262834831439	0.85668629102483	0.596623133338211	0.692840336765438
snp1824	14	44	200	0.465	186	0.101983658941362	-0.195394302828554	0.151511396281105	0.192420142898378	1.01545659350095	1.02798013393498	0.309888227638547	0.58956424787239
snp1825	14	45	200	0.455	182	0.150933714007316	-0.0601004616202912	0.141939518122942	0.191248336899348	0.314253512447125	1.30110848789699	0.753328502648053	0.428938533600995
snp1826	14	46	200	0.4825	193	0.0103700393661887	-0.205599962809317	0.127763314457178	0.179267638393681	1.14688833216963	1.50375698020597	0.25142777553224	0.322825765254451
snp1827	14	47	200	0.44	176	0.0654573910852983	-0.0607342461513637	0.134037541677066	0.179476094470011	0.338397413486797	0.489546938099185	0.735063723023836	0.887072909403774
snp1828	14	48	200	0.4475	179	-0.105399280363689	0.00450505260835582	0.15846761064474	0.194602731315958	0.023149996805756	1.03477757456922	0.981530624672629	0.58544542312887
snp1829	14	49	200	0.4525	181	0.138270082023259	-0.173137223256944	0.131013599789364	0.17881663355178	0.968238915015749	1.10379077982149	0.332925064023655	0.543798207624181
snp1830	14	50	200	0.4675	187	0.0411461447155345	-0.0321987893285191	0.143127298888083	0.18491119874737	0.174131093988038	0.296606620805011	0.861762437014849	0.956965686209295
snp1831	14	51	200	0.4625	185	0.147485014044829	-0.17269306372199	0.126156935812354	0.180641477969234	0.955998952529616	1.1837955363431	0.339072763692221	0.496244794884774
snp1832	14	52	200	0.455	182	0.111799221485389	-0.147759269412129	0.135519654721306	0.177528201088963	0.832314350653977	0.888809346125034	0.405231532463442	0.673686084288089
snp1833	14	53	200	0.48	192	0.1530903951498	-0.142974916323903	0.140884999600388	0.182236615874196	0.78455647147554	1.09033555217045	0.432713659790524	0.551884878353167
snp1834	14	54	200	0.455	182	0.0424988792267155	-0.0612411706965597	0.137524007700632	0.186266891813974	0.328781836107092	0.344717613769683	0.742320593208485	0.942315517121222
snp1835	14	55	200	0.47	188	-0.113451463915024	-0.0377133962131294	0.122401071728479	0.173271619022037	0.217654780546219	1.47185566649169	0.827698098834069	0.338517478945461
snp1836	14	56	200	0.45	180	0.14137142788381	-0.411383587811712	0.134293868561379	0.18193479751659	2.26115945617385	2.41986104557007	0.0237493847214826	0.0535112300338023
snp1837	14	57	200	0.46	184	-0.183443658786969	0.253322332003293	0.137878173224662	0.183468665583142	1.38073894633793	1.46668202455653	0.167359241771642	0.341100514713098
snp1838	14	58	200	0.45	180	-0.00177441723227219	0.219862991868094	0.145711631148895	0.203826484045438	1.07867725284944	1.55372270469647	0.280731629501439	0.29908510273886
snp1839	14	59	200	0.4325	173	0.00138783395472899	-0.167491000607464	0.13572560742832	0.188727845262379	0.887473707838976	1.23240139331692	0.37482391546633	0.467944023967628
snp1840	14	60	200	0.4575	183	-0.160458726400009	0.0537707844628315	0.139565343802207	0.187403088497676	0.286925817999517	1.45285016882909	0.774169121370291	0.348057770245244
snp1841	14	61	200	0.465	186	-0.279619256498855	0.211407892622515	0.144511938686052	0.193207641708764	1.09420047133118	1.99821144506715	0.273867064811264	0.135820042063165
snp1842	14	62	200	0.46	184	-0.177308030737961	0.121118758299752	0.155783618680211	0.200216280316535	0.604939608848326	1.22112924982669	0.545219124003296	0.474459829838167
snp1843	14	63	200	0.4475	179	-0.0240986815830636	0.127683635416503	0.150945998666315	0.190177147925484	0.671393155325542	0.882210210566679	0.501970104147777	0.677634360496937
snp1844	14	64	200	0.475	190	0.0212931377748322	0.00723783150896591	0.141859849325841	0.19161771671857	0.0377722458701256	0.264398488526693	0.969869273162066	0.965650530041499
snp1845	14	65	200	0.4725	189	0.069099266037971	-0.262477190194675	0.154983372788133	0.204104111832503	1.28599658202905	1.52147137478522	0.198444254546434	0.31429049666501
snp1846	14	66	200	0.4575	183	-0.0532291259513237	-0.29359164800601	0.125243993235948	0.193256793886408	1.51917892303738	2.36192276523126	0.128717465117697	0.0614617914511848
snp1847	14	67	200	0.4425	177	0.0715784622220973	0.0205333171633694	0.135893559878294	0.188295900597421	0.109048136991946	0.8889979714991	0.913164310158284	0.673573136956268
snp1848	14	68	200	0.4775	191	0.0238977295014824	-0.427091217715336	0.139204624842244	0.190814364146369	2.23825506861593	3.11128390389731	0.0252044263648637	0.00790670800437362
snp1849	14	69	200	0.4775	191	0.0945778862770298	0.0484950536889471	0.141110039599668	0.194511216124332	0.249317518317036	1.28918090976171	0.803115181435634	0.435616195419583
snp1850	14	70	200	0.455	182	-0.114935351064883	0.0846488415162285	0.136386684960471	0.180650410478596	0.468578185302591	0.865607836705317	0.639371173144831	0.687537803885857
snp1851	14	71	200	0.4525	181	0.14064733974937	-0.207619565413072	0.146982379642847	0.195186132105488	1.06370039291963	1.09096477492578	0.287464446415081	0.551506270714269
snp1852	14	72	200	0.4625	185	0.194192255871029	0.06279791060526	0.131406128956613	0.185216144308098	0.339052034798861	2.43386629592323	0.734570531132072	0.0517230077018022
snp1853	14	73	200	0.4525	181	-0.0384193261869748	0.212101889224793	0.146822214701397	0.19904140155663	1.06561693982268	1.33428949302668	0.286596838425578	0.41058831810207
snp1854	14	74	200	0.4675	187	0.0917822714526109	-0.345146557497451	0.132914828866175	0.179392593587932	1.92397328448385	2.22046786610007	0.0543579322305432	0.0849885470471861
snp1855	14	75	200	0.4675	187	-0.00193220722184359	0.157438691069814	0.134075523261591	0.175984435679389	0.894617131691338	1.34300762593877	0.370991790649606	0.405824393340935
snp1856	14	76	200	0.4625	185	-0.0757131170593111	0.0780728673234212	0.141579601446118	0.186916730160516	0.417687957928516	0.535773273835587	0.676175277849418	0.866297842575916
snp1857	14	77	200	0.4575	183	0.0690699093324194	-0.17351051892233	0.131851709431082	0.177439623983482	0.977856664859042	1.00929556866003	0.328145220669203	0.600892774331428
snp1858	14	78	200	0.4625	185	0.0398080686575705	0.0718854486954656	0.136461454879347	0.190142776771716	0.378060370822135	0.87469249708519	0.705385746776031	0.682124230049916
snp1859	14	79	200	0.4575	183	0.0435567637265591	0.13855914938991	0.136197615819602	0.19304035297079	0.717772979885075	1.39423290415459	0.472897276224342	0.378347310065135
snp1860	14	80	200	0.4825	193	-0.295294004480318	0.265847954818407	0.137551206106442	0.187049072842469	1.42127384422965	2.15802787443889	0.155237164306426	0.0974376928033312
snp1861	14	81	200	0.465	186	-0.2054589386774	0.0921319964192752	0.142396682506209	0.185373017798062	0.497008666707041	1.742554541491	0.619182939712786	0.219095369884271
snp1862	14	82	200	0.45	180	-0.0359334605793017	-0.0316738636937222	0.148930184457866	0.192413396820278	0.164613609120506	0.584980321046674	0.869248118825098	0.842736462899202
snp1863	14	83	200	0.445	178	0.0229158303531575	-0.00514141448508995	0.136931223937195	0.186759267308544	0.027529635124322	0.210977190440039	0.978037303389185	0.977990143280909
snp1864	14	84	200	0.4775	191	-0.184360242916768	0.103699319739498	0.137812399840431	0.184323524150709	0.562594059642163	1.47273901953007	0.573711337995542	0.338077503386867
snp1865	14	85	200	0.4325	173	0.0704265337556973	0.0128410152365432	0.148834972443362	0.203788978305214	0.0630113333082776	0.78025291463402	0.949757479581566	0.737567768574329
snp1866	14	86	200	0.4425	177	0.107466576800755	-0.0488014114026033	0.136548789795562	0.190963845314862	0.255553145791232	0.891936570079845	0.798295901415426	0.671812884764566
snp1867	14	87	200	0.46	184	0.0231781018895579	0.0333844033976944	0.13988254091602	0.185990759338999	0.179494957256698	0.483001990656089	0.857549076558035	0.889900641289267
snp1868	14	88	200	0.48	192	-0.203824378257254	0.339946811000681	0.136624903445781	0.181401029624051	1.87400706437672	1.88214471618855	0.060929451432775	0.17012286522914
snp1869	14	89	200	0.4475	179	-0.103703667926831	0.457425587109401	0.14248375192737	0.185647244215901	2.46395032170491	3.02396447854916	0.0137415155873172	0.0103353979267074
snp1870	14	90	200	0.465	186	0.001691875141621	-0.181423281666131	0.145938185647015	0.196092542954574	0.925192151280115	1.36001596176154	0.35486596542309	0.396602123708801
snp1871	14	91	200	0.465	186	0.0318037485569536	-0.000164323528060048	0.144667125468179	0.194096992342603	0.000846605225958364	0.321875390043242	0.999324506841805	0.949516963322291
snp1872	14	92	200	0.445	178	-0.120147347555221	0.0238172236202231	0.144012858875886	0.190489173675594	0.125031901607092	1.18322890708903	0.900498294673412	0.496577694531298
snp1873	14	93	200	0.44	176	-0.105963165225668	0.363902982699624	0.141704035367706	0.185074463772484	1.96625171988599	2.26622587117472	0.04926954080312	0.0766972174525645
snp1874	14	94	200	0.4675	187	-0.102752638016973	0.117444346039842	0.1408840097028	0.187424928477528	0.626620732865446	0.741511486465512	0.53090787460025	0.759633163161337
snp1875	14	95	200	0.435	174	0.143046738619609	-0.296680559665448	0.156266073922723	0.201253389470435	1.47416428834373	1.52903033516899	0.1404373625219	0.310687752338547
snp1876	14	96	200	0.4425	177	0.0204400044981461	0.117634150065819	0.152850224544592	0.194682048410567	0.604237273165214	1.07912766843755	0.545685903284001	0.558635395736378
snp1877	14	97	200	0.4575	183	-0.0990133701409864	0.309846630626717	0.135069710015752	0.189973976551904	1.6309951302307	1.72308382706004	0.102891347061479	0.226613594787667
snp1878	14	98	200	0.475	190	0.00587509569307169	-0.135859429474234	0.166528811844631	0.206583255709553	0.657649764534868	1.00551848672076	0.510763209274655	0.60318356225175
snp1879	14	99	200	0.485	194	-0.216592738874417	0.199645811348774	0.131097850999039	0.186714554750905	1.06925682154302	1.65495251569788	0.284953961112263	0.254250846513078
snp1880	14	100	200	0.46	184	-0.252361581519447	0.0765219416575747	0.138368297253724	0.186567626645378	0.410156590580558	2.2503821022111	0.681691082125539	0.079491132615062
snp1881	14	101	200	0.4575	183	-0.0242426380947176	-0.00878596788578317	0.138823969339908	0.197048837773733	0.0445877681139734	0.30629595457536	0.964435892595084	0.954174599539344
snp1882	14	102	200	0.4525	181	-0.0466223559297258	0.352007043894399	0.154808379257391	0.211485430173578	1.66445056572213	2.14815903520222	0.096022422187132	0.0995302540470364
snp1883	14	103	200	0.465	186	-0.0907345070021043	0.220577039343723	0.12940297828865	0.180859352068298	1.2196053829742	1.24093143651558	0.222614504821884	0.463033712178377
snp1884	14	104	200	0.4725	189	0.122650287993347	0.0252837009298569	0.147268913175392	0.191088271719578	0.132314247767967	1.40149852289245	0.894735738367811	0.374524126512776
snp1885	14	105	200	0.4825	193	-0.0426996006384772	0.164088418023489	0.132895221309533	0.183665657541473	0.893408273598652	1.0060433425421	0.371638573586686	0.602865231729493
snp1886	14	106	200	0.475	190	0.101895949011513	-0.153233567453007	0.140267074623948	0.186169722347149	0.823085330531208	0.840980608080435	0.410459470258907	0.702138787445138
snp1887	14	107	200	0.4375	175	-0.072510282704049	0.0487629805807691	0.147293554112156	0.192297398888794	0.253581072144241	0.52547367176634	0.799819221000611	0.871045303865194
snp1888	14	108	200	0.4425	177	0.0715242375158422	-0.162419663060793	0.136207415105789	0.18503042734332	0.877799751061628	0.89493917102064	0.380052399593137	0.670013069605464
snp1889	14	109	200	0.465	186	-0.169450658853352	0.375958916542279	0.141035515772226	0.188030079819836	1.99946155903625	2.03982936250398	0.045558437106852	0.124873767233433
snp1890	14	110	200	0.44	176	-0.0106075550365084	-0.140600529784275	0.133086211362496	0.178000186587859	0.789889788766463	1.28086879863907	0.429592135322698	0.440294067682957
snp1891	14	111	200	0.4575	183	0.103485693237022	-0.217193730765527	0.141583365859657	0.1914380463705	1.13453796088777	1.14631818552361	0.256568959754441	0.518392453557351
snp1892	14	112	200	0.42	168	-0.151393384067627	0.247444611034874	0.16075527313192	0.210982122585127	1.17282264489037	1.17384715101303	0.240866935193247	0.502098699045913
snp1893	14	113	200	0.4475	179	-0.0330134094650907	0.0675629058518707	0.137323607963361	0.17905292415534	0.377334836449002	0.383966010596132	0.705924786538176	0.92893645069738
snp1894	14	114	200	0.45	180	-0.0294613003614568	-0.205844081106494	0.133541536594846	0.183765554812814	1.12014507460971	1.81635104373286	0.262651945261304	0.192133361478976
snp1895	14	115	200	0.4825	193	0.105524076532075	-0.0996295627203597	0.148993850582018	0.193492605852538	0.514901136823223	0.710083229514834	0.606622106442233	0.777159948076478
snp1896	14	116	200	0.4475	179	-0.0326311776270194	-0.115498563320583	0.145154189859361	0.197882070954762	0.58367371416376	1.10449759088335	0.559439855387546	0.543373981466043
snp1897	14	117	200	0.48	192	0.126971338056211	0.0637919445027791	0.168430835283799	0.20715932403055	0.307936631871668	1.72923335098003	0.758130551063773	0.224220801629609
snp1898	14	118	200	0.475	190	-0.214461809985947	0.227304771571835	0.14029091693644	0.186239595335951	1.22049648551807	1.53303740131958	0.22227672102663	0.308787532114854
snp1899	14	119	200	0.455	182	-0.0102158394902057	0.209283395236052	0.146054784294026	0.198630469899672	1.05363187904535	1.48057832881546	0.292051487993937	0.334186488213518
snp1900	14	120	200	0.48	192	-0.0744605635583842	0.108782291172566	0.14435308806988	0.196248579314026	0.554308681126799	0.578600657991605	0.579367610172257	0.84587019858655
snp1901	14	121	200	0.4875	195	0.0779665356896623	-0.0774753464030491	0.151626263886348	0.206806518523177	0.374627197229116	0.514202110912462	0.70793774324818	0.876164074932112
snp1902	14	122	200	0.48	192	0.00292357875502109	0.260169586427282	0.138433219282955	0.185582180950795	1.40191038328332	2.11118889037264	0.160942009454458	0.107683461716672
snp1903	14	123	200	0.455	182	0.0653414917459272	-0.0891762815642673	0.131496364715389	0.186724260646788	0.477582726826029	0.528558994370712	0.632947227406634	0.86963012164825
snp1904	14	124	200	0.46	184	-0.127015400198085	0.0865810238898418	0.149347476983032	0.212851157016038	0.406767926957137	0.898502410670126	0.684178445273379	0.667875639633669
snp1905	14	125	200	0.46	184	0.0532053476229107	0.135801803198361	0.140114861283641	0.189120417670126	0.718070554577739	1.50268942604478	0.472713784773887	0.323344242971395
snp1906	14	126	200	0.455	182	0.119602048069949	-0.4340994742514	0.138763081460626	0.193149888591329	2.24747462924961	2.47517568245656	0.0246097102235471	0.0467356823750257
snp1907	14	127	200	0.455	182	-0.0616635087876272	0.0309420396538267	0.146905133671856	0.191488902932718	0.16158659420958	0.478965560490914	0.871631414840753	0.89163002371093
snp1908	14	128	200	0.4875	195	-0.0196325187935229	-0.163800627829055	0.131722859163477	0.181357152888559	0.903193644254594	1.36049893958582	0.366423130488953	0.396341651923199
snp1909	14	129	200	0.46	184	0.0186631646100675	0.134781977656724	0.146931187756291	0.203567191141511	0.662100689708049	1.07901181284275	0.507906693840587	0.558705238613619
snp1910	14	130	200	0.465	186	0.276573731033825	-0.355805099269846	0.139873362566531	0.186643980309298	1.90633043016025	2.08988332916397	0.0566073485652463	0.112612093722518
snp1911	14	131	200	0.4675	187	-0.0538383690635595	0.0553247612718073	0.144656313969306	0.195096604794251	0.283576238193139	0.372722093190146	0.776735149042791	0.932896628168903
snp1912	14	132	200	0.4675	187	-0.0580867725247721	-0.131150935196595	0.134343493134168	0.197739479075573	0.663251141399393	1.3895333164908	0.507169722613219	0.380830296604406
snp1913	14	133	200	0.4575	183	0.0330508109489631	-0.0524532050473955	0.143019954431017	0.181600811712429	0.288837943799815	0.289268867469023	0.77270539407195	0.959024901003105
snp1914	14	134	200	0.475	190	-0.159435380373927	0.338650741833924	0.143213576187374	0.180788327959773	1.8731891912252	1.93247440480268	0.061042264367062	0.154551382887948
snp1915	14	135	200	0.45	180	-0.120534018155876	0.160720701639009	0.146544101802747	0.194266118176535	0.827322351152134	0.879854286066528	0.408054378496344	0.679042349918243
snp1916	14	136	200	0.475	190	-0.0279833297616822	0.104324662392213	0.142134666494033	0.18697179716833	0.55797004667121	0.633701414600771	0.576864838108951	0.81808524081474
snp1917	14	137	200	0.4775	191	0.00482608883055503	-0.00777494263165017	0.159197565717664	0.208830425314255	0.0372308901825497	0.0374360201550042	0.970300908875837	0.999299517649869
snp1918	15	1	200	0.4625	185	-0.0288821772596699	-0.0829490114805954	0.139846753763573	0.181797810827293	0.456270683915971	0.970145378242348	0.648195342302887	0.624632983917375
snp1919	15	2	200	0.4775	191	0.0857274711469182	-0.0527332722382598	0.137131361031738	0.187557037919798	0.281158589531624	0.671381114607723	0.778588764782236	0.798215793214965
snp1920	15	3	200	0.4675	187	0.125371568323992	-0.0843202221493017	0.143515999204452	0.188366088991172	0.447640138418192	0.938769623881124	0.654412930260926	0.643621664264315
snp1921	15	4	200	0.475	190	-0.00104003867450058	-0.571408563813014	0.132288698740504	0.184581351276845	3.09570040451152	4.60677847150333	0.00196348639009947	2.46384101933757e-05
snp1922	15	5	200	0.4425	177	-0.023885702155956	0.175763731751246	0.147217342611433	0.195460988695595	0.899226658599252	1.15725338728606	0.368531943386172	0.511904240764083
snp1923	15	6	200	0.4475	179	-0.0769032409023186	-0.0542753143239944	0.142953485272366	0.193337454565214	0.280728400226699	1.12793929040531	0.778918724101669	0.529340428788877
snp1924	15	7	200	0.4775	191	0.0313605414331159	0.0547384902625077	0.140221787335245	0.193170092465413	0.283369384793915	0.676024213159597	0.776893694374095	0.795722821170053
snp1925	15	8	200	0.4825	193	-0.121550720064514	0.105632233506382	0.134947682104648	0.186674501790809	0.565863213738508	0.908441646470789	0.571486770234839	0.661905082972003
snp1926	15	9	200	0.4125	165	-0.278180699231329	0.398044244338051	0.163227207295662	0.208583283390311	1.90832284288675	1.93772526431788	0.0563495023755487	0.152988947312317
snp1927	15	10	200	0.4625	185	0.0163115969560757	0.14638026171091	0.143362638074831	0.183084250515258	0.799524051353128	1.38691289156363	0.42398660626653	0.382218178928081
snp1928	15	11	200	0.465	186	0.204882004048136	-0.0837902077233437	0.136659082235731	0.17629731655957	0.475277839495823	1.80195753617338	0.634588952152525	0.197202239362194
snp1929	15	12	200	0.46	184	0.0650253029687883	0.0524924117666173	0.130027731958839	0.178478449867362	0.294110643641445	1.03478294926239	0.76867335794529	0.585442167109201
snp1930	15	13	200	0.4675	187	0.0283877223249805	-0.132948173138371	0.143408327034499	0.190583034141665	0.697586612245598	0.842775146207381	0.485435756429636	0.701078809738742
snp1931	15	14	200	0.4575	183	0.105851419565011	-0.101365551084835	0.144449915679294	0.189317128273374	0.53542725906165	0.732941090564332	0.592354444881106	0.764447964162813
snp1932	15	15	200	0.46	184	-0.0222493227285618	0.227127827176259	0.146830542826135	0.192871227458088	1.17761384199006	1.59251131942869	0.238950588999927	0.281380860680498
snp1933	15	16	200	0.4625	185	0.0615430764753656	-0.163716784933469	0.137908304062116	0.195261657994492	0.838448196204946	0.863814214802655	0.401779030676403	0.688604978065875
snp1934	15	17	200	0.49	196	-0.0696409710398078	0.0726856613020237	0.136965529195901	0.187651852762274	0.387343158258635	0.509030974295202	0.698502178691077	0.878485157831882
snp1935	15	18	200	0.4725	189	0.0730085918270139	0.0886173146675862	0.150944574983982	0.191715335365731	0.462233834860071	1.44088638526687	0.643913642064745	0.354135104466349
snp1936	15	19	200	0.475	190	0.045888558780049	0.200373333384639	0.148807091697264	0.188937712269903	1.06052587901774	2.09786324407074	0.288905422993518	0.110746098860686
snp1937	15	20	200	0.4525	181	-0.032890839545064	0.115446860237467	0.138325263499899	0.184639203821914	0.625256488588506	0.711039590775475	0.531802732504103	0.776632005789587
snp1938	15	21	200	0.4725	189	0.123096063832284	-0.263737446972826	0.12580875758565	0.177778154021706	1.48351999954181	1.48473879598961	0.137936306846051	0.332131386407942
snp1939	15	22	200	0.46	184	-0.124375073914045	0.13055263059938	0.146164195661558	0.196222391500078	0.665329933048583	0.852673325374397	0.505839489267377	0.695220720834083
snp1940	15	23	200	0.4775	191	0.00806145096079096	0.196300680719495	0.130309334268415	0.181715609032272	1.08026317477566	1.55394425948897	0.280025003263037	0.298982157645213
snp1941	15	24	200	0.48	192	0.0243227351322077	-0.0401760797367317	0.144536711397341	0.193303587212185	0.207839286979353	0.209210344311751	0.835354455794564	0.978353243895533
snp1942	15	25	200	0.455	182	-0.137509076810904	0.0934781989773682	0.131538478638205	0.191146963596025	0.489038367226839	1.08890782633653	0.624814534217055	0.552744103358632
snp1943	15	26	200	0.47	188	-0.0921827955236359	0.516769450512667	0.129414046276919	0.183691215127893	2.81325075972126	3.34493687003335	0.00490433893706732	0.00371899677110965
snp1944	15	27	200	0.4375	175	-0.261632345571457	0.270413771246525	0.127456556342515	0.176674791692086	1.53057359602161	2.0549162370475	0.125874811530953	0.12107557148166
snp1945	15	28	200	0.455	182	0.118799418713004	0.00336580749134627	0.137600584676311	0.176468276310898	0.0190731589932711	1.29368885776225	0.984782743555063	0.433087527078242
snp1946	15	29	200	0.455	182	0.0344810134821148	-0.0550394567882812	0.135340609404904	0.187810613447951	0.293058287696475	0.300570608502853	0.769477599264769	0.955833690144868
snp1947	15	30	200	0.475	190	0.283892233728159	-0.138361569807727	0.135278073600406	0.177254081880925	0.780583264089086	2.36215201234011	0.435047638163774	0.0614285194998658
snp1948	15	31	200	0.475	190	0.205925587911139	-0.230339306695511	0.130250921222605	0.181314726341638	1.27038388631213	1.59396065082692	0.203947920229266	0.280731866149005
snp1949	15	32	200	0.48	192	-0.0571901364496998	-0.0167963492021732	0.128742684588081	0.182100041445112	0.0922369323415882	0.700718252950682	0.926509795335512	0.782310909470156
snp1950	15	33	200	0.48	192	0.0481559058925608	-0.138447381440721	0.12823655057725	0.17145568472034	0.807482013014275	0.856063037082919	0.419388833315327	0.693210231299119
snp1951	15	34	200	0.4775	191	-0.0241193031200419	-0.0128834960869426	0.151997061198126	0.197470116847891	0.0652427632727167	0.337911950897296	0.947980713469077	0.944506940930234
snp1952	15	35	200	0.4775	191	0.184070982615808	-0.148362746140253	0.144027244959749	0.190030927065868	0.780729476149045	1.30541492225448	0.434961620342726	0.426537897244178
snp1953	15	36	200	0.47	188	0.0825495604422617	0.0692986153245626	0.146709892465805	0.199649780051048	0.347100884893756	1.27128348011284	0.728515528734551	0.445712638281565
snp1954	15	37	200	0.45	180	0.131223116017503	-0.173140376619959	0.133853878325356	0.181565745521787	0.953596043804325	1.0371191881777	0.340288159105929	0.584026976114881
snp1955	15	38	200	0.4225	169	-0.067792501989979	-0.0419852894361713	0.143092601442715	0.1896616146663	0.221369461132356	0.983714234168532	0.824804769061057	0.61640759920066
snp1956	15	39	200	0.47	188	-0.0385926765883256	-0.188351253571285	0.129229804374496	0.185366367057412	1.01610263264721	1.74832833087788	0.309580515528999	0.216898456734704
snp1957	15	40	200	0.4425	177	0.093166970512547	-0.0940542827475905	0.136696626687021	0.194307752141448	0.484048020272103	0.682611041447167	0.628351789749005	0.792170274711555
snp1958	15	41	200	0.4625	185	-0.0155155360616634	0.0658674849569805	0.138497586463402	0.182566038955612	0.360787172322862	0.420378596828606	0.718258552865795	0.915432102200778
snp1959	15	42	200	0.4425	177	-0.0418840037364855	0.00930925601797387	0.148631129033292	0.195145022027546	0.0477042966366818	0.396754777155048	0.961951909782611	0.924310544579667
snp1960	15	43	200	0.42	168	-0.225961503846585	0.175754518623737	0.138028622188675	0.184241499188172	0.953935564995776	1.67344588743015	0.340116259536649	0.246545043712752
snp1961	15	44	200	0.4675	187	0.063937269312218	0.298366568276422	0.138445130203895	0.192469475549599	1.55020201216028	2.76020408044325	0.121093037039714	0.0221622855729555
snp1962	15	45	200	0.4525	181	0.0431697702985589	0.085533764019533	0.134908374758122	0.186473407684327	0.458691483583169	1.05838473787665	0.6464557306334	0.571158156147098
snp1963	15	46	200	0.46	184	0.0739161420482287	-0.252848871503401	0.136921519495101	0.187231526634936	1.3504609829754	1.50685321739437	0.176868160914725	0.321324645771534
snp1964	15	47	200	0.4625	185	0.0586758799291029	0.00458172651384986	0.13795292066929	0.181402463794425	0.0252572452325792	0.654039751708037	0.979849776403394	0.807442044153524
snp1965	15	48	200	0.44	176	0.0713441371601668	-0.220559627561663	0.141619591923003	0.199253804024436	1.10692806414182	1.1922963880315	0.268325031160825	0.491258241938486
snp1966	15	49	200	0.4575	183	0.0255195799364329	0.113095340890707	0.156316615983339	0.206850525166232	0.546749111706729	1.0592741055654	0.58455110853832	0.570620556145137
snp1967	15	50	200	0.4475	179	-0.0495801970281395	0.113721188558664	0.146171167555732	0.195597635028866	0.581403699190338	0.599537683275852	0.560968404909402	0.835501849893293
snp1968	15	51	200	0.435	174	-0.0853555131027238	-0.0870008387650226	0.141918891715363	0.191153286586406	0.455136504941525	1.44134677243751	0.649011036902332	0.353900223814465
snp1969	15	52	200	0.45	180	-0.0345062141060459	0.177433304634494	0.160514531690474	0.199232153163021	0.890585690198861	1.15320773584654	0.373151478878366	0.514302306739993
snp1970	15	53	200	0.485	194	-0.209448849323444	0.209740978578541	0.141981260444074	0.187599583064785	1.11802475864837	1.47660167647207	0.263556419265811	0.336157238929371
snp1971	15	54	200	0.455	182	-0.0165160580587634	0.355821788322912	0.136865236686841	0.194497971795447	1.82943701180149	2.4793396358706	0.0673341672630538	0.0462560730248056
snp1972	15	55	200	0.4475	179	-0.0864679621033392	-0.123000756832351	0.147055120289331	0.196216705368439	0.626861798547633	1.70020397425502	0.530749830236733	0.235664339403224
snp1973	15	56	200	0.475	190	0.0352883433162829	0.189918309747384	0.148783368833996	0.198140015144532	0.958505578032023	1.74816028842643	0.337807880091122	0.216962186363476
snp1974	15	57	200	0.4475	179	0.34683109065348	-0.299811882762709	0.156799639541189	0.198452138677631	1.51075158353284	2.24225662714438	0.13085175448913	0.0809553597046678
snp1975	15	58	200	0.4775	191	-0.0168470493823097	-0.0694719122391058	0.146165141943756	0.193146630636188	0.359684826032319	0.677728952584226	0.719082840709946	0.794805167583076
snp1976	15	59	200	0.4675	187	0.032827781029105	-0.163529142867957	0.134028227299566	0.183842659327446	0.889505969214094	1.05890654875251	0.373731216594137	0.570842728196139
snp1977	15	60	200	0.465	186	-0.0455345886444428	-0.127033014206915	0.146127966794465	0.197164937408385	0.644298199652981	1.36293627775313	0.519382082865284	0.395028387881969
snp1978	15	61	200	0.4525	181	-0.0108152002754429	0.149276888527829	0.136588885510803	0.185630959386518	0.804159440974538	1.10956643303315	0.421304899376785	0.54033344748288
snp1979	15	62	200	0.4325	173	0.0935061833310957	-0.0843876406824122	0.135286241827735	0.184044440544838	0.458517738610274	0.691209796945934	0.646580521354467	0.787505053077159
snp1980	15	63	200	0.445	178	-0.0717888120828566	0.2498031881688	0.155086995105647	0.215595943271795	1.15866367603161	1.24699746700182	0.246593302504248	0.459552843623103
snp1981	15	64	200	0.45	180	0.0866881702825723	0.124223854065822	0.142016595876784	0.191838498947927	0.647543922346586	1.68221038699535	0.517279977456126	0.24294604603859
snp1982	15	65	200	0.445	178	-0.0391565301789356	0.198192813188871	0.138264400366319	0.192336406941813	1.03044876599379	1.23355198993112	0.302799391152528	0.467280641724742
snp1983	15	66	200	0.46	184	0.016453910194907	-0.095296886136792	0.145362454042451	0.186661944607699	0.510531947671897	0.652089013375452	0.609678838461408	0.808471346687643
snp1984	15	67	200	0.4625	185	0.00963656851462926	0.102276597279859	0.135481942305932	0.189821696318651	0.538803515422013	0.854569321486666	0.590022437695506	0.694096442068837
snp1985	15	68	200	0.47	188	0.0470887102526908	0.1144855806678	0.138345092758444	0.185348144189856	0.61767859164821	1.33785864967779	0.536787226733219	0.408635023971623
snp1986	15	69	200	0.47	188	0.0528691689894026	-0.210489865561602	0.130031271984159	0.174962971423916	1.20305378817331	1.38361014968237	0.228955506560384	0.383970895148113
snp1987	15	70	200	0.43	172	0.160577798279772	-0.0755212499240085	0.14661593184118	0.190223202131102	0.397013871483245	1.28668277099016	0.691357231507123	0.437020018250811
snp1988	15	71	200	0.4575	183	-0.127876928897225	0.249977226462036	0.143705014206124	0.196287996404701	1.2735227372062	1.27695802580944	0.202832609482214	0.442501732255742
snp1989	15	72	200	0.46	184	-0.222710184235789	0.0860798723977834	0.128426695150719	0.174112289479116	0.494392857938431	1.99031343016292	0.621028756974445	0.137976241023531
snp1990	15	73	200	0.4725	189	0.136314465854082	-0.357176251131512	0.135439603679765	0.186997277468577	1.9100612370762	2.00515416379853	0.0561253291807621	0.133945589459738
snp1991	15	74	200	0.455	182	0.0655224991938001	-0.121253124497534	0.142097817284086	0.192273062639402	0.630629807592644	0.630916286631043	0.528282604330982	0.819527208204127
snp1992	15	75	200	0.445	178	0.127854255113911	-0.176121366959336	0.135993113748039	0.193320165356603	0.911034638494427	1.00261033426884	0.362277123069958	0.604947415540133
snp1993	15	76	200	0.4875	195	-0.135229482510773	0.0534063732243958	0.149799597694534	0.206871818181119	0.25816166597249	1.06905278880152	0.796282141459951	0.564713400309962
snp1994	15	77	200	0.4725	189	0.0345083663292999	-0.0834276586350793	0.148199194685921	0.202072077742247	0.412860893831634	0.424678144552777	0.679708533953746	0.913770563889826
snp1995	15	78	200	0.455	182	0.0266500488897461	0.0846990390501153	0.146106952641165	0.197658124095935	0.428512814423991	0.808656322443406	0.668277806012422	0.721110766929456
snp1996	15	79	200	0.465	186	0.0735732111406062	0.0884955880971092	0.133530083092937	0.181614235461385	0.487272310302599	1.46321533227715	0.626065367638223	0.342837208829553
snp1997	15	80	200	0.4775	191	-0.102569377771645	0.110171555653141	0.136047032920437	0.18472051458577	0.596422957678508	0.757450983023151	0.550892707465148	0.750612307268647
snp1998	15	81	200	0.4675	187	-0.26761707115645	0.180575143953431	0.135699980994699	0.176871050225747	1.02094234032622	2.07111638990368	0.307281757526635	0.117095955215081
snp1999	15	82	200	0.4475	179	0.0916417103055865	-0.173396208367952	0.134649831093733	0.18957567589876	0.914654306497383	0.916264811567828	0.360373139417191	0.657197562029318
snp2000	15	83	200	0.485	194	0.0494972373586825	-0.170368235036424	0.13408992994607	0.18674365274713	0.912310713270236	1.00110158542824	0.361605176273237	0.605862514646301
snp2001	15	84	200	0.465	186	0.0528509819268385	0.113223499655747	0.142486532107134	0.188920592426947	0.599317936712108	1.35611398037837	0.548960889025807	0.398709353893203
snp2002	15	85	200	0.435	174	-0.205871659636667	0.187440905717663	0.16207117889014	0.210947189962033	0.888567919541373	1.2818150376039	0.374235338542093	0.439760554148957
snp2003	15	86	200	0.445	178	0.232821324905802	-0.372646943703221	0.139253566218117	0.188608835107989	1.97576610602499	2.00937907545752	0.0481812738881539	0.132814463703131
snp2004	15	87	200	0.475	190	0.039652282114963	0.104799949423896	0.132105621560063	0.182384322527122	0.57461051460885	1.14368943667382	0.565554739318235	0.519955127822236
snp2005	15	88	200	0.485	194	-0.00316224710915789	0.166068290057015	0.145807265962486	0.187889595312092	0.883861023710064	1.32064583766509	0.37677123963845	0.418092443474617
snp2006	15	89	200	0.46	184	-0.258457250749339	0.350678322092755	0.14105851514801	0.191218426924964	1.8339148989567	1.9740629000905	0.0666666275997434	0.142493033703895
snp2007	15	90	200	0.4475	179	-0.31745702952114	0.252522117194664	0.136351506792534	0.18331811295061	1.37750772757899	2.3798843941594	0.168355327294547	0.0588993711600324
snp2008	15	91	200	0.415	166	0.195962090643518	0.00478442027248493	0.142904386337946	0.196658255487085	0.024328601210434	1.97490956557082	0.980590499412392	0.142255022919696
snp2009	15	92	200	0.4575	183	-0.158253321608719	0.38934434508597	0.149699769678953	0.196851231051234	1.97786085973034	2.06958412759273	0.0479444054986546	0.117468010844995
snp2010	15	93	200	0.48	192	0.345587338224487	-0.329568681722693	0.148507844544839	0.193108625669973	1.70664920108713	2.32835632504961	0.0878872743873643	0.0664954610724597
snp2011	15	94	200	0.465	186	-0.0867034067366774	0.132969533080545	0.139922756858877	0.184548059735626	0.720514392137367	0.72905706708408	0.471208341678695	0.766621482351841
snp2012	15	95	200	0.435	174	0.0246417615345265	0.0613176762190493	0.144620820220638	0.191810510861191	0.319678394806131	0.699067210024115	0.749212139466268	0.783215433656608
snp2013	15	96	200	0.4775	191	0.150761658093161	-0.332626115614221	0.133651367520758	0.18457216528858	1.80214668389548	1.816873397984	0.0715223304559861	0.191951129702853
snp2014	15	97	200	0.48	192	0.00119447499795543	0.198366214426771	0.138496273886924	0.18479274518772	1.07345239243706	1.56609654287034	0.283068188089243	0.293367499675245
snp2015	15	98	200	0.46	184	-0.0243023211308453	0.0983724687508244	0.137954445042218	0.192884665227755	0.510006685262761	0.575774295917213	0.610046778216521	0.847251227306477
snp2016	15	99	200	0.46	184	-0.0656696131725497	-0.0591687055482774	0.13260970887263	0.188480992256308	0.313923992228437	1.04980884940361	0.753578767680195	0.576344728607152
snp2017	15	100	200	0.4475	179	-0.166312856003986	0.117732717717374	0.139234916824983	0.178333321005499	0.660183509472936	1.2607055891227	0.509136073379529	0.451721566976062
snp2018	15	101	200	0.48	192	0.0228777742663925	-0.135778662261398	0.134438497252495	0.181359551688895	0.748671139716498	0.931593512045194	0.454055442624563	0.647955514245371
snp2019	15	102	200	0.47	188	-0.0722921219738072	0.137538741677698	0.128872268301583	0.176340791735634	0.779959873855467	0.779983631467186	0.435414494193401	0.737722727716748
snp2020	15	103	200	0.465	186	-0.00679720779602874	-0.132704826490068	0.141856917383729	0.191862916285178	0.691664804535859	1.06194906396479	0.489147854418706	0.569003947524003
snp2021	15	104	200	0.4825	193	0.0578126856276385	0.0872876929832469	0.148602390337081	0.202680772621536	0.430665878436523	1.06576188458859	0.666711332478406	0.566700577176112
snp2022	15	105	200	0.45	180	-0.033324129275254	0.15410038402667	0.138119284112719	0.183884629934662	0.838027539775487	1.0163044384883	0.402015236533809	0.596642390565924
snp2023	15	106	200	0.4525	181	0.0647738171873646	-0.0867204487194295	0.147516889789925	0.193648902728647	0.447823083412705	0.473360163716415	0.654280882672003	0.894013035966598
snp2024	15	107	200	0.4625	185	-0.0370158150641892	0.142777109037069	0.131191032137614	0.177503295173046	0.804363146598925	0.915481862040715	0.421187278509058	0.657668995971484
snp2025	15	108	200	0.4725	189	-0.000187519391820975	0.278625787278275	0.129536716766141	0.184363167283462	1.5112877012461	2.10813826555	0.130715166060434	0.10837872497165
snp2026	15	109	200	0.4825	193	-0.0346838794438802	-0.0179491403743865	0.127583891923617	0.178850407280619	0.100358398100957	0.49844279114806	0.920059796472425	0.88318321532819
snp2027	15	110	200	0.4325	173	0.159389338717122	0.0495570301790949	0.144896739267466	0.186943027815492	0.26509162046956	2.0041043384656	0.790938882386478	0.134227776197027
snp2028	15	111	200	0.465	186	-0.183287035246453	0.316234731405233	0.155134137530056	0.202166006506108	1.56423296314991	1.56434739575205	0.117762868690444	0.294171782723884
snp2029	15	112	200	0.4775	191	0.0767193593221282	0.0554066923985462	0.131177741975729	0.180750202626871	0.306537373642254	1.18820921670371	0.759195528428991	0.493653921371174
snp2030	15	113	200	0.47	188	-0.0168697700589444	-0.137959632734266	0.129221034185701	0.171986153100282	0.802155465700916	1.28828836340212	0.422463033835363	0.436117553594031
snp2031	15	114	200	0.4775	191	-0.0426931101721712	0.289080327814012	0.13672642644867	0.195388600581141	1.47951480769198	1.80476493650811	0.139002776728979	0.196206375392303
snp2032	15	115	200	0.47	188	-0.187954558177517	-0.048081391812808	0.130370829575928	0.181100685461045	0.26549536071828	2.47482761934785	0.790627883278035	0.0467759604913832
snp2033	15	116	200	0.48	192	0.0749761172974102	-0.00419836246520411	0.146790997083253	0.1972967225105	0.0212794333924157	0.771755915856168	0.983022749900123	0.742447144402149
snp2034	15	117	200	0.455	182	-0.110959755124995	-0.19730187074109	0.132612022159069	0.180720104565917	1.09175385447569	2.65351424158593	0.274941306870289	0.0295826003900373
snp2035	15	118	200	0.46	184	0.00877441527866919	0.162222009520241	0.137307888149771	0.186464634951999	0.869988078768941	1.32403773470052	0.384306919061169	0.416221394714531
snp2036	15	119	200	0.4775	191	0.0832539119713204	-0.00165573030935598	0.140715291826964	0.190809767605883	0.00867738758938109	0.879309704165324	0.993076533300549	0.679367692129479
snp2037	15	120	200	0.4475	179	0.0354908938117898	-0.14885451996215	0.13423940016417	0.182550395328912	0.81541603727535	0.941227316779113	0.414834207536265	0.642136467985576
snp2038	15	121	200	0.45	180	0.283502036131433	-0.366313254107406	0.135627327889397	0.183436129508097	1.99695259101745	2.1942048664136	0.0458303333337364	0.090061050665194
snp2039	15	122	200	0.455	182	0.11094582322038	-0.287235218820563	0.148690998698911	0.189728297266984	1.51392925018648	1.64807682071137	0.130043784536568	0.257154398145591
snp2040	15	123	200	0.4425	177	-0.274485322897347	0.162188540364636	0.138474718669403	0.187346953543401	0.865712184249972	2.15035682806004	0.386648016612973	0.0990612192211256
snp2041	15	124	200	0.465	186	-0.170122529322113	0.108541609982041	0.13969837170434	0.190736199841409	0.569066648451053	1.31533953187496	0.569310910829694	0.421026693611626
snp2042	15	125	200	0.46	184	-0.00195948763221837	0.048496394851893	0.128472453503178	0.180491322398279	0.268691005237798	0.366037615095547	0.788167474113792	0.935202900052084
snp2043	15	126	200	0.4825	193	-0.16342965961307	0.184025260109473	0.129466079500062	0.175005766679128	1.05153826414693	1.2749435495636	0.293011444971055	0.443640589579623
snp2044	15	127	200	0.475	190	-0.138525922986594	0.201476668719532	0.148576738247118	0.194548953507862	1.03560911064674	1.05544640809447	0.300384539884123	0.572934682919291
snp2045	15	128	200	0.4825	193	0.0105249505689765	-0.108994541654824	0.136869574918563	0.18760760199031	0.580970816206339	0.748165491492107	0.561260122673811	0.755877614620704
snp2046	15	129	200	0.46	184	0.0371764706794317	-0.215021065247869	0.13348854091376	0.18289654142479	1.17564314542431	1.46684086188746	0.239737506763477	0.34102105557474
snp2047	15	130	200	0.445	178	0.105163756893641	0.0739791119783302	0.138471192322076	0.195291082384767	0.37881459345171	1.47025450178889	0.704825549638986	0.33931576328621
snp2048	15	131	200	0.4525	181	-0.227990619587304	0.452363236524366	0.132822263160874	0.183505195922076	2.46512494783231	2.465307262632	0.0136965480314526	0.0478889758849564
snp2049	15	132	200	0.455	182	-0.0314928127876344	-0.0396844153117814	0.135574772165388	0.179668628283559	0.220875595761493	0.631744864008463	0.82518929990453	0.819098620522124
snp2050	15	133	200	0.46	184	0.0674794777546005	-0.317609520753194	0.142584648347185	0.190608906661563	1.66628898048887	2.05807894857735	0.0956558704796302	0.120290638222846
snp2051	15	134	200	0.4725	189	-0.0883900176074902	0.25155847985547	0.13956508436578	0.192239116638916	1.30857072303331	1.3935343889772	0.190679803502429	0.378715866894186
snp2052	15	135	200	0.45	180	-0.102151234597521	-0.262843665111973	0.134197724052806	0.19754099545028	1.33057781000263	2.64315775468413	0.183327967932634	0.0304052053054887
snp2053	15	136	200	0.475	190	0.123947252097658	0.0621841287789879	0.135430010286288	0.182828678945115	0.340122398399299	1.74630569618483	0.733764354754332	0.217666371970148
snp2054	15	137	200	0.4425	177	0.147425040366323	0.0386828424481275	0.139519496296111	0.186413463384334	0.207510990600362	1.81663542424431	0.835610810218708	0.192034135765929
snp2055	16	1	200	0.4425	177	-0.0101218608753204	0.0332204204818778	0.141443966753329	0.1953053061593	0.170094817878535	0.182502881955895	0.864935568865483	0.983484254479795
snp2056	16	2	200	0.4525	181	-0.169812249021915	0.277202905710729	0.149124714117798	0.197112596267282	1.40631756143502	1.41123219965463	0.159629847636616	0.369432157871344
snp2057	16	3	200	0.475	190	0.135529052732631	0.133765679843461	0.127086362052483	0.179706877434436	0.744354816872624	2.31522425765128	0.456661846215335	0.0685541262422756
snp2058	16	4	200	0.48	192	-0.262457313148754	0.363452535266016	0.137609651859472	0.18202878033108	1.9966762102397	2.10255987509769	0.0458603680621517	0.109659078291925
snp2059	16	5	200	0.47	188	-0.241162105387782	0.321774531753591	0.147445571580833	0.199047699438445	1.61656996117707	1.7512224441347	0.105971140383126	0.215802848953768
snp2060	16	6	200	0.4475	179	0.130723532495867	0.0953838377631835	0.157722178543623	0.198848529892496	0.479680879786998	2.05129528976222	0.63145432564111	0.121979024067966
snp2061	16	7	200	0.415	166	0.13118165038459	-0.0866878947283019	0.155911006803622	0.203534633486139	0.425912255047274	0.893846548061984	0.670171784637036	0.670668149304033
snp2062	16	8	200	0.455	182	-0.0300655948290477	0.191315195935985	0.147939423898037	0.197490754165254	0.968729886847763	1.22479766532303	0.332679976744918	0.472336010275533
snp2063	16	9	200	0.4425	177	0.0232210101078579	0.0948475471078792	0.138679198781231	0.189650890070686	0.500116540832095	0.881445469886929	0.616993019870681	0.678091490644469
snp2064	16	10	200	0.465	186	-0.0717220762657864	0.0610067742258175	0.146345379704319	0.192770968587598	0.316472831323121	0.496094833402377	0.751643643727467	0.884214992379792
snp2065	16	11	200	0.445	178	-0.0263194107822216	0.033787275784291	0.141802141064653	0.180033988888644	0.187671650185951	0.19854686887852	0.851134055233229	0.980482550956655
snp2066	16	12	200	0.4575	183	0.133766365172314	-0.282048476421709	0.134916578872011	0.183928143950761	1.53347100864137	1.5460485039193	0.125159844544538	0.302663700794056
snp2067	16	13	200	0.48	192	0.0629418438997344	-0.0868501318682014	0.146274633958138	0.18966993737008	0.457901410589604	0.47741237173202	0.647023273423865	0.892292499120942
snp2068	16	14	200	0.4825	193	0.10191625447715	-0.191071598734759	0.13493394279686	0.181946793646161	1.05015095295575	1.05015681872389	0.293648715474736	0.576134192715384
snp2069	16	15	200	0.485	194	0.0191899902353606	0.0616136677789592	0.144704491853492	0.18908824049288	0.325846110886411	0.673324458285712	0.74454078952933	0.797173515527215
snp2070	16	16	200	0.4225	169	-0.000431219679856763	0.0152267620299534	0.140273146870067	0.188145035950186	0.080930979406679	0.115538360534586	0.935496842762638	0.993347668998242
snp2071	16	17	200	0.465	186	-0.178247053953954	0.443814174925569	0.133508725871361	0.188184382427696	2.3584006770386	2.39302102300187	0.018353870610211	0.0570815228067767
snp2072	16	18	200	0.435	174	0.0112622079465995	-0.0511155724149528	0.14938944090485	0.191609894491642	0.26676896070825	0.317694432159173	0.789647054184029	0.95078732343286
snp2073	16	19	200	0.455	182	-0.0987961785210165	0.252937940566766	0.127729336331668	0.174126941003242	1.45260658178137	1.50322981509102	0.146333017589252	0.323081734918006
snp2074	16	20	200	0.455	182	-0.144734270306763	-0.120953850395652	0.12778305934466	0.174740763676246	0.692190235701105	2.39953965932266	0.488817869818449	0.0561968098273735
snp2075	16	21	200	0.47	188	-0.0304133069735019	0.154486007411906	0.133696428568408	0.184286009280564	0.838294822352525	0.990680498289026	0.401865143098315	0.612183059206868
snp2076	16	22	200	0.45	180	0.185731539089011	-0.054342547284162	0.141706482535802	0.186257635863118	0.291760104397001	1.64866866661946	0.77047005073842	0.256903645108005
snp2077	16	23	200	0.4625	185	0.319046378888655	-0.252306061304314	0.147915646664351	0.188482268936072	1.33861960983656	2.21333652608949	0.180694538898911	0.0863428492664823
snp2078	16	24	200	0.435	174	-0.26193047727715	0.26085613837219	0.148666413477167	0.196908097961785	1.32476084565509	1.76198297370427	0.185250485070155	0.211762058582208
snp2079	16	25	200	0.4525	181	0.0803962767098636	-0.152983604989797	0.150471048432933	0.19900177311663	0.768754984409798	0.773994508175204	0.442038776795811	0.741163708199692
snp2080	16	26	200	0.465	186	-0.0352251009360426	0.0404811796432008	0.132807955973089	0.18488315173113	0.218955482228426	0.268136505137019	0.826684726321803	0.964689884316961
snp2081	16	27	200	0.435	174	-0.0145472983598275	-0.107515409155809	0.13245727785982	0.187527943228564	0.57333007180037	0.930716961205062	0.566421227867396	0.648484594603911
snp2082	16	28	200	0.4525	181	-0.0561490381866223	0.0177707838013463	0.137276641501805	0.191748520298806	0.0926775537754017	0.50260056044039	0.92615972974146	0.881347174783057
snp2083	16	29	200	0.4675	187	0.0670319383854194	-0.0253204654237372	0.150285396620262	0.195607474987751	0.1294452853876	0.5481497121938	0.897005316519771	0.860506548293501
snp2084	16	30	200	0.445	178	0.0640976893778582	-0.0322777077783699	0.141640575856941	0.194567985772053	0.165894238203118	0.515888182374775	0.868240181914261	0.875403541760334
snp2085	16	31	200	0.4525	181	0.206287382912292	-0.166819009531084	0.135611972129352	0.185015646607503	0.901648117820968	1.53901022930195	0.367243821572926	0.305967545550198
snp2086	16	32	200	0.46	184	0.0842963370564767	-0.206058227270909	0.138393419543509	0.19085869753286	1.07963760590702	1.10128292285842	0.280303588383827	0.545303892888961
snp2087	16	33	200	0.485	194	0.0795228921755642	-0.0908020470469301	0.140883207701167	0.19396608879388	0.468133618673013	0.572815470741967	0.639689039159666	0.848692132796104
snp2088	16	34	200	0.46	184	0.0285344663742378	-0.17656998458747	0.130930394218391	0.181640015692057	0.972087477061319	1.18761005177332	0.331007031599556	0.494005406492888
snp2089	16	35	200	0.475	190	-0.103554812846946	-0.0490033469406781	0.144839654986225	0.193694220191555	0.252993336054199	1.4268106575248	0.80027336278545	0.361355035461777
snp2090	16	36	200	0.4775	191	0.159702312997864	-0.448592456012048	0.147688522596463	0.201247183042332	2.22906203818857	2.4006822684227	0.0258097772962434	0.0560429074616523
snp2091	16	37	200	0.465	186	0.133062265172506	-0.368729383849802	0.137903752518938	0.182177343080512	2.02401340152845	2.15402974512049	0.0429687728609306	0.0982812442225763
snp2092	16	38	200	0.47	188	-0.105593409312679	0.190200534965011	0.145132589011972	0.189565542403949	1.00334972565694	1.00654451930052	0.315692151841248	0.602561264682209
snp2093	16	39	200	0.465	186	-0.020942431643265	-0.032458089052109	0.13161351702545	0.17388788875942	0.186661010629762	0.452397757158637	0.851926427743153	0.902729917180606
snp2094	16	40	200	0.47	188	-0.0206014841784878	-0.0194541648889021	0.13902093631896	0.185085741841885	0.105108933272242	0.359162527087749	0.916289370846275	0.937537182648786
snp2095	16	41	200	0.48	192	-0.0240105830403823	0.039656246601413	0.143451427781949	0.192345898476312	0.206171521802929	0.207716525388603	0.83665693226585	0.978657957018443
snp2096	16	42	200	0.4475	179	0.0799783577655364	-0.0407147457222204	0.151186827245843	0.202380581789013	0.201179111959795	0.595779827428534	0.840558523826101	0.837380425176195
snp2097	16	43	200	0.4725	189	-0.0848519676861041	0.0653064681611069	0.137335751539491	0.186674664429594	0.349841090437519	0.633653818786002	0.726457959523511	0.818109914966945
snp2098	16	44	200	0.4625	185	0.0348853042523684	-0.261743920539529	0.14404891365071	0.187785348849737	1.39384633648375	1.80996399537761	0.163364012233935	0.194371338741692
snp2099	16	45	200	0.4725	189	-0.0282538460950943	-0.160337458583764	0.125066154314173	0.174718307913101	0.917691228234137	1.50158149430392	0.35878054127931	0.323882821054446
snp2100	16	46	200	0.465	186	0.101867533974402	-0.098596966689996	0.143255556540628	0.188819375307334	0.522176108937515	0.711237895894985	0.601547718762867	0.776522490960881
snp2101	16	47	200	0.4775	191	0.09881138715704	-0.317796681082505	0.137242553477299	0.18594981047558	1.70904546914954	1.87628185885007	0.0874425273442847	0.172007567348386
snp2102	16	48	200	0.47	188	0.220703707346864	-0.294809290151747	0.140603130487173	0.185994836626909	1.58504018443862	1.70675456212832	0.11295720446539	0.233049228253981
snp2103	16	49	200	0.47	188	0.0592065633423967	-0.208476250654197	0.14112633946567	0.190291670243068	1.09556162068419	1.20595898217882	0.273270665072676	0.483275432930259
snp2104	16	50	200	0.445	178	0.0111908304716581	0.0661297679213283	0.153296917715908	0.203559991333411	0.324866234706281	0.579128381623358	0.745282312773713	0.845611841210191
snp2105	16	51	200	0.4475	179	0.113252487846426	-0.408097779400987	0.136938156175652	0.190505134055841	2.14218782828899	2.34461621157706	0.0321783705675873	0.0640166169297916
snp2106	16	52	200	0.48	192	0.174817804988188	-0.0121855024768289	0.142969718852857	0.197502129457891	0.0616980814853791	1.68382457362253	0.950803267813421	0.242286929186393
snp2107	16	53	200	0.4725	189	0.0513359658393271	0.0643981612111268	0.138636599071721	0.183803282240084	0.350364587760788	1.00633297776271	0.726065099035889	0.602689565802431
snp2108	16	54	200	0.4675	187	-0.11977167835448	0.0299377284550923	0.138615506270751	0.199506495963382	0.150058915678551	1.05980140046481	0.880718133430021	0.570301845839422
snp2109	16	55	200	0.47	188	-0.0290486463421959	-0.11760579485969	0.140793142136783	0.192162854317279	0.612011074031571	1.13096042598882	0.54053043078295	0.527537280299082
snp2110	16	56	200	0.4775	191	-0.177207162738211	0.0922231763948847	0.128432913671678	0.180925390047521	0.509730427391432	1.50763702563922	0.610240332966593	0.320945259823423
snp2111	16	57	200	0.47	188	0.127261963009264	-0.189386294632706	0.145221142486094	0.193709766039557	0.977680674055596	1.00167007973479	0.328232283025619	0.605517706090689
snp2112	16	58	200	0.465	186	-0.0262202986729529	0.0383908500576764	0.13575988882696	0.186756884561379	0.205565916072342	0.216171399035421	0.837130003904404	0.976905812027936
snp2113	16	59	200	0.4575	183	-0.185923061276186	-0.0957926481650673	0.135119885894753	0.182428606413048	0.525096639439197	2.63957563186745	0.599516012138222	0.0306942555303018
snp2114	16	60	200	0.4725	189	-0.120472205805158	0.277410761137569	0.136867816072482	0.188806868235457	1.46928320844565	1.49583975385695	0.141755989325753	0.326681926072623
snp2115	16	61	200	0.47	188	-0.0493450859653393	0.058977964182148	0.131073600614259	0.186327196317068	0.316529016417909	0.383214428826644	0.751601004539563	0.929204301142409
snp2116	16	62	200	0.4725	189	0.0156616369662417	-0.0706123037308477	0.13824408392815	0.193517166342639	0.364889095191806	0.412305527124407	0.715194194702361	0.91851419137394
snp2117	16	63	200	0.4625	185	-0.123876833167058	0.0753793134627553	0.147624010131946	0.187655306952602	0.401690283567598	0.929913399269263	0.687911976211594	0.648969560801703
snp2118	16	64	200	0.465	186	-0.183084988553591	0.281381137179004	0.137905864357174	0.182193778286807	1.5444058508741	1.56561885387639	0.122490043524049	0.293587018597158
snp2119	16	65	200	0.41	164	0.0417110484978164	-0.106515891283375	0.136037344086834	0.186865368901483	0.570014079706397	0.591613513752426	0.568668148589444	0.839454271696985
snp2120	16	66	200	0.47	188	-0.0908447486664731	-0.165856847094875	0.135871617481015	0.178259717000238	0.9304224750601	2.27688750045046	0.352152386314212	0.0748620385892311
snp2121	16	67	200	0.4475	179	-0.121408973435023	0.103861668222159	0.138514292832624	0.192934765769091	0.538325313263984	0.888735883490358	0.590352478532154	0.673730071751539
snp2122	16	68	200	0.4575	183	0.0559991743648485	0.0269482456969498	0.134313871434965	0.19188632407538	0.140438594708623	0.737803796071669	0.88831346583195	0.761719256670293
snp2123	16	69	200	0.45	180	-0.0312305617967449	0.253560502258549	0.144374522910937	0.197208738956259	1.28574678587032	1.67875391373521	0.19853144726942	0.24436131460167
snp2124	16	70	200	0.4725	189	0.198322018683417	-0.225950892823148	0.15335197845016	0.206018754318313	1.09674914582795	1.31736080208983	0.272751066230519	0.419907957117664
snp2125	16	71	200	0.46	184	-0.131249103502322	0.254519092223771	0.1414326991395	0.19056135494808	1.33562805686975	1.33864899249365	0.18167087489625	0.408203047654728
snp2126	16	72	200	0.4675	187	-0.0297743108131083	0.0519611978356142	0.151634499987217	0.192787568154747	0.269525666685654	0.270765138679633	0.787525193588747	0.964006848482276
snp2127	16	73	200	0.4625	185	-0.0976551056750969	0.0419182946573691	0.130081604658873	0.179487698273623	0.233544109488028	0.867154335316902	0.815338921926679	0.686617218310051
snp2128	16	74	200	0.4625	185	0.0558199859538307	-0.00173547390116569	0.135351092076612	0.187603298000429	0.00925076435043116	0.574059687700682	0.992619063221945	0.84808682325152
snp2129	16	75	200	0.4775	191	-0.10374134775451	0.174423080530429	0.1343681436557	0.185123996127756	0.942195956109646	0.951671059689515	0.346092323925877	0.635820554207693
snp2130	16	76	200	0.485	194	-0.102519824675827	0.14095190271494	0.133366571388385	0.186101279460872	0.757393517783822	0.825318645862137	0.448814138501885	0.711360864020123
snp2131	16	77	200	0.465	186	-0.0256239354815628	-0.0258657930544032	0.132634524809005	0.176289902530726	0.146723054940115	0.469367854798327	0.883350620333801	0.895697001149466
snp2132	16	78	200	0.465	186	-0.0139335961606399	0.21400484914852	0.148929121882801	0.202988945135556	1.05426849233394	1.42939065275818	0.291760009699551	0.360026075181153
snp2133	16	79	200	0.46	184	0.0348526964414556	-0.0296449173831444	0.136588496318012	0.181357436882643	0.163461272350952	0.257149527033022	0.870155263172604	0.96747766498968
snp2134	16	80	200	0.4525	181	-0.0258793997959526	-0.06894448535255	0.147504145109741	0.194938772683867	0.353672511647324	0.719586877938066	0.723584325338582	0.771898173359478
snp2135	16	81	200	0.4575	183	-0.0716095144730888	0.168860067458898	0.144499852341328	0.194974552768316	0.866062083802033	0.895614625174054	0.386456116594203	0.669608022789512
snp2136	16	82	200	0.4475	179	0.313766872984558	-0.371364618744706	0.153785658002637	0.20444845574856	1.81642173517528	2.09228371705348	0.0693057035623168	0.11204826350868
snp2137	16	83	200	0.435	174	0.0860288418790022	-0.062670938805105	0.150555448717196	0.195489152868526	0.320585249286204	0.601309316353033	0.748524717430104	0.834613573926443
snp2138	16	84	200	0.4725	189	0.0199856793213512	-0.0128895406816387	0.130324234847722	0.181632576806098	0.0709649166922239	0.160110087996842	0.943425677490565	0.98726417570485
snp2139	16	85	200	0.45	180	-0.0710552743188883	0.339560934769076	0.141949386296485	0.186365071795047	1.82202025035305	2.22689792475649	0.0684519130618673	0.083781992297081
snp2140	16	86	200	0.425	170	-0.14473624687098	0.172323795280388	0.148872016229065	0.199518749762113	0.8636972489345	0.99960889444158	0.387754225303348	0.606767877212903
snp2141	16	87	200	0.485	194	-0.0661124286636983	0.0169596135783619	0.13750984123624	0.18876218411555	0.0898464576357101	0.619094645089446	0.928409229595711	0.82560478392468
snp2142	16	88	200	0.4525	181	-0.118788099950975	0.16079967587277	0.138157023574415	0.17546677261182	0.916410973310045	0.975423068003247	0.359451382026525	0.621434302989082
snp2143	16	89	200	0.455	182	0.0211156916272985	-0.0504989082043198	0.131093133618287	0.179703880299545	0.281011785166486	0.289122874774151	0.778701360654458	0.959065392353918
snp2144	16	90	200	0.485	194	-0.0922871963280223	0.181632374474809	0.131034044426343	0.180100413351319	1.00850614995814	1.00866795441592	0.313211536807532	0.601273410983923
snp2145	16	91	200	0.48	192	-0.098741291053909	0.197893433949309	0.129839851294286	0.174048731553686	1.13700015037609	1.13896455759454	0.255538222799397	0.522766628390532
snp2146	16	92	200	0.475	190	-0.080193065841485	0.146915150626933	0.137629605837416	0.186440780656632	0.78799901024608	0.78800230067542	0.430697284820737	0.733099521885326
snp2147	16	93	200	0.4325	173	0.0931638777608484	-0.320122091852062	0.141360631276888	0.191791349237712	1.66911642847506	1.87998664015088	0.0950943080803893	0.170814879728662
snp2148	16	94	200	0.4525	181	-0.0285372748916903	-0.115907919412167	0.137322288931526	0.184375855430621	0.628650205535085	1.21171959104155	0.529578084124355	0.479921762260042
snp2149	16	95	200	0.465	186	0.146027868364788	-0.0296021738073537	0.148298575584089	0.201559530658873	0.146865661527331	1.30615715361346	0.883238056096683	0.426124698966767
snp2150	16	96	200	0.47	188	0.0619132797780907	-0.237214246264154	0.159806119635685	0.201698419024623	1.17608381568521	1.4788247553035	0.239561384562813	0.335054749740572
snp2151	16	97	200	0.455	182	0.159157274604462	-0.105487368050955	0.138267424723907	0.187841599294766	0.561576181458194	1.20844645929374	0.57440481238127	0.481826387131473
snp2152	16	98	200	0.4675	187	-0.110336977708039	0.202950323224971	0.148816281316466	0.200562326743659	1.01190650567374	1.01212319667109	0.311582758395715	0.59917792837075
snp2153	16	99	200	0.4825	193	-0.101778041145071	-0.0869727907588824	0.127677533629087	0.182759249700479	0.475887217207449	1.58600421396759	0.634154729443752	0.284305850090968
snp2154	16	100	200	0.485	194	0.175497576552163	-0.123028073047245	0.13348632359842	0.189813793013138	0.648151386125713	1.35012314059481	0.51688704100474	0.401954553646349
snp2155	16	101	200	0.4725	189	-0.134931223715044	0.0215118286801197	0.129530500845237	0.173924855979349	0.123684614019021	1.37047330738404	0.901564994344219	0.390980128270427
snp2156	16	102	200	0.49	196	-0.0264498233532819	0.248888480518553	0.148621934941959	0.196822428502863	1.26453312466335	1.73253573543181	0.206038739176303	0.222942801202191
snp2157	16	103	200	0.4625	185	0.0536778100823097	0.12697301113546	0.134869299378954	0.186494044713891	0.680842175578609	1.43990638748776	0.495971360002219	0.354635349345835
snp2158	16	104	200	0.445	178	0.0188154836356779	-0.195367249064134	0.136893388111201	0.180717375067826	1.08106511059498	1.43859798058893	0.279668151760454	0.355303802113316
snp2159	16	105	200	0.46	184	-0.139028130723271	0.182030154652926	0.15649462187722	0.20157508928371	0.903038938490685	0.948533603096657	0.366505229350099	0.637718702458716
snp2160	16	106	200	0.47	188	0.0289744577523877	0.0332363260637439	0.148933948550881	0.197941614305314	0.167909745408455	0.525891459399034	0.866654283255324	0.870854022700501
snp2161	16	107	200	0.4575	183	-0.127739057100023	0.00660133634644849	0.131076005647655	0.181737523008602	0.0363234638459116	1.32950993051425	0.971024440839139	0.413210418584512
snp2162	16	108	200	0.485	194	-0.041010228161189	0.0295772379937333	0.13434991968007	0.18606011121073	0.158966034155673	0.317546572823296	0.873695634314375	0.9508319764553
snp2163	16	109	200	0.4725	189	-0.0353350393758816	-0.143398493606491	0.144816851107431	0.192905815596112	0.743360137502157	1.40920345429681	0.45726367145298	0.370490606626939
snp2164	16	110	200	0.4225	169	0.112132518520187	-0.037139646325853	0.144602571455387	0.188062824527299	0.197485315979937	0.945156701828329	0.84344777132087	0.639761009192128
snp2165	16	111	200	0.4725	189	0.0750169320748356	-0.21034720912262	0.135424040905738	0.184731488297163	1.13866461566233	1.19935741292972	0.254843066565777	0.487127636984539
snp2166	16	112	200	0.475	190	-0.0182925884486752	-0.0523531505539402	0.150102499159227	0.192220296141637	0.272360159695956	0.602242123088512	0.785345103077403	0.834145203041842
snp2167	16	113	200	0.47	188	0.0366307892300714	-0.0413320850416383	0.150061988635709	0.190060027842928	0.217468583535074	0.249039657750318	0.82784318784406	0.969465514270223
snp2168	16	114	200	0.4325	173	0.0366909904048809	-0.0964008316575867	0.140479546667788	0.192994514499829	0.499500371331395	0.52307112421572	0.617426925244764	0.872143154542311
snp2169	16	115	200	0.4425	177	-0.0785862696481765	-0.0592495357619802	0.153147862781425	0.194157136244488	0.305162802192197	1.21308041942329	0.760242161536351	0.479130607370352
snp2170	16	116	200	0.445	178	-0.0439820665362972	0.00980172839711524	0.138544627739226	0.190155735312694	0.0515457941933603	0.404920196049473	0.958890611838677	0.921290216106568
snp2171	16	117	200	0.4825	193	-0.0412746641816623	-0.268219592934101	0.131722655703637	0.179698305390589	1.49261058612158	2.49307108151257	0.135539150672452	0.0447035792108482
snp2172	16	118	200	0.455	182	0.00746743857373116	-0.0616787889348865	0.133479821949729	0.187728662510829	0.328552859802794	0.421293080234703	0.742493683964143	0.915079868327073
snp2173	16	119	200	0.47	188	-0.123891046398517	0.313028666589537	0.141238649382252	0.181188849309652	1.72763758797635	1.84514100771299	0.0840532194539079	0.182268816264679
snp2174	16	120	200	0.4675	187	0.141068237225768	-0.226679416837653	0.159760015281618	0.204985915042812	1.10582923119528	1.10847134282686	0.268800440281737	0.540990067981162
snp2175	16	121	200	0.465	186	0.122798330618755	0.0419078932776225	0.141818544693207	0.193501293105846	0.216576812511009	1.525292247204	0.828538157782232	0.312466436213627
snp2176	16	122	200	0.455	182	-0.0726101146983679	0.150396611752832	0.140523773009045	0.189376987463893	0.7941651927561	0.799549451326632	0.427099268982997	0.726410742908334
snp2177	16	123	200	0.4775	191	0.0222922330438453	0.0223603347445972	0.144965675398048	0.197746134436462	0.113075963827661	0.35299416438492	0.909970330841931	0.939598671549805
snp2178	16	124	200	0.4825	193	0.00328428860424584	0.0789965563239979	0.143294246794074	0.194452520745185	0.406251130205285	0.644948618723454	0.684558089021098	0.812223800516017
snp2179	16	125	200	0.4525	181	0.0628733593897157	-0.0794779792663425	0.140294216298295	0.195147557297889	0.407271197071768	0.466643480113359	0.683808815012976	0.896839763610687
snp2180	16	126	200	0.45	180	0.134273663027582	-0.391540975172371	0.141102472715379	0.190795394279017	2.05215108389768	2.24658622800582	0.0401549816677638	0.0801724900382642
snp2181	16	127	200	0.455	182	-0.166445985217515	0.205080199251383	0.141890539532737	0.178612781393177	1.14818322435696	1.23172242287712	0.25089293308845	0.468335638650481
snp2182	16	128	200	0.4325	173	-0.013845372474622	-0.0560599804465134	0.139397827653928	0.19046143519105	0.294337698286691	0.524876119953774	0.768499868731262	0.871318697510987
snp2183	16	129	200	0.465	186	-0.0426393929824816	0.11832084312202	0.142323274743171	0.192487626324427	0.614693242268973	0.656005827915306	0.538757323496264	0.806402869608222
snp2184	16	130	200	0.435	174	0.104511014607996	-0.154538351367913	0.138375098999399	0.197494413533383	0.782494798729031	0.827497570342026	0.433923840910954	0.710081082714428
snp2185	16	131	200	0.4475	179	0.115451552684343	-0.322185104066966	0.141070758410939	0.185920534726825	1.73291833815106	1.88534887845788	0.0831101843624667	0.169099125134057
snp2186	16	132	200	0.47	188	0.167336877509813	-0.0748019746029652	0.15367713688859	0.186241477296127	0.401639718976396	1.3287090825649	0.687949194222689	0.413650479958668
snp2187	16	133	200	0.445	178	0.0897460795522727	-0.207932298288287	0.140670861887492	0.1850554071904	1.12362184626331	1.16125374542332	0.261173484226102	0.509535816912679
snp2188	16	134	200	0.425	170	-0.0165137556801868	0.218558080857843	0.127233941490615	0.186768250593777	1.17021003389494	1.480746435971	0.241916455898983	0.334103316225911
snp2189	16	135	200	0.45	180	-0.105703619851875	0.0947095331194722	0.144371749776819	0.185884132037255	0.50950843453647	0.735723346286811	0.610395887732218	0.762887714929659
snp2190	16	136	200	0.475	190	0.1147332457044	-0.212050349565146	0.136133403959904	0.177359013246611	1.19559951131606	1.19957274392965	0.23185288226659	0.487001836923681
snp2191	16	137	200	0.4525	181	-0.0515615120981463	0.121194001110538	0.138784762923493	0.178488430174392	0.679002000253602	0.712686354253665	0.497136594556713	0.7757221168531
snp2192	17	1	200	0.455	182	-0.00516951917463166	-0.138355425608171	0.144583128758188	0.191247790248698	0.72343542076096	1.1372350704592	0.46941241630615	0.523796618445777
snp2193	17	2	200	0.4425	177	0.0462913177715111	-0.0963959423521901	0.142229855710238	0.193511189040265	0.498141439935717	0.500338302493166	0.618384354059158	0.882347589266056
snp2194	17	3	200	0.45	180	-0.00790259258488006	-0.245758391441132	0.138966531586199	0.182251196881375	1.34845968447106	2.13752426097204	0.177510578598079	0.101824454456269
snp2195	17	4	200	0.45	180	0.250998600178159	-0.275647737841851	0.153581982673509	0.211398784979045	1.30392299969545	1.64443938764263	0.192259837472061	0.258698897933858
snp2196	17	5	200	0.44	176	0.136134381689165	-0.447019223967677	0.129887681470195	0.183734723938179	2.43295994565559	2.60030848285871	0.0149759574631242	0.0340201561181704
snp2197	17	6	200	0.465	186	0.157198249425289	-0.041920691426714	0.132585994046385	0.182275587115355	0.229985222322636	1.51492356761475	0.818103252835664	0.317430396641938
snp2198	17	7	200	0.4625	185	-0.110832246051378	0.227851399558076	0.128759112437972	0.174525552918606	1.30554750148443	1.31022258524118	0.191706483360012	0.423864431698037
snp2199	17	8	200	0.445	178	-0.133822098315389	-0.0256778420452052	0.144910267525128	0.185960077119406	0.138082552142186	1.59567762086236	0.890175175049204	0.279964201755287
snp2200	17	9	200	0.435	174	-0.0832188835824774	-0.0697249986819334	0.136602848510929	0.185890537057886	0.375086326531086	1.33583117143744	0.707596265773166	0.409744100489111
snp2201	17	10	200	0.45	180	-0.0962072533949178	0.0321931090794882	0.147802519364837	0.194918845689648	0.165161603361568	0.793989630163326	0.868816786239987	0.729635805136567
snp2202	17	11	200	0.4425	177	-0.0191614190291957	0.224427023763772	0.126411762230511	0.176032377785935	1.2749190040294	1.67610198757784	0.202337911873896	0.245450756501847
snp2203	17	12	200	0.46	184	0.131299352649852	0.087773701040199	0.13126758311418	0.176258873635391	0.497981742591683	2.02353306766331	0.618496910680553	0.129077402140755
snp2204	17	13	200	0.4925	197	-0.145268839079529	0.150157417395049	0.148040533191113	0.194564895086832	0.771760071764415	0.982983092214049	0.440256544278098	0.616850935561878
snp2205	17	14	200	0.4475	179	0.096459347813893	-0.0342619367558532	0.14406589490539	0.200231540010669	0.171111587884844	0.806443008705647	0.864136024437505	0.722400804562073
snp2206	17	15	200	0.4375	175	0.130962956198281	-0.327395841530111	0.132503082841107	0.191339863451449	1.71106969360405	1.73303491279803	0.0870682479991167	0.222750046363809
snp2207	17	16	200	0.46	184	0.196668485611451	-0.167701648840129	0.13415059645709	0.186445222306361	0.899468738139968	1.48602344834736	0.368403040170276	0.331498218138296
snp2208	17	17	200	0.47	188	0.0601571146594561	0.00270433622801465	0.135317162836322	0.190688930915508	0.0141819255844112	0.645541647574778	0.988684839832409	0.811913063362528
snp2209	17	18	200	0.4425	177	0.0362181816708562	-0.0875386449693386	0.136155423437146	0.188864766900531	0.463499076116418	0.470382027620953	0.643006676923279	0.895270272404092
snp2210	17	19	200	0.4675	187	0.099000482979439	-0.105375409680699	0.12833360622103	0.172425162762947	0.611137075309428	0.773429380551087	0.541108836824808	0.741487849920832
snp2211	17	20	200	0.455	182	0.162241256613669	-0.246276960669382	0.150306569762084	0.199876994620972	1.23214260418713	1.26121606266936	0.21789581900236	0.45143089317181
snp2212	17	21	200	0.4675	187	-0.0810958790311177	-0.203888349905306	0.130858084382777	0.182838456464384	1.11512836986251	2.24202317624919	0.264795415838501	0.0809977452255094
snp2213	17	22	200	0.475	190	-0.13292740729555	-0.333900415754411	0.133254317878321	0.184243887804215	1.81227404465773	3.81650187527865	0.0699438629741056	0.000687228797919708
snp2214	17	23	200	0.4525	181	-0.0524502496152114	-0.0644471103392949	0.137271820785729	0.18940710744201	0.340257085437126	0.973310765738875	0.733662931949532	0.622714629731306
snp2215	17	24	200	0.4425	177	0.0988439239399839	-0.0878328984606379	0.137654204540709	0.193048202408512	0.454979105554029	0.720790415085013	0.649124270881275	0.771229402133675
snp2216	17	25	200	0.4725	189	-0.0564795110041684	0.11526770683016	0.140735639059285	0.196592429429792	0.586328309612375	0.586366515572885	0.557654910334866	0.842052558814928
snp2217	17	26	200	0.475	190	-0.0376021794783128	-0.0534395674388615	0.135728098740297	0.182552274156042	0.292735698231744	0.759564930252841	0.769724181321869	0.749409705532917
snp2218	17	27	200	0.465	186	-0.0402451036659514	-0.103468546409198	0.142812276748387	0.194917613356023	0.530832204579734	1.1207567453489	0.595535061154507	0.533632520313511
snp2219	17	28	200	0.45	180	0.0466779133570284	0.0598618834081774	0.15264414258628	0.193253355516703	0.309758571840185	0.868678456777466	0.756744557922995	0.685709554649575
snp2220	17	29	200	0.4675	187	-0.303260119272784	0.397364636828763	0.138336969777658	0.18620621036533	2.13400313581994	2.32473120650709	0.0328425241273203	0.0670586552385211
snp2221	17	30	200	0.4525	181	0.0463096743920459	-0.218394034049304	0.130717022441059	0.183516779993464	1.1900494006983	1.38884357603463	0.234026976117183	0.38119537525467
snp2222	17	31	200	0.47	188	0.0394944327701961	0.0745055164216449	0.13425822537057	0.192341085708627	0.387361421753185	0.821297734646204	0.698488659746777	0.713719690210912
snp2223	17	32	200	0.465	186	-0.143638335158306	0.274657901396582	0.141667193848942	0.191867530055062	1.43149756145692	1.43407056964046	0.152287665363825	0.357621827257127
snp2224	17	33	200	0.44	176	0.0337854725883992	-0.335771240821399	0.138022728470394	0.188627383635044	1.78007686026674	2.36175759160693	0.0750633829480762	0.0614857732157044
snp2225	17	34	200	0.45	180	0.0981378945991436	-0.202852142641184	0.149960000230498	0.203031301906611	0.999117578108674	1.00626880368714	0.317737736806597	0.602728487804757
snp2226	17	35	200	0.4575	183	0.110164343897588	-0.0909825058173002	0.139873784162051	0.18928077032442	0.480674849649859	0.796423111533857	0.630747608776046	0.728225237626983
snp2227	17	36	200	0.4425	177	-0.0280596229806605	-0.232064338277874	0.13626836970339	0.179129388141205	1.29551237061638	2.23581446234442	0.195143536690712	0.0821315412837661
snp2228	17	37	200	0.45	180	-0.00412315707416791	0.232548662651271	0.142784454673698	0.187034811402523	1.24334427857281	1.82703952674269	0.213740994119517	0.188428488365519
snp2229	17	38	200	0.4825	193	-0.0884348447972736	-0.0272866079305185	0.136971609177052	0.183050066914781	0.149066364139718	1.10110006097096	0.88150126683257	0.545413709584239
snp2230	17	39	200	0.475	190	-0.186529855101773	0.339237503293107	0.137070085739111	0.187647382321577	1.8078456469579	1.80874136064356	0.0706305271111759	0.194801798581577
snp2231	17	40	200	0.4475	179	0.0949011850483053	-0.0428288282151643	0.136370881405244	0.184011446736377	0.232750891179736	0.811013455674115	0.815954848786265	0.719735559690932
snp2232	17	41	200	0.4575	183	0.10055032800022	0.0237994650702375	0.131207516950551	0.176491951281217	0.134847311151975	1.28412693186822	0.892732598533954	0.438458115864465
snp2233	17	42	200	0.455	182	0.0307567324801746	-0.1004430442801	0.145070111566528	0.187333951645723	0.536171064549224	0.620632621251916	0.591840329447498	0.824818080637632
snp2234	17	43	200	0.445	178	0.0462950814877533	-0.242354556300379	0.155689435551899	0.197627692142182	1.22631881025064	1.54362105417427	0.220078725472938	0.30380082310937
snp2235	17	44	200	0.44	176	-0.165492073050247	0.439746619899717	0.12749831203487	0.177135108902731	2.48254918307128	2.57079283812484	0.0130446058720768	0.0367180100117932
snp2236	17	45	200	0.4575	183	0.110642036147946	-0.175561427619111	0.125212150179638	0.180335922218294	0.973524439609964	1.01387868822548	0.330292719665039	0.598113348372927
snp2237	17	46	200	0.45	180	0.139417657203163	-0.141005222838372	0.132930649251846	0.180485256757628	0.781256183311008	1.05107571720068	0.434651835355574	0.575578255580689
snp2238	17	47	200	0.475	190	0.0897392804307032	-0.0463049375531815	0.135477481692258	0.195412170125935	0.236960356785045	0.71618249086832	0.812687545136794	0.773786966688815
snp2239	17	48	200	0.4625	185	0.072176025496242	-0.129476455295647	0.129247715417337	0.18219649972565	0.71064183719562	0.713741134298451	0.477306210435061	0.775138773254371
snp2240	17	49	200	0.46	184	0.0578514469698797	-0.0688239515718722	0.138423855141293	0.197059350616676	0.349254939471256	0.425750570046088	0.726897924051483	0.913353969712838
snp2241	17	50	200	0.47	188	0.014379661809032	0.0209891977720935	0.14114176741012	0.191648857352767	0.109519034248447	0.260021724338151	0.91279082542898	0.966759377453618
snp2242	17	51	200	0.4475	179	0.0141757261662922	0.250508419005422	0.151702123687502	0.202588111967764	1.23654056781616	2.05598664890648	0.216257695933742	0.120809476315133
snp2243	17	52	200	0.435	174	0.0845337090592761	-0.157288422761137	0.139665700245996	0.184228920445044	0.853766186010175	0.853872781704322	0.39323455356571	0.694509551607522
snp2244	17	53	200	0.445	178	-0.0163537530107348	0.097179845822843	0.143654181191502	0.194028423571897	0.500853658623028	0.618205489513553	0.616474118583402	0.826059054361527
snp2245	17	54	200	0.4625	185	0.0507505268633449	0.0316484134278172	0.146529431557624	0.188563566144139	0.167839493466224	0.718330244893469	0.866709551895291	0.772595873079737
snp2246	17	55	200	0.465	186	-0.000683862546367825	-0.264861244148647	0.139176778920949	0.185314214216553	1.42925487539309	2.12089705164798	0.152930990573395	0.105493899556747
snp2247	17	56	200	0.4625	185	0.110206294802159	-0.256532285505189	0.141240843015868	0.189159964874828	1.3561658550473	1.38937196588555	0.175046403351782	0.380915684148264
snp2248	17	57	200	0.4675	187	-0.10045000135796	-0.102973472047766	0.142909050158247	0.1907843470519	0.539737528990013	1.74544867663804	0.589378054715751	0.217992299243354
snp2249	17	58	200	0.4775	191	0.0580120810374936	-0.110970644075871	0.134907879995918	0.18284070368528	0.606925273416594	0.607676998000476	0.543900504794732	0.831407137777696
snp2250	17	59	200	0.48	192	-0.10090517408183	-0.328139948343241	0.139443709592773	0.187648962241695	1.74869045063298	3.3424749568253	0.0803445416050155	0.00374973758604812
snp2251	17	60	200	0.455	182	-0.0985017233970998	0.159783821272906	0.131957178446275	0.182440041051225	0.875815530144735	0.893334522008445	0.381130325935411	0.670975078116699
snp2252	17	61	200	0.435	174	0.134653977482038	-0.0711705691788357	0.135471985018131	0.197819156370579	0.359775921021067	1.09255318376281	0.719014711334971	0.55055069961043
snp2253	17	62	200	0.435	174	0.0287010915707803	-0.148379225102909	0.14074394328601	0.183310378498295	0.80944257667489	1.00870502402114	0.418260620315786	0.601250928823396
snp2254	17	63	200	0.4725	189	-0.0351101597414492	0.14832784984676	0.140368333035351	0.194167833308543	0.763915666767827	0.871671307957572	0.444917500554877	0.68392608192648
snp2255	17	64	200	0.4625	185	0.0319885543152497	-0.138964515940442	0.14816896354023	0.197729541055321	0.702800983599927	0.858673605029197	0.482179784170855	0.691660410568943
snp2256	17	65	200	0.4525	181	0.286616326395984	-0.369074855120111	0.150214421614624	0.196362802320762	1.87955585659865	2.01975475740437	0.0601686342292904	0.130067121826977
snp2257	17	66	200	0.435	174	-0.140721140846081	0.187550674149455	0.149641981295872	0.193348417735094	0.970014010698639	1.01926475244718	0.332039508467452	0.594847435172345
snp2258	17	67	200	0.46	184	0.116095052517044	-0.0278690772247496	0.15241063992619	0.203108586067834	0.137212698706109	0.975071012484938	0.890862673733102	0.621647703560132
snp2259	17	68	200	0.4675	187	-0.142242871433741	0.35711987138418	0.151187469571447	0.200425302302131	1.78181031677248	1.88638411669744	0.0747801692977673	0.16876931139779
snp2260	17	69	200	0.455	182	-0.235945847347993	0.46997843539796	0.138078501480366	0.182795126182277	2.57106655529378	2.59986091432916	0.0101385840476803	0.0340597689656511
snp2261	17	70	200	0.4325	173	0.203470161884605	-0.10498784510482	0.138660005306673	0.183005799731795	0.573685890057501	1.65935869521235	0.566180378181594	0.252401137979935
snp2262	17	71	200	0.44	176	0.148228055342605	-0.207619398195177	0.132267565377722	0.181329759303685	1.14498248380434	1.21850896069619	0.252216413400307	0.475978761878489
snp2263	17	72	200	0.455	182	0.00449854413282314	0.275623451998214	0.13970339566682	0.185781811046379	1.48358685086457	2.20848879096385	0.137918559883896	0.0872732419574867
snp2264	17	73	200	0.4775	191	0.163002893102723	-0.53070344128707	0.137645530046081	0.184032840325652	2.88374314251724	3.2166326906378	0.00392979144480166	0.00566548410208402
snp2265	17	74	200	0.445	178	-0.194645912394203	0.172723638443311	0.138329704174195	0.184830429815586	0.934497845488136	1.41661860968989	0.350047146836219	0.36662925618337
snp2266	17	75	200	0.465	186	0.0145047793250314	-0.0804538064576594	0.135481450619034	0.186737399992154	0.43083927730085	0.519166998884027	0.666585238275521	0.873919348345779
snp2267	17	76	200	0.485	194	-0.052813353743887	0.241485974776972	0.131370165399469	0.184216210545508	1.31088341282168	1.53305531609751	0.189897155654806	0.30877905163338
snp2268	17	77	200	0.4625	185	-0.177345278871408	-0.309494004965491	0.137343838996662	0.18917533310856	1.63601670407994	4.0182794081774	0.101836091464188	0.000311757566985374
snp2269	17	78	200	0.4725	189	0.0485939727321648	0.0354332299921522	0.134915102208213	0.186558351542662	0.189931084291605	0.706406128706488	0.849363134056041	0.779186533449595
snp2270	17	79	200	0.4675	187	-0.278511503018522	0.0877877384734752	0.130488193562763	0.17409672463177	0.504246927443087	2.65335329321706	0.614087867379079	0.0295952368061257
snp2271	17	80	200	0.4775	191	0.0685172769469603	0.00803631164544244	0.129027663092695	0.177461636762856	0.0452847826270275	0.809004463832979	0.963880316699507	0.720907739855186
snp2272	17	81	200	0.4475	179	0.0224311683926357	-0.0940356044401268	0.139168180826423	0.189503141059611	0.496221877454508	0.591569657314617	0.619737877321333	0.839476051704198
snp2273	17	82	200	0.465	186	-0.0466961460027179	0.0291344190922493	0.143512165485395	0.193160772532879	0.150829895274363	0.350090149091865	0.880109903021101	0.940558382404735
snp2274	17	83	200	0.47	188	-0.103821066523522	-0.00598733934257453	0.131478688504885	0.175025485836369	0.0342083857900104	1.15574431082675	0.972710979562675	0.512798419230527
snp2275	17	84	200	0.435	174	0.0681776884609064	-0.0559640950147232	0.154613555176582	0.200807675861908	0.27869499895616	0.449943982279562	0.780478900771598	0.903729857367081
snp2276	17	85	200	0.48	192	0.0255427840106416	-0.210310812235212	0.143164528639921	0.201757299874853	1.04239505765425	1.29251897032224	0.297228556961949	0.433743191653024
snp2277	17	86	200	0.4675	187	0.0322976980009852	0.27357783613853	0.135767431952496	0.17983996653023	1.52122935416885	2.49201794694645	0.128202291521654	0.0448210795770021
snp2278	17	87	200	0.4675	187	-0.0463358944017863	0.149739089382153	0.126887975182139	0.175934661638124	0.851106245852498	0.92321641979172	0.394710336188915	0.653009057707747
snp2279	17	88	200	0.44	176	-0.02185320819709	0.0815583182417809	0.142249084687525	0.1875570394531	0.434845412785348	0.49960501776132	0.663674639242817	0.882671136243541
snp2280	17	89	200	0.47	188	0.0999900633128396	-0.0723420247231733	0.149440727841145	0.199111140265426	0.363324847754563	0.699526950684486	0.716362233911308	0.782963674046545
snp2281	17	90	200	0.475	190	0.0253404954308172	-0.262097597223809	0.139282323725068	0.193325716990773	1.35573063585906	1.7286487029855	0.175184888157972	0.224447563515881
snp2282	17	91	200	0.4525	181	-0.0971260457058337	-0.0131211110072737	0.155584887932356	0.197496014878526	0.0664373456616027	1.07249718567779	0.947029638330315	0.562634475093054
snp2283	17	92	200	0.4775	191	0.10714010089653	-0.185003950706425	0.147360695870222	0.190768985867523	0.969780018828101	0.969800572220544	0.33215615460787	0.624841928933846
snp2284	17	93	200	0.4575	183	0.089800815281722	0.0237750471463895	0.1512252774875	0.192095210046916	0.123766996275351	1.11970785084083	0.901499764004907	0.534259909983625
snp2285	17	94	200	0.4825	193	-0.0911587817858528	0.0707008810620172	0.145245971169466	0.18979598185719	0.37250989388814	0.646063680020508	0.709513246943239	0.811639389291364
snp2286	17	95	200	0.475	190	0.13217688216673	-0.0325194338377528	0.136015864789551	0.183345717000206	0.177366749383713	1.21558856272812	0.859220323352386	0.477673527396588
snp2287	17	96	200	0.47	188	-0.0722665637813286	0.190378750341812	0.136194749955527	0.184107359478047	1.03406377062571	1.09361975495251	0.301106351848941	0.549909211593471
snp2288	17	97	200	0.445	178	-0.147853450388868	-0.0264547831592964	0.140407131757817	0.185974477949942	0.142249535801451	1.7181986939391	0.886882905666024	0.228526437315989
snp2289	17	98	200	0.4525	181	0.241760790719202	-0.313132178395916	0.128725246475765	0.169861908095816	1.84345143597047	1.99508527655663	0.0652631260839017	0.136670462989394
snp2290	17	99	200	0.4625	185	0.065147005974939	-0.274347266752117	0.13085689113779	0.190684183167722	1.43875208837225	1.57291049699943	0.150220775460222	0.290246790612804
snp2291	17	100	200	0.4525	181	0.0040958076446445	-0.0560253711539207	0.133905940469641	0.190837208787375	0.293576768964078	0.378567139906572	0.769081329600504	0.930850551115221
snp2292	17	101	200	0.485	194	-0.123994508556106	0.285833520257605	0.149959212660514	0.192974958683486	1.48119487734377	1.54999965125249	0.138554650887766	0.300818116967047
snp2293	17	102	200	0.4575	183	0.061574351832634	0.0448370793632401	0.137415018113904	0.183218853592617	0.244718698343864	0.974936520429848	0.806674248998467	0.621729225730192
snp2294	17	103	200	0.465	186	0.166410430935297	-0.200354093223204	0.137290497899152	0.190922769173642	1.049398634277	1.24002074577563	0.293994686524452	0.463557092347085
snp2295	17	104	200	0.47	188	-0.0270298191446807	0.0776777870539852	0.137781437446651	0.199909917674769	0.388563948990056	0.401389448187016	0.697598739609344	0.922602549424544
snp2296	17	105	200	0.465	186	-0.0852706123633536	0.0776799841872066	0.14258030232822	0.186807748469066	0.415828491183116	0.59901595763712	0.677535508892641	0.835763117140659
snp2297	17	106	200	0.47	188	-0.145513552144993	0.0523901968776772	0.127505504672715	0.177810883525854	0.294639989627292	1.36009783845801	0.768268910226667	0.396557961758512
snp2298	17	107	200	0.4675	187	0.0722562036308551	-0.0760259219412856	0.154756062052838	0.20066793783429	0.378864320637347	0.469035831841624	0.70478862050574	0.895836548877892
snp2299	17	108	200	0.4475	179	0.0750974246074257	-0.147235970458497	0.141110499803529	0.185945128400019	0.791824834161569	0.796883493731926	0.428462819783611	0.727958199071941
snp2300	17	109	200	0.47	188	0.218016700380914	-0.211782954487101	0.145680180205696	0.196314058760209	1.07879667826433	1.49689321181009	0.280678375978531	0.326167363696194
snp2301	17	110	200	0.455	182	0.025990016997912	0.229247492907948	0.140214964869523	0.195931736250802	1.17003757173111	1.90991358809152	0.241985849292115	0.161397508997119
snp2302	17	111	200	0.465	186	0.155917667155588	-0.142756185851153	0.142959869203678	0.186574485815743	0.76514312890636	1.09253014344687	0.444186320285404	0.55056455852516
snp2303	17	112	200	0.435	174	-0.0288444195763999	0.00765340148854938	0.136769940881806	0.189708460386054	0.040342963476562	0.264721737360845	0.967819701740995	0.965567952348115
snp2304	17	113	200	0.47	188	0.200332835431635	-0.161439128830516	0.133796439995601	0.186251031558306	0.866782468154962	1.52188639951046	0.386061209807154	0.314092074078639
snp2305	17	114	200	0.4625	185	0.0120995038245356	-0.127488271650205	0.142224086788801	0.188643476470818	0.675815957356612	0.910821168167798	0.499157501983687	0.660473946978048
snp2306	17	115	200	0.4475	179	0.177140105885827	0.105759446834727	0.155475406708778	0.199044073770639	0.531336828227274	2.59527014065287	0.595185388950032	0.0344683574392338
snp2307	17	116	200	0.46	184	-0.0350888905155809	0.152079182651087	0.13916443261844	0.191341413652365	0.794805367788224	0.916374568080275	0.426726728080397	0.657131469644567
snp2308	17	117	200	0.475	190	-0.112938708667988	0.298901918535641	0.144617723701748	0.192294682734935	1.55439513087138	1.67348850573348	0.120090193973849	0.246527460665255
snp2309	17	118	200	0.455	182	-0.115591848319056	0.116064510117223	0.141960097667384	0.180512412617038	0.642972460644338	0.816259158415644	0.520241969629158	0.716670206779289
snp2310	17	119	200	0.4475	179	0.0340962334873603	-0.155401358877699	0.1314128823315	0.177263668534595	0.876667848309654	1.05317874449522	0.380667075047676	0.574306108967048
snp2311	17	120	200	0.4625	185	0.140114147736354	-0.00446059784704012	0.137537680059804	0.184840824646625	0.0241321031518216	1.47732591921548	0.980747236161726	0.335797850398548
snp2312	17	121	200	0.4575	183	0.0433298542699269	-0.142311038005034	0.146203676346354	0.190904460036807	0.745456853012212	0.823870205329652	0.455995585500879	0.712211003947844
snp2313	17	122	200	0.4675	187	0.129932560346433	-0.203249927970002	0.141404142316062	0.18627438555258	1.09113192008157	1.10720883372859	0.275214839104701	0.541747257572205
snp2314	17	123	200	0.455	182	-0.0655514960648517	0.141704642011223	0.139919155435651	0.183128031609777	0.773800934600651	0.789181534591785	0.439048519752719	0.732418104354512
snp2315	17	124	200	0.4575	183	0.189100915611214	0.0540470424018136	0.128237579800432	0.19083869496014	0.283207985744727	2.38131247204051	0.777017407114879	0.0586994721367682
snp2316	17	125	200	0.4575	183	0.0935023827196825	-0.155739528659097	0.132255494945107	0.180280172565503	0.86387496995828	0.875293848313081	0.387656578154008	0.681765405548646
snp2317	17	126	200	0.4475	179	-0.0119223757853612	-0.152950469479904	0.1443881145906	0.193000951911187	0.792485570487168	1.32270085466253	0.428077602107776	0.416958419550793
snp2318	17	127	200	0.4475	179	0.164775890879702	-0.195195400978764	0.128294069485029	0.181227504661791	1.07707382134428	1.3078734992692	0.281447287309017	0.425169849060876
snp2319	17	128	200	0.4725	189	0.27671454180138	-0.278516653984678	0.133342860079966	0.189061953365773	1.47315019773354	2.07608865239652	0.140710540468505	0.115894840517081
snp2320	17	129	200	0.485	194	0.0615981593067359	0.163733101705886	0.145494406575955	0.198046540565509	0.826740528960299	1.78771409322994	0.408384144403413	0.202308637431836
snp2321	17	130	200	0.46	184	-0.0299663498852222	0.095578268937564	0.146086712715192	0.192214227012918	0.497248671042132	0.564620434772412	0.619013703207717	0.852656833626552
snp2322	17	131	200	0.4525	181	0.0581625670443066	-0.0190820248008603	0.158515925999641	0.204572592462419	0.0932775234999565	0.463088743341209	0.925683087869671	0.89832299555471
snp2323	17	132	200	0.455	182	0.150303100211253	-0.133932592279187	0.145773650833205	0.196549344876103	0.681419682999265	1.04082869248408	0.495605971834966	0.581780422394016
snp2324	17	133	200	0.46	184	-0.124689558744687	0.186445032452323	0.125553747349773	0.175404911431837	1.06294077475006	1.12188918192177	0.287808810408052	0.532955329308374
snp2325	17	134	200	0.455	182	-0.0851002605674628	0.161773787219337	0.139202934576008	0.186443621266339	0.867682069896286	0.867900658890129	0.385568404150613	0.686172807604023
snp2326	17	135	200	0.4675	187	0.0547617000832786	0.0382112678752101	0.135136599062948	0.194017201606037	0.196947835340911	0.745331210506351	0.84386835951168	0.757479119740579
snp2327	17	136	200	0.43	172	-0.187140986459682	0.243128453149685	0.142063244825115	0.188006853106245	1.29318931269112	1.40232222204852	0.195945591075131	0.374091893491402
snp2328	17	137	200	0.46	184	-0.0952634587053519	0.108275652868875	0.135163030324187	0.186162347333836	0.581619508023873	0.710669933598045	0.560822999792062	0.776836110189116
snp2329	18	1	200	0.4325	173	-0.0967218089228885	0.172705178556941	0.135154321543753	0.181745487086975	0.950258415353624	0.950446385486237	0.341980963212665	0.636561549434078
snp2330	18	2	200	0.445	178	-0.0163458723732121	0.0362200126473052	0.142469005339957	0.193207341091784	0.187467062289827	0.189729533586791	0.851294446333133	0.982162360282626
snp2331	18	3	200	0.4675	187	-0.142028160174236	0.188262560793549	0.138246340294948	0.181959984341116	1.03463715648941	1.10301948107176	0.300838394691549	0.544261206797373
snp2332	18	4	200	0.465	186	-0.264142272092421	0.310757724608068	0.138967792224671	0.195387539110219	1.59046849161025	1.93563725857313	0.111729242414129	0.153608856812955
snp2333	18	5	200	0.475	190	-0.0678802246173095	0.12053901024849	0.134801034603536	0.185008016357488	0.651533985508898	0.652345264323869	0.51470184599038	0.8083362371433
snp2334	18	6	200	0.4725	189	-0.0692369967795768	0.0341607898584363	0.144595192802151	0.18937500347335	0.180387005844959	0.551990911608542	0.856848754831288	0.858690277900422
snp2335	18	7	200	0.465	186	-0.0226594968243002	-0.213359831792097	0.137445237446326	0.183978912178352	1.15969721347881	1.89905638973902	0.246172105097784	0.164769527309902
snp2336	18	8	200	0.4625	185	0.228469757017475	-0.338141759548961	0.144679476117928	0.189764756854757	1.78189968018018	1.82035938238031	0.0747655927150301	0.190738072452596
snp2337	18	9	200	0.4525	181	0.0852030960457352	-0.16873937439057	0.138338955859226	0.197005685100957	0.856520329878287	0.857530411258046	0.391710032652772	0.692339246340763
snp2338	18	10	200	0.44	176	-0.0378330060726616	-0.128134346491032	0.135404749131966	0.182361825315366	0.702637990541298	1.40419953157099	0.482281380654306	0.373107699566149
snp2339	18	11	200	0.4675	187	-0.10604491951864	0.0259680632678143	0.148813859184834	0.199648676261538	0.130068797620257	0.944338419629983	0.896511996263201	0.640255780528262
snp2340	18	12	200	0.4625	185	-0.068648824136217	0.0866074854781201	0.134996406614655	0.184522893126468	0.469359026463785	0.526878238456146	0.638813030480086	0.87040179633436
snp2341	18	13	200	0.47	188	-0.104340777147965	-0.00592095132438494	0.137242164054245	0.178850648264725	0.0331055625564246	1.18266299880773	0.97359040690433	0.496910234257504
snp2342	18	14	200	0.4575	183	0.163747581897874	-0.0720094642199203	0.138518388304595	0.189784531742031	0.379427467343866	1.40449758705206	0.704370456796088	0.372951559144394
snp2343	18	15	200	0.435	174	-0.103525606108531	0.183283557604735	0.137715604849693	0.190534115188504	0.961946145042867	0.971022570921706	0.336076657181682	0.624101404490225
snp2344	18	16	200	0.4775	191	0.140638293973905	-0.33903973150556	0.131085864130296	0.178950326230672	1.89460247794423	1.94313843707107	0.0581450862718176	0.151390378104089
snp2345	18	17	200	0.47	188	-0.048115062336986	0.178943267155668	0.129888008228762	0.182994731233698	0.97786021460445	1.08990877929183	0.328143464770217	0.552141694014972
snp2346	18	18	200	0.4475	179	0.0931093039872651	-0.298460070884542	0.141060093563711	0.18584307047593	1.60597901293929	1.78158631157658	0.108278521273483	0.204533215685523
snp2347	18	19	200	0.4475	179	0.0212011185596376	-0.0710983474667782	0.145713905840119	0.186634865015298	0.380948905023456	0.448868901040488	0.703241162674859	0.904166598529468
snp2348	18	20	200	0.4725	189	-0.028197217284031	-0.0699119288470478	0.134119785883275	0.185711543591188	0.376454406091992	0.776819545666262	0.706579105323389	0.739541926081043
snp2349	18	21	200	0.4075	163	-0.0107578647831502	0.26470602075513	0.136164393095221	0.184263601734031	1.43656163379033	2.01119510779451	0.150842591696147	0.132330475778667
snp2350	18	22	200	0.4675	187	-0.154771537498695	0.25344531538068	0.146968566793897	0.195156381821841	1.29867808069967	1.30569112204361	0.19405442946085	0.426384118191498
snp2351	18	23	200	0.4625	185	-0.182156371752049	0.251690225902317	0.138745912731739	0.185003633523426	1.36046098721864	1.43848807231787	0.17368409040666	0.355359982848771
snp2352	18	24	200	0.4725	189	-0.0527750500349026	0.144586181443149	0.128013239139748	0.185354005143328	0.780054260663776	0.79832694095601	0.435358937474804	0.727120582309582
snp2353	18	25	200	0.4525	181	0.117074690229177	0.0730899845615943	0.148585086696275	0.192910503070236	0.378880275559611	1.56838879821729	0.704776771974359	0.292315461815665
snp2354	18	26	200	0.465	186	-0.136184652892442	0.215991275342635	0.137528802167966	0.181433197573918	1.19047273724334	1.20371049361462	0.233860639188565	0.484586428666941
snp2355	18	27	200	0.455	182	0.0658641720518495	0.200760059651108	0.143900668934634	0.18910403840342	1.06163814028563	2.15075006919305	0.288399991989491	0.0989774799410466
snp2356	18	28	200	0.4625	185	-0.0238147029339156	0.0020712174945416	0.134892024417712	0.189020581683489	0.0109576294607421	0.235856886927758	0.991257251587073	0.972569018764757
snp2357	18	29	200	0.465	186	-0.251187967384305	0.2352583320299	0.163359955559264	0.204672111408586	1.14944009914597	1.5433955352782	0.250374553306207	0.303906591632416
snp2358	18	30	200	0.4275	171	0.0448035512563771	0.055132332136803	0.137316219773158	0.187312791661514	0.294332979866269	0.821986254466795	0.768503473891031	0.713316041178893
snp2359	18	31	200	0.4625	185	0.00974344807311952	0.0425456970677352	0.133412275067459	0.184359535334392	0.23077567965533	0.423161983431987	0.817489076101915	0.91435806144844
snp2360	18	32	200	0.4675	187	0.00590069868382351	-0.138415453619321	0.129867628349594	0.183824048811362	0.752977940124477	1.00235482100184	0.451463170319332	0.605102391215334
snp2361	18	33	200	0.4475	179	0.253059897305477	-0.214766733104905	0.126029046425507	0.174985179889196	1.22734241403129	2.02655575936419	0.219693920442437	0.128289721587244
snp2362	18	34	200	0.445	178	0.0713601246045477	-0.375141659595149	0.141994235774034	0.181635767043856	2.06535125598126	2.62832672694031	0.0388897770843868	0.0316173046814658
snp2363	18	35	200	0.4375	175	0.0595872882762484	-0.142387997986578	0.128674862020386	0.182216088229963	0.781423854335402	0.796112310445722	0.434553245693804	0.728405481745658
snp2364	18	36	200	0.445	178	-0.160823267489058	0.101752721179257	0.136530753588409	0.182945669456686	0.556190925324679	1.26218218303154	0.578080342149973	0.450880955276269
snp2365	18	37	200	0.455	182	0.0902088799597421	-0.324827733331775	0.14191470859692	0.184206712568728	1.76338706012454	2.07400430891805	0.0778352307281558	0.116397183966476
snp2366	18	38	200	0.4225	169	-0.0867463268963812	-0.062890811472564	0.137272148106187	0.183428492748258	0.342862826436004	1.36627230546733	0.731701658693019	0.393234164416717
snp2367	18	39	200	0.445	178	-0.280040482083618	0.482200065415731	0.152575466192578	0.20510444442084	2.35099764306588	2.35255615709951	0.0187231524512656	0.0628339192323162
snp2368	18	40	200	0.4425	177	0.0829507551493916	-0.115047126561513	0.13874447975392	0.181725695154396	0.633081229727956	0.657788556830749	0.526680599093078	0.80545906844299
snp2369	18	41	200	0.4425	177	0.168231147901696	-0.18811852550031	0.138679793375636	0.186110353832604	1.01079022002995	1.22820178473171	0.31211684497346	0.47036804699611
snp2370	18	42	200	0.4675	187	-0.0546884893546339	0.0810115242098958	0.134856215461307	0.187377739321167	0.432343374956837	0.454477165298619	0.665491866614945	0.901879150947923
snp2371	18	43	200	0.4825	193	-0.038633717459891	0.177947794708993	0.129510325199488	0.176438967974114	1.00855155044378	1.21171214305969	0.31318975301507	0.479926093495646
snp2372	18	44	200	0.445	178	0.182291372329023	-0.051698309002329	0.152553871036486	0.197900544635961	0.261233788403303	1.55068666635461	0.793912223131111	0.300497883406222
snp2373	18	45	200	0.4725	189	0.158907187141834	-0.0762630659984709	0.143169154019248	0.189511233052286	0.402419765679167	1.26789141193768	0.687375125874644	0.447636250941013
snp2374	18	46	200	0.44	176	-0.0145843268413363	0.105297699102185	0.144536170498218	0.194442604739215	0.541536147612348	0.690115558892764	0.588138089416518	0.788100434487213
snp2375	18	47	200	0.455	182	-0.0951259383735296	0.182644193055986	0.13995592021861	0.188192805436211	0.970516341645664	0.972280545068464	0.331789183348147	0.623339023546339
snp2376	18	48	200	0.4875	195	-0.151721270186107	0.241726564102589	0.150280423493308	0.197363829516878	1.22477641771699	1.22910090141261	0.220659472529412	0.469848717887482
snp2377	18	49	200	0.465	186	-0.109051633417379	0.266331112930611	0.131561618001601	0.18862643412428	1.41195010215341	1.42877222348476	0.15796465386698	0.360344401757916
snp2378	18	50	200	0.4675	187	-0.125749838339989	0.196655520907452	0.147522779065008	0.193276618216731	1.01748221136057	1.02506219669822	0.308924090370363	0.591332831428043
snp2379	18	51	200	0.4375	175	-0.0827906076774444	0.0873915421301397	0.141555026235813	0.181270593730031	0.482105455340943	0.58759896114064	0.629731034667355	0.841443617841596
snp2380	18	52	200	0.445	178	0.0497090786085459	0.0274632415856287	0.138224856991515	0.192861517787121	0.142398763116354	0.653747196551294	0.886765039321208	0.807596522517516
snp2381	18	53	200	0.455	182	-0.129604811774013	0.121200821018164	0.14121105463247	0.184242963180847	0.657831479290732	0.918518912232835	0.510646424177914	0.655839951573704
snp2382	18	54	200	0.48	192	0.0649896650136388	-0.0992855662617381	0.149421534945886	0.190869500648504	0.520175124492924	0.523951151609752	0.60294152150286	0.871741447119451
snp2383	18	55	200	0.4525	181	-0.0706780404797451	0.0591057745115173	0.145050850605167	0.188814233358638	0.313036646973803	0.498387307650838	0.754252820049766	0.883207639046733
snp2384	18	56	200	0.4675	187	-0.147141896032761	0.0498278550986283	0.147478193771384	0.192562635478743	0.258761804826507	1.25401150577518	0.795819029679771	0.455539691254296
snp2385	18	57	200	0.455	182	-0.167356564438426	0.213546761682827	0.13282499791921	0.186740675122763	1.14354712245975	1.30661044525712	0.252811501587682	0.425872434184742
snp2386	18	58	200	0.4475	179	0.0911728369966045	-0.0325730589668327	0.146373854367572	0.194502321872237	0.167468741006747	0.766268257965178	0.867001241227489	0.745586947661719
snp2387	18	59	200	0.45	180	0.287368216510665	-0.272151782706504	0.129539592867866	0.177628627839889	1.53213919409329	2.22022847916786	0.125488089656197	0.0850337323658115
snp2388	18	60	200	0.4775	191	-0.0322719646474968	0.0495191723995996	0.138394896060064	0.192554445385267	0.257169717897297	0.26558818372249	0.79704775962548	0.965346145783918
snp2389	18	61	200	0.455	182	-0.108137534165219	0.0959041619264355	0.147138864730168	0.202749287036782	0.473018491596654	0.738875336000735	0.636199986577217	0.761116852945086
snp2390	18	62	200	0.455	182	-0.0915283600101377	0.145633337889681	0.133851402572044	0.178429994278368	0.816193143303468	0.82639556718831	0.414389677834406	0.710728472928715
snp2391	18	63	200	0.4725	189	-0.0881773218591498	-0.0136432367811689	0.145573079408522	0.205162323902314	0.0664997184749424	0.879063351393253	0.946979981839613	0.67951485234007
snp2392	18	64	200	0.45	180	0.0227024144118845	-0.144428773072251	0.126093914464455	0.176116893130395	0.820073364372363	0.993181604565562	0.412174285402567	0.61066616139667
snp2393	18	65	200	0.4925	197	-0.127586287700418	0.058509821493312	0.146474892261218	0.191798149438579	0.305059364047979	1.01382962172145	0.760320939716281	0.5981431030265
snp2394	18	66	200	0.4575	183	-0.123378850088013	0.0240200309135759	0.126136127553938	0.176371047022178	0.136190328963435	1.20492150842333	0.891670820303801	0.483880201371498
snp2395	18	67	200	0.4875	195	0.0799857850739012	-0.0403445355498984	0.147757130974008	0.191391110308977	0.210796287689472	0.631711623956267	0.833046235454713	0.819115820692374
snp2396	18	68	200	0.4375	175	-0.0117025670437027	-0.263274702452537	0.144024471819535	0.201008402012318	1.30976964055663	1.98487995112325	0.190273776456716	0.139474399570487
snp2397	18	69	200	0.4575	183	0.243868374845748	-0.483381933013555	0.135010960071151	0.180980421561553	2.67090732159198	2.67561540133004	0.00756465297510804	0.027890786214158
snp2398	18	70	200	0.4425	177	0.21373080692619	-0.357682641370229	0.134213501816647	0.197654593438474	1.80963485415565	1.88239808177902	0.0703524311612394	0.170041752500596
snp2399	18	71	200	0.395	158	-0.0945854826963957	0.469885786675584	0.137572601189006	0.18359729438718	2.55932849252485	3.12240464273011	0.0104874590096634	0.007637344028668
snp2400	18	72	200	0.475	190	-0.0323298078162159	0.0897530968413425	0.143156197167357	0.191157345387574	0.469524708346243	0.502426549689763	0.638694627914376	0.881424245582939
snp2401	18	73	200	0.455	182	0.101069309492307	-0.246191881565148	0.148977640820136	0.190596413326109	1.29169210096265	1.38787030548733	0.196463794060549	0.381710812494304
snp2402	18	74	200	0.46	184	0.0332754712383231	-0.0185415969262561	0.162327553847994	0.212119799339554	0.0874109676889492	0.232156929924968	0.930344851793915	0.973411448737407
snp2403	18	75	200	0.4525	181	0.0627370035645288	0.0646606988960231	0.124875678524425	0.183654528204739	0.352077890635721	1.04693556837746	0.724779848878943	0.578083450810238
snp2404	18	76	200	0.42	168	0.0780302049822317	-0.0025627501817016	0.136760613827902	0.182993851928279	0.0140045698513742	0.829560645443705	0.988826335180809	0.708868365254139
snp2405	18	77	200	0.4625	185	0.0484557764563042	-0.0135054275420901	0.141290930973149	0.1822012914635	0.074123665280362	0.450933975350364	0.94091198488542	0.903326945627437
snp2406	18	78	200	0.4725	189	-0.143258807035401	0.0609115280646412	0.133081592055674	0.179508735596851	0.339323475607555	1.27137291681993	0.734366059636923	0.445661962116817
snp2407	18	79	200	0.465	186	-0.136350682360759	-0.0597876633481804	0.127160099943491	0.184190736370212	0.324596472799864	1.71447288309163	0.74548649710293	0.229992487547748
snp2408	18	80	200	0.44	176	-0.219332440179533	0.424493584886438	0.127730836009562	0.174804136655867	2.42839553460985	2.42943538454436	0.0151657934627166	0.0522833066257309
snp2409	18	81	200	0.475	190	-0.0876989841130318	-0.0576424746523177	0.144868209538169	0.195443301714316	0.294931952882044	1.21965327015795	0.768045862177772	0.475315231545624
snp2410	18	82	200	0.4525	181	-0.0598139001787865	0.399447090283221	0.138231593358903	0.191693276274691	2.08378247816488	2.60320842873555	0.0371799578539939	0.0337644413368813
snp2411	18	83	200	0.4375	175	-0.0741727788627742	0.158109619422095	0.14197630071821	0.194303339507376	0.813725692121174	0.817961388677776	0.415802112380267	0.715674076064734
snp2412	18	84	200	0.475	190	-0.0772953677485738	0.114966170792311	0.137756324064614	0.18964094329348	0.606230747409826	0.632329730173392	0.544361537876605	0.818795890751503
snp2413	18	85	200	0.4675	187	0.00193662565476498	0.28740541758948	0.149521730628655	0.194703827544747	1.47611591006565	2.21511198777953	0.139912778485963	0.0860040785199737
snp2414	18	86	200	0.44	176	0.0130646894742778	0.0645111702831277	0.146378579938377	0.189252963796676	0.340872708088394	0.642362650721359	0.733199411452805	0.813576850746345
snp2415	18	87	200	0.45	180	-0.0079108394123638	0.12885714980573	0.140997676208876	0.18763077676579	0.68675913422549	0.988997382997554	0.492234525819835	0.61320381423634
snp2416	18	88	200	0.455	182	0.00128902668406128	-0.191888010281618	0.139174734962799	0.185921296885324	1.03209268381973	1.47372819759904	0.302028700864951	0.33758518510729
snp2417	18	89	200	0.4725	189	-0.191533468579772	0.258174543552537	0.140365794350354	0.18881882161605	1.36731360434775	1.47291802595905	0.171527029304162	0.337988382430393
snp2418	18	90	200	0.4675	187	0.175720926284902	-0.139058891087568	0.129230308565246	0.180504087632433	0.770391922485093	1.38884457858716	0.441067443460429	0.381194844482738
snp2419	18	91	200	0.445	178	-0.0829988739916624	0.0172520425155709	0.139801709999346	0.198186226524901	0.0870496543482216	0.745354085933771	0.930632043408635	0.757466204807712
snp2420	18	92	200	0.455	182	0.177539244787717	-0.182776997422077	0.135396073769012	0.188808416178487	0.968055350081914	1.31185761532119	0.333016727378547	0.422956813269302
snp2421	18	93	200	0.4525	181	0.099625860046017	-0.0622683566689998	0.141619309556499	0.192530361204934	0.323420972564009	0.753632785439162	0.746376448488483	0.752780806153208
snp2422	18	94	200	0.455	182	-0.0373591626022419	-0.123323505989436	0.1439884617101	0.195064853508231	0.632217971466767	1.1904203456398	0.527244455587303	0.492357451099969
snp2423	18	95	200	0.4275	171	0.109394825418499	-0.0382328829429586	0.134094292800074	0.186916252726276	0.20454552445446	0.976133113172552	0.837927220538111	0.621003893516206
snp2424	18	96	200	0.4525	181	-0.0726850862151923	0.102750602064975	0.139631955188075	0.182847872240968	0.561945844956643	0.578997618820291	0.574152916948102	0.845675873279364
snp2425	18	97	200	0.4725	189	-0.0116437999754741	-0.19421655128583	0.130046109888579	0.181049255857916	1.07272769703206	1.54554388358361	0.283393309591044	0.302899882749734
snp2426	18	98	200	0.4625	185	0.169482916330333	-0.411476316375471	0.134527793548788	0.193090430595026	2.13100315281016	2.15791198043432	0.0330888824448921	0.0974620646063006
snp2427	18	99	200	0.455	182	-0.0719013413718643	0.273274024209496	0.149776242805817	0.195816862399776	1.39555920190155	1.62369694816797	0.162847275365845	0.267617678502993
snp2428	18	100	200	0.4875	195	0.0837654582759823	-0.273114112668825	0.142106051269862	0.192922152903672	1.41567004389171	1.55734598799909	0.156872132977727	0.297404158212717
snp2429	18	101	200	0.4475	179	-0.0551972102484969	0.0845046573457362	0.139774849297849	0.17837029995367	0.473759686268877	0.476679115069813	0.635671285436315	0.892604674928958
snp2430	18	102	200	0.4875	195	-0.0102118381314753	-0.0388729906714629	0.134435074965415	0.183098984436456	0.212305878107989	0.385837517195291	0.831868409892873	0.92826753581736
snp2431	18	103	200	0.48	192	-0.0165842403516183	0.0124022448997627	0.131979849702728	0.177191853813323	0.0699933130832804	0.130302814940113	0.944198981972113	0.991546521509527
snp2432	18	104	200	0.4625	185	0.0510372346231489	-0.271279654174247	0.136665886635045	0.182989639329704	1.48248641380983	1.88820430106973	0.138210915985066	0.168190545769645
snp2433	18	105	200	0.4525	181	0.0477120134256087	-0.00953476539332734	0.136513568249397	0.186675352471181	0.0510767236654839	0.456129849049925	0.959264383601752	0.901200766765523
snp2434	18	106	200	0.4825	193	-0.115729981242265	0.15746776653236	0.145942578154416	0.189858153650655	0.829396912929564	0.866181440365918	0.406879847764276	0.687196402170316
snp2435	18	107	200	0.45	180	0.117277210231175	0.0426472698189945	0.144902212518469	0.194890282084289	0.21882707215001	1.46142923129699	0.82678475739119	0.343733820397149
snp2436	18	108	200	0.445	178	-0.0480942313185913	0.208830427936143	0.14822477470942	0.199990524079732	1.04420161353688	1.23032385999295	0.296392120604845	0.469142649421062
snp2437	18	109	200	0.4375	175	0.0510917311973508	-0.0906278092878267	0.146355943615437	0.190088610681591	0.476766119563226	0.477566391313348	0.633528674034165	0.892226879921249
snp2438	18	110	200	0.45	180	0.0426040244632973	-0.134255601657334	0.141491232639703	0.197808427916176	0.678715275540368	0.724644039496118	0.497318285419811	0.769084454285364
snp2439	18	111	200	0.45	180	-0.138514341042309	-0.0627539493267623	0.140404359437541	0.18381790739775	0.341391925385016	1.94183861912211	0.732808552997524	0.151773103827366
snp2440	18	112	200	0.44	176	0.0939136635730285	-0.0163338313185294	0.141785228982129	0.187149295976241	0.0872770118280488	0.918433489949862	0.930451326186366	0.655891409702278
snp2441	18	113	200	0.4825	193	-0.136417955428853	0.169757136225501	0.134244190311459	0.190151773571343	0.892745479241142	1.04817748190098	0.371993489274609	0.577331867916391
snp2442	18	114	200	0.475	190	-0.0826818647681332	-0.0895406878019759	0.127969472854618	0.185231087993977	0.483399891301655	1.47626894243125	0.628811825362103	0.336322420201066
snp2443	18	115	200	0.455	182	-0.0206792194076987	-0.15407295958799	0.157440606933822	0.198906232533526	0.774600964612916	1.4195378338986	0.438575487145203	0.365114662486166
snp2444	18	116	200	0.465	186	0.024123414965057	-0.327022219508203	0.136005961978957	0.181817448827103	1.79862945838153	2.50154189333002	0.0720773142708262	0.0437678424432766
snp2445	18	117	200	0.475	190	0.0958188292436533	0.0676641742567679	0.149213374352223	0.191123326203327	0.354034097255001	1.47587938027121	0.723313330062851	0.336515868819908
snp2446	18	118	200	0.4625	185	-0.0385768366482894	-0.049849620174222	0.146738095504052	0.194395581453677	0.256433915840318	0.720128331862956	0.797615802090307	0.771597369446243
snp2447	18	119	200	0.445	178	-0.261794911420641	0.501171553545718	0.129425955825396	0.174836995945809	2.86650746219099	2.86758061749856	0.00415028374746234	0.0163830289687298
snp2448	18	120	200	0.4375	175	0.303140896543548	-0.21864961841258	0.136016475498025	0.189967618029608	1.15098362910726	2.33127470447306	0.249738970572946	0.0660448730119876
snp2449	18	121	200	0.455	182	-0.148354772755279	0.376837559744126	0.14293284213665	0.184462744776259	2.0428925103614	2.2069521174632	0.0410630799059465	0.0875698232016336
snp2450	18	122	200	0.4525	181	0.163426270750564	-0.0572010490526414	0.135111166339615	0.182527215923918	0.313383671377995	1.4720526681208	0.753989188245864	0.338419330768637
snp2451	18	123	200	0.445	178	-0.090992628221785	-0.0245502654933227	0.135992962440968	0.191371752949795	0.128285732428668	1.1012919408925	0.897922855681554	0.545298477258819
snp2452	18	124	200	0.4625	185	-0.190957431462407	0.149602532452862	0.151973192284877	0.192359672340438	0.777722953219091	1.29005087416785	0.436732357602573	0.435127742984396
snp2453	18	125	200	0.48	192	0.18178239468823	-0.276081506156295	0.164241904336593	0.209829142991861	1.31574433474669	1.31899856286074	0.188259868314102	0.419002411203465
snp2454	18	126	200	0.44	176	0.144029141567611	-0.311845415969601	0.138808717849204	0.191863449361579	1.6253508263677	1.6339110921374	0.104087827268701	0.263202197999265
snp2455	18	127	200	0.4625	185	0.0741125732100755	-0.189082622410462	0.131969663430089	0.195057269028556	0.969369782280607	0.975991817704478	0.33236072350857	0.621089544058223
snp2456	18	128	200	0.4525	181	-0.0927888655322426	0.0276927226963361	0.132589425532187	0.185425515186012	0.149346882863213	0.870455466707007	0.881279922886435	0.684650794498335
snp2457	18	129	200	0.4575	183	-0.0601823918145802	0.0716333498432672	0.135405773798194	0.187338885393155	0.38237309725066	0.45600017204591	0.702184642334843	0.901254066386112
snp2458	18	130	200	0.485	194	-0.141822104833014	-0.0650740305904059	0.137688794546497	0.188755999604555	0.344752117690227	1.84453867542646	0.730280733095843	0.182471467148945
snp2459	18	131	200	0.4975	199	-0.177308983231308	0.380458448197453	0.132390076799299	0.178106787310356	2.13612548933631	2.1682747287641	0.0326691866540391	0.0953016981299452
snp2460	18	132	200	0.455	182	-0.0672436473082824	-0.00822751665902838	0.126993761535055	0.180553016601135	0.0455684253517848	0.768949778278621	0.963654235937236	0.744053840311417
snp2461	18	133	200	0.4425	177	-0.0867557572257664	0.29154334377722	0.139372420723341	0.179893152372458	1.62064725606452	1.87494472472684	0.105093311320494	0.172439494529559
snp2462	18	134	200	0.445	178	-0.0643611105107382	-0.14805722496399	0.148108030475782	0.189823558929042	0.77997286427095	1.83249988766348	0.435406847703593	0.186555234698462
snp2463	18	135	200	0.48	192	-0.0778318066381957	0.31659278051477	0.13238491696918	0.180868165145156	1.75040632640182	1.99316354488024	0.0800482251464668	0.137195212540371
snp2464	18	136	200	0.4725	189	0.0634965635013826	-0.0740441891222871	0.142412525771153	0.190838484732161	0.387994010884163	0.452528164369538	0.698020465739005	0.902676653685323
snp2465	18	137	200	0.4725	189	-0.0669694919711285	0.202316359810056	0.148731784009758	0.196666331949962	1.02872900411613	1.11816093319722	0.303607036580664	0.535185460902843
snp2466	19	1	200	0.45	180	0.118961641938776	-0.0926221167378956	0.140483921218231	0.193220680332825	0.479359231001324	0.865510496064696	0.631683091521638	0.687595734193966
snp2467	19	2	200	0.4725	189	-0.0345017155540561	0.0429812845476192	0.14096890106478	0.188075814584797	0.228531694213348	0.254937782711599	0.819232919524377	0.9680257057542
snp2468	19	3	200	0.4425	177	-0.221584882642182	0.516283657793071	0.134883604241927	0.18376673312901	2.80945113950861	2.87556012325584	0.00496260513418913	0.0160119011521806
snp2469	19	4	200	0.47	188	0.0102161768612031	-0.149397210211059	0.135247240625988	0.181917940431122	0.821234067717602	1.10208535319316	0.411512954845851	0.544822043754239
snp2470	19	5	200	0.455	182	-0.168389657612286	0.204985994984715	0.151497062680482	0.196549792931463	1.0429214497122	1.1489540141654	0.296984674395644	0.516826700221312
snp2471	19	6	200	0.475	190	0.131128729425825	-0.261275700401615	0.125840404788982	0.175311396941756	1.4903520533147	1.49163109715264	0.136131692416743	0.328742120119266
snp2472	19	7	200	0.4725	189	-0.0491435188335587	-0.0222331959492253	0.141705943623226	0.190414696795357	0.11676197438226	0.640124726299065	0.907048677623789	0.814745216335493
snp2473	19	8	200	0.4675	187	-0.0882240888939159	-0.16792449818254	0.151772587773219	0.19725788916457	0.851294206248162	2.11557037097511	0.394605942521798	0.106690944051164
snp2474	19	9	200	0.4625	185	-0.071669308434726	-0.0273874348529753	0.147988007862849	0.190911086517478	0.143456492509501	0.936191532409497	0.885929669725988	0.645179121700306
snp2475	19	10	200	0.465	186	0.121656677643876	-0.214296508561448	0.166102499829679	0.208566176037042	1.0274748889455	1.03404159988908	0.304196903767465	0.585891291997538
snp2476	19	11	200	0.4675	187	-0.020548823633941	-0.0656792524225483	0.123092762702168	0.183751011311483	0.357436141187887	0.642148849341755	0.720765324562646	0.813688574856715
snp2477	19	12	200	0.4675	187	0.236759786311155	-0.0315903478948494	0.140708667302458	0.187595054435697	0.168396485663633	2.2695054341089	0.866271372661092	0.0761288897235398
snp2478	19	13	200	0.435	174	-0.0437905114891406	-0.202010367013055	0.12876998370249	0.184038459907373	1.09765299663303	1.82854749332923	0.272356041699397	0.187909847135421
snp2479	19	14	200	0.48	192	-0.0324843165254382	-0.230440511487806	0.141573721782024	0.187299871950614	1.23032925270001	2.09734275398333	0.218573834282464	0.110867075438167
snp2480	19	15	200	0.4425	177	0.164169599122415	-0.252990670912644	0.15039997292292	0.19871272354695	1.27314782061688	1.29270758358347	0.202965592423303	0.433637456215352
snp2481	19	16	200	0.4725	189	-0.0383350854501699	0.143688972954099	0.145036332553752	0.187324473016594	0.767059266951041	0.889403135664913	0.44304627864689	0.673330510988318
snp2482	19	17	200	0.45	180	0.210920475872577	-0.117701695149072	0.135551291533308	0.186058824399183	0.632604744919527	1.71264471140514	0.526991787755363	0.230714110055115
snp2483	19	18	200	0.45	180	-0.138752449187002	-0.058981106862401	0.142360398205219	0.190717897885224	0.30925837331689	1.74712426389257	0.757124993159622	0.217355374003075
snp2484	19	19	200	0.48	192	-0.00356622296360013	0.0690808311174314	0.136914204729348	0.186556160725083	0.370295094243668	0.510644780235752	0.711162628676047	0.87776265561589
snp2485	19	20	200	0.43	172	-0.0126268855486235	-0.0670687556324428	0.145040973797657	0.19288135651781	0.347720261010555	0.617264191315701	0.72805027901702	0.826539524820332
snp2486	19	21	200	0.4675	187	0.0262646159257045	-0.336040086074513	0.133984918714816	0.185935092425746	1.80729781393317	2.31068817794647	0.070715856713873	0.0692771655968322
snp2487	19	22	200	0.44	176	-0.0863103352190848	0.0950333842049692	0.139085928209904	0.194921894842155	0.48754596953783	0.62359429152674	0.625871474247533	0.82329975668639
snp2488	19	23	200	0.4775	191	-0.136366805489165	-0.0417851785712177	0.151265112994857	0.195290521979759	0.213964191132371	1.64620033280939	0.8305749818365	0.257950449715736
snp2489	19	24	200	0.4775	191	0.132483902791412	-0.206674110801723	0.164933511292097	0.202227623429755	1.02198753709585	1.02217023073357	0.306786799095375	0.593085925808207
snp2490	19	25	200	0.4575	183	0.0520989860253777	0.107985647121552	0.146917154688919	0.193102716779716	0.559213505238962	1.29802864150632	0.576016017250893	0.430658788218481
snp2491	19	26	200	0.455	182	0.0873924127515166	-0.165122024878511	0.152590719690265	0.195209468955542	0.845870980347356	0.853056337232653	0.397624722951382	0.694993658967737
snp2492	19	27	200	0.4775	191	-0.169957531778999	0.120099929716953	0.133492361834545	0.189776189482421	0.632850359386512	1.33704795283462	0.526831367066921	0.409078334620182
snp2493	19	28	200	0.46	184	-0.119033459803211	0.0587075678020531	0.129922175038733	0.190518181957041	0.308146798373767	1.00239432021733	0.757970632632568	0.605078433865087
snp2494	19	29	200	0.4625	185	0.199150319685254	-0.175547489693914	0.141384655219518	0.192464814347876	0.912101727729909	1.41582286389831	0.36171516893114	0.367042662544436
snp2495	19	30	200	0.4725	189	-0.17378040196167	0.0456211703525701	0.150385923008471	0.191661099249141	0.238030411655247	1.55195318601261	0.811857506889938	0.299908051655286
snp2496	19	31	200	0.4575	183	-0.0341130730831215	0.0281235143401596	0.146526621172728	0.187210047682967	0.15022438532672	0.236700432493168	0.8805875874931	0.972375193584297
snp2497	19	32	200	0.445	178	0.0183162996206954	0.110644044037168	0.150143708207198	0.195649008214252	0.565523153155999	1.0090047951011	0.571717980616869	0.601069122687925
snp2498	19	33	200	0.42	168	-0.0039210332141419	0.0451112293466278	0.147326007425144	0.204992529655438	0.220062796544113	0.293695056898806	0.825822248620789	0.957788408631092
snp2499	19	34	200	0.47	188	0.14043367667901	-0.173390920160439	0.141171577188567	0.188116376550853	0.921721560555188	1.03257406978588	0.356673831358218	0.586780417587993
snp2500	19	35	200	0.425	170	-0.0239106020965964	0.158291785453715	0.154214626922148	0.200255097932944	0.79045071555042	1.05786869662431	0.429264593904173	0.571470114816685
snp2501	19	36	200	0.44	176	0.132569310612574	-0.0521535667354668	0.140905738018467	0.186021062382209	0.280363772078182	1.12232693488285	0.779198428591424	0.532693602672273
snp2502	19	37	200	0.4675	187	0.0301551500867967	-0.0831921204534207	0.130010532413878	0.178824420881211	0.465216775446365	0.486309622744235	0.641776226615977	0.88847521723798
snp2503	19	38	200	0.4425	177	-0.013537546519127	-0.0472364825756281	0.148375395598586	0.198523311416094	0.237939223553566	0.462521390376695	0.811928232990971	0.898558902631399
snp2504	19	39	200	0.455	182	-0.245976208846249	0.399829814850995	0.13905681552093	0.188430592742585	2.12189437517294	2.16568452122131	0.0338466089069553	0.0958381236519418
snp2505	19	40	200	0.44	176	-0.0769640397048698	0.156767379605228	0.137221092401939	0.186696835104618	0.839689540089855	0.844790212776946	0.401082480246394	0.699887793489845
snp2506	19	41	200	0.4725	189	-0.25754866481023	0.382537654281078	0.146333400120152	0.190757642007843	2.00535952454974	2.04019568477808	0.0449246254983297	0.124780483673917
snp2507	19	42	200	0.4725	189	-0.0083706047361531	0.00191930002819126	0.13942785066209	0.189549344777333	0.0101255956882673	0.0770665618746479	0.991921081583773	0.99703477750263
snp2508	19	43	200	0.47	188	-0.0316573380254619	-0.0591591651294351	0.146142128583175	0.201603471787191	0.293443186295335	0.701048014360774	0.769183419635594	0.782130119372157
snp2509	19	44	200	0.455	182	-0.0763846198700658	0.175851521511251	0.138506075511061	0.18462529560608	0.952477941519191	0.981881106207933	0.340854647745642	0.617519116314989
snp2510	19	45	200	0.4575	183	0.033576970795404	-0.112424514584387	0.130278325720618	0.186545268738979	0.602666126803226	0.64338239695553	0.546730819937312	0.81304367153148
snp2511	19	46	200	0.4775	191	-0.166279117740029	0.258412928091756	0.130563199670313	0.184613024500738	1.39975458822909	1.46178171178892	0.16158682085792	0.343556778667308
snp2512	19	47	200	0.4725	189	0.342406836392152	-0.323219266222869	0.15164639906726	0.193367876335256	1.6715251382421	2.26031640271879	0.0946179976353217	0.0777299125957887
snp2513	19	48	200	0.465	186	-0.0526028162911986	0.119510083800288	0.135808953585145	0.19228984807577	0.621510105687931	0.626410843227979	0.53426404744728	0.821851734165167
snp2514	19	49	200	0.475	190	-0.120033048855497	-0.0532233735704334	0.136536272333829	0.182951700122812	0.290914889201388	1.68505480391866	0.77111641364174	0.241785370260273
snp2515	19	50	200	0.465	186	-0.0515183052848008	0.0724822607495131	0.133599187175088	0.185690034322319	0.390340068674333	0.421040341343625	0.696285098000882	0.915177279377863
snp2516	19	51	200	0.4675	187	0.0859500237762119	-0.0428832209028202	0.137855428299921	0.188245052176127	0.227805301690998	0.712469732152232	0.819797604905172	0.775841866679926
snp2517	19	52	200	0.47	188	0.0133879903268651	-0.28588967710216	0.131116700675506	0.181143603297115	1.57824881419213	2.08078099519265	0.114508459955679	0.114770043418887
snp2518	19	53	200	0.4525	181	0.0469018526700443	-0.0554441501534507	0.129769489757725	0.18939239602673	0.292747498403398	0.367184085951615	0.769715161055145	0.934809908773013
snp2519	19	54	200	0.435	174	0.0898072173537657	0.173174822706937	0.125722037224551	0.183037831300741	0.946114917753813	2.12015944060103	0.344089975778914	0.105659034320736
snp2520	19	55	200	0.465	186	0.111143399684914	0.0460100228193734	0.134814107811269	0.192267507707513	0.239302123213488	1.38766584107793	0.810871319146149	0.381819137992061
snp2521	19	56	200	0.4475	179	-0.195188535508625	0.493362812695556	0.137538130855856	0.186055952241238	2.65169056271775	2.78893012112759	0.00800899040003666	0.0204644588874106
snp2522	19	57	200	0.4425	177	-0.131958870949556	0.19794642039311	0.137551211485776	0.183137883046846	1.08086004435509	1.10566209414044	0.279759374267014	0.542675180022039
snp2523	19	58	200	0.4525	181	0.142619497763327	-0.315532504343099	0.137844118577099	0.191779294930344	1.64528972983086	1.65438214281178	0.0999100767593502	0.254490915979143
snp2524	19	59	200	0.445	178	-0.0563525372570726	0.0855859365188996	0.150255982787912	0.198549297788775	0.43105635462861	0.437660570783499	0.666427394737784	0.908669908599299
snp2525	19	60	200	0.455	182	0.074591894091244	-0.11019795544864	0.146215930638726	0.198957313219378	0.553877380356116	0.570662782360508	0.579662766396291	0.849737325920478
snp2526	19	61	200	0.48	192	0.0765724130639122	-0.141915923944713	0.136286898650009	0.185885716464694	0.763457928041866	0.763992906456255	0.445190344072535	0.746886101113065
snp2527	19	62	200	0.45	180	0.0477948086897065	-0.223820192721749	0.145677076216088	0.193578248139747	1.15622594414725	1.39678691597316	0.247588750435134	0.377001224202878
snp2528	19	63	200	0.4875	195	0.132171551132991	-0.0794458050098653	0.164774624896213	0.198351919843132	0.400529549059549	0.904420426332087	0.688766523890196	0.664322101979145
snp2529	19	64	200	0.4475	179	0.0210189239914737	-0.419718384093567	0.134640791630648	0.194446428616791	2.1585296633076	2.84721337192662	0.0308866746886472	0.0173647673131157
snp2530	19	65	200	0.4375	175	0.137869184046422	0.00998278702330402	0.131170535188576	0.193417049030701	0.0516127563383487	1.50632821590956	0.95883725480038	0.321578902013023
snp2531	19	66	200	0.4575	183	0.118446078760661	-0.153278046064209	0.149224295287975	0.200282087163355	0.765310808545707	0.834292339989582	0.444086489386832	0.706083445098586
snp2532	19	67	200	0.4875	195	-0.07467093503401	0.0694631288995523	0.140264157908063	0.191913552565328	0.361950096650452	0.533635436120335	0.71738932262682	0.867288683500114
snp2533	19	68	200	0.45	180	-0.100257662986002	-0.0543790181072264	0.129814240644909	0.179712115786346	0.302589604876034	1.41762309203799	0.762202637418846	0.366107740649916
snp2534	19	69	200	0.47	188	-0.121598641996739	-0.083689018614256	0.14040603707659	0.182784761636475	0.457855555709276	1.88690025229264	0.647056219228538	0.168605050044092
snp2535	19	70	200	0.4725	189	0.0893993573494983	-0.0745872607063069	0.126776357745497	0.178987110447748	0.416718614651759	0.711192034684287	0.676884237157797	0.776547819347326
snp2536	19	71	200	0.49	196	-0.0964930644180943	-0.0262289145885771	0.137263470173676	0.18045177880376	0.14535137731782	1.24002508738179	0.884433452157921	0.463554596705595
snp2537	19	72	200	0.465	186	-0.164714973310141	0.135821693267439	0.126240968189715	0.183297835990671	0.740989071329524	1.31861340761783	0.458700066717043	0.41921529546199
snp2538	19	73	200	0.4725	189	0.0551551234218409	-0.206256718470102	0.149870136405575	0.195044014243148	1.05748807145128	1.24362746586513	0.290288895803881	0.461485503641446
snp2539	19	74	200	0.4675	187	0.176165877192566	-0.312299408541443	0.135637382547217	0.191354216343566	1.63204874451643	1.64457931015122	0.102669218011883	0.258639377163616
snp2540	19	75	200	0.4725	189	0.0227594364291786	-0.0423555285061517	0.141299355864356	0.190632888239719	0.222183742255901	0.222235012502742	0.824170849635358	0.975608207024961
snp2541	19	76	200	0.46	184	-0.0241315561646598	0.0959823525604847	0.140060351371632	0.185388119030076	0.517737345104155	0.609311808265524	0.604641538446677	0.83058048772381
snp2542	19	77	200	0.4675	187	-0.145505633380316	0.0473690120325348	0.166783546351447	0.212228035542385	0.223198654746416	1.10953765848965	0.823380898892158	0.540350698905147
snp2543	19	78	200	0.445	178	0.0553599828851777	0.0442705840274805	0.133869402970284	0.183749457085452	0.240929060306789	0.864667091124003	0.809610098576698	0.688097600969185
snp2544	19	79	200	0.455	182	-0.192829988095681	0.223582207871958	0.13781825926438	0.195138292762496	1.14576285723726	1.42173385516471	0.251893287528487	0.363977372237355
snp2545	19	80	200	0.4625	185	0.0206669650683555	-0.137449789267594	0.129090963061571	0.182827552578651	0.751800192744277	0.893788643380005	0.452171226089347	0.670702861453026
snp2546	19	81	200	0.455	182	0.0461390154590592	-0.0374141524892141	0.134311536640183	0.182130209831502	0.205425297230086	0.349722406163624	0.837239857376725	0.940679417067434
snp2547	19	82	200	0.4525	181	0.0545628736113395	0.078437843368712	0.131056527243768	0.182100103241694	0.430740246558811	1.08994700253723	0.666657251448844	0.552118691950213
snp2548	19	83	200	0.445	178	0.111827284636724	-0.0930394951275504	0.150364665357797	0.193990589724629	0.479608290585749	0.755003084990656	0.631505950088699	0.752003102652815
snp2549	19	84	200	0.4625	185	-0.0663988648261949	0.211892800346795	0.147482571203243	0.197364989160618	1.07360885660604	1.21109836159266	0.282998026452383	0.480283069524148
snp2550	19	85	200	0.4475	179	-0.121293114057868	0.290774925059905	0.131140197494647	0.173944115145358	1.67165715733997	1.72176093703953	0.0945919468801027	0.227130539670876
snp2551	19	86	200	0.485	194	-0.0150603114259417	-0.0690692954958695	0.136512200622448	0.181623629740278	0.380288047291196	0.677755709294476	0.703731607117208	0.794790754593518
snp2552	19	87	200	0.455	182	-0.171647099689306	0.152858898898964	0.146575446567662	0.196218207380425	0.779025050425637	1.17812949547836	0.435964958463802	0.499576492710719
snp2553	19	88	200	0.4675	187	-0.0146941022623741	0.0205238633365712	0.139243016906887	0.183217773264771	0.112018954115941	0.117923958828962	0.9108083779468	0.993071086354014
snp2554	19	89	200	0.4525	181	0.0851210842087714	-0.15346128018093	0.131676345707175	0.186906337389449	0.821059800990957	0.825890583257789	0.411612206098467	0.711025042872027
snp2555	19	90	200	0.4475	179	-0.0297501884724117	0.207639716940273	0.130956350118059	0.179319000704769	1.15793483191517	1.40554053464147	0.246890631706825	0.372405450605123
snp2556	19	91	200	0.4425	177	-0.133868989773917	0.12676533499083	0.149518962594842	0.191090228423354	0.663379472811063	0.896436702765469	0.507087549256652	0.669114969380275
snp2557	19	92	200	0.4575	183	-0.0908019406178908	0.0767117682608856	0.132717425943727	0.18368904496636	0.41761754640803	0.692497844371651	0.676226765842144	0.786803588003079
snp2558	19	93	200	0.465	186	-0.202954209884903	0.0971696957306395	0.135411173653416	0.175903734340482	0.552402688294022	1.73998199879559	0.580672489190714	0.22007900618687
snp2559	19	94	200	0.465	186	-0.29782321758692	0.014765421840781	0.126872839469899	0.180311956108141	0.0818882017558807	3.19553781303489	0.934735616563534	0.0060619063008667
snp2560	19	95	200	0.4775	191	-0.0440792262635991	-0.0454833292007498	0.15014780642483	0.201769008830065	0.225422771636139	0.740872039880558	0.821650398281586	0.759993278561884
snp2561	19	96	200	0.46	184	-0.135678132667453	0.196174513414831	0.144841193850024	0.194872581049338	1.00668094176452	1.04599735853848	0.314088123503355	0.578651294819535
snp2562	19	97	200	0.4775	191	0.0321803625375994	0.0864693487163315	0.143534222628524	0.192623680019508	0.448903004592033	0.950948439065166	0.653501628529794	0.636257790443591
snp2563	19	98	200	0.475	190	-0.132315522866897	0.367086365006962	0.138060435076815	0.180069079275377	2.038586338555	2.19092626295506	0.0414913298341663	0.0907107918565989
snp2564	19	99	200	0.475	190	-0.126667772870822	0.106720114071611	0.139245140164023	0.202222845417435	0.527735201486832	0.919113794002289	0.597683137331544	0.655481575868547
snp2565	19	100	200	0.4575	183	-0.103193203750661	0.272782732845215	0.147148268245979	0.19152432974501	1.42427196173139	1.52535531901725	0.154367760640186	0.312436376845831
snp2566	19	101	200	0.46	184	-0.108028907338607	0.179679833997621	0.1453458821558	0.19414301036571	0.92550246160887	0.930730670782127	0.354704603843108	0.648476320103594
snp2567	19	102	200	0.4525	181	0.0868930799423482	-0.0450920918238636	0.159758284447878	0.206988891114823	0.217847883434719	0.635573323292758	0.82754763481608	0.817113946341596
snp2568	19	103	200	0.4575	183	0.0168847932908022	-0.000910002031624078	0.128146434089535	0.178232631757511	0.00510569822512722	0.181447422762908	0.995926259913208	0.983673167833277
snp2569	19	104	200	0.445	178	0.116597796535339	0.085583290265741	0.129392613388156	0.190432160937588	0.449416158722213	1.73143626491036	0.653131476903517	0.223367748422382
snp2570	19	105	200	0.455	182	0.0663729740118044	0.107314384866501	0.143983677658038	0.188054152161433	0.570656822160343	1.5745455233641	0.568232292779175	0.289500920436643
snp2571	19	106	200	0.45	180	-0.0973711879027072	0.293998289696595	0.137131704099458	0.186418702022775	1.5770858100958	1.6966326960448	0.114775781797372	0.237098111095047
snp2572	19	107	200	0.4725	189	0.102535938379976	-0.0573692790771314	0.133792188848832	0.180625924553374	0.317613760145372	0.8473740224775	0.750777935147751	0.698359429356809
snp2573	19	108	200	0.465	186	0.0299263319060067	-0.00522576097769049	0.134593137471933	0.192777966243714	0.0271076673310474	0.292068221396271	0.978373859363338	0.958244875049963
snp2574	19	109	200	0.4875	195	-0.149575574908149	0.364564026312136	0.147496326277661	0.196655316827042	1.85382237406156	1.9496700846507	0.0637645764074529	0.149477900549297
snp2575	19	110	200	0.46	184	0.091010456508461	-0.135030364156525	0.135532917419396	0.183413793114367	0.736206159110006	0.761068613792121	0.461605244558406	0.748553413123729
snp2576	19	111	200	0.45	180	-0.00622216104298051	0.157255663884168	0.133267780169231	0.184286157897914	0.853323253780571	1.13922326429979	0.393480068095133	0.522612596345474
snp2577	19	112	200	0.43	172	-0.117953705111812	0.112092979446872	0.139717344455779	0.185066808105518	0.605689267537163	0.844749343059302	0.544721112154565	0.699911957884608
snp2578	19	113	200	0.485	194	-0.0625347903326453	-0.174583552184601	0.136486113433706	0.200856250826824	0.869196509772181	1.67381317297961	0.384739656128837	0.246393539058503
snp2579	19	114	200	0.4575	183	-0.120321670664212	-0.0301754597783331	0.141007890187046	0.190975333214492	0.15800710631274	1.46706651875137	0.874451199034699	0.340908186681455
snp2580	19	115	200	0.4475	179	-0.0993445117345621	0.363716341891403	0.125955402059495	0.171277914213395	2.12354490397547	2.39276344569229	0.0337082168412077	0.0571167161188133
snp2581	19	116	200	0.4775	191	-0.110724207494526	0.124207821755432	0.139627160150672	0.189827423494139	0.654319694537008	0.80155488890325	0.512905860013609	0.725245457061481
snp2582	19	117	200	0.465	186	0.0904001332577479	-0.360377636360131	0.134053568307269	0.185877425705633	1.9387918408707	2.20232294979478	0.0525266900366944	0.0884681049832033
snp2583	19	118	200	0.4625	185	-0.138330756687347	0.094554528972736	0.137810504912585	0.182169768275517	0.519046216437681	1.05659972374952	0.603728512733734	0.572237314523024
snp2584	19	119	200	0.475	190	-0.00595727923878434	0.149829877389363	0.142495658532971	0.189923800777371	0.788894687111882	1.11949752100721	0.430173561188812	0.534385735445337
snp2585	19	120	200	0.4575	183	-0.0860962904100668	-0.0712213668735046	0.146011294018446	0.194324073136048	0.366508203148058	1.37649505305818	0.713985892597531	0.387759756447323
snp2586	19	121	200	0.46	184	-0.0358952658754527	0.0506069525473874	0.138668617586353	0.191040704115854	0.264901413453216	0.28208866257648	0.791085409444483	0.960994102586691
snp2587	19	122	200	0.45	180	-0.0375499080988745	-0.302501355431748	0.130309524320698	0.185398718039554	1.63162592832606	2.56362406971609	0.102758312695042	0.0374000145541305
snp2588	19	123	200	0.475	190	-0.0374521734142639	0.132434739916648	0.142158261064384	0.181412186187191	0.730021189315224	0.854376488373335	0.465377232630903	0.694210818227658
snp2589	19	124	200	0.4675	187	-0.0152340871156881	-0.012277931400708	0.134283386890631	0.179251574000684	0.0684955290861835	0.258132802321622	0.945391178991742	0.967232602795879
snp2590	19	125	200	0.445	178	-0.197904728689436	0.386087165488768	0.134782408197009	0.179588457394215	2.14984398825403	2.15729363692822	0.0315675573941102	0.0975921793908707
snp2591	19	126	200	0.4675	187	-0.163375998763178	0.0237104854242297	0.144528224820843	0.192809502758764	0.122973635038597	1.56014678981768	0.902127975668672	0.296108599160638
snp2592	19	127	200	0.4475	179	0.00679405837994521	-0.141237668672885	0.135457806769079	0.188494548719329	0.74929312084876	1.00350230144089	0.453680553136952	0.604406415187001
snp2593	19	128	200	0.4575	183	0.050331952784259	-0.203745518082463	0.141106989557806	0.197849085775373	1.02980267653996	1.14295715825171	0.303102644053859	0.520390632647201
snp2594	19	129	200	0.455	182	0.157156364761078	-0.218190861233358	0.138986409203919	0.194413530518978	1.12230285953301	1.22732570349355	0.261733690765176	0.470874256838331
snp2595	19	130	200	0.4475	179	0.113441423508779	0.0847205082387508	0.139787900971397	0.188830164506195	0.448659823287775	1.65864388015788	0.653677071413301	0.252700632760428
snp2596	19	131	200	0.44	176	0.0936111576687533	-0.242327521490547	0.153305788778218	0.19983917611653	1.2126126928648	1.30418936365674	0.225277933742054	0.42722052454741
snp2597	19	132	200	0.47	188	-0.0607139924154074	0.260106128637809	0.13415995919117	0.186655884389962	1.39350618110916	1.58954791514035	0.16346677718912	0.282710665629483
snp2598	19	133	200	0.465	186	-0.0385178418317499	0.168253768786523	0.147624538765732	0.191173572448673	0.880109978756065	1.09782012325504	0.378799733871135	0.547384109681432
snp2599	19	134	200	0.4725	189	0.023091641071647	-0.0359669851954356	0.1323354198584	0.188064209889284	0.191248431674532	0.199921363496825	0.848330960831628	0.980214086276523
snp2600	19	135	200	0.4525	181	-0.0748098576284269	-0.026260295914491	0.141708200764828	0.193109243182623	0.135986737256573	0.91095777853146	0.891831765699865	0.660391764733036
snp2601	19	136	200	0.4575	183	0.311807249031832	-0.249266617014585	0.142510473531287	0.193983242951817	1.28499046217358	2.24281471347432	0.198795617013871	0.0808541051393106
snp2602	19	137	200	0.4375	175	0.004401626461488	0.123984331649204	0.170297327150989	0.212560486002749	0.583289650775454	0.949547314789153	0.559698328278817	0.637105478031093
snp2603	20	1	200	0.4725	189	-0.0585135179593753	0.00394205398533592	0.146782742546272	0.193417019943829	0.0203811122024357	0.587069387016434	0.983739351000591	0.841705378630581
snp2604	20	2	200	0.4625	185	0.0395261431637979	-0.122077069262976	0.150177810775063	0.200246632578372	0.60963356882018	0.66651653590677	0.542104569463077	0.800817541445886
snp2605	20	3	200	0.4825	193	0.286831864911369	-0.253395021194559	0.126783452619023	0.175547302620184	1.44345721872359	2.27275204609455	0.148891715617797	0.0755696197656671
snp2606	20	4	200	0.4675	187	-0.0848164593853452	0.03191928448882	0.138747699868165	0.195200835682321	0.163520224579197	0.718503525149952	0.870108850550054	0.77249970056653
snp2607	20	5	200	0.45	180	0.0259673871296608	-0.0333624998712886	0.136761899521322	0.182532283678412	0.182775885991035	0.199351770945899	0.854973870055406	0.980325554229619
snp2608	20	6	200	0.48	192	0.0648105387745382	0.0363101389860387	0.130601338590817	0.184826015808487	0.196455779383691	0.901766962978759	0.84425344111995	0.665915943238971
snp2609	20	7	200	0.4925	197	-0.0830026496106596	0.0645934275354323	0.150060593909378	0.19448651509239	0.332122910962478	0.572546084989732	0.739796450671731	0.848823072364473
snp2610	20	8	200	0.455	182	-0.0294940735858942	0.181508174364907	0.148177590558509	0.196750124657173	0.922531432603539	1.16978103478456	0.356251442533416	0.504496773489474
snp2611	20	9	200	0.4725	189	-0.156790041806383	0.217098685915338	0.140665974511631	0.190405964165223	1.14018847501517	1.21611863001792	0.254207787933318	0.477365773527482
snp2612	20	10	200	0.4875	195	0.221106946217738	-0.182590723500936	0.143695523825436	0.195039027203546	0.936175318954913	1.5589708495619	0.349182928515191	0.296652145198298
snp2613	20	11	200	0.42	168	0.0271251901218434	-0.0866846293763115	0.136336726590751	0.187260755135762	0.462908682139332	0.508698969430903	0.643429823988674	0.878633586612157
snp2614	20	12	200	0.4525	181	0.142435891368038	-0.0800813852518928	0.143498261044266	0.195460775500123	0.409705656017119	1.09464170546303	0.682021880521512	0.54929467564116
snp2615	20	13	200	0.46	184	-0.1859372356175	0.0905322399719364	0.143626116358422	0.186809119530674	0.48462430634748	1.53517551623457	0.627942868712239	0.307776338708877
snp2616	20	14	200	0.47	188	-0.0302603405410035	-0.153233998006515	0.147059398258428	0.19310258552514	0.793536749338681	1.48615107166906	0.42746516711074	0.331435352349378
snp2617	20	15	200	0.48	192	0.0899401510302176	-0.148989786586894	0.125896077905726	0.175414884342733	0.849356581940855	0.864328749093135	0.395682905050102	0.688298896190258
snp2618	20	16	200	0.4675	187	-0.127316013520366	0.0335919870794116	0.128226530162872	0.179517488196057	0.187123758342277	1.24662401484302	0.851563600696489	0.459766872355792
snp2619	20	17	200	0.475	190	-0.146856456090342	0.380842827622939	0.13750738204401	0.181409019160934	2.09935994023032	2.2453777977399	0.0357851832393669	0.0803903827658872
snp2620	20	18	200	0.4375	175	0.0981979943424934	-0.11522849557999	0.141703448910923	0.193878588690473	0.594333269899918	0.703044764203251	0.552289230564695	0.781034488866801
snp2621	20	19	200	0.47	188	0.136571459864532	-0.0317246576849922	0.142937106924264	0.192855389060378	0.16449972095444	1.25288622130446	0.869337766401555	0.456182677212613
snp2622	20	20	200	0.48	192	-0.0202338528436467	0.0617384837991707	0.124673085596497	0.175826766431932	0.351132452993564	0.373627157375348	0.725488982129184	0.932581598345647
snp2623	20	21	200	0.4725	189	-0.0439293903417423	-0.148680868615283	0.133633531275281	0.195969756046927	0.758692931064731	1.37546218844368	0.448036266513277	0.388311232254599
snp2624	20	22	200	0.4775	191	-0.0577328734527209	0.0416297101688673	0.141582393738027	0.199439542926681	0.208733481625414	0.42252237083731	0.834656301254111	0.914605387768248
snp2625	20	23	200	0.4725	189	-0.00629430036948903	0.121103071070645	0.140557988170412	0.185489335653822	0.652884278461481	0.901795997026049	0.513830885096766	0.665898508212176
snp2626	20	24	200	0.4625	185	0.0722300695913261	-0.199774848073881	0.144254142522354	0.192175803142501	1.03954215258695	1.12418876510622	0.298552664470821	0.53158073641298
snp2627	20	25	200	0.48	192	-0.0012059352632633	0.0871664434195194	0.148665683326391	0.197378711821956	0.44162028728887	0.668014313866435	0.658764000959856	0.800017591832608
snp2628	20	26	200	0.4725	189	0.0400278700132547	-0.130092315794238	0.137704082325951	0.188320642565124	0.690802208521831	0.743496475446185	0.489689847488073	0.758514393199777
snp2629	20	27	200	0.4575	183	0.126700423007424	-0.236862487442067	0.132929540903294	0.187987536483649	1.25999037953598	1.2636173198465	0.207672832772207	0.450064503441937
snp2630	20	28	200	0.4725	189	0.0850937763494908	-0.153246120821695	0.137347495534936	0.188051730630179	0.81491470622553	0.815512310687496	0.415121134589387	0.717107037404508
snp2631	20	29	200	0.46	184	0.0593273314402581	-0.237623689911558	0.138799969874485	0.19299540297435	1.23124015520276	1.39380291404978	0.218233057031548	0.378574164687523
snp2632	20	30	200	0.4575	183	0.0534956328960704	-0.00654432675065178	0.143280206640302	0.194910221896791	0.0335761084614493	0.50569830435734	0.973215174209444	0.879971826366554
snp2633	20	31	200	0.4725	189	-0.0578922164341195	-0.0226709277621324	0.145561777942423	0.191832725788156	0.118180710142066	0.735325384726912	0.905924473913935	0.763111052801106
snp2634	20	32	200	0.4375	175	0.024598154600767	-0.20134606027496	0.145683045389768	0.192236465577994	1.04738744373798	1.37783955925101	0.294920920443974	0.387042440914903
snp2635	20	33	200	0.47	188	-0.112351671320349	0.0483838053295501	0.135270300800296	0.190335290756532	0.254203017933445	0.920780884330813	0.799338719197811	0.654477076642138
snp2636	20	34	200	0.47	188	0.0654666067093427	-0.203325119912138	0.142510082121049	0.190628292377313	1.06660515800925	1.15125352724315	0.286150170341052	0.515461665510247
snp2637	20	35	200	0.45	180	0.0843272034008321	-0.315913057292927	0.137697524904047	0.194688227296472	1.62266132718879	1.8041226881729	0.104661822764108	0.196433890972267
snp2638	20	36	200	0.465	186	0.0694231044455706	0.0890816391853647	0.13389320692374	0.186333899248086	0.47807532362515	1.26210532215753	0.63259659467094	0.450924697121308
snp2639	20	37	200	0.4475	179	0.158114452759755	0.0118400127073101	0.140311205903075	0.19373424748093	0.061114711834703	1.67144770117084	0.951267852702427	0.247370341028829
snp2640	20	38	200	0.4625	185	-0.15238413364917	-0.0820345757188249	0.144655783611008	0.184755997385103	0.444015766090846	2.34579549835903	0.657031185219554	0.0638398126796597
snp2641	20	39	200	0.46	184	0.207565705397925	-0.0334341810945294	0.135907156391502	0.19028725602236	0.175703732311956	2.06304470624208	0.860526702963827	0.119066069985942
snp2642	20	40	200	0.455	182	-0.123543864575348	0.0631131582221133	0.13292227796914	0.187052004491599	0.337409686646518	1.02644833808708	0.735808083470505	0.590492647118439
snp2643	20	41	200	0.445	178	0.0628694995461904	0.00607654420889756	0.135050026076055	0.179899490368972	0.0337774398161698	0.720444345056117	0.97305462609682	0.771421758451006
snp2644	20	42	200	0.48	192	0.152445117746985	-0.27658531666359	0.132853974630242	0.182004322894818	1.51966344680413	1.52118688330467	0.128595582945561	0.314426552659585
snp2645	20	43	200	0.4525	181	0.0100799552535104	0.0356688553771174	0.136965405040569	0.186491423831626	0.191262711411979	0.364287834723818	0.848319773736746	0.935800643162588
snp2646	20	44	200	0.46	184	-0.0732788164145611	0.164221548301207	0.142990159575203	0.197700637710427	0.830657655954269	0.837534689571942	0.406167053728658	0.70417232135947
snp2647	20	45	200	0.4675	187	0.190318105315979	0.0138185994696799	0.132255019927729	0.184432367578804	0.0749250234711406	2.14890327374763	0.940274366661958	0.0993712303848205
snp2648	20	46	200	0.455	182	-0.0218006738997618	-0.043018348331166	0.146898993950781	0.188933595078479	0.227690307344742	0.553750580596358	0.819887008159175	0.857855290546518
snp2649	20	47	200	0.475	190	0.159921260214881	-0.2183867189244	0.144928094766511	0.195666984754555	1.11611429592143	1.19269793416841	0.264373213557145	0.491023062862113
snp2650	20	48	200	0.4725	189	-0.0550586400576465	0.0212031034132605	0.142747395344893	0.189968271612397	0.111613919699824	0.469715122236469	0.911129534665547	0.895550963864917
snp2651	20	49	200	0.455	182	0.102789456579151	-0.403306926311566	0.131836493619685	0.182792941050298	2.20635941406836	2.43017128378386	0.0273588443898395	0.0521899028777867
snp2652	20	50	200	0.4575	183	0.103067492820649	-0.296314589331748	0.137616632369468	0.19036648690514	1.55654807812575	1.65130668743398	0.119577819391498	0.255787850263133
snp2653	20	51	200	0.4625	185	0.047904719886447	-0.0394210172852392	0.135412870338247	0.184825379812067	0.213287900857139	0.358055859758055	0.831102410156843	0.937909328506434
snp2654	20	52	200	0.4675	187	-0.147142768710353	0.148403641210658	0.135850167784197	0.197480690793886	0.751484312790611	1.08312560462052	0.452361238208553	0.556226030485436
snp2655	20	53	200	0.4325	173	-0.0374017191384198	0.0753681159789765	0.137246026775655	0.181186222250026	0.415970458697313	0.421873173386243	0.677431620131925	0.914856106058689
snp2656	20	54	200	0.4525	181	-0.0639819435023333	0.0166890576698335	0.139379376275341	0.197374581601025	0.0845552529330698	0.583179617988381	0.932614974592991	0.843623281115839
snp2657	20	55	200	0.4825	193	-0.0349023102992699	0.367587757803562	0.138686620271841	0.180807898019848	2.03302931912416	2.71596364842203	0.0420495609737636	0.0250162598938661
snp2658	20	56	200	0.45	180	0.0404499770527808	0.0727106623062653	0.142267639363423	0.188583829825778	0.385561489409981	0.933974672586381	0.699821458932247	0.646517931736764
snp2659	20	57	200	0.4325	173	-0.131232725996969	0.0950315404595104	0.144590490532986	0.187075952119206	0.507983732719189	0.94082155213444	0.611464751460514	0.642381704624539
snp2660	20	58	200	0.4675	187	0.0140910756186443	-0.037239677808319	0.134131390287844	0.1816563534781	0.205000690013347	0.218403854591374	0.837571585921904	0.976432044619704
snp2661	20	59	200	0.455	182	-0.0840428368376233	0.0137813226439446	0.14737646482692	0.197673416277318	0.0697176327676283	0.772557171887218	0.944418407011599	0.741987938070036
snp2662	20	60	200	0.465	186	-0.0613727311447025	-0.0478257536288819	0.13473066444575	0.185382506641432	0.257984178201812	0.976733899666036	0.796419117981902	0.620639702038298
snp2663	20	61	200	0.4875	195	-0.0481878074427256	0.0515006388530996	0.143026010490338	0.186152543508978	0.276658260383189	0.338685549719416	0.782042524643788	0.944259788708255
snp2664	20	62	200	0.48	192	-0.0212105614108589	0.097373936044352	0.143536500359684	0.193639420623874	0.502862153432546	0.604513182889179	0.615061191591881	0.833002951050913
snp2665	20	63	200	0.4525	181	0.133296210158509	-0.0606885997951603	0.139882046767408	0.190641456881639	0.318338942577633	1.11680887925433	0.750227847622959	0.53599468372145
snp2666	20	64	200	0.46	184	0.000273946056100442	0.29081794812548	0.140720386309966	0.186022963120215	1.56334434871647	2.44783901430215	0.11797162229856	0.0499887189520182
snp2667	20	65	200	0.4525	181	-0.104802516745725	0.16456437536806	0.12943508064716	0.178306961807376	0.922927370305587	0.944904209333015	0.356045056006884	0.639913682762664
snp2668	20	66	200	0.465	186	-0.156638307142184	0.0946340071762722	0.136771737172653	0.189355938017323	0.4997678349417	1.23846668500186	0.617238561473368	0.464450698634973
snp2669	20	67	200	0.4525	181	-0.054415919838942	-0.0190426456317513	0.136715419143053	0.180430030747107	0.105540333573637	0.710555018234235	0.915947067119448	0.776899549442286
snp2670	20	68	200	0.455	182	-0.255275456744341	0.266198208143704	0.137559304129338	0.184382206946867	1.44373045833221	1.85965780634573	0.148814810212586	0.177432756519837
snp2671	20	69	200	0.465	186	0.10986939245705	-0.183134438598408	0.15064709669404	0.189275422658944	0.967555301294448	0.96758774940674	0.333266509928973	0.626182744475697
snp2672	20	70	200	0.445	178	0.141033164968364	-0.00569271239129082	0.14832094501962	0.197383114179211	0.028840929047873	1.40795374940591	0.976991457785492	0.371143358399024
snp2673	20	71	200	0.4375	175	0.169193843290282	0.219882138783561	0.143177405951869	0.191911539578696	1.14574735456904	3.3002044462681	0.251899703839978	0.00431492777122789
snp2674	20	72	200	0.485	194	0.0657156792070789	0.0249361663174753	0.146254939226527	0.192721966228411	0.129389331198092	0.844188788896324	0.897049589188982	0.700243354093794
snp2675	20	73	200	0.47	188	-0.01342522342093	-0.0190801618925889	0.153255831285903	0.193700235152663	0.0985035556490216	0.281463457691202	0.921532448692878	0.961163413687244
snp2676	20	74	200	0.4625	185	0.055183414444156	0.0345698561151078	0.147028698817047	0.189716659079072	0.182218347523711	0.816050279974108	0.855411374793933	0.716792393070973
snp2677	20	75	200	0.455	182	0.039357087993773	0.107906025597998	0.150912768121244	0.190596601212189	0.566148739860618	1.25431247280951	0.57129267270127	0.455367775045986
snp2678	20	76	200	0.4475	179	0.192194354870617	-0.251026195108615	0.140419738760349	0.200650238346974	1.25106352814059	1.43413289956432	0.210911300649325	0.357589861781913
snp2679	20	77	200	0.4275	171	0.0228140514720993	-0.0129642806887239	0.136560040520814	0.184487035996517	0.0702720417112051	0.179400627965872	0.943977134962897	0.984036496521058
snp2680	20	78	200	0.46	184	0.0848217031938217	-0.113715458097144	0.137979207979596	0.187517084599925	0.606427186833454	0.658891841158032	0.544231119789426	0.804874246598299
snp2681	20	79	200	0.4275	171	-0.0221982790305106	-0.00838541033109567	0.139557121849401	0.188957552552842	0.0443772170935093	0.281027049127598	0.964603721879856	0.961281392045758
snp2682	20	80	200	0.4725	189	-0.0374576930382124	0.264394529709667	0.137812583952027	0.185741594914536	1.42345353409569	1.8142907073454	0.154604722949394	0.19285331877417
snp2683	20	81	200	0.46	184	-0.0332618005200336	-0.00054328004903878	0.133228883413339	0.184300172261757	0.00294780000675839	0.358046043070747	0.997647999292568	0.937912625145557
snp2684	20	82	200	0.4525	181	-0.0683589332367948	0.101928308949576	0.125555415944968	0.188578815125468	0.540507738802791	0.595967723655311	0.588846925486148	0.83728667527389
snp2685	20	83	200	0.4525	181	0.0919464123530545	-0.177133235594106	0.131117338733227	0.178289278632534	0.993515913871577	0.995071430694534	0.32045859909362	0.609519963870794
snp2686	20	84	200	0.445	178	0.198574862526966	0.0580320810437136	0.142839427909262	0.191783091905024	0.302592269564892	2.42882571112819	0.762200606445194	0.0523607943293085
snp2687	20	85	200	0.4525	181	0.0348017513939419	-0.182041539671557	0.135479572483254	0.19155158775382	0.950352548920217	1.10199018965021	0.341933146123595	0.544879184318751
snp2688	20	86	200	0.4325	173	0.131078190590742	-0.309718303267616	0.141481236963099	0.202517699865733	1.52933942797571	1.53840186412368	0.126180320043691	0.306254094391906
snp2689	20	87	200	0.455	182	0.0677317765159557	0.0864489798770988	0.135907081797026	0.190075704190171	0.454813413662834	1.29132184147567	0.649243479294099	0.434414535799918
snp2690	20	88	200	0.475	190	0.0751795306019655	-0.177040837918497	0.133857899399066	0.185391050652851	0.954958922208223	0.967468304068266	0.339598470569802	0.62625511453869
snp2691	20	89	200	0.4675	187	0.0706436336124454	0.108840588999958	0.144397399241707	0.185534206425357	0.586633543738181	1.57323670864243	0.557449849269655	0.290097887251384
snp2692	20	90	200	0.4325	173	-0.0189000488243217	0.0165011301500503	0.132023350852539	0.18631598379261	0.0885652954414141	0.144129227649606	0.929427389889835	0.989667137505694
snp2693	20	91	200	0.46	184	-0.0559035756181375	-0.126027388622169	0.146029249220326	0.197944250623373	0.636681228301804	1.43959951687255	0.524332503328226	0.354792068200038
snp2694	20	92	200	0.4525	181	-0.152246032179757	0.447434170374116	0.16480761118347	0.211054162615671	2.11999689951102	2.34806986538806	0.034006306767225	0.0634999572462101
snp2695	20	93	200	0.425	170	-0.324389464812987	0.471966648743663	0.134032184879489	0.173951211715724	2.71321276861794	2.78196360708275	0.00666343070942355	0.0208654467113328
snp2696	20	94	200	0.4575	183	0.140513825029952	-0.000434697948038076	0.130878455522753	0.178180962778252	0.0024396430531081	1.54634046647377	0.998053448404988	0.302527099885004
snp2697	20	95	200	0.46	184	-0.00573076552455536	0.00937867391072859	0.14377075837547	0.191228588227035	0.0490443086867003	0.0493269366727949	0.960883985178541	0.998784166384579
snp2698	20	96	200	0.4575	183	0.0345576186007551	0.0582690858881986	0.153452731109154	0.196191689122015	0.297000786062655	0.777388649249377	0.76646590900961	0.739214933959917
snp2699	20	97	200	0.4575	183	-0.134803981999599	0.149986932464981	0.142959682868348	0.190957075571758	0.78544841564993	0.948269715288077	0.43219070356472	0.637878325335074
snp2700	20	98	200	0.4925	197	-0.0485393690950081	-0.121855502915279	0.149215409543054	0.197073748062203	0.618324379139617	1.25024843217881	0.536361534678921	0.457691194046446
snp2701	20	99	200	0.4775	191	0.128696380705663	0.0683804006546049	0.135344862744034	0.185278443141844	0.369068303333349	1.76761152698706	0.712076814022509	0.209668984708239
snp2702	20	100	200	0.4725	189	0.129820871828582	-0.0268614819891597	0.147828094981833	0.208229258960921	0.12899955617765	1.11944712544817	0.897358000013799	0.534415884433116
snp2703	20	101	200	0.4725	189	-0.116593648399805	0.341887633450354	0.151531826757118	0.194814431300261	1.75493997630706	1.95923874603191	0.0792695753055418	0.146708415225754
snp2704	20	102	200	0.46	184	0.121303752699603	-0.0548594820696059	0.131601171208996	0.178670863756738	0.307042127161245	1.06861537558008	0.758811307051183	0.564977478064426
snp2705	20	103	200	0.4725	189	0.0730371559046988	-0.183670327627703	0.137812941473279	0.184009149834376	0.998158666528387	1.04713966616281	0.318202425854773	0.577959928697625
snp2706	20	104	200	0.455	182	0.152726257040985	-0.165018140043522	0.135411049744164	0.178857542705172	0.922623321039007	1.13221536601671	0.356203538039323	0.526788669491901
snp2707	20	105	200	0.4675	187	-0.0795320455122565	0.134615321994462	0.141810577544271	0.192908377307364	0.697819990367642	0.7016283041594	0.485289775838209	0.781811873305902
snp2708	20	106	200	0.4825	193	0.00173854331444699	-0.0937876860280597	0.134861745846143	0.193990964825798	0.483464196965461	0.672038072011673	0.628766175385796	0.797863630593107
snp2709	20	107	200	0.465	186	0.116722294132471	-0.0174686583393477	0.132754803870981	0.187036192766358	0.0933972087486256	1.18688188031313	0.925588007922779	0.494432668030647
snp2710	20	108	200	0.455	182	-0.227437133595352	0.00417068963400036	0.144072193195831	0.190401965708766	0.021904656385637	2.36348125143151	0.982524010408711	0.0612358906435116
snp2711	20	109	200	0.4575	183	0.0141844220402919	0.0475590916744412	0.142016018016257	0.195482671656604	0.243290575432621	0.472470679065615	0.807780304814647	0.894389182559423
snp2712	20	110	200	0.4525	181	0.0671719875938618	-0.0260179582509216	0.141386486179538	0.190808737937494	0.136356220014644	0.561531635530093	0.891539681714388	0.854141089330336
snp2713	20	111	200	0.47	188	0.153847608598537	-0.200910863303122	0.127868801240611	0.188550239674956	1.06555612790243	1.2584723854397	0.286624340381957	0.452994011851584
snp2714	20	112	200	0.4725	189	-0.129638549460803	0.158110263037833	0.136240602683576	0.188581202730594	0.838420058566008	0.977586799410617	0.401794827847798	0.620122664098932
snp2715	20	113	200	0.46	184	-0.122177521777412	-0.117595943632339	0.136065880207915	0.190503889017806	0.617288939552033	1.99863214337824	0.537044160882341	0.13570590170355
snp2716	20	114	200	0.4375	175	0.150894702274924	-0.305517708875195	0.130837670159011	0.17726687384071	1.72349013809387	1.72694443010307	0.0847999270569763	0.225109454114325
snp2717	20	115	200	0.47	188	-0.0912852255849511	-0.200904995120658	0.140735422145648	0.191730365191547	1.04785173136214	2.36311229214524	0.294706923980738	0.0612893091945299
snp2718	20	116	200	0.4675	187	-0.231956603065589	0.297997653774626	0.142798990324769	0.194753432939983	1.53012786103986	1.71428948771157	0.125985083145608	0.230064810760206
snp2719	20	117	200	0.4375	175	-0.0652519147890422	-0.0458923061889664	0.144521198412828	0.187117667833781	0.245259075320098	0.972552958181743	0.806255837305712	0.62317392348416
snp2720	20	118	200	0.46	184	0.249829753095655	-0.22185607492498	0.147909979703139	0.191460926011594	1.15875379664436	1.6978199460682	0.246556555577564	0.236620831844542
snp2721	20	119	200	0.4675	187	0.109201804663945	-0.126732126046006	0.140107721847175	0.190722403449444	0.664484736737285	0.789333579209206	0.506380114695825	0.732330217724483
snp2722	20	120	200	0.4775	191	0.184839532852285	-0.153920627890053	0.151376710830892	0.199678360934829	0.770842805246632	1.24770007212377	0.440800111699696	0.459150270868173
snp2723	20	121	200	0.445	178	0.0860651834674107	-0.346721530969163	0.154812035011336	0.200252880000614	1.73141844935314	2.1140596925387	0.0833771583990287	0.107032345928241
snp2724	20	122	200	0.47	188	-0.123647089692162	0.177717386908896	0.128338642213257	0.174562165007767	1.01807506168928	1.06840617209711	0.308642285765069	0.565103785085668
snp2725	20	123	200	0.455	182	0.083189009417944	-0.0690827269681819	0.133281884767197	0.177686118759142	0.388790792722674	0.634662800089632	0.697430912393324	0.817586611602114
snp2726	20	124	200	0.4575	183	-0.00981914010203254	-0.0124022636544904	0.151291093884401	0.198638921718144	0.0624362211958055	0.178420299436419	0.950215450872004	0.984209102833853
snp2727	20	125	200	0.48	192	-0.046740453855579	0.141526147295109	0.138674812212002	0.187901145210367	0.753194703186412	0.812654476102432	0.451332921838239	0.718777340408614
snp2728	20	126	200	0.48	192	0.133737677837589	-0.260499490423865	0.140963528042386	0.186564631374681	1.39629622455448	1.40588791016945	0.162625310255937	0.372223645423656
snp2729	20	127	200	0.4725	189	-0.017006759132546	-0.142780733641748	0.141825327871832	0.192945936797686	0.740003837403745	1.20236970805371	0.45929766587854	0.485368706429612
snp2730	20	128	200	0.4525	181	0.15801643715477	-0.499358680650085	0.128273057195837	0.169763330596097	2.94149907931628	3.28184754254155	0.00326627813612978	0.00458364087291793
snp2731	20	129	200	0.455	182	0.0645297667873977	-0.00182292956735233	0.145460079229061	0.192824393703263	0.00945383274565164	0.647727834807714	0.992457045170539	0.810766101494653
snp2732	20	130	200	0.4675	187	-0.0078075233026697	0.0747014875897888	0.137140793677066	0.185285760276358	0.403169069648793	0.536131494955115	0.686823852024473	0.866131538483018
snp2733	20	131	200	0.4675	187	-0.124625136701079	0.137999284956402	0.140386720576512	0.194761805733428	0.70855414611057	0.89181941742118	0.478601199969517	0.671883083391117
snp2734	20	132	200	0.4625	185	-0.211203162705166	0.155186420064096	0.13210203852665	0.174322430330537	0.890226345340892	1.67427885275172	0.373344361098173	0.246201533054254
snp2735	20	133	200	0.475	190	0.0247314605420545	-0.0767793535789452	0.127733027405012	0.184421769662062	0.416324784864808	0.434125510915783	0.677172358662349	0.910071164652636
snp2736	20	134	200	0.475	190	0.0167484513163117	-0.107875835070544	0.149755858064788	0.198923957653872	0.542296847211578	0.704251177878528	0.587614027195119	0.780371757414841
snp2737	20	135	200	0.4825	193	-0.284632239363768	0.0164581564088047	0.132214191337411	0.173552091666125	0.0948312189775643	3.22832454570344	0.924448889448494	0.0054559982117708
snp2738	20	136	200	0.485	194	-0.0599263953655928	0.125038371676057	0.133006894183458	0.187745528919207	0.665999197934911	0.666428822056975	0.505411613065609	0.800864357714412
snp2739	20	137	200	0.45	180	-0.042101691236425	0.0557664708084877	0.131129076926056	0.180693431941883	0.308624780708267	0.34066417378779	0.757606968213836	0.943625375441181
snp2740	21	1	200	0.4775	191	-0.0735949253093347	0.0102177269874701	0.142595860643392	0.186577653078754	0.0547639377967585	0.736023800552415	0.956326530736206	0.762719061882291
snp2741	21	2	200	0.46	184	-0.303086946181291	0.249041815105547	0.133152212432487	0.180675528241845	1.37839262200573	2.30046990464688	0.168082100095329	0.0709286461489683
snp2742	21	3	200	0.445	178	0.0287500215486238	0.0511786074896761	0.140785609914216	0.192015881754852	0.266533200389207	0.606247370695097	0.789828593625324	0.832128887550552
snp2743	21	4	200	0.4625	185	-0.0247623950336643	-0.0328251610418733	0.144207778370726	0.193055234578676	0.17002989384624	0.474335733779316	0.86498662705214	0.893599854394295
snp2744	21	5	200	0.4725	189	-0.160872279888405	0.138529109992061	0.140396368208574	0.179746720970349	0.770690609788159	1.14994909804169	0.440890339139729	0.516235891422795
snp2745	21	6	200	0.47	188	-0.0794123610489764	-0.144493011070372	0.136675176598947	0.180994959336676	0.798326161125819	1.95460169514942	0.424681240280013	0.148045755629313
snp2746	21	7	200	0.4675	187	0.123352465176125	0.0601245660417837	0.129994824588389	0.180469256031578	0.333156834376617	1.66077006515449	0.739015899773585	0.251810463191088
snp2747	21	8	200	0.475	190	-0.144217443860383	0.108581808532203	0.131032007485746	0.174564589667233	0.6220150875913	1.14201720371671	0.533931947200567	0.520949773038533
snp2748	21	9	200	0.455	182	0.0743602322609127	-0.318548160714664	0.145831127830259	0.19169137302699	1.66177619620792	2.02290534025172	0.0965576567310002	0.12924143847717
snp2749	21	10	200	0.4425	177	0.209866622195853	-0.198414398036158	0.140172189570057	0.196529732493409	1.00958972222085	1.49950625381286	0.312691895753712	0.324892960693811
snp2750	21	11	200	0.4725	189	-0.0546254536305519	0.0246787832395545	0.141257530230668	0.189279681147676	0.130382633201395	0.454981064495024	0.89626370599534	0.901672520166046
snp2751	21	12	200	0.48	192	-0.220038430635462	0.323118146936183	0.148319334421904	0.194996169992194	1.6570486843363	1.69931420430352	0.0975096326779266	0.236021026526541
snp2752	21	13	200	0.4575	183	0.150820710700183	-0.248038421328955	0.142476443519566	0.185792279909155	1.33503082824666	1.33804330293306	0.181866256832869	0.408534080297146
snp2753	21	14	200	0.4825	193	0.0339985747993952	-0.102664007846655	0.14286362067853	0.196811376212084	0.521636552838413	0.564652990278353	0.601923407995323	0.85264116020383
snp2754	21	15	200	0.445	178	0.179176664767728	0.026175358706258	0.14723731954659	0.194469301032276	0.134598924186567	1.98612547081045	0.892928992242218	0.139129907927601
snp2755	21	16	200	0.45	180	0.16566142848973	-0.12747964148841	0.138914079958961	0.186460869221282	0.683680399114328	1.22622510371834	0.494177003296117	0.471510455352166
snp2756	21	17	200	0.45	180	-0.0903117249841345	0.0597561140228027	0.134920095526609	0.187492304511858	0.318712355573097	0.700131473167734	0.749944644502269	0.782632501540913
snp2757	21	18	200	0.47	188	0.0869354935927325	-0.260735672248166	0.148619707884692	0.197329490881629	1.3213213650086	1.46726049107568	0.186394233104718	0.340811181726177
snp2758	21	19	200	0.4675	187	0.0914893222422433	0.00327102975652349	0.145455941468272	0.192745157850663	0.0169707493199795	0.950608690613397	0.986459951072091	0.636463351162245
snp2759	21	20	200	0.44	176	0.0183391243193993	0.2060784423681	0.139096792047733	0.19756090026836	1.04311350114405	1.58202702340477	0.296895728423499	0.286102611399566
snp2760	21	21	200	0.44	176	0.0589132178120069	-0.315312522257676	0.130534797516708	0.179332612830423	1.75825532947449	2.14843049705303	0.0787040746930867	0.099472226907966
snp2761	21	22	200	0.47	188	-0.0938419841712377	0.168161591574661	0.135472671331955	0.186433342181902	0.901993117789989	0.904561741626813	0.367060523661531	0.664237194801435
snp2762	21	23	200	0.465	186	0.205859023608265	-0.194379040425934	0.137746419962246	0.193277830401981	1.00569754959305	1.49619892267007	0.314561082285364	0.326506439350733
snp2763	21	24	200	0.4925	197	0.030649503182579	-0.175956885479102	0.138780627551968	0.192953009455353	0.91191573521333	1.09272360855843	0.361813077602908	0.550448189636364
snp2764	21	25	200	0.4675	187	-0.0337335257758686	-0.147075400121505	0.136789412781976	0.175739208391792	0.836895769973062	1.57994984067165	0.402651158272286	0.287043717362148
snp2765	21	26	200	0.4425	177	-0.0493191061229971	0.123268622548533	0.141830227400982	0.188932435050828	0.652448175536244	0.692701195462883	0.514112094703702	0.786692781705882
snp2766	21	27	200	0.475	190	-0.0324836423089409	0.100574585139576	0.137359617414826	0.200498213986265	0.501623346861665	0.522996216229153	0.615932493432576	0.872177325256463
snp2767	21	28	200	0.48	192	-0.201019491361771	0.279812464450946	0.154299717129468	0.192371043151304	1.45454565233535	1.47615205957162	0.145795086158967	0.336380455524112
snp2768	21	29	200	0.465	186	0.0972943810935902	-0.174441980723767	0.138696461371101	0.185936641424719	0.93817969060388	0.938760794537511	0.348152073665833	0.643626999060829
snp2769	21	30	200	0.4625	185	0.102497050128309	-0.185961850833047	0.129730838418261	0.180355068334885	1.03108746845833	1.03322394293611	0.302499803837241	0.586386671444531
snp2770	21	31	200	0.485	194	-0.0621499661965965	-0.0378681325591163	0.145907713432152	0.200549520760002	0.18882185514885	0.817629092061258	0.850232442028661	0.71586858734622
snp2771	21	32	200	0.4575	183	0.0180183071636593	-0.124868392003057	0.12950721233942	0.183091009758588	0.682001766049026	0.830879240163821	0.495237834147628	0.708092774907924
snp2772	21	33	200	0.4525	181	-0.041592336065752	-0.345799042228782	0.137644855244914	0.17936283286356	1.92793031146998	3.15525675593002	0.0538637948819716	0.00688904646267316
snp2773	21	34	200	0.4525	181	-0.0558883549161458	-0.0225285860851454	0.158041858096651	0.199180239953325	0.11310653150345	0.744773065670699	0.909946096833928	0.757794180666514
snp2774	21	35	200	0.4725	189	0.0786153660223195	-0.268324607726543	0.158213944727626	0.19824857098887	1.35347562097488	1.60690223070429	0.175903733231044	0.274977118695415
snp2775	21	36	200	0.4525	181	-0.0940833692639305	-0.0511349747584934	0.143921687318472	0.201646513998663	0.253587199423801	1.14691187453339	0.79981448682763	0.518039686924645
snp2776	21	37	200	0.4625	185	-0.0835423703763256	0.130656702654	0.137277265920385	0.184247426343624	0.709137192561504	0.718207866368315	0.478239344669677	0.772663787788572
snp2777	21	38	200	0.4575	183	-0.0746572225382855	0.112068368996687	0.133080699826551	0.182852278394227	0.612890197381457	0.63527966384608	0.539948945330552	0.817266433207251
snp2778	21	39	200	0.4125	165	-0.00919138969878406	0.165816899229421	0.138147018352328	0.191523858880529	0.865776724626541	1.17361432827144	0.38661261551137	0.502235926913641
snp2779	21	40	200	0.46	184	-0.132093449679745	0.0938622288510761	0.128511690486544	0.185566173319202	0.505815403595238	1.0636893239742	0.612986244016337	0.567952500880395
snp2780	21	41	200	0.4775	191	0.117177008239143	-0.0212306210724799	0.133010002469208	0.183397546599992	0.115762841248831	1.12183711122724	0.907840500851092	0.532986463439218
snp2781	21	42	200	0.48	192	-0.114902939255478	0.0583652618590723	0.159669032964124	0.203699572570217	0.286526187181631	0.830891223598535	0.774475139365043	0.708085724563154
snp2782	21	43	200	0.44	176	-0.0562970025805606	-0.0745372289401948	0.147914827866099	0.195062256212313	0.382120202993375	1.03642076136234	0.702372207032541	0.584450027841395
snp2783	21	44	200	0.4475	179	0.0401059947759095	-0.118519304400172	0.133999787001544	0.182605919193788	0.649044154337597	0.705479360730895	0.516309836818025	0.77969647923981
snp2784	21	45	200	0.435	174	0.193062148396275	-0.290345306150965	0.147260682973926	0.19796632597757	1.46663986775135	1.5051991883299	0.142474048697158	0.322126066794441
snp2785	21	46	200	0.465	186	-0.0633518233840221	-0.0561717022987372	0.14406316559639	0.192391629783812	0.291965416384573	1.01960140485113	0.770313066183669	0.594643321774107
snp2786	21	47	200	0.4625	185	0.164058867346248	-0.198578347898844	0.132728328833479	0.178738717545416	1.11099794507805	1.27314673302391	0.266569233821428	0.444657346226387
snp2787	21	48	200	0.475	190	0.263943997737877	-0.169231396967788	0.143600160018095	0.190750440256527	0.887187451521478	1.99739137626396	0.374977987230088	0.136042743118671
snp2788	21	49	200	0.4375	175	-0.0471312314562519	-0.112340614875638	0.131015020334471	0.182949861233841	0.614051380624158	1.25473418958385	0.539181374925006	0.455126924832928
snp2789	21	50	200	0.4425	177	0.0746289909203239	-0.620351171236943	0.128995024164323	0.181832338059256	3.41166581180285	4.35345537813266	0.00064567218651653	7.66480138671288e-05
snp2790	21	51	200	0.455	182	0.0429330929077727	0.164760087343567	0.134292579710206	0.198721221052341	0.829101625236951	1.44347090244802	0.407046904181223	0.352817581076782
snp2791	21	52	200	0.49	196	0.0109295137330689	-0.0123774038533177	0.145827482877277	0.193071985511655	0.0641077151639409	0.0759612268977889	0.948884458672659	0.997119103772947
snp2792	21	53	200	0.465	186	0.236604781381361	-0.108003472876136	0.135338378677284	0.183389413976407	0.588929701744019	2.0290933988741	0.5559084321829	0.127631252734204
snp2793	21	54	200	0.48	192	-0.198096545557595	0.20842727375803	0.155657449206719	0.202069036501796	1.03146566820087	1.2755516050882	0.302322499895833	0.443296714542806
snp2794	21	55	200	0.445	178	-0.0252891159963613	0.178318905370776	0.147719181864945	0.197045937824245	0.904961083388723	1.19868356879957	0.365486004582834	0.487521372219453
snp2795	21	56	200	0.4825	193	-0.0175896776265617	-0.0412987498370582	0.124482895000663	0.175654259029104	0.235113854143527	0.497264538327156	0.814120366012448	0.883701440360875
snp2796	21	57	200	0.4725	189	0.0394108798220548	-0.425704522751203	0.132177107035801	0.184620588953068	2.30583449638664	3.05334430788926	0.0211198818819419	0.00945269180204975
snp2797	21	58	200	0.4825	193	0.0390787904440315	0.0455207273267137	0.129238826755962	0.18385294697785	0.247593133941975	0.698140998637699	0.80444922367319	0.783722381172373
snp2798	21	59	200	0.4525	181	0.0633062930719927	0.113483480523493	0.131812414274714	0.186529720335435	0.608393559586199	1.46188175859121	0.542926481971285	0.343506536616052
snp2799	21	60	200	0.475	190	-0.233689996594207	-0.00677652436283377	0.143290505447021	0.184821488108119	0.0366652407801714	2.43348731378682	0.970751923836033	0.0517707348745483
snp2800	21	61	200	0.455	182	0.173762742031604	0.103253743509951	0.140495179728231	0.186853350293837	0.552592411897237	2.42136112593425	0.580542539137837	0.053317277154629
snp2801	21	62	200	0.4675	187	-0.0733085731230077	0.0288788787451238	0.129946961158635	0.184213296312172	0.156768698694718	0.665680721181237	0.875427142601098	0.801263508765071
snp2802	21	63	200	0.4475	179	0.00675962256915847	0.0726404636168935	0.135906714169399	0.195855096163882	0.370888810348399	0.563130250742514	0.710720349764759	0.853373603532344
snp2803	21	64	200	0.4525	181	0.0557278986832982	0.0507919716341627	0.130535792096644	0.188516081811264	0.2694304440563	0.875136877706628	0.787598461083286	0.681859075018352
snp2804	21	65	200	0.47	188	-0.0390228935319607	-0.0302542784200494	0.147033964508927	0.189467499976175	0.159680570144503	0.618990627921177	0.87313270727077	0.825657947205183
snp2805	21	66	200	0.4425	177	0.0735924884134353	0.082146060449069	0.13383047793937	0.186908344395515	0.439499160482854	1.32463123656726	0.660299890196972	0.415894375318439
snp2806	21	67	200	0.445	178	-0.169965093899077	0.258849062806595	0.147922219920545	0.192450331128807	1.34501749770099	1.36140424989521	0.178619584013051	0.395853626615517
snp2807	21	68	200	0.45	180	-0.0539311366085283	0.0970706144979808	0.141132834350862	0.184936812391131	0.524885301324875	0.526052720820981	0.599662928017769	0.870780160859406
snp2808	21	69	200	0.475	190	-0.0485711038233211	-0.0431017538596616	0.131309949998281	0.19201336459096	0.224472676427914	0.754856139322589	0.822389525511521	0.752086529718776
snp2809	21	70	200	0.455	182	0.00948931396783127	-0.083217179881525	0.145890545999721	0.196072305613083	0.42442087688682	0.577593796013924	0.671258898007537	0.846362692594658
snp2810	21	71	200	0.4825	193	0.17404219777463	-0.211397116424545	0.134554887531948	0.193444936932417	1.09280252963353	1.32052234883321	0.274480510734342	0.418160630457583
snp2811	21	72	200	0.435	174	0.0921050532496204	-0.119857090800813	0.137247474447134	0.18786095595166	0.638009586364793	0.707992555212186	0.523467439807144	0.778312838863972
snp2812	21	73	200	0.4775	191	0.162384555924402	-0.115395120782525	0.143019373510302	0.18150200158135	0.635778778069311	1.18036541572354	0.52492062147836	0.498260992797328
snp2813	21	74	200	0.4725	189	0.0580382715162254	0.0162650780425946	0.139080683978713	0.186905145955939	0.0870231686741729	0.685308793011044	0.930653096027494	0.79070994629061
snp2814	21	75	200	0.4725	189	0.165433386097651	-0.158086480494228	0.150886868576873	0.196661506161662	0.803850654760445	1.0968145547032	0.421483231159142	0.547988441886585
snp2815	21	76	200	0.46	184	-0.197148299289878	0.199554431164893	0.136336746168794	0.190760105332562	1.04610149389989	1.44721855627532	0.295514175584519	0.35091165764577
snp2816	21	77	200	0.4725	189	0.0831174595514016	-0.169762836270441	0.140358115656202	0.184081578090003	0.922215237569502	0.928121082587357	0.356416316539318	0.650051055683615
snp2817	21	78	200	0.43	172	0.188829526596631	-0.248446457099162	0.137808114388984	0.189138419230013	1.31356949111975	1.4414177932674	0.188991121267091	0.353863997551879
snp2818	21	79	200	0.455	182	-0.0379257998832725	-0.167464932755796	0.130161408427026	0.185422781040804	0.903151877109121	1.52361081695345	0.366445294241062	0.313268395970088
snp2819	21	80	200	0.44	176	0.0395450663473879	0.237937691672624	0.129814910773573	0.18032836205593	1.31946904502369	2.15983081262983	0.187012352220725	0.0970591619305502
snp2820	21	81	200	0.4625	185	-0.111189863443226	0.0269430226222123	0.136346354729999	0.186336712229121	0.14459320602954	1.02162989271338	0.885032061663711	0.593413501358113
snp2821	21	82	200	0.47	188	0.0795585955326103	0.0186036640243594	0.139996257702294	0.183426186377907	0.101423163135665	0.993183387324604	0.919214549757636	0.610665080149023
snp2822	21	83	200	0.45	180	0.0105054791059181	-0.187015202031287	0.134292409890803	0.18016701242379	1.03801023014906	1.41879864620316	0.299265292358998	0.365497880310219
snp2823	21	84	200	0.47	188	0.0876754520713189	-0.0111729891153996	0.146038918591319	0.196667654460356	0.0568115237152628	0.839481950419192	0.954695334168278	0.703023490878529
snp2824	21	85	200	0.48	192	-0.00819260701105327	-0.238468156532468	0.141502261432255	0.202249853331286	1.17907703073513	1.73019447157173	0.238367503924102	0.223848352373019
snp2825	21	86	200	0.465	186	0.0286724046729701	0.0847328846142935	0.135848439296672	0.185438991477077	0.456931327868917	0.926488254503777	0.647720405646912	0.651036062432163
snp2826	21	87	200	0.4775	191	-0.0218253383223779	0.229649279700174	0.127323057054293	0.182602436710594	1.25764630438171	1.56320058358141	0.208519699371836	0.294699810503204
snp2827	21	88	200	0.4525	181	0.122316761382733	-0.311259462132464	0.137763824485704	0.18962364345617	1.64145913694781	1.69523547470535	0.100702142815785	0.237660603840287
snp2828	21	89	200	0.455	182	-0.0527339818111259	-0.244648476088008	0.142449784282876	0.192439265972329	1.27130227218382	2.28911722784841	0.203621134319996	0.0728007631200483
snp2829	21	90	200	0.4525	181	-0.056112685481966	0.0765985642404234	0.138997253411172	0.190188042792604	0.402751735154836	0.43761164554928	0.687130870566228	0.908689364747082
snp2830	21	91	200	0.48	192	0.0722547026267076	-0.173797514165893	0.134150861831022	0.189058796120052	0.919277588415044	0.929857655571673	0.35795039717664	0.649003201177954
snp2831	21	92	200	0.455	182	0.101393794887383	0.202575615661163	0.139764396519893	0.198277839464966	1.02167552464659	2.28888747155883	0.306934498904507	0.0728390600345092
snp2832	21	93	200	0.4675	187	0.121022869623831	-0.468879922574693	0.132891875211827	0.188345598712847	2.48946577875468	2.72349027501433	0.0127935234274607	0.0245093735910643
snp2833	21	94	200	0.475	190	-0.0845399883258532	0.121640919625507	0.144666186328999	0.207376078819006	0.58657160612856	0.633879828818502	0.557491456956859	0.81799273920893
snp2834	21	95	200	0.4525	181	0.0912139041851985	0.100039749463033	0.146399597093851	0.202615681266168	0.493741396706679	1.51811224712083	0.621488825459748	0.3158991071873
snp2835	21	96	200	0.48	192	-0.134003707072546	-0.0578195097194822	0.131820605496261	0.183152334533791	0.315690814789013	1.82628194380538	0.752237199183504	0.188689425071455
snp2836	21	97	200	0.4675	187	0.0861268692555683	-0.149768312038966	0.14609929282287	0.184985697747461	0.809621034829548	0.810673289158585	0.418158014776472	0.719934105803488
snp2837	21	98	200	0.485	194	-0.154398197397423	0.0698737054030844	0.141821568577553	0.191707740818068	0.364480354861596	1.27094973101826	0.7154993409713	0.445901764858308
snp2838	21	99	200	0.425	170	-0.0961110233500163	-0.0936956305009035	0.135484667132955	0.188182531742267	0.497897597792063	1.62259065787933	0.618556220555024	0.26809866277994
snp2839	21	100	200	0.4525	181	-0.0339509010800406	0.0186614737759205	0.150057974124669	0.201830938238124	0.0924609177305777	0.25295503175861	0.926331841297184	0.9685132415088
snp2840	21	101	200	0.4425	177	0.187234479425094	-0.0667281975680313	0.155278947033373	0.204381700299616	0.326488122323135	1.50749696302959	0.744055074420706	0.321013035779491
snp2841	21	102	200	0.44	176	0.113087661202921	-0.0892265919115293	0.155278587267252	0.203532559000661	0.438389770902646	0.755360512648293	0.661103760305262	0.751800147215922
snp2842	21	103	200	0.465	186	-0.0739777708391946	-0.0782963727522701	0.141697406701894	0.188024544385311	0.41641570257881	1.31026603604082	0.677105840075317	0.423840301289874
snp2843	21	104	200	0.47	188	0.102817850805072	0.0705408171684031	0.158958103841497	0.200862433908955	0.351189696329067	1.44330454806782	0.725446039594368	0.352902307643333
snp2844	21	105	200	0.4725	189	-0.0542637010862723	0.110337768075304	0.129327670324567	0.181245763227215	0.60877433000727	0.609026477898234	0.542674030747037	0.830724867166151
snp2845	21	106	200	0.4525	181	0.177460545152096	-0.199056349742956	0.146679341523543	0.192927516239598	1.03176754473813	1.22524719728061	0.302181026688313	0.472075972707998
snp2846	21	107	200	0.46	184	-0.017039422605892	0.0499153905322048	0.144199664914412	0.189784541871551	0.263010833442843	0.283482171381405	0.792542229122496	0.960615484041818
snp2847	21	108	200	0.4575	183	-0.132092427552549	0.249242108848932	0.138557591753447	0.185956453668763	1.34032513489904	1.34205731055469	0.180139663311224	0.406342486404517
snp2848	21	109	200	0.47	188	0.0515420283544453	-0.156516623488501	0.13372386639964	0.183964220818346	0.850799262988493	0.904408559844987	0.394880871142078	0.664329231670289
snp2849	21	110	200	0.4575	183	0.0291286927811718	-0.200885161268071	0.147545907730807	0.191564834425339	1.0486536418372	1.36909679672846	0.294337557701991	0.391718026019576
snp2850	21	111	200	0.45	180	0.0674149303891712	-0.0240703619163731	0.138800163841697	0.18767505236447	0.128255522580741	0.58290219076162	0.897946762170639	0.84375974941718
snp2851	21	112	200	0.4375	175	-0.105907948136676	0.331909398370396	0.135094731925157	0.188541797867518	1.76040221385615	1.86536525623498	0.0783396342547367	0.175556601994964
snp2852	21	113	200	0.455	182	-0.0838598899132721	0.199031697016892	0.131550510139743	0.178985193444365	1.11200090458185	1.14174344035685	0.266137761405015	0.521112649995705
snp2853	21	114	200	0.4725	189	0.0809861134764009	-0.202076672916172	0.131644381346916	0.190060759275161	1.06322143343443	1.0743715020424	0.287681544684063	0.561503617533358
snp2854	21	115	200	0.4675	187	0.0762296551126534	-0.241887072966278	0.123057430005844	0.173451619984588	1.39455067060066	1.4695211720754	0.163151379425358	0.339681713159428
snp2855	21	116	200	0.485	194	-0.0898106853324533	-0.0267138056425234	0.131809709344887	0.181908701898395	0.146852818824711	1.15457399085594	0.883248193182779	0.513492143218962
snp2856	21	117	200	0.45	180	0.131053270143223	-0.192629674330616	0.130106682011787	0.180057161324839	1.06982512060764	1.12198165519057	0.28469803276616	0.532900038575202
snp2857	21	118	200	0.46	184	0.0387769165000207	-0.0946540798586038	0.157916847767688	0.198716767198446	0.476326588808073	0.520669351360403	0.633841725661206	0.873236996157466
snp2858	21	119	200	0.4775	191	-0.0723479912466307	0.357167420265686	0.14019061981712	0.18113245153869	1.97185770540623	2.41826925433761	0.0486258526767269	0.0537176801029985
snp2859	21	120	200	0.4825	193	-0.0165166555423376	-0.155157002822273	0.134427566243292	0.185163003427953	0.837948185921735	1.30040268822203	0.402059804432092	0.429332511254557
snp2860	21	121	200	0.4675	187	-0.123042619547151	0.199504752537795	0.13481765150416	0.201892414467221	0.988173592674463	1.04019047195598	0.323067638741887	0.582166896290334
snp2861	21	122	200	0.45	180	0.143464819032774	-0.0415440971731911	0.134821967068578	0.17673343014883	0.235066433884105	1.36227718778815	0.814157170674035	0.395383314496431
snp2862	21	123	200	0.465	186	0.166592891763014	-0.280571608121498	0.135188433586864	0.181331065257982	1.54728925086458	1.55561575037697	0.12179351257136	0.298206171384739
snp2863	21	124	200	0.4625	185	-0.134595024423141	0.0609096760666694	0.141610498323464	0.194038167523256	0.313905644668436	1.1104011891217	0.753592703102787	0.539833024892854
snp2864	21	125	200	0.46	184	-0.147682303794067	0.318045852170973	0.139571636430033	0.196415279038674	1.61925209549685	1.62618102514075	0.10539303323495	0.266539624063357
snp2865	21	126	200	0.45	180	0.0285942830583445	0.00419147828404192	0.134022761028459	0.183452869156638	0.022847711803641	0.327850842648226	0.981771749428283	0.94767554491079
snp2866	21	127	200	0.4725	189	0.0845931572770117	-0.418094208913993	0.150626964418412	0.199699999091841	2.09361147128355	2.51918647806766	0.0362946048539763	0.0418714840377572
snp2867	21	128	200	0.47	188	0.209611899592863	-0.208462642667658	0.149049441070211	0.194793608408747	1.07017188279725	1.40634416947292	0.284541947963914	0.371984920617432
snp2868	21	129	200	0.46	184	-0.0141855481733089	0.0272522970804462	0.143598952844282	0.196949864412891	0.138371748372031	0.138676692624013	0.889946623741818	0.9904304696426
snp2869	21	130	200	0.4325	173	-0.0106782980741867	0.0287180190048691	0.146004296320028	0.196942880509962	0.145819025955683	0.151508563927736	0.884064255905101	0.988588191873808
snp2870	21	131	200	0.4675	187	0.240591419376617	-0.256731355351167	0.164819217209246	0.201934608815347	1.27135886640376	1.47067340801686	0.203601009079003	0.339106813715498
snp2871	21	132	200	0.4625	185	0.000943924282333176	-0.00124746209303128	0.153936474717398	0.200794979438138	0.00621261595544827	0.00657076211750879	0.995043081533668	0.999978412775605
snp2872	21	133	200	0.445	178	-0.142779235514977	0.00140394876855027	0.138597903230485	0.182407612814116	0.0076967663075607	1.46748039347768	0.993858929628201	0.34070122709953
snp2873	21	134	200	0.455	182	0.127544319164173	-0.32109139069051	0.136384163803035	0.18145525920469	1.76953477181008	1.84427853781915	0.0768046733171858	0.182559037973077
snp2874	21	135	200	0.48	192	-0.0160352529467756	0.0537364977740203	0.146423091361191	0.195402785622533	0.275003744715417	0.315574332458736	0.783313361326855	0.951425797875259
snp2875	21	136	200	0.445	178	0.0236112883627188	-0.0680684066793412	0.1229614201942	0.173724201663073	0.391818791093686	0.406078960540606	0.695192109711703	0.920857423318223
snp2876	21	137	200	0.45	180	-0.0495429532328528	0.152350499751332	0.137083003910255	0.18885014689612	0.806726932731141	0.853030883975541	0.419823823689663	0.695008749347034
snp2877	22	1	200	0.4675	187	0.0571185689951613	0.230076123229852	0.135163929299518	0.184171450183306	1.24924966926664	2.32042004094418	0.211573770330972	0.0677334870027109
snp2878	22	2	200	0.4575	183	0.252678003099997	-0.372893586431322	0.142759650247873	0.198161937892413	1.88176190845376	1.97853822610332	0.0598683498515383	0.141238298328967
snp2879	22	3	200	0.4725	189	-0.0999961711122377	-0.0941698285707155	0.135871310828092	0.18854849724413	0.49944618995709	1.64330887639009	0.617465086054662	0.259180115688553
snp2880	22	4	200	0.4375	175	0.0225416169589317	0.0386315082395018	0.133017437867189	0.180352872114094	0.214199573240303	0.511221777209563	0.830391428864082	0.87750392321954
snp2881	22	5	200	0.43	172	-0.0122225970998923	-0.322927411036457	0.144380550324085	0.197951097006582	1.63134943892592	2.39343261747999	0.10281660704096	0.0570253229678822
snp2882	22	6	200	0.4725	189	0.0584112268433929	-0.237200499286619	0.142955384501524	0.195459295939093	1.21355445463454	1.40746705539439	0.224917908145462	0.371397724830347
snp2883	22	7	200	0.455	182	-0.086749906541878	0.237437637202115	0.148821216084256	0.195772550172658	1.21282394795752	1.31571934300186	0.225197137362307	0.42081637902627
snp2884	22	8	200	0.47	188	-0.108498062428999	0.0506581453826929	0.137404310987811	0.187412882586327	0.270302364936725	0.901674389508828	0.786927646099974	0.665971533166793
snp2885	22	9	200	0.45	180	0.0881538354270771	-0.27178073433895	0.140946850678967	0.18300879636737	1.48506924111659	1.65748102662647	0.137525483095693	0.253188330761672
snp2886	22	10	200	0.4425	177	0.0431656538967226	0.0845023481844684	0.131847354372677	0.176988988166533	0.477444100109541	1.0955749391215	0.633045917438251	0.548733587669189
snp2887	22	11	200	0.485	194	0.113897034989743	-0.0525081983553797	0.133128125398462	0.180822427667306	0.2903854296879	0.965287012678467	0.771521389144963	0.62757662214739
snp2888	22	12	200	0.46	184	-0.00461656908644378	0.197630296018403	0.151421213647817	0.19419419755576	1.01769413559155	1.57162760411465	0.308823335089823	0.290832824540084
snp2889	22	13	200	0.445	178	-0.0516884962323896	0.0855534996648727	0.137232304553996	0.185124816315872	0.462139551938276	0.466076955243332	0.643981248315495	0.89707674416134
snp2890	22	14	200	0.44	176	-0.226410503988509	0.275692591025485	0.133477657311012	0.179937157778825	1.53216041883	1.74014245707646	0.125482853255041	0.220017567078672
snp2891	22	15	200	0.4325	173	-0.0887861460043206	-0.0949266932720537	0.129316988415783	0.180048586495012	0.527228206119151	1.51997489655886	0.598035123553454	0.315006551145785
snp2892	22	16	200	0.465	186	-0.0576212789288843	-0.00143195095615163	0.121581918393292	0.175624507774	0.00815348025341837	0.631050330258506	0.993494536068783	0.819457896104691
snp2893	22	17	200	0.475	190	-0.156877459304115	0.202454272842272	0.147793312143376	0.191057449758564	1.059651288647	1.12863160768082	0.289303271134647	0.528927105752285
snp2894	22	18	200	0.455	182	-0.106520285239445	0.0805634584863907	0.15002475787565	0.188391725374999	0.427637988483978	0.73619069645804	0.668914703866161	0.762625365094935
snp2895	22	19	200	0.4475	179	0.106223168467135	-0.230031427330662	0.147437268703754	0.195896739868819	1.17424836924137	1.20008323982954	0.240295557090944	0.486703636092266
snp2896	22	20	200	0.475	190	-0.0615647347018092	0.454083006360479	0.141229512295067	0.197072029450151	2.30414741060623	2.85955982397197	0.0212143701274074	0.0167636706825351
snp2897	22	21	200	0.4575	183	-0.334697002358216	0.0931100211159902	0.131599864851451	0.182550009168738	0.510052130591376	3.23488363105647	0.610014940434977	0.0053415679087361
snp2898	22	22	200	0.4675	187	-0.0624764918605254	0.0668386497488523	0.15427556636928	0.196639157695006	0.339905085702825	0.407787656988775	0.733928006601321	0.920217350225904
snp2899	22	23	200	0.4725	189	0.199623044793714	-0.239917609760011	0.144215712226208	0.188549759768165	1.27243657088191	1.42167257002999	0.203218047239375	0.364009086702769
snp2900	22	24	200	0.4475	179	0.0469626892179326	0.276887086205111	0.141795044608115	0.189651171128232	1.45998089312032	2.67745098451851	0.144295325207595	0.0277540948573325
snp2901	22	25	200	0.4675	187	0.024778594330322	-0.181484374554102	0.142780342177431	0.182959910337316	0.991935196183176	1.33330908818282	0.321229138569918	0.411125580573645
snp2902	22	26	200	0.4475	179	0.10949244861605	-0.128599503573091	0.137493361232512	0.194231715938688	0.66209322690474	0.807056613164831	0.507911476293509	0.722043286398051
snp2903	22	27	200	0.4625	185	0.113797369169022	-0.270100521886558	0.138595378855616	0.190248162932321	1.4197273588531	1.4535430167687	0.155687069961565	0.347707506635371
snp2904	22	28	200	0.465	186	-0.110973371804963	0.323279834769553	0.133817827439359	0.186741737515019	1.731160045266	1.82826502201719	0.0834232233331689	0.188006922435292
snp2905	22	29	200	0.4325	173	0.101627886074973	-0.249105490771208	0.146148770067884	0.192939853602832	1.29110438366971	1.3504003054606	0.19666748421425	0.401804152265755
snp2906	22	30	200	0.445	178	0.110490236103404	-0.0598383283652462	0.12639132369228	0.169599624017689	0.352821114503208	0.972651834961197	0.724222553388504	0.623113997105034
snp2907	22	31	200	0.4575	183	-0.098435713155726	0.309118726443174	0.137801983160139	0.191416122132584	1.61490434034111	1.73162042420061	0.106331412191824	0.223296532933044
snp2908	22	32	200	0.455	182	0.147392549108499	-0.169479473780076	0.135634197391454	0.17933225385641	0.945058516443875	1.11617008730741	0.344629002391171	0.536377093889006
snp2909	22	33	200	0.4675	187	-0.0165042468563108	-0.137972767489833	0.131870203459353	0.183092921349193	0.753566912762799	1.19832446174315	0.4511093183376	0.487731242311661
snp2910	22	34	200	0.48	192	0.0233164026316488	-0.0331041330021459	0.139298103292365	0.192211881767802	0.172227297801167	0.182513529336639	0.863258837982059	0.983482343341261
snp2911	22	35	200	0.4875	195	-0.0108828264583491	0.206147554982869	0.135045056869159	0.198780569739174	1.03706089208498	1.38144333064444	0.299707479680684	0.385122875723488
snp2912	22	36	200	0.465	186	-0.0759763135465714	0.250377405668807	0.137534106327662	0.184242928214081	1.3589525964214	1.54179467087806	0.174161610439351	0.304658012008461
snp2913	22	37	200	0.4625	185	-0.000464862547473271	-0.128286191574306	0.155640442732519	0.208801529751053	0.614392967940689	0.938200471819404	0.538955681503512	0.643965540621525
snp2914	22	38	200	0.4625	185	-0.0495725752906253	-0.11673440389251	0.131955315829306	0.184375045485453	0.633135593730446	1.34221797154927	0.526645100334272	0.406254876558097
snp2915	22	39	200	0.4775	191	0.229731287500126	-0.22031745163891	0.136324071740092	0.182765977850217	1.20546205716399	1.68524300603937	0.228024977141974	0.24170870052766
snp2916	22	40	200	0.48	192	-0.118798507686513	0.356458043088079	0.143107466527683	0.18369493132106	1.94048926948924	2.18710427608407	0.0523202570077145	0.0914728970911502
snp2917	22	41	200	0.49	196	0.0268889954271924	0.161432844908341	0.140411636097288	0.181256082826658	0.890634081851615	1.55164357347949	0.373125508853117	0.300052178966964
snp2918	22	42	200	0.4275	171	0.0324012915216158	-0.35128612550355	0.140526919336026	0.184073893577674	1.90839732172731	2.52649234355353	0.0563398827570024	0.0411067975346749
snp2919	22	43	200	0.48	192	0.198017529546196	-0.266857490467888	0.127405739886818	0.17150197882897	1.55600239886451	1.66575138598033	0.119707521938081	0.249732773215213
snp2920	22	44	200	0.4475	179	0.102698114198506	0.193588102232662	0.134957759525415	0.176396544821534	1.09745971741409	2.65663578244652	0.272440480713136	0.0293384352215725
snp2921	22	45	200	0.445	178	0.0607755805034242	-0.361997526961452	0.132030817224406	0.181332875753044	1.99631492887398	2.41314741195719	0.0458996540709452	0.054386451148128
snp2922	22	46	200	0.4625	185	0.0207343359651825	-0.117523834221936	0.143373802464632	0.197603099618948	0.594746916665608	0.697361505808255	0.552012655554678	0.784148757523249
snp2923	22	47	200	0.455	182	-0.0298538754195623	0.047175279637162	0.133603914385587	0.183459722645488	0.257142434082505	0.263607481298295	0.797068820935001	0.965852206227629
snp2924	22	48	200	0.4075	163	0.00851120598363432	0.185595220434371	0.142180247968694	0.189646585466385	0.978637289872367	1.52247526504699	0.327759227385396	0.313810660702395
snp2925	22	49	200	0.465	186	0.0258317285208455	-0.257216962861666	0.130097150775686	0.176816512055379	1.45471121374177	1.88561982790417	0.14574922681963	0.169012759367557
snp2926	22	50	200	0.455	182	-0.0970108894553626	0.134531453563117	0.13351567022087	0.182451297017078	0.737355424502816	0.797083737570404	0.460906235372955	0.727842032722281
snp2927	22	51	200	0.485	194	0.0420427292369408	0.0782208416256118	0.128327205101427	0.182055857180531	0.42965298033804	1.00834457696522	0.667448091561812	0.601469535169341
snp2928	22	52	200	0.4775	191	0.185590731407572	-0.119236213229865	0.148351244021608	0.192606549637988	0.619066243873715	1.34308138066617	0.535872719912737	0.405784196038948
snp2929	22	53	200	0.4475	179	-0.0562731270973281	-0.088495398465705	0.132206892949468	0.184140879037854	0.480585293869012	1.17618157565715	0.630811269493698	0.500723338265315
snp2930	22	54	200	0.4375	175	0.149399976707551	-0.41247454154221	0.130274576636412	0.181202472828369	2.27631850219228	2.34309326756097	0.0228269535087328	0.0642455363838672
snp2931	22	55	200	0.46	184	-0.113628114356114	0.0674790840016032	0.147215419967213	0.194367280801838	0.347173061861167	0.843571256804542	0.728461307230033	0.70060836210699
snp2932	22	56	200	0.43	172	-0.0238465950306571	0.100554991361612	0.136681971251744	0.18911039144386	0.531726419652951	0.625053062509861	0.594915490906076	0.822550281674259
snp2933	22	57	200	0.48	192	-0.0318494682481767	-0.139256840508116	0.144365925378333	0.188261146612363	0.739700373730596	1.37264032414348	0.459481821282303	0.389819787598554
snp2934	22	58	200	0.45	180	0.109736133644817	-0.228540355239938	0.137827461986603	0.183463759430658	1.24569754783815	1.26508261373344	0.212875454249543	0.449231465914599
snp2935	22	59	200	0.4425	177	-0.00417698632902105	0.192051436239052	0.147320669792289	0.186128222093519	1.03182329943794	1.6106552148108	0.302154902295744	0.273321885523914
snp2936	22	60	200	0.455	182	0.0751988840059722	-0.150460194273707	0.142439935369147	0.186204855713104	0.808035825368212	0.815442055931618	0.419069958905643	0.717148122468562
snp2937	22	61	200	0.4675	187	-0.112109383927537	-0.15262784088261	0.147758161209258	0.191128597593277	0.79856098357088	2.23840384922737	0.424545018777874	0.0816571498685341
snp2938	22	62	200	0.4575	183	-0.135345486759652	0.280881685455039	0.130652945684557	0.18315386801625	1.5335831478597	1.53724606288982	0.125132236778307	0.30679892023584
snp2939	22	63	200	0.485	194	0.00283517104737448	0.162567242185945	0.135243108172009	0.186791914133735	0.870311988288496	1.25534627066601	0.384129929222543	0.454777436780263
snp2940	22	64	200	0.4375	175	0.0505881105118576	0.0104537382598563	0.15140644111821	0.200943598469704	0.052023246022602	0.568122734790555	0.95851017084357	0.850967177150958
snp2941	22	65	200	0.44	176	0.0900397133669969	-0.0332645980870235	0.142606296364639	0.196641622099026	0.169163566349508	0.760557939834753	0.865667986574874	0.748844303235823
snp2942	22	66	200	0.4525	181	-0.0285057168176153	0.00805292013435624	0.133821051380219	0.183679601490614	0.0438422125756176	0.270724194462279	0.965030178646278	0.964017534970477
snp2943	22	67	200	0.455	182	0.0727337178298331	-0.300917905340148	0.144156428211256	0.194320816199308	1.54856237857455	1.82399796490805	0.121486955637405	0.189477633965171
snp2944	22	68	200	0.45	180	-0.124765030621054	0.310834057002571	0.148686511964827	0.195423105625171	1.59056963099728	1.67157143419278	0.111706463555769	0.247319184955098
snp2945	22	69	200	0.4475	179	0.0689959489795274	-0.0587339064534578	0.141558769513404	0.186546420275402	0.314848745779993	0.489895340889452	0.752876498700919	0.886921569747567
snp2946	22	70	200	0.45	180	-0.2116823510017	0.275116466415387	0.138874447484419	0.178886409039073	1.53793945494928	1.63421841386009	0.124063419131191	0.263070055356004
snp2947	22	71	200	0.4925	197	0.0609082262534935	0.0722451872885848	0.134433024138252	0.184229412434921	0.392147954736084	1.13670739228775	0.694948896570879	0.524110967081879
snp2948	22	72	200	0.4325	173	-0.142027712352188	0.288472744403911	0.136285587686606	0.181613216930068	1.58839069799084	1.59887563317303	0.112198019591169	0.278537760040455
snp2949	22	73	200	0.4425	177	0.0713992176636179	-0.207083430066908	0.141727388197413	0.190198956151072	1.08877269495856	1.18772421414957	0.276254135459284	0.493938430370851
snp2950	22	74	200	0.4375	175	-0.0199492102478931	0.117792405967895	0.145477967465804	0.199789310112231	0.58958312585256	0.703764918909701	0.555470167305424	0.78063894798731
snp2951	22	75	200	0.44	176	-0.0575010528668099	0.108177371009914	0.136419745203136	0.188529177119334	0.57379644181781	0.574524511043495	0.566105556850854	0.847860461460262
snp2952	22	76	200	0.4575	183	0.184852806863227	-0.147389431518265	0.140663551879765	0.193080570441701	0.763357137287759	1.34901841512054	0.44525043505229	0.402554276741689
snp2953	22	77	200	0.4575	183	0.213277158843752	-0.245402791754444	0.135936235286529	0.190644541733078	1.28722694876853	1.59117744348764	0.19801519687705	0.281978957863906
snp2954	22	78	200	0.46	184	0.119489276013608	-0.191200883385523	0.1469055675008	0.199878705702949	0.956584558185394	0.96833837429559	0.338776985948599	0.625727939637411
snp2955	22	79	200	0.465	186	0.0569051382208893	-0.209294644321091	0.15111377053571	0.197867585323884	1.05775104082107	1.27792288064537	0.290168958798996	0.441956665114429
snp2956	22	80	200	0.4625	185	-0.166062601787018	-0.150181494405532	0.129567153255718	0.180892695244326	0.830224206691635	2.9357915505752	0.406412031462191	0.0134411280621404
snp2957	22	81	200	0.4375	175	-0.00303745962948076	-0.104897755959226	0.147042066229881	0.190162879646702	0.551620569451369	0.871062004068618	0.58120834060588	0.684289293223273
snp2958	22	82	200	0.4875	195	-0.000332522379132936	-0.0479134078830942	0.148403253528766	0.192147414144547	0.249357547154136	0.392242501266174	0.803084220565093	0.925957362789542
snp2959	22	83	200	0.4575	183	-0.0140959088623514	0.137874706276943	0.128381426362256	0.176163793075763	0.782650645003124	1.01140852332987	0.433832292426802	0.599611339875268
snp2960	22	84	200	0.465	186	-0.0495479211951325	0.168215990714541	0.130573999687892	0.187585772905712	0.896741731043181	0.948075590234359	0.369856747085619	0.637995746620171
snp2961	22	85	200	0.46	184	0.0410960279492726	-0.120175023020703	0.129539235976487	0.183164155488503	0.656105572076554	0.686639603931703	0.51175619950681	0.78998843501974
snp2962	22	86	200	0.4625	185	0.068780082392616	0.0717889824455412	0.132669641297811	0.184807263567744	0.388453251564033	1.25286429086044	0.697680642949084	0.45619521151053
snp2963	22	87	200	0.47	188	0.000111927398214292	0.282000922433609	0.154241427297953	0.206387236825353	1.36636803114061	2.02044780140478	0.171823477676963	0.129885152785577
snp2964	22	88	200	0.475	190	-0.0252885107780376	0.0977110254524155	0.136097097438507	0.187127729828603	0.522162191257878	0.59109365047047	0.601557408218877	0.839712378931319
snp2965	22	89	200	0.47	188	-0.00749420547453862	0.136619746463841	0.142454660952193	0.187402651685704	0.729017146955678	1.03663671951897	0.465991173739686	0.584319215193362
snp2966	22	90	200	0.47	188	-0.00444902833057684	-0.0109627756785106	0.132576273403983	0.178388516386347	0.0614544921421277	0.12999335641039	0.950997255873912	0.991586457281451
snp2967	22	91	200	0.4675	187	0.03406752992854	-0.115048543807089	0.140277047483341	0.18607793152148	0.618281506390288	0.706835447909735	0.536389790395477	0.778950190696971
snp2968	22	92	200	0.4425	177	0.206364203628608	-0.452143600057907	0.152643705505998	0.204599808278804	2.20989258915521	2.25731672504757	0.0271126176920001	0.0782583771869534
snp2969	22	93	200	0.4325	173	0.0951361744324512	0.156387390641205	0.135547700189744	0.182829555519391	0.855372591137863	2.15948266022787	0.392344912290476	0.0971321671552735
snp2970	22	94	200	0.47	188	0.0383519272957465	0.0389390452709168	0.136230422587144	0.190151256304043	0.204779321618864	0.645326042812231	0.837744543602758	0.812026055918385
snp2971	22	95	200	0.4775	191	0.0491367021756761	0.0854808761118693	0.136403959900401	0.19051574034546	0.448681436803426	1.08816818102635	0.653661477591089	0.553189314543137
snp2972	22	96	200	0.4675	187	-0.0312653673599489	-0.0891961228974665	0.143433820574659	0.191697043144448	0.46529733288716	0.98488372619222	0.641718544506514	0.615698442284564
snp2973	22	97	200	0.4475	179	-0.282434952574101	0.587430162333528	0.135323274908907	0.177686158925675	3.30599842939508	3.33946591828169	0.000946386181698944	0.00378762422622026
snp2974	22	98	200	0.45	180	0.1788591605981	-0.172170115427158	0.141368222508498	0.185280217062511	0.92924176232517	1.26615955458452	0.352763808871208	0.448619580948481
snp2975	22	99	200	0.46	184	-0.106517853629821	0.150165694722455	0.132705816914064	0.184262433979542	0.814955558109732	0.869588697098764	0.415097749421798	0.685167290340834
snp2976	22	100	200	0.4625	185	-0.194051110150792	0.161349609366141	0.151726052920187	0.194687538384647	0.828761875078825	1.29754745138822	0.40723916545369	0.430927811208588
snp2977	22	101	200	0.4725	189	0.0390772741761972	-0.318479915228096	0.13580927507311	0.18498860776066	1.72161907202495	2.17092446589753	0.0851385459915589	0.0947553930111177
snp2978	22	102	200	0.455	182	-0.0956119466457455	0.217737452561489	0.139947395523216	0.191517035151737	1.13690906079962	1.1475554144436	0.255576303939116	0.517657364224416
snp2979	22	103	200	0.45	180	-0.0732991837570424	-0.123057505790156	0.149497541666405	0.195329449931801	0.629999755966761	1.61610079367177	0.528694743894007	0.270931058362494
snp2980	22	104	200	0.4725	189	-0.136139440100768	0.114857664977655	0.130329139130911	0.178698161210099	0.642746764711335	1.05208893431203	0.52038843119861	0.574965314363188
snp2981	22	105	200	0.4675	187	-0.0265452934355016	0.0925399851856751	0.144223512676928	0.197320645847781	0.468982780732753	0.522835379473817	0.639081944162333	0.872250682012968
snp2982	22	106	200	0.4575	183	0.111215614266595	-0.207885291447211	0.147854669422351	0.200021895839096	1.03931267412064	1.03977915306584	0.298659342280784	0.582415980415908
snp2983	22	107	200	0.4625	185	0.0731350864976489	0.218249014343779	0.150528442699575	0.205152936252217	1.06383568439626	2.26361886099859	0.287403142790824	0.0771514293125546
snp2984	22	108	200	0.4725	189	-0.191718649125609	0.20710905778974	0.144859900660448	0.186065951610104	1.11309487844252	1.33533945967851	0.265667683073745	0.410013277243557
snp2985	22	109	200	0.4575	183	0.1295742091301	0.00609211951095356	0.149781463796954	0.199184929772141	0.0305852431603269	1.29643221344804	0.975600310897001	0.431551578735165
snp2986	22	110	200	0.47	188	0.0322633378710733	0.0014436213264222	0.14056370090499	0.192268509429169	0.00750836073316533	0.334202545488044	0.994009251182679	0.945685071539091
snp2987	22	111	200	0.47	188	-0.0790465710536071	-0.125604723838111	0.136534867376334	0.186895625971547	0.67205812434173	1.67708901281168	0.501546693961366	0.245044910163359
snp2988	22	112	200	0.4525	181	0.0146877797043237	0.102791326502378	0.134745261951809	0.186883975132334	0.550027504656785	0.878722012055451	0.582300508613328	0.679718737816082
snp2989	22	113	200	0.4725	189	0.167771221962655	-0.219410379755631	0.144478220750218	0.19431269316526	1.12916133362953	1.23007591359106	0.258829781717967	0.469285770844175
snp2990	22	114	200	0.46	184	0.061297945894696	-0.108464636867507	0.144416904585437	0.18704747666979	0.579877573323206	0.58094312103531	0.561997180368175	0.844722206871688
snp2991	22	115	200	0.45	180	-0.134252574498069	-0.0389998254840428	0.1475126380042	0.182909001668068	0.213219825860826	1.79088020446829	0.831155505011607	0.201165776251554
snp2992	22	116	200	0.43	172	-0.13167090445637	-0.0292396825850147	0.130025256241008	0.180037165384736	0.162409147703087	1.56600296673609	0.870983667649658	0.293410494331142
snp2993	22	117	200	0.46	184	-0.20800094846999	0.108567613642465	0.142921794899539	0.193578444975433	0.560845571707345	1.64964431273417	0.574902816958771	0.25649062127544
snp2994	22	118	200	0.4775	191	0.0352792709868197	0.271111463814581	0.140090117851106	0.183506970949563	1.47739054495699	2.56606972356744	0.139570979181192	0.0371661487024275
snp2995	22	119	200	0.465	186	-0.00186497039989724	0.0165083180407919	0.144164274674377	0.202427411369728	0.0815517914747224	0.103398496249058	0.935003138362287	0.994668637912261
snp2996	22	120	200	0.4625	185	0.121758507901471	-0.269233909328811	0.140817209229029	0.190025925989337	1.41682724568814	1.441918744691	0.156533441798306	0.353608527192635
snp2997	22	121	200	0.4775	191	0.0188964958984253	-0.0745535473284638	0.138050484721863	0.195243839312147	0.381848398347007	0.4279711305564	0.702573817254308	0.912488638743677
snp2998	22	122	200	0.45	180	0.0424839999516935	-0.115861040550059	0.137779704653265	0.192107967216956	0.60310377663417	0.618705937637293	0.546439654206232	0.825803424514087
snp2999	22	123	200	0.48	192	-0.240777400357709	0.261946811612712	0.148573977295283	0.183873542071782	1.42460306502635	1.63927757349654	0.154271973548523	0.260900679738031
