CHR	SNP	BETA_G	SE_G	BETA_G_by_E	SE_G_by_E	chisq_G	chisq_G_by_E	chisq_2df	P_G	P_G_by_E	P_2df
1	snp0	-0.0340855838244856	0.0740756938518118	0.0529142283154693	0.0747412868907495	0.211733715180248	0.501214690189885	2.52301106633556	0.64541191637648	0.478966883573361	0.283227297262813
1	snp1	0.160275850968278	0.0652379452689675	0.104949169524222	0.0655372367155905	6.03581103430836	2.56437633596623	4.45279993047806	0.0140185087987286	0.109295652682346	0.107916233856678
1	snp2	0.10679024045329	0.062538778943583	0.0320130758609374	0.0641406198449715	2.91584432662426	0.249108474621913	5.57788221180299	0.0877134935208942	0.617703528555884	0.0614862869225692
1	snp3	0.0058840270393173	0.072753691403462	0.0511770190645151	0.0758880178334959	0.00654092624962052	0.454782298898747	1.20504215904114	0.935540572191377	0.500072622457029	0.547429780932896
1	snp4	0.0554663596530499	0.066437186761538	-0.0298051330739133	0.0688353106370018	0.69700654821496	0.187481999733271	2.63864927479205	0.403791369184431	0.665020642404291	0.267315776094879
1	snp5	0.107619028143282	0.0790617414420672	-0.00180211289019615	0.0770212744895175	1.85287183410735	0.000547447636061557	1.3470939849967	0.173449752155704	0.981333120252948	0.509896766439977
1	snp6	-0.0185493008995593	0.0678329761469792	-0.105139298567129	0.0679351099573777	0.0747779144373724	2.39519890954809	2.02263236026287	0.784503089417038	0.121708268348423	0.363739917122516
1	snp7	0.0529463771740276	0.0767049145689955	-0.134628806609805	0.0772730918263013	0.476459638691607	3.03542434722956	5.10420349661756	0.490030346364922	0.0814652461959746	0.0779177303277975
1	snp8	0.0323940260719513	0.0684726161262966	0.0165716647371342	0.0707816390752563	0.223818516229398	0.0548139433178424	0.334745837564984	0.636145677368754	0.814888886866235	0.845884106440891
1	snp9	-0.0635188687838814	0.0720454018748622	0.110612409960595	0.0730142098386528	0.777307706900805	2.29505411352436	4.30363299750672	0.377965805481481	0.129786687463374	0.116272756509311
1	snp10	0.0422356742171013	0.0726502890021634	0.083472323889225	0.0737128225970705	0.337974683568918	1.28232741203331	3.65930453075435	0.561000612309587	0.257466740532399	0.160469358826337
1	snp11	0.0268287749865913	0.070891733424053	-0.0465598538332432	0.0729599416032346	0.143222250827762	0.407243593581398	2.24090516987605	0.705098442068288	0.523371874275635	0.326132158713826
1	snp12	0.0713143743953722	0.068591645477583	0.00755569797281933	0.0687399165027248	1.08096519435196	0.0120817870904633	0.340468047371631	0.298481735761744	0.912475055154366	0.843467402147141
1	snp13	-0.0484493414793366	0.0691423805103775	0.0999997602239871	0.0703715380156413	0.491006341686823	2.01931388478432	3.25605802642936	0.483478741609298	0.155309304088227	0.196316129551043
1	snp14	-0.0118489147328978	0.0778274858948213	0.201081376889427	0.079174684128182	0.0231788105382354	6.45016793426994	7.13606084352079	0.878993002063354	0.0110941855326232	0.0282113634845329
1	snp15	0.128361406604728	0.0712534811212089	0.10734065484842	0.0739393118042288	3.2453142842922	2.10754896201189	6.67019519434873	0.0716279520806451	0.146573918964412	0.0356111104980041
1	snp16	0.0786333934964843	0.0781939840907642	-0.0559303143371837	0.0796620747480289	1.01127053536609	0.492936859637907	3.10330355882399	0.31459865037776	0.482620155393122	0.211897676380039
1	snp17	0.0897847722527535	0.0754767987521982	0.0506958125914337	0.0732168541200643	1.41507163937386	0.479426513265547	1.31723690952218	0.234216293411089	0.488682197425125	0.517565881467925
1	snp18	-0.0593816696267883	0.0652774620232683	-0.0448662618426764	0.0672685629986763	0.827519596901777	0.444851923279041	7.82135116731177	0.362990745384866	0.504789887257918	0.0200269665990567
1	snp19	0.0919282462060173	0.0782110935097257	0.000817639041499306	0.0777038151633204	1.38153290573611	0.000110723181330257	0.520529301722019	0.239840210241316	0.991604408002486	0.770847553337376
1	snp20	0.0272082222989292	0.0797462350969993	0.111615511283675	0.0795922293399663	0.116407230557251	1.96656256367205	2.43667207355586	0.732964285762672	0.160813199627931	0.295721828003357
1	snp21	0.0459139702895048	0.0819524832155739	0.0224555704743611	0.0855734405015509	0.31388131446967	0.0688605042624372	0.0669369396850858	0.575308164727035	0.79300316623292	0.967085403105728
1	snp22	0.0833631053895013	0.072654592453812	0.0758534632702469	0.0736383649606261	1.31650231352604	1.06106638125512	2.39322077837995	0.251220742051686	0.302972094105454	0.302216875305108
1	snp23	-0.0886780498442472	0.0714559947110902	-0.0263704618559269	0.0718300654034371	1.54012130663874	0.134779223068882	0.358080081179829	0.214599749814872	0.713527347051425	0.836072421893826
1	snp24	-0.0698402739819902	0.0679809969705253	-0.0138138399078988	0.0691053173281927	1.05544792409833	0.0399581990484773	1.05595120965904	0.304255708880541	0.84156233312322	0.589797745653905
1	snp25	-0.0340441383897635	0.0654319877785466	0.0539662790378354	0.0650989992841749	0.270710104424628	0.687220844855153	1.17115956054592	0.60285582561509	0.407111286053627	0.556782956439673
1	snp26	0.114731096031069	0.066504732937342	0.050270815249269	0.0667112529873077	2.97616618028186	0.567850040499773	2.54975501785309	0.0844992083826926	0.451114520010631	0.279465198117047
1	snp27	0.0621946730548706	0.0669708142073586	0.0338258968922572	0.0668509946721197	0.862452569446347	0.256025306347402	0.968688637070428	0.353053266437896	0.612864067785014	0.616101030382765
1	snp28	-0.0336503261833368	0.0760217180237369	0.00100389601836622	0.0785642185217908	0.195931018729798	0.000163278075782859	0.645093501468604	0.658025453578249	0.989804883802398	0.724302069361776
1	snp29	-0.113498829649298	0.0637025027873718	-0.0107347503515715	0.0649727366197475	3.17445938927673	0.0272974185580788	4.16166245730906	0.0747979608941108	0.868771371329038	0.124826409774138
1	snp30	-0.0195956102337377	0.0767745333534982	0.013976659978959	0.0782948717960574	0.0651453188784686	0.0318669255060764	0.170118454883626	0.798540974115815	0.858320037120497	0.918457884879567
1	snp31	0.00799878388502396	0.0707532421445529	0.0715094991800114	0.0732916801610566	0.0127807174875695	0.951958722416123	0.848519785266255	0.909989459881814	0.329221222041078	0.654253824062356
1	snp32	-0.0984807883928606	0.0751544391623255	0.166019195298771	0.0757893211613601	1.71709275950347	4.79844559027317	8.6808474798191	0.190067701152203	0.0284854262087954	0.0130310052763809
1	snp33	-0.00280093615175035	0.0768293912104327	-0.134457570222304	0.0773645126543054	0.00132908156547215	3.02055626232735	1.35311338642208	0.970918307031731	0.0822152614660702	0.508364436862025
1	snp34	-0.0082871089185675	0.0676989619719301	-0.00767754174884673	0.0696157426516094	0.0149844937299788	0.0121626848126344	0.599616550385971	0.90257339528157	0.912183699606629	0.740960267528628
1	snp35	0.0178142892327441	0.0808038410861208	0.0355023588726784	0.0816620052481538	0.0486041090689098	0.189005455261053	0.116727548065194	0.825510276659223	0.663745660576848	0.943306734519818
1	snp36	0.0552660756077856	0.0710784318943263	-0.144781832425276	0.0699242672811044	0.604563018615834	4.28718564143048	7.46859906722731	0.436842304915434	0.0384006805085226	0.0238898992807073
1	snp37	-0.0691873979390163	0.0724525207939447	0.0899846440781444	0.0757574492353564	0.911899536069594	1.41086714279378	1.8079219586918	0.339610917786861	0.234912495947137	0.40496243091715
1	snp38	0.132504677884155	0.0732378976044347	-0.0851662787041646	0.0771051348801213	3.27333673046927	1.22002502891645	5.28803312185091	0.0704142686135137	0.269355740137895	0.0710752175267647
1	snp39	0.00947375429763485	0.080585444247537	0.0149734389600989	0.0818527772027086	0.0138207313560589	0.0334638784782971	0.282891262862039	0.906415027387675	0.854851884908156	0.868102371785568
1	snp40	0.104609031275342	0.0725527967572769	0.100412823350983	0.0723792805789669	2.07888298289601	1.92464144156916	3.31691307421376	0.149349433892843	0.165345892358931	0.190432679160337
1	snp41	-0.0671296851112427	0.0706035710416196	0.00262116493140673	0.0715579355716332	0.904015516312858	0.00134175459793441	1.34626151843	0.341707280639625	0.97078004809012	0.510109046621214
1	snp42	0.0428450319721492	0.0783484532277374	0.0856867617464089	0.0817430375225068	0.299047439733962	1.09881838480294	0.116304061549208	0.584480207592153	0.294525565738032	0.943506494509241
1	snp43	0.0073588286610058	0.074582858163985	-0.0899609435214314	0.0714462021701366	0.00973507580388636	1.58543962048883	1.11897180652815	0.921403077897184	0.207978896726813	0.571502796060986
1	snp44	0.0613422467784366	0.074387401173263	0.0039396416463804	0.0756281557263962	0.680018276288123	0.00271360368272413	1.83213055621341	0.409580430818635	0.958455179219118	0.400090191673625
1	snp45	0.156624387580449	0.0704400528521472	0.0395339769213911	0.0722290873870646	4.94401096667307	0.299582715914567	6.46658813827752	0.0261812140612969	0.584144138713786	0.0394274080340363
1	snp46	0.0238615204638769	0.0754424784364203	0.0833491435722672	0.075385078772802	0.100037846091266	1.22245110516477	1.57609462863206	0.751784221988246	0.268880157499097	0.454731877331188
1	snp47	-0.180650523340987	0.0813145953576398	0.0873950723476855	0.084689574297987	4.93561684445724	1.06491266655301	7.95209009563575	0.0263086710302595	0.30209738792185	0.0187596864777366
1	snp48	0.00326829622953595	0.0779193488768994	0.0550840504306542	0.0788298225509349	0.00175934980144021	0.488281912052437	0.878033490973699	0.966542858847216	0.484694706698279	0.644669984226671
1	snp49	-0.0313280459783905	0.0715510924223479	0.0193557610549933	0.0734371880761204	0.191705281259868	0.0694685806572108	0.36048625101477	0.661501100453129	0.792112102709389	0.835067160601735
1	snp50	0.0227572737778981	0.0642965380178736	0.0445773072626322	0.0644763419337601	0.125275253346657	0.477998883606168	2.29055710796201	0.723382017903419	0.489330140989493	0.318135287595988
1	snp51	0.0500636421154406	0.0675678385276386	0.22851673019661	0.0697803939334733	0.548990500936273	10.7243052919915	9.87166256964872	0.458730468485242	0.00105737360091784	0.00718448610857181
1	snp52	0.0525693612151395	0.0643984440693195	0.0854855837121209	0.0663305255626678	0.666368793603829	1.66095890038211	2.93098063175284	0.414320482722381	0.197473904785094	0.230964718041569
1	snp53	0.0156163323363783	0.0694344401845801	0.174566394605483	0.0702895797794734	0.0505834222999668	6.16792935464897	9.97860235595344	0.822051167599581	0.0130086781275057	0.00681042210262861
1	snp54	-0.0996917413370532	0.0576347034292852	-0.0954395099560664	0.0579390727665418	2.9919218019691	2.71339687303477	4.85757226890052	0.0836808032697031	0.0995088962240404	0.0881437623466014
1	snp55	-0.111514797683728	0.0762947241477628	0.0396945770275791	0.0775039333916965	2.13636762211287	0.262310013285445	1.43727511344603	0.143842125623104	0.608537567968223	0.487415880271248
1	snp56	0.0498674311082246	0.0681572852618044	0.105576816592366	0.0704267056118033	0.535315014769761	2.24730686414439	1.22326789242878	0.464380848175789	0.133847167848558	0.542463787897714
1	snp57	-0.0442572420387759	0.0809883630357602	-0.0239233597877143	0.0860978811607197	0.298623135688654	0.0772074868279538	0.978755944517081	0.584746881222885	0.781118024762836	0.613007583339573
1	snp58	-0.000577955500865984	0.0727681201168377	0.0207100576708468	0.0745387275674763	6.30821507784391e-05	0.0771966878244679	0.906303299092617	0.993662926540152	0.781132942914083	0.635621734569491
1	snp59	-0.0268782478740229	0.0659146473982785	0.127447674863947	0.0656181015390965	0.166279244663244	3.77238935667337	9.84773804890944	0.683439955015521	0.0521051515591544	0.0072709448922782
1	snp60	0.0772176135585281	0.0858969204205833	-0.0577013471146473	0.0850959320676251	0.808123178554451	0.459784478146096	2.0934946603579	0.36867571590946	0.497724714814755	0.35107783422199
1	snp61	0.151986940137344	0.0702594059491288	0.0721571814562866	0.0727491190809291	4.67954466073358	0.983792809502178	4.64724730181071	0.0305238381642289	0.321264213071521	0.0979181208659373
1	snp62	0.0039135118231051	0.0807524525111746	-0.0703241635480331	0.080465045526311	0.00234866923110465	0.763826335130415	0.27423184291871	0.961347195075913	0.382133727166578	0.87186915192943
1	snp63	0.00289518205024015	0.0730035378147011	0.0388034883993601	0.0729707726771683	0.00157276538151334	0.282776718360083	1.85903054385589	0.968365701850032	0.594887005992992	0.394745007990869
1	snp64	-0.0541982494381945	0.0703640406931691	-0.0434725347005433	0.0722012564971303	0.593292661558366	0.362527047917791	1.47671735002215	0.441148684044287	0.547106116460843	0.477897657524863
1	snp65	0.0864324748739228	0.0817093306545894	0.0690496429669771	0.0822022405642162	1.11894977028682	0.705595113283993	1.66676242461558	0.29014470797742	0.400910017431177	0.434577400888683
1	snp66	-0.0587008132509733	0.0741749973104979	0.0350706547882992	0.0767975523264899	0.626286654824236	0.208541739558909	2.74870969022589	0.428720673837894	0.647912782275234	0.253002769135997
1	snp67	0.092806135083354	0.0704412021272494	0.0956190365741978	0.0716771752315532	1.73580068684914	1.77961871350432	3.1101830828214	0.187671788292721	0.182196153191997	0.211170050951798
1	snp68	0.0866932163579365	0.0625197733146921	0.139657249015638	0.0631662467540003	1.92280588287257	4.8882884046653	4.36704125288945	0.165547671262075	0.0270394797631992	0.112644253381085
1	snp69	-0.141776623271861	0.0769908857230307	-0.0820221734999648	0.0772352581450637	3.39102213843576	1.12779805693274	4.54999296115219	0.0655523004114127	0.288245505086157	0.10279727022182
1	snp70	-0.0512169489713787	0.0673515602474243	0.00088314688999836	0.0689250102902491	0.578271895218006	0.000164176959559547	2.96803922673596	0.446990481110018	0.989776860608906	0.226724509431233
1	snp71	0.0197659821116924	0.0817742168823512	-0.0139452567526593	0.0825717952171489	0.0584257113102262	0.0285226304913806	1.26784108088171	0.80900169497707	0.865885963258801	0.530507841106432
1	snp72	-0.12128880540643	0.0710431444400832	-0.116323894740914	0.0713082691944944	2.91472164621808	2.66108090646002	1.76239224675548	0.0877745568115499	0.102830833376761	0.414287076743229
1	snp73	0.125808309340376	0.0764054169893332	-0.00349929474077191	0.0788257034883472	2.71125491189517	0.00197072187558626	2.3135274607157	0.0996425793766097	0.964591290132938	0.314502350104933
1	snp74	0.0253992024175775	0.063721129862517	0.101753068719199	0.0657455247002453	0.158881460250157	2.39531503263954	0.811694782552728	0.690188423594907	0.121699231247005	0.666411859928467
1	snp75	-0.0921534001866684	0.072596283384526	0.0201288041928825	0.0753423345403128	1.61136510124139	0.0713769201056835	1.16103299509601	0.204300017070635	0.789342435766293	0.559609255101048
1	snp76	0.00342067514253938	0.0663271011596815	-0.0924936592767688	0.0678233211227963	0.00265975497479501	1.85979818153818	0.548786744281169	0.958869083094694	0.172648094812209	0.760033040624685
1	snp77	0.0631414829649074	0.0683767782568687	-0.0702203236941825	0.0682677430990106	0.852731462799687	1.05802167081633	3.01659376383354	0.35578076692639	0.303666829986852	0.221286534306548
1	snp78	-0.145416297979491	0.0763845037506887	-0.115404375859882	0.0750242864610248	3.62422911840062	2.36614200704661	7.8146958679883	0.0569439470434115	0.12399314504902	0.0200937203326066
1	snp79	-0.112408485479768	0.0666200990633663	-0.165642206281975	0.0669146304055611	2.8470011632763	6.12773317087396	8.47956114549096	0.0915445492071855	0.0133077389960814	0.0144107536083108
1	snp80	0.0296334324114058	0.0653578159547351	0.0253791296633664	0.0673060278719415	0.205574316261794	0.14218229733016	0.608212414693707	0.650258548148642	0.706121080071354	0.737782504367007
1	snp81	-0.0880250769078976	0.0796798955661771	0.0620744399598329	0.0802837501427768	1.2204368546977	0.597819832705235	2.00300551612338	0.269274936148802	0.439411069756403	0.367327022555217
1	snp82	-0.025722336450815	0.0744244621312136	-0.0135321711113295	0.0765336372038684	0.119450898208324	0.0312629715023658	0.132536708245208	0.729630799340314	0.859654978580364	0.935879683419108
1	snp83	-0.183685434068954	0.0666430400707863	-0.0117895805149049	0.0669531958679979	7.59695995996668	0.0310065953491399	9.3181575880411	0.00584668010233624	0.860225674642003	0.00947518698142957
1	snp84	0.0506639739828881	0.0751363021818412	0.134926534336858	0.0739843895919925	0.454672689911336	3.32594099954046	4.11307653642551	0.500124280482824	0.0681949792515819	0.127895945913661
1	snp85	-0.087410482049538	0.0793795772765425	-0.0389240176039195	0.0790030956780896	1.21257739257653	0.242743216509632	0.281312350148821	0.270822275971112	0.622231802017326	0.868787971311005
1	snp86	-0.0177617464385349	0.0720054381709084	-0.0220295908650854	0.0710135808771857	0.0608472194243865	0.0962343323763946	0.114526038433376	0.805161852144842	0.75639625584458	0.944345655644534
1	snp87	-0.0672177169223331	0.0655474954860835	0.0425477562267733	0.0688712785659665	1.05161145983026	0.381660340617712	0.13983462278978	0.305136244929437	0.536715986978344	0.932470921437994
1	snp88	-0.0780064734009012	0.074952803058517	0.0442387487624808	0.0771335330440883	1.08314233431039	0.328941918681037	1.90843179385708	0.297995656468193	0.566282789889669	0.385113995263026
1	snp89	0.0437576073411136	0.0738602842547098	-0.0147629582253292	0.0740611162869081	0.350982274632156	0.0397343647653581	1.18253045782462	0.553557614256001	0.842000854429391	0.55362637732464
1	snp90	-0.0266370055244089	0.0802961650410829	-0.0479540376369417	0.0813226083579773	0.110047756697912	0.347718469924722	1.08559311493392	0.740089772042592	0.555407498972373	0.581120840034151
1	snp91	-0.00532265191713026	0.0690433262827219	0.0506655656758814	0.071388565876825	0.00594309564069661	0.503695970653592	0.590491530491027	0.938550774148604	0.477880630860693	0.744348629960742
1	snp92	-0.209604555574702	0.0730437230416282	0.0135588788339301	0.0731380844864536	8.2344696399332	0.0343684855947277	4.43994443415654	0.00411021814104817	0.852925195725549	0.108612126345245
1	snp93	-0.04434252109366	0.0777231846782281	0.0227441912655716	0.0787153320000877	0.325491452150571	0.0834876688232347	1.26308610297348	0.568326022710537	0.772625511574183	0.531770618163168
1	snp94	0.0953079109331309	0.0818600591250659	0.178292584575536	0.0818289849562657	1.35554454176495	4.74736073313219	12.9656139828384	0.244311146395384	0.0293432666023128	0.00152951132286028
1	snp95	-0.163390591349746	0.0786201224966017	-0.0217136413731546	0.0780579615391152	4.31903433811201	0.0773803892557393	3.80307914279092	0.0376883041302112	0.780879323703686	0.149338524823648
1	snp96	-0.028943143823853	0.0738391784896981	0.0373735680741924	0.0757634750585098	0.153644738620894	0.243337673564778	0.210056338445403	0.695076367260248	0.621805795925469	0.900299161501488
1	snp97	-0.0154164521960112	0.0741227966761389	0.126360014824187	0.0739912925222044	0.0432578855351104	2.91647399650491	3.60656319715478	0.835240444304763	0.0876792655257697	0.164757332695073
1	snp98	0.029837591422676	0.0869439027298928	-0.0106348114609125	0.086382268088467	0.117773956141622	0.0151568999581159	0.395380530180633	0.731461467412815	0.902017330252244	0.820623989675647
1	snp99	-0.0845578753858435	0.0596914606536385	-0.298820730420804	0.0605400007598251	2.00670582858408	24.363327423469	25.1860710140199	0.156605043536112	7.97729278190218e-07	3.39558157913533e-06
1	snp100	0.0165463906339042	0.0695375857546708	0.112083200744583	0.0692335970681229	0.0566196693952268	2.62088072394232	3.20874553822667	0.811920743473693	0.105465888847988	0.201015598568986
1	snp101	-0.000399810362689242	0.0767821301723998	-0.17187402622996	0.076956093302451	2.71136371385963e-05	4.98809224451361	8.28957787741142	0.995845373482407	0.0255223320921951	0.0158467802403316
1	snp102	-0.0186171275049757	0.0685288335000181	0.0456637647308831	0.0713110920681468	0.0738037905524061	0.410042859084742	0.683939015495652	0.785876900408268	0.52194775258092	0.710369865156003
1	snp103	-0.0250615783984124	0.0715031558427242	-0.140622913289862	0.0727489463792381	0.122847527270252	3.73644648353793	3.18303406118426	0.725966404572787	0.0532375525940927	0.203616484879426
1	snp104	-0.0180566033538091	0.0605411021906169	-0.116003226983901	0.0618196846404649	0.0889552264411487	3.52116657556977	3.35150643850967	0.765509594181131	0.0605897865036392	0.187167148474885
1	snp105	-0.128154696706578	0.0743743614825893	-0.112309191670164	0.0749010953742145	2.96908447280031	2.24830002334634	5.90261882609186	0.0848698729145442	0.133761277282369	0.0522712165049147
1	snp106	-0.183331438556354	0.0699757185999888	-0.0827947796207891	0.0711464768138236	6.86402976970558	1.35425083417314	6.42093420398705	0.00879479866640398	0.24453635276935	0.0403377670194235
1	snp107	0.0170752799587614	0.0766585502760986	-0.082454735130395	0.0817470925120306	0.0496151675274494	1.01738790814398	4.19198633670898	0.823734268780256	0.313139406942608	0.122948074859723
1	snp108	0.108611298258817	0.0698554786887482	0.0282760777208037	0.0691052468200904	2.41740303971294	0.167423450599254	2.43819965912187	0.119993709171288	0.682411894195319	0.295496044042407
1	snp109	-0.123501377382717	0.0772014020647159	-0.088641597821651	0.0786522087057329	2.55913518012312	1.27014500859762	5.26225397199612	0.109658555518218	0.259739478150796	0.0719972765772061
1	snp110	-0.0129801751655382	0.0662547750791302	-0.131475686027337	0.0684374820451365	0.038381923767792	3.69064987145153	5.23911010837485	0.844678221566701	0.0547182925895623	0.0728352633641013
1	snp111	-0.108016775807407	0.0766894606260358	-0.116438575941897	0.0778228086355397	1.98386014721521	2.23861788761244	6.37682474356063	0.158984338266357	0.134601244430771	0.0412372884788533
1	snp112	-0.0526051890605175	0.0733289971778637	-0.0226514899818202	0.0731535704767394	0.514642537814467	0.0958787786337369	0.239414772896156	0.473136013736239	0.756832463816383	0.887179999630379
1	snp113	-0.0998726999979904	0.0684578519623974	0.063879577004235	0.0703661315570329	2.12836959419525	0.824131874561618	2.21045883593654	0.144594483778766	0.363974865918516	0.331134905229887
1	snp114	-0.00103864280347583	0.0741538037322064	0.0594059724926526	0.0755495089092805	0.00019618489498239	0.618296699582386	2.25460486723925	0.988824714050935	0.431680948102772	0.323905836466679
1	snp115	-0.0961734248860685	0.0659104142150967	-0.0959685524474451	0.0656937162878309	2.1291295253411	2.13407769724831	3.69231696730403	0.144522808409689	0.144057082857533	0.157842357139512
1	snp116	0.010996642720589	0.0716523064776539	0.0660055851959369	0.0722673023053339	0.0235537402066508	0.834214406157428	0.626052565345153	0.87802585001603	0.361056713573338	0.731230693619422
1	snp117	-0.11779168157137	0.0710998193463876	-0.142574421479039	0.070591469793799	2.74468335743471	4.07923558094017	3.1223300299518	0.0975784051548969	0.0434132948775774	0.209891402080107
1	snp118	0.00893312701703708	0.0653538850271719	-0.024176714908615	0.0668628949096289	0.0186837565044591	0.130744740290094	0.273032229261172	0.891276989598631	0.717661113042529	0.872392261867323
1	snp119	-0.0846767668944583	0.0662590336549374	-0.0916632780804505	0.0659350914196643	1.63319612084966	1.93266928053745	3.0432716492686	0.20126154946956	0.1644667078195	0.218354405128228
1	snp120	-0.197456718003083	0.078340230295559	0.198862611123409	0.0793680381261019	6.35293103099027	6.27790854273484	9.09081946873964	0.0117187526149023	0.0122252297881733	0.0106158221578245
1	snp121	-0.0286385851016074	0.0774772415493916	0.0665265867003177	0.076488216713453	0.136632751893856	0.756486899902115	3.01312112323293	0.711651728580191	0.384430179342092	0.221671092369621
1	snp122	-0.0529807451680639	0.0756835835705494	-0.0853626167568294	0.0750906432787108	0.49004137492047	1.29230132575551	1.02710984506191	0.483908848624269	0.255624278424237	0.598364653430857
1	snp123	-0.156424573533093	0.0812908941951535	0.0108746631236053	0.0842464353873086	3.70276506557359	0.0166620547072827	6.25322268739907	0.0543223755054948	0.897293095829803	0.0438661931311658
1	snp124	-0.0182299618323997	0.0688789418872844	-0.148002396692593	0.0684072009271585	0.0700484588888665	4.68094842074543	4.43369135546159	0.791266237123094	0.0304989056567643	0.108952237840807
1	snp125	0.0426261875670058	0.066560574711167	-0.039657198396826	0.0681226221255566	0.410127468071742	0.338892024056609	1.41194644793831	0.521904814693644	0.560469465831802	0.493627929873566
1	snp126	0.0666371271721033	0.0686772292046946	0.0218035121285113	0.0694076768111768	0.941471117196947	0.0986819892155869	1.52049332037885	0.331899794922462	0.753417068162983	0.46755108654597
1	snp127	0.0067999398522651	0.0795770763352329	0.0146361014496467	0.0831921417477613	0.00730187147316658	0.0309518214830019	0.170475930254794	0.931902858224224	0.860347916881424	0.918293736513103
1	snp128	-0.0322380133780664	0.0747685283444854	0.0798178344359019	0.0749078377844287	0.185908341778577	1.13539076790709	2.94363041855866	0.666344113983072	0.286628392470812	0.229508500883843
1	snp129	0.0843487150169263	0.0659938152479159	0.0842660196057236	0.0683853653970898	1.6336178437417	1.51837350371111	2.62790867400159	0.201203379314534	0.217865796638204	0.26875520373286
1	snp130	-0.0481470666169092	0.073431569906256	-0.157863193365214	0.0769759435013256	0.429906527217602	4.20583011091997	4.82360434177515	0.512034817472308	0.0402852525199129	0.0896535778274843
1	snp131	-0.00782036980486686	0.0759363693379685	0.0254950409105231	0.0774026280025799	0.0106060805878791	0.10849257421348	0.181441196200096	0.917974219457466	0.741866888411663	0.913272845423256
1	snp132	-0.103411015592802	0.0737961605345764	-0.0453837110138381	0.0728956584232181	1.96365900157745	0.387611527321493	3.96687330927045	0.161122534859545	0.533557563755539	0.137595555433222
1	snp133	0.00155069691674435	0.0787421504570279	-0.099584541320797	0.081617381398739	0.00038782812828054	1.48873891615962	3.29656402714676	0.98428799377867	0.222412227239497	0.192380131334848
1	snp134	0.0406846385395453	0.0744112286623912	-0.186574171589597	0.075519672829367	0.298939960373629	6.10355474572126	3.98147722087884	0.584547734749085	0.0134910233902815	0.136594498054869
1	snp135	0.020901803326538	0.0717154554933461	-0.0593749232116431	0.0733627206048708	0.0849458158200305	0.65502106227974	2.95240832106567	0.770703619357283	0.418323218223256	0.22850340652968
1	snp136	-0.0145309449636891	0.069553362800368	0.110822891128466	0.0702463445142944	0.0436467037757073	2.48892318286979	1.56508007781608	0.834512302591044	0.114650143269151	0.457243119720992
2	snp137	0.00809170174961146	0.0742007857450365	-0.0187897238937649	0.076894311227528	0.0118922142586278	0.0597107291436611	0.233886813767037	0.913161698753945	0.806953730304889	0.889635538986468
2	snp138	0.0135649868724366	0.0672750670131232	0.0362370810680141	0.0681793441476824	0.0406565457568132	0.282488502714613	0.590486179739114	0.840202328253952	0.595074783517218	0.744350621375834
2	snp139	0.058958218964261	0.0698942514172863	0.079275115723575	0.0720683668308925	0.711550610600018	1.20999732006154	3.4296158528705	0.398929526893977	0.271332652648349	0.179998290306321
2	snp140	-0.0410673916920252	0.0690643901647442	-0.0429209062339388	0.0719193639233469	0.353578523684277	0.356160777553933	0.257685295012997	0.552094371438636	0.55064621150874	0.879112285172968
2	snp141	-0.158068831450385	0.0802304049165502	-0.029025568355401	0.0829418542232798	3.88163341039486	0.122465563403559	3.92506816766042	0.048817041877852	0.726375620562829	0.140501925759324
2	snp142	-0.31153673514333	0.0724848168344492	-0.0439919780192134	0.0727859845869162	18.4724473280564	0.365301501301155	19.8970741713553	1.7237842116935e-05	0.545576558330856	4.77975064723246e-05
2	snp143	-0.0513040672365013	0.0690971839448115	0.0493436868069098	0.0690567004428613	0.551293530508055	0.510565592002987	1.02072778584656	0.457789639472717	0.474894118095202	0.600277102474082
2	snp144	-0.0714216204302879	0.0746333621458856	0.113291224747117	0.0770743931392457	0.915784704516541	2.16058977174579	4.22179509119142	0.33858421083878	0.141590335803288	0.121129198649901
2	snp145	0.0320256408339378	0.0755300425037856	0.018830648698946	0.0757437024527971	0.17978613630635	0.0618069769497387	0.111409121311352	0.671557096052163	0.803662402664769	0.945818526622212
2	snp146	-0.0688094185834442	0.0661666540523793	0.100518051360955	0.0704739246943901	1.08147735268478	2.03437591458761	4.53203284447021	0.29836729709014	0.153777291545475	0.10372455300099
2	snp147	0.112974358915824	0.07472634755567	0.224698665854973	0.076239464461205	2.28566332666179	8.68642978916763	13.6637323789175	0.130574306481712	0.00320587984795895	0.0010788429125399
2	snp148	0.0499067607566072	0.0748509403661962	0.0293474541340521	0.0754703935041064	0.444553714464205	0.15121248001891	0.221684212761685	0.504932720607036	0.697379351424937	0.895080065203199
2	snp149	-0.02633921088415	0.0734319232966557	0.157474943558839	0.0745031260951947	0.128657679035421	4.46759638783687	5.67920994861912	0.719827883103526	0.0345435531294171	0.0584487501626633
2	snp150	0.142743447037106	0.0688848472112805	-0.0318385632277855	0.0688704138025576	4.29402888254499	0.213718214655324	4.76606652922123	0.0382464325792641	0.643868584546897	0.0922702724535103
2	snp151	-0.0991478675704679	0.0662087747686367	-0.0437971678074185	0.0700577932632855	2.24251653454785	0.390822130306708	2.05488328738095	0.134262312748012	0.531867571496766	0.357921480914904
2	snp152	0.0675874561114566	0.0681672043733095	-0.102478171416223	0.0694220279505699	0.983062736798203	2.17905475175248	5.29153645961176	0.321443833748857	0.139900362450477	0.0709508262580173
2	snp153	-0.152766541318692	0.0703286568299758	-0.110627443548023	0.0702737729902938	4.71836839399551	2.47821630675995	4.98261381633025	0.0298420462459088	0.115433095982765	0.0828016816375325
2	snp154	0.0241881385887326	0.0745602082493478	0.0790387194254264	0.0752654086516339	0.105242382667011	1.10278015600119	2.70807533384494	0.745627026199813	0.293656784884811	0.258195645144413
2	snp155	0.0406126991863394	0.0687610579686791	-0.0762321868460559	0.0692272948618085	0.348849904446856	1.21261248125854	1.11492165713255	0.554764894350303	0.270815343188199	0.572661304550213
2	snp156	-0.0883771185003278	0.0637582945441966	-0.0888701378053054	0.0657095126501346	1.92134914534885	1.82917482226886	3.99125776130616	0.165708007659897	0.176225042457413	0.135928144701631
2	snp157	-0.100603284522589	0.065863787333809	-0.0448646104612248	0.0672215413651551	2.3330869236955	0.445441698639401	3.76873375072785	0.126650499930569	0.504507605581547	0.151925216583947
2	snp158	-0.100390966299725	0.0728880755173651	0.00920366416389585	0.0750870401364336	1.89703918541936	0.0150242069094628	1.77775892876065	0.168410103126025	0.902445020987201	0.411116165056747
2	snp159	-0.0771319393391325	0.0812613352502091	0.147134233216225	0.0802661479560813	0.9009498009901	3.36018058367523	13.3197660572958	0.342527162223743	0.0667907439623183	0.00128129623657225
2	snp160	0.0129808874924173	0.0791819876498326	-0.175007271110302	0.080540146390028	0.0268754641219755	4.72158004307284	2.74544417371596	0.869780441238198	0.0297863611422853	0.253416198919432
2	snp161	-0.0463735246676985	0.0696919260918518	-0.0510980019916153	0.0712516998513727	0.442767033294244	0.51430101126927	0.43119847478431	0.505789940970553	0.4732828852721	0.806058275167778
2	snp162	0.0769955433011513	0.0702865367393493	0.0701122983803364	0.0711564746606988	1.20001558481602	0.970866601474763	1.59338738538713	0.27331856341222	0.324464146070105	0.45081704242076
2	snp163	-0.0020798461359645	0.07510357434892	0.0587908909332723	0.0743146377310924	0.000766904351887755	0.625851580389847	0.884444597560568	0.977906976472475	0.428881077144918	0.642606768875663
2	snp164	-0.0230759628462533	0.0695715793018358	0.00898206209042529	0.0697100261046205	0.110016022083082	0.0166020460840677	0.585495444490133	0.740125895631572	0.897477189733626	0.746210369229945
2	snp165	0.110203050776324	0.0752235822156357	0.0150244827906934	0.076214494240439	2.14624458556669	0.0388618899137141	2.33375062778167	0.142919094032457	0.843722526539683	0.311338257274121
2	snp166	-0.00245762629648602	0.0735703154957267	0.0153871124507271	0.0757825605562418	0.00111590302199108	0.0412264277388923	1.29367498034105	0.973351515078831	0.839101484813144	0.523699365027839
2	snp167	0.128352810869194	0.0651663249915674	0.00157206892549381	0.0646488886467622	3.87939773607271	0.000591317918534409	1.85035894088938	0.0488820893880403	0.980599729655592	0.396460259790562
2	snp168	-0.0169894507929382	0.0758545646592109	0.0937466125045913	0.0800590469672259	0.0501643557937675	1.37116694617102	1.85407156840225	0.822777528899364	0.241611487381174	0.395724987815314
2	snp169	-0.0348096384905886	0.0772526656936099	-0.0716165533592406	0.0770632395134299	0.203035545967316	0.863639126154529	2.62303862774398	0.652281717361767	0.352722307851317	0.269410426287221
2	snp170	0.0421406270652236	0.0729454290376513	0.180921524530058	0.0754555330770899	0.33373812488948	5.74907923229711	4.65391359672895	0.563466191225792	0.0164973013684053	0.0975922886552361
2	snp171	0.0128707651079863	0.0741948829539824	0.108298296257693	0.0738488614297568	0.030092676808115	2.15058018954108	2.96492740085518	0.862280113224294	0.142516025174605	0.227077547606472
2	snp172	-0.0446592794721137	0.0713973270097212	-0.0754468639281266	0.0708622009464928	0.391254655441247	1.13358244135949	1.6533623308236	0.531640637882648	0.287012485722601	0.437498865902013
2	snp173	-0.0675515135029235	0.0758339723884478	-0.111236065105705	0.0757175627138747	0.793492005597576	2.15823128363582	1.85161011397629	0.373046303996178	0.141807839266428	0.396212317149899
2	snp174	-0.0296970733395814	0.0737903503637914	-0.00598149844603795	0.0739404300622821	0.161967604177255	0.00654419217150327	0.0593137703383867	0.687351414620202	0.935524516783893	0.970778564934295
2	snp175	-0.033849601643823	0.0736872580022843	0.0770927026254028	0.0773617159467365	0.211019374732637	0.993057403340175	1.76985874493032	0.645969599183338	0.31899626478373	0.412743323293087
2	snp176	0.0781690081638174	0.0732930329000857	0.0717845940000734	0.0734905223111573	1.13748012298096	0.954113034320938	2.15572356262976	0.286185420536345	0.328674564876002	0.340322432008691
2	snp177	0.0386368582851206	0.0677825604985778	-0.0535934349250479	0.0683695186293319	0.324913434760632	0.614466402014448	1.72838432309955	0.568669705124977	0.433111069872466	0.421391831687809
2	snp178	-0.116697419250576	0.0729351799791552	-0.02381341140177	0.0744645187519321	2.56004963484173	0.102269105090592	2.45280702712696	0.109595142497196	0.749123426351934	0.293345696600791
2	snp179	-0.020751891682075	0.0697334620681528	-0.0327420090222099	0.070675570481845	0.0885590459643599	0.214620895300713	0.0538674296278045	0.766017085263803	0.643169452385949	0.97342576309376
2	snp180	-0.0973701937453419	0.0659273920608052	0.0512912406212597	0.0678106742041383	2.18132449152681	0.572124153581125	0.413652537479189	0.13969419652005	0.449416066859822	0.813160909186312
2	snp181	0.0974434861104795	0.0709107827612227	0.0277772266361804	0.0699872389342032	1.88834379985693	0.157521574283775	1.56196581715424	0.169388842925849	0.691448669600511	0.457955661467525
2	snp182	0.0888059285540949	0.0693579349071447	-0.0464364198839541	0.068564125113034	1.63942521961023	0.458694551526007	2.62902632963488	0.200404348525737	0.498234708985991	0.268605057805915
2	snp183	-0.0326896687394922	0.0713787111855968	0.0466315292468409	0.0741793818883751	0.209741145336032	0.395178124502492	0.983019726761298	0.646970367295624	0.52959004043198	0.61170210997285
2	snp184	0.0367621452249267	0.0769801032812295	-0.0283449868646536	0.0762955790071207	0.228057686220403	0.138023734427084	0.200385458603752	0.632967779731263	0.710253645789944	0.904663046155895
2	snp185	0.0721177947285488	0.0667693971116359	0.0312711574754954	0.0699199664393728	1.16662147472021	0.200025558099534	0.374573808939746	0.280096525501004	0.65470021704935	0.82920579940415
2	snp186	0.143720177571181	0.0750665387681235	0.061349506849903	0.0775388968297031	3.66558004177934	0.626012372048321	6.79837486559398	0.0555473055207834	0.428821785894278	0.0334003990055466
2	snp187	-0.153396025338418	0.06775223512442	0.0173441766471112	0.0708084787101408	5.12602782609496	0.0599980103339628	6.88052317313922	0.0235696079561766	0.806499085282565	0.0320562987337782
2	snp188	0.0306756488387631	0.0733720207921952	0.0269989433355828	0.0733743710804839	0.174794013362972	0.135395662385593	1.10396422388685	0.675885893072277	0.712901944929637	0.575807363873041
2	snp189	0.0258377831528408	0.0749932861364548	-0.0940799477065234	0.074368767766253	0.11870410264438	1.60034259050084	9.05777851939745	0.730444266769139	0.205854667424422	0.0107926572568923
2	snp190	0.123459814217763	0.0807978327706753	0.109896585515362	0.0824014330954079	2.33481144975489	1.77868428708529	4.57093735553029	0.126510307832638	0.182310971430971	0.101726374042347
2	snp191	-0.0929207209280755	0.0752572511703743	-0.0141955526866496	0.0758979461740244	1.52450354502525	0.0349819942500492	1.72179315783656	0.21693924271592	0.851633394362546	0.422782854145123
2	snp192	-0.100419584904371	0.068654192581682	-0.0973056975876904	0.0706312238496156	2.13945283044246	1.89794261828868	3.67333074032315	0.143553085167391	0.168308786388059	0.159347907422723
2	snp193	-0.000780475509740293	0.0795114088212825	0.0378094325411666	0.0824473649988859	9.63517624171701e-05	0.210303624779034	0.175634145685163	0.992168176007645	0.646529530071972	0.915928409580067
2	snp194	-0.102188956033331	0.0701950384841284	-0.039811239548281	0.0701757827341058	2.11931294991332	0.321837665115422	6.61405000228966	0.145451780263403	0.570505362861836	0.0366249710845767
2	snp195	0.0225524945062521	0.0644266229907816	0.038768916728564	0.0633222863984763	0.12253451489683	0.374847101556275	0.558831681370159	0.726301696625993	0.54037396473907	0.756225368546093
2	snp196	-0.0270866621016151	0.0771006779321084	-0.10493412671713	0.0771024978787206	0.123422570365928	1.85223722905171	1.51034755512383	0.725351678686968	0.17352341542561	0.469928944528266
2	snp197	-0.071939614312829	0.0704434557023152	-0.0123081170851802	0.071907377442135	1.04292938665718	0.0292978896192801	0.343846918525662	0.307141151459747	0.864093034131382	0.842043621341519
2	snp198	0.0282049101334271	0.0715215951861652	0.00980892604653138	0.0744759900811792	0.155515992442835	0.0173464396542667	0.141975037431883	0.693318843880617	0.895216931984762	0.93147351804061
2	snp199	0.00779003338789593	0.072117903104668	0.0938193375523226	0.0734748247515237	0.0116678935073854	1.63045045558878	1.05368116984148	0.913981394784907	0.201640755539887	0.590467557890578
2	snp200	-0.127866706448763	0.0695293496862687	0.0202321173698258	0.0704847247858227	3.38203909041206	0.0823934436836653	4.84438787128346	0.0659104637924319	0.774079716018667	0.0887267430026965
2	snp201	-0.0269972169589376	0.0685678324143329	-0.0804721507495588	0.0698978217466269	0.155023362310947	1.32545178301133	1.16851455431006	0.693780343643695	0.249615964894316	0.557519790761022
2	snp202	-0.0747941026209929	0.0702483753876561	-0.0858722007123934	0.0713687170837996	1.13360601584448	1.44773610733922	0.964374562487158	0.287007474235608	0.228891560874369	0.617431417612313
2	snp203	0.00507054168202236	0.0798765091441215	0.0148230538264292	0.0811476989721667	0.00402968001217492	0.0333674449298926	0.343180603359256	0.949384475395921	0.855058854802238	0.842324201295431
2	snp204	-0.0200613888665711	0.0724595631731683	-0.001363225965547	0.0727845981629141	0.0766532493644641	0.000350797687546174	0.192827567010704	0.781885125789123	0.985056819876763	0.908088186405071
2	snp205	0.023120705888454	0.0677784779803171	0.15718176695831	0.0713130258404373	0.116363976528588	4.85810173112493	7.17306414254451	0.733012007273794	0.0275165956713219	0.0276942056142392
2	snp206	0.0191677021751638	0.0774612471726041	0.0913599042484279	0.0785929422594796	0.0612309694176147	1.35127635121429	0.691397383244958	0.804560816133491	0.245055107273728	0.707725698665669
2	snp207	0.107091053243209	0.0692295771412101	0.142450571097497	0.0727528521421092	2.39289158223139	3.83379019198444	4.59690023471177	0.121887986868442	0.0502292278721945	0.100414353644543
2	snp208	-0.0403904722012742	0.0652985584283626	0.0605509713338543	0.06561414153567	0.382605028648744	0.851622890960281	1.60473164083011	0.536212355999596	0.356093634877051	0.448267188960747
2	snp209	-0.0880470556326023	0.0757904481705072	-0.0670260175546883	0.0758122346188473	1.34958649708053	0.781642627511949	3.2255755437726	0.245350418945423	0.376639236271031	0.199331149013422
2	snp210	0.0677880611796325	0.0793834739649267	0.0675095386090903	0.0811068402817065	0.729199268767241	0.69281186101795	1.4794310535217	0.393142859826024	0.405209606150182	0.477249660969084
2	snp211	-0.166734570725536	0.0725719499162043	-0.000791094279986581	0.0730659576803875	5.27853890824834	0.000117226642563164	5.94306855955448	0.0215898580898428	0.991361372654028	0.0512246570538676
2	snp212	-0.100095171979396	0.0824537850841944	-0.144098263846897	0.0858784230573284	1.47368636828575	2.81546008295185	3.05215611828905	0.22476496731452	0.0933601252881924	0.217386574910255
2	snp213	-0.084286633045819	0.0736351889516853	-0.0891806340886261	0.075600444462206	1.31022716711604	1.39152948924579	4.26201450047168	0.252353529640507	0.238146975280592	0.118717655223284
2	snp214	-0.0988155571267365	0.0694564008731144	-0.0280894983902639	0.0686964508135401	2.02407265193162	0.167193491731672	2.141469720213	0.154823409511498	0.682618180652681	0.342756546736007
2	snp215	-0.0197508391602957	0.0701677202355791	-0.029860674719132	0.0709776095069834	0.0792312252222534	0.176993165417645	0.915848957730085	0.77834194602884	0.673970103066976	0.632595248714575
2	snp216	-0.0801246653465135	0.0675418401663281	-0.00482180524358647	0.0718050380211713	1.40729997442998	0.00450930381367461	0.992920415827455	0.235505130431903	0.946461214685807	0.608681456583023
2	snp217	0.0562925359682374	0.0741840055038967	0.0332126403330843	0.0779078882197279	0.575812475435964	0.181737244896945	0.875838407840351	0.447958393827361	0.669884511057482	0.645377924757161
2	snp218	-0.0413071575402418	0.0769490192113871	-0.0650582158650354	0.0790391377431952	0.288167132264314	0.677516553703297	0.911236911435828	0.591397476058456	0.410443203821526	0.634055711283923
2	snp219	-0.0301915304824373	0.0753476342100222	-0.0246336083364269	0.0756493317086939	0.160557655025313	0.106034177643192	0.392913436446386	0.688643615614128	0.744705147236839	0.821636892430268
2	snp220	-0.00824367846388472	0.0720663063658993	-0.0384757526678796	0.0740507118813328	0.0130851155240817	0.269970165489332	0.330481193093734	0.908928490349425	0.603351786231466	0.847689728329517
2	snp221	-0.00505719878245338	0.0621806242856392	-0.0576256554497185	0.0630877930985775	0.00661469605901793	0.834336197101699	1.10830390082424	0.93517889477834	0.36102166181646	0.574559309432295
2	snp222	0.140361131805568	0.0684044163746665	-0.168832653428243	0.0685633020221419	4.21042018739295	6.06358460739787	15.5977315241558	0.040176383815557	0.0137997302590483	0.000410199979591797
2	snp223	-0.0345849302537885	0.0699813249866166	-0.0516226623730411	0.071347258878931	0.244235891975069	0.523511484095209	0.800376268195636	0.621163330840579	0.469347614495502	0.670193947840586
2	snp224	-0.116113018190675	0.06584385137654	0.00699378293652364	0.0651301085828881	3.10979224515885	0.0115308333057836	3.71424407960558	0.0778228866423993	0.914486157763561	0.156121295312239
2	snp225	-0.0926103823880199	0.071590378477295	-0.0473259678864676	0.0745277568579163	1.67343958514716	0.403239353139172	1.58705676825371	0.195798463076758	0.525421044130484	0.452246278260064
2	snp226	-0.000103008987722067	0.0676260580417691	-0.0154865441964057	0.0687525578285517	2.32018221187038e-06	0.0507377626492415	0.376208860122283	0.998784651190311	0.821784448734372	0.82852817946627
2	snp227	-0.0476383612600888	0.0698564549495891	-0.00263456640750056	0.0700735030659	0.465050956716517	0.00141354826534086	0.296951690483963	0.495272814262694	0.970008852960078	0.862020828823554
2	snp228	0.103253875423162	0.0723535212094764	0.0874059801111259	0.074277620896885	2.03654203564253	1.38473389977047	4.39346797794656	0.153558380653908	0.23929643493773	0.111165634302343
2	snp229	0.0852071080392874	0.0708506314024475	0.0819767246425916	0.072501071732827	1.446319364874	1.27847509251247	5.59853528614096	0.22911946096808	0.258182758660225	0.0608546136075853
2	snp230	-0.0772041641723242	0.0630168928387179	0.00072689674345526	0.0631062931277323	1.50095433595447	0.000132678363325667	0.655320012311021	0.220524580124907	0.990809682596058	0.720607980337993
2	snp231	-0.0440414901055865	0.0763443386348782	-0.0356519460625799	0.075748185096779	0.33279005130987	0.221524629132659	0.728622499444558	0.564020804950016	0.637880674960583	0.694674943707316
2	snp232	-0.0378844198499352	0.0795635407124234	-0.122350211439235	0.0805014288299509	0.226721694359548	2.3099483585112	9.83752590238329	0.633965369523938	0.128548320734419	0.00730816581510085
2	snp233	-0.0979736738051208	0.0697942024651935	0.0131351651790706	0.0688340857055834	1.97051656028139	0.0364136304710467	1.66685263322477	0.160393042682096	0.848663830831347	0.434557800019267
2	snp234	-0.0518457337884516	0.0817844119296802	-0.0242756578568775	0.0827994991412224	0.401869439026881	0.0859580582268898	0.656060750536055	0.526125376665336	0.769379948513595	0.720341138817821
2	snp235	0.0226091524181365	0.0689517956854628	-0.0403570354342506	0.0686606890363626	0.107517065272326	0.345479432406428	0.0798743124035246	0.742988824181473	0.556683336958806	0.960849820707269
2	snp236	-0.0454433631968332	0.0683111683968242	0.0534890349241801	0.0700009225763715	0.442545066519344	0.58387784541972	1.14160431950031	0.505896611217465	0.444796330958228	0.565071978852856
2	snp237	-0.060074550238312	0.0684068328516341	0.0934432315378137	0.0686003322853194	0.771226757458871	1.85542438356247	3.63842333777811	0.379837812453347	0.173153822178548	0.162153531234091
2	snp238	0.0545492704345644	0.0736414340024239	0.00817919203336864	0.0744107979325426	0.548698053299054	0.0120822797288943	1.94163852593842	0.458850157308686	0.912473277919774	0.378772596592006
2	snp239	0.0945406827000212	0.0813140811291388	0.0363348333943396	0.0819695379366136	1.35177979507307	0.196490416127218	3.54172607126358	0.244967211500628	0.657568720301485	0.170186048803142
2	snp240	-0.0208981037233763	0.0698227988171062	0.065060744144436	0.0688015533129942	0.0895816905631366	0.894214208022132	1.8001967665923	0.76470962443593	0.344337846804348	0.406529662044945
2	snp241	-0.0649008047684289	0.0716978504534096	-0.059531326034905	0.073458202077317	0.819384781049589	0.65676579102904	1.25528168025228	0.365360102797082	0.41770406798014	0.533849753485041
2	snp242	0.0565095691179554	0.0686955369787537	-0.00652951857492972	0.0703672660668389	0.676685618118379	0.00861035321227862	0.392163802045908	0.410730361258836	0.926068815448064	0.821944913792148
2	snp243	0.0605548996670984	0.0767418045419262	-0.0742976037296701	0.0761626968105116	0.622636481714426	0.951623125187137	3.68205471256768	0.430069236962084	0.329306488628676	0.158654347810326
2	snp244	0.0376138358158856	0.0746433516798973	-0.087332700978877	0.0746755728389965	0.253929399023019	1.36771830199114	4.77116648269184	0.614321756532997	0.242204298121952	0.0920352851388179
2	snp245	0.132677844896315	0.0750772895974629	0.0841084907397252	0.0762138600998166	3.12305509680002	1.21790037181391	5.77030140997267	0.0771919329580042	0.269773098784024	0.0558463725754458
2	snp246	0.110328554258934	0.0719355023411603	0.0297463975504783	0.0757816388949844	2.3522815002033	0.154078048440227	4.61470306972633	0.125099798052459	0.69466829853787	0.0995244899588303
2	snp247	0.0121886289418797	0.0720757099665879	0.0457549120115181	0.0732109950998319	0.0285977492616203	0.390591537063543	0.193471263906204	0.865711149214848	0.531988628588113	0.907795966659615
2	snp248	-0.12486454189771	0.0735970274366643	-0.0553116059355571	0.0748033605788952	2.87844349846334	0.546751921257342	4.58719042725234	0.0897727592954451	0.459647902827239	0.100903040969661
2	snp249	-0.0509810560292717	0.0738173251458005	-0.189184216851538	0.0728621057745368	0.476980963530967	6.74165254607626	12.0816700805178	0.489793007869402	0.00941873369317536	0.00237957104613529
2	snp250	0.0967159149410495	0.068461904412739	-0.0431268584027901	0.0697060066590229	1.99571231704241	0.382785289062246	1.57523594873876	0.157744885770919	0.536116353453614	0.454927153808137
2	snp251	-0.00957697428215619	0.0744807995012523	-0.0566570754867166	0.0768805713961155	0.0165336211734486	0.543094121478972	1.70266530792871	0.897687516244291	0.461153243446987	0.426845715114019
2	snp252	-0.0457134039173562	0.0719466688633811	-0.131101714546975	0.0718352757743968	0.403706498396936	3.33074370797664	3.06047501839013	0.52518124820309	0.0679961216814002	0.216484244210932
2	snp253	0.0029835795590664	0.0657374740121635	-0.011835866154071	0.0698963273503513	0.00205991462910896	0.0286742044349503	0.0863061222094588	0.963799414788416	0.865533467467291	0.957764782311693
2	snp254	0.132116853054031	0.0691926591699457	-0.0773603791275568	0.0716380751628129	3.64582986430562	1.16613642846425	6.78266777081319	0.0562097849258971	0.280196524906838	0.0336637433621376
2	snp255	-0.00716790450375667	0.0764844695810027	-0.171606435245635	0.0755985212503772	0.0087828992915225	5.15276740187108	2.48088294787195	0.925333867327866	0.0232093551950238	0.289256490545581
2	snp256	0.208935826635901	0.0748636626109033	0.0343006274774339	0.0753077967189653	7.78903562443229	0.20745516240714	11.5252074088002	0.00525642453071784	0.648769375670331	0.00314291770717479
2	snp257	0.0628926620614825	0.06486391336786	0.0998816711741316	0.0651558775722534	0.940142446544686	2.34998128238882	1.98816879519003	0.332241210744576	0.125284511681518	0.370062119241087
2	snp258	0.0977473454121905	0.0685835491590066	0.0246282186292958	0.069215565449941	2.03128111998253	0.126607215730526	2.76260486471965	0.154090669569789	0.721976061303701	0.251251102298736
2	snp259	0.0307561382691979	0.0807789205664349	-0.0517192562697356	0.0816536492251412	0.144966454856931	0.401192997824089	0.974752792458723	0.703392766719048	0.52647378546494	0.614235793391941
2	snp260	-0.0844550864493044	0.0791401031623306	0.095229852714172	0.0804277761090712	1.13882868453784	1.40195509956589	13.4927582896489	0.285899968462445	0.236396497395689	0.00117512689106092
2	snp261	0.0515336933484728	0.066758620224287	0.132517112584632	0.0674895222692012	0.595892382372696	3.85541578396363	4.55630618673438	0.44014957400492	0.0495856352821812	0.102473290651792
2	snp262	0.0579988331997797	0.0694446558884563	-0.102937290429716	0.0722956361844905	0.697526726693307	2.02731529607383	3.06184143539324	0.403615999916674	0.154493307090078	0.216336390847922
2	snp263	0.157329619272516	0.069871993545643	0.0521150376188384	0.0707483907541469	5.07007886090742	0.542616479741788	4.26472158488885	0.0243422762114774	0.461350390721828	0.118557074566899
2	snp264	-0.048381902048881	0.0722523867390261	-0.01455248971328	0.0724269055367315	0.448395742175609	0.0403714865767433	0.457625698243852	0.50309777695034	0.840755991420808	0.795477393867736
2	snp265	-0.114762136893425	0.0678649542622196	-0.021300684003336	0.0684452896905944	2.85960554894167	0.0968500763372775	3.98071123567922	0.0908297693402996	0.755642920511215	0.136646822756146
2	snp266	0.102598965572201	0.0693989441674305	0.137441369896284	0.0724199162585809	2.18564809105148	3.60179436073099	5.59536640603679	0.139302416320707	0.0577172422038356	0.0609511105213392
2	snp267	-0.0169395904707089	0.0718784390958748	-0.0205540077316123	0.0725311957632172	0.0555403405653644	0.0803051423639012	0.193851574477172	0.813688764493218	0.776884316548139	0.907623360869885
2	snp268	-0.0668894387533226	0.0751412277416026	0.0874518429678136	0.076567609243699	0.792425660200901	1.30451103999287	0.444832754816349	0.373367665509327	0.253390871433868	0.800581950688862
2	snp269	0.0940740796110448	0.0745067960401966	0.122833146878112	0.0737026439654932	1.5942197303203	2.777570052145	3.57971778791037	0.206724286600194	0.0955931037922939	0.166983730418467
2	snp270	0.020893141052351	0.0720022133477382	0.0666800177153458	0.0726771561036928	0.0842007148909023	0.841774108529471	2.60658944440817	0.771683436165816	0.358889867400677	0.271635354053808
2	snp271	0.0321425147036906	0.0709937738095081	-0.0092859784689819	0.0712435016231718	0.204983628935118	0.0169888832123088	0.347171713503216	0.650727923039091	0.896296318896889	0.840644973016796
2	snp272	-0.032033211833309	0.0697689330353525	0.0943321689565893	0.0698519096470752	0.210803010371392	1.82374062839024	5.45888896496212	0.646138739528309	0.176868663932992	0.0652555301913017
2	snp273	-0.0748280751959735	0.0747955736918661	0.0434598847373582	0.0778070961499042	1.00086926442485	0.311988600401222	0.102191586055082	0.317100262699557	0.576462456737395	0.950187644821453
3	snp274	0.047576644696304	0.0772767985395924	0.0854363900488908	0.0758032297189636	0.379043782981842	1.27031188072682	1.45415877024594	0.538115432250518	0.25970817944681	0.483318517998184
3	snp275	0.153828782979439	0.063972774271584	-0.0244776303637675	0.0666566910261712	5.78208988108914	0.134850090812116	1.98287966103026	0.0161902798899808	0.713455366447409	0.371042068538846
3	snp276	0.0681605111053103	0.0787694374727175	-0.0286207926053377	0.0796586460929753	0.748773022290173	0.1290914478933	1.56694570052848	0.386864977413748	0.719375922850527	0.456816797016615
3	snp277	-0.214710951658582	0.0674158464051634	-0.0854786725384892	0.0683907793749171	10.1434200578384	1.56214172369649	11.8456809438731	0.00144817230621508	0.211351906096036	0.00267758376343252
3	snp278	0.0601947653938851	0.0681804644586701	-0.158920952199313	0.0689389504193126	0.779466655663778	5.31413989320464	2.24869618806254	0.377304305076081	0.0211530333775511	0.324864179240206
3	snp279	0.0432269315560237	0.0688843126516621	0.12256459011488	0.0687004574085181	0.393793150931004	3.18281046346521	2.95811798647524	0.530312269071295	0.0744166309712576	0.227851997805448
3	snp280	-0.0463938892468378	0.0757369436903421	0.0146253372577697	0.0799856996171703	0.375237308146693	0.03343390341956	2.01773115903933	0.540163235289188	0.854916185641207	0.364632391488414
3	snp281	-0.0307287785530084	0.0802763781280044	0.0749636854355719	0.0792975568183036	0.146526121958532	0.893680425625401	9.39667644669404	0.701877473996976	0.344481892460498	0.00911040398610641
3	snp282	-0.012678483938699	0.0666304061516135	0.0789480894836938	0.0683414652952002	0.0362067654390118	1.33448801277735	1.83554910666028	0.849089134015664	0.248008362357218	0.399406911545112
3	snp283	-0.0718010655564815	0.0651606820659369	7.51326191124661e-06	0.0640519671171545	1.21420085837075	1.37591660869522e-08	0.771767385749585	0.270501745653173	0.999906408562667	0.679849592433888
3	snp284	-0.0853179481568092	0.0709442836941963	0.000121329653278322	0.070066245537476	1.44625871363405	2.99858400248787e-06	0.796339566990197	0.229129223546331	0.998618350277012	0.671548000215692
3	snp285	0.0426727355087772	0.0794407884417479	0.0845803772488428	0.0804586952414059	0.288545214640856	1.10507884380919	2.36877115491844	0.591154302609695	0.293154205963754	0.305934094566869
3	snp286	-0.00631042841823249	0.0725390060649785	-0.0556918685367087	0.0739921793736776	0.00756788437874506	0.566515686919228	1.62155557339373	0.930676608703652	0.451646821104006	0.444512196061082
3	snp287	0.0190463965432741	0.0638481517622646	-0.159200925306847	0.0646525619905517	0.0889874954832309	6.06344854545614	5.63310503500842	0.765468313092784	0.0138007934433386	0.0598117877728263
3	snp288	-0.0290467973579944	0.0657355199456924	0.0351765546375788	0.0671892218644645	0.195252365920415	0.274098953678478	0.196602858827515	0.658580603784287	0.600595318926745	0.90637565429116
3	snp289	-0.0352378081161996	0.0681208578606877	0.0278808816683754	0.069247737987451	0.267582406767801	0.162107020413215	0.928664688471055	0.604958144049796	0.68722399686209	0.628554623244728
3	snp290	-0.122696870605782	0.076392644419509	-0.0894594911292339	0.0786883596472206	2.5796684045381	1.29250390198225	2.05483646474151	0.108244335576683	0.255587025705921	0.357929860427216
3	snp291	0.0655465281958573	0.0676920118333181	0.0789703271146848	0.0707424992297201	0.937614992938399	1.24614068790833	2.07143214071553	0.332891960143602	0.264290867114786	0.354972104893905
3	snp292	-0.00356461101582666	0.071789226077351	0.0917682190487459	0.0735157146926596	0.00246550420087642	1.55820372969576	2.90672664641041	0.960398238393338	0.211928422698628	0.233782677637313
3	snp293	0.110533552376869	0.068715832202479	0.102972797021514	0.0693406952607456	2.58746589764539	2.20530486350957	6.9147336843127	0.107712544162582	0.137536701140644	0.0315126305978947
3	snp294	0.136570886301619	0.0635832910994341	-0.085874021736042	0.0634080586654674	4.61349706681121	1.83414933104411	6.08426352144849	0.0317212813211543	0.17563823238704	0.0477330255688596
3	snp295	0.164199356559696	0.0718863032583015	0.13259777011899	0.0736123816254222	5.21735755283249	3.24467127051223	8.29300890862781	0.0223625069023896	0.0716560634663311	0.015819618146649
3	snp296	0.0914672893868398	0.077644361801099	0.0199290210132254	0.0780071670745106	1.38775170274358	0.0652683926655701	1.37395130555596	0.23878515039725	0.798354864178726	0.503095305448336
3	snp297	0.178620109606313	0.0734607100283346	0.107174194810804	0.077666690688744	5.9122182775128	1.90419253167028	11.5048528042275	0.0150362261703481	0.167609791149281	0.00317506745207941
3	snp298	-0.0915930687850769	0.074386101588233	0.0550473966499908	0.0762798848700229	1.51614808751414	0.520779058038271	1.75177792330572	0.218203334331276	0.470509547102359	0.416491609992876
3	snp299	-0.00786732930849505	0.0718610257300545	0.0352049591477162	0.072483705424605	0.0119858222928179	0.235899443280144	1.28844711599314	0.912821958350332	0.627183567728687	0.525070070332454
3	snp300	-0.0301370881861754	0.0650199991671419	0.0837485986017959	0.0658680406339054	0.214836791956303	1.61661129049958	4.02845251377949	0.643002503691215	0.203564942868571	0.133423599027828
3	snp301	0.0568743954981354	0.0758069381193878	0.0677575764947081	0.075435626219633	0.562879816444083	0.80679412721803	0.990081835209311	0.453102242366961	0.369069768622322	0.609545965625195
3	snp302	-0.00806106354342944	0.0629923081570915	-0.0743474321024228	0.0624703662935402	0.0163760684587371	1.4163932259957	3.96985867759791	0.898173494899492	0.233997973800468	0.137390321939127
3	snp303	0.0135025429690093	0.0765991773238914	-0.0826843858170848	0.0783726810185058	0.0310729814199473	1.11305750509451	0.159964155691965	0.860077665850118	0.291418279242086	0.923132890768227
3	snp304	0.0805331468911292	0.0716571157899812	0.0371996710642527	0.0725550681580055	1.26307951613381	0.262871008021315	1.53707376764611	0.261068984163704	0.608154559296195	0.463691006051508
3	snp305	-0.0185740008877972	0.0693825140426674	-0.161032734816779	0.0713053922833458	0.0716656195077269	5.10015752753608	7.13347985347714	0.788926900462151	0.023923670729057	0.0282477936100607
3	snp306	0.0393546143379186	0.0694390142277001	-0.165673308315972	0.0693113273702942	0.321206428053236	5.71342666547649	5.66392705669236	0.57088352636892	0.0168356454602511	0.0588970939444217
3	snp307	0.078783300095079	0.0753952479992934	-0.122171102176596	0.0770706689601785	1.09189377293792	2.51280464748526	2.58297347328403	0.296051990648898	0.112924797371675	0.274861832006665
3	snp308	-0.0533403514216426	0.0581569932971725	0.0300301971681074	0.0590549167518883	0.841216638837346	0.258585544978701	2.07691628875093	0.359049043212182	0.611093573697803	0.354000078401414
3	snp309	-0.0182799125104218	0.0634841888639381	0.0915467039045337	0.0629025903554484	0.0829119397409196	2.1181092860083	3.40931446473288	0.773389349399501	0.145566148960552	0.18183470254543
3	snp310	0.101316861246176	0.072534914258749	0.00707400192361688	0.0728969375794068	1.95105382215925	0.00941698284824612	1.56603235801543	0.162473336603926	0.922693723624621	0.457025459758822
3	snp311	-0.0218809431801744	0.0773584344679336	0.073692427313545	0.0775821414236027	0.080004926834006	0.902240250484169	2.04458272102749	0.777290734210368	0.34218172709255	0.359769633064863
3	snp312	-0.0152163962515054	0.0623136181106128	-0.0405440635687328	0.0640138964644308	0.0596290213594497	0.401149284651568	0.54342179492457	0.807083250894226	0.52649631459097	0.762074546931151
3	snp313	0.0613927400760416	0.0673457811328681	0.146912242103314	0.069377180935136	0.831023385441383	4.48417626890379	8.83232662075839	0.3619767732941	0.0342100287606023	0.0120804925852858
3	snp314	0.00115345766058453	0.0687550599855639	0.124747532879491	0.0704469274895805	0.000281445289796431	3.1357383551195	3.37500637364265	0.98661505217657	0.0765936975109391	0.184980810405574
3	snp315	0.0744729125433096	0.0700645548467873	0.0518102007852394	0.0701302865947985	1.12979576805603	0.545782144363726	1.97299897635098	0.28781890611415	0.460046247566279	0.372879678854316
3	snp316	0.0340889147634417	0.0686792650679674	-0.00683542583856845	0.0700302785373864	0.246362766694472	0.00952707192811192	2.72426230427469	0.619647890200808	0.922244587636386	0.25611437622852
3	snp317	-0.000839925132928765	0.077769691505787	-0.0612310843743491	0.0796961310136418	0.000116643462001506	0.59029543500063	3.0948470595858	0.991382886383045	0.442304898574042	0.212795529485348
3	snp318	-0.159246789088475	0.0710363949911916	-0.158252824022035	0.0718217064665712	5.02550306137679	4.85502530892129	5.23403785451629	0.0249766690261334	0.0275657093159322	0.0730202172710777
3	snp319	0.116123504520388	0.0763555153119005	0.096595281239971	0.0765764726594835	2.31291377741035	1.59118658041316	3.3241311366026	0.12830333834781	0.207156686483222	0.189746640393109
3	snp320	-0.0281459246363015	0.0705758823950916	-0.0951537294360876	0.0713791444769229	0.159044409287992	1.77708807458658	1.35535901891469	0.690037833785583	0.182507301017672	0.507793957345042
3	snp321	-0.147654055369647	0.0706359511874786	0.0110944976568989	0.0724915352761408	4.36957465234244	0.0234229014026235	3.36932942911799	0.0365861233033398	0.878362455083839	0.185506619198778
3	snp322	0.105971739965688	0.0693734799299464	0.0741770189315169	0.0705767916397138	2.33342136404982	1.10462515183926	3.34577387616985	0.126623298733354	0.2932533127852	0.187704391725479
3	snp323	0.0218767640436181	0.0727756476673591	-0.0158198600229702	0.0730520724092884	0.0903637004080375	0.0468964740431374	0.287204011015929	0.76371529410458	0.828554427629478	0.866232435200896
3	snp324	0.100576538406211	0.0677657332782924	0.00853417020637472	0.0679760312364062	2.20278993902372	0.0157619879380206	2.33137268497808	0.137761203965527	0.900090711904781	0.311708649707677
3	snp325	0.0406207448451091	0.068018577353512	0.098761472408543	0.0729949294623811	0.356648725890769	1.83058426797	1.85945457334939	0.550373364065102	0.176058550255789	0.394661325099287
3	snp326	0.00896619425479714	0.0704949612057853	0.0508212065504933	0.0718878438087728	0.0161770800933292	0.499780178249703	0.697843663639055	0.898790692012025	0.479596725876644	0.705448271722591
3	snp327	0.033220006609772	0.0763048264771008	0.148790401205905	0.0767851456022951	0.189537614750554	3.75487432132161	5.42514752327942	0.6633017356262	0.0526537539128739	0.0663657770235064
3	snp328	-0.0304067168227759	0.0881325261355915	0.133954662930229	0.0899729698858152	0.119032792496235	2.21662159228165	2.60007334102079	0.730085880614756	0.136531536720273	0.272521799337301
3	snp329	0.0571968942020579	0.0728317406265533	-0.0131342781565211	0.0725725943298829	0.616741986903426	0.032754209454793	1.43543157902382	0.432260566863363	0.856382300679066	0.487865371379109
3	snp330	0.112139929225758	0.0676037140703054	0.115899129372222	0.0701745168281275	2.75156288572515	2.72773065852776	6.64278305888733	0.0971594150804131	0.0986193252867095	0.0361025590103025
3	snp331	0.0136209800102812	0.0656151166442605	0.022040619832453	0.0662493608380235	0.0430932154545066	0.110683841082943	0.164312691255377	0.83554985161734	0.739366931669066	0.921127933112873
3	snp332	0.0176255554593553	0.0672490774338531	-0.108617184269493	0.0713528541218875	0.0686930758796027	2.31725795184142	3.47347875707293	0.793249250353902	0.127945390736877	0.176093640253394
3	snp333	0.0375905661583775	0.074854533747596	0.142022873231335	0.0760467668206377	0.252186314211867	3.4878281627679	2.37343156529006	0.615539816367781	0.0618216407009875	0.305222035297491
3	snp334	-0.0274300045539463	0.0737729139749122	0.0345723802560839	0.0757793973583626	0.138247689953533	0.208140343903376	0.260901569315881	0.710029297318725	0.648228904255271	0.877699688176175
3	snp335	-0.0700676858051606	0.0749048434825706	-0.0596164867944884	0.0768297766733018	0.875015499587294	0.602106918206472	0.351231773345878	0.349570538179107	0.437775268630968	0.838940169554835
3	snp336	-0.00548611981077051	0.0764540102881458	0.172593384535988	0.0755327833538964	0.0051490846837437	5.22128396523263	4.40182908629769	0.942795195798755	0.0223120712101178	0.110701870416142
3	snp337	0.00646752053956357	0.0672046861585477	-0.00165724077653971	0.0686420564306323	0.00926139737362233	0.000582895428536344	9.60593602413292	0.923333017167268	0.980738362893555	0.00820535727295379
3	snp338	0.0988235270883539	0.0684931747722018	0.0705944544426708	0.0690480754900923	2.08173817495064	1.04529293682644	2.7803494297887	0.149070341693038	0.306593661944032	0.249031791267462
3	snp339	0.107470418533697	0.0714330203630365	-0.0937100815629703	0.0707375626565008	2.26349663559188	1.75498111919317	3.89307138721816	0.132454692560972	0.185251759709691	0.142767807294062
3	snp340	-0.000669372298276173	0.0765177223226132	0.18416678100834	0.0777210326933906	7.65264209659824e-05	5.61494452081903	4.5252476119967	0.993020244275502	0.0178079448708547	0.104077048206032
3	snp341	0.0104693835160077	0.0731342528554806	0.147518197856153	0.0755650344741519	0.0204927650333427	3.81109194742451	3.07344051292225	0.886169393158689	0.0509142481606382	0.215085370739302
3	snp342	0.057786166012624	0.0741179477789476	-0.0802395733609192	0.0752174469511605	0.6078563951789	1.13799419023933	0.963798821971027	0.435596058679779	0.286076564489034	0.617609183339344
3	snp343	0.0401710480368986	0.0709684749979469	0.144986801864527	0.0702438562125137	0.320402118261228	4.26030066584835	5.76651397049989	0.57136608678383	0.039013015821985	0.0559522301540551
3	snp344	-0.033895672474808	0.0841621532290414	-0.0269244295142236	0.0855074134019185	0.16220148759811	0.0991483478235298	1.26034448465769	0.687137695922818	0.752854053400846	0.532500074054628
3	snp345	0.0663774427910725	0.0683604096305541	-0.0922689065928479	0.0717214095235441	0.942826370935809	1.65505761265899	2.48012935508305	0.331552029821947	0.198271958478977	0.289365501884539
3	snp346	-0.0536173500888411	0.0722294267324202	0.121990713641821	0.0727295647651777	0.551039024266049	2.81340054063025	4.02989135108542	0.457893459933728	0.0934800309801853	0.133327646121235
3	snp347	-0.0822357387730484	0.067476540173942	0.0091484388876465	0.0684637824313082	1.48530479847258	0.0178555077503255	1.91608958358167	0.22294637826684	0.893699507510774	0.383642253635175
3	snp348	0.0131698155838785	0.0832867252537488	0.0784155724405353	0.0860962278590128	0.0250039035145755	0.829538192823802	1.6494717964476	0.874357334814756	0.362406099351069	0.438350746389589
3	snp349	0.0586202786470319	0.0761617133420577	-0.126987168905015	0.0783058466976976	0.592409952603769	2.62985196324407	4.99003359160041	0.441488715212195	0.104871490912406	0.0824950658094658
3	snp350	-0.0410729938689672	0.0677473984878215	0.00852061757743139	0.0690475136614549	0.367559350083934	0.015228111854687	1.127481883852	0.544337646321881	0.901788586520593	0.569076195868372
3	snp351	-0.0598239051894606	0.0659038372460924	-0.0651831873714888	0.0673904917520427	0.824001713617015	0.935564933204223	0.37593569563921	0.364012750781436	0.333421043414774	0.828641349430526
3	snp352	-0.0217715672193815	0.0743686082416673	-0.0477758953700685	0.0744968033554614	0.0857037997900765	0.411284549174305	0.803489674248586	0.769711633419663	0.521318237997728	0.669151466521092
3	snp353	0.0507378231894886	0.0658751175421273	0.0628905170496055	0.0661152897688357	0.593226926146499	0.904829016141627	2.56002581861493	0.441173992303198	0.341490165989247	0.278033711207364
3	snp354	0.0406534406633752	0.0725547322033449	0.0018711276642635	0.0712492851582646	0.313951909009611	0.000689677117053707	4.22656166870289	0.575265200410873	0.97904859984436	0.120840856530516
3	snp355	-0.180976878174432	0.0639567381481777	0.0311358503027235	0.0646827430043632	8.00706902562166	0.231709907357752	8.7715612462898	0.00465950930836745	0.630258846321025	0.0124531631116854
3	snp356	0.0507125462973854	0.0696168028217293	-0.0327723692984653	0.0709682623418301	0.530643300906459	0.213249163808961	0.818721582588845	0.466336527957565	0.644232575275675	0.664074596762245
3	snp357	-0.0355224186621122	0.0878065239740285	-0.000300030622524075	0.0912745944657075	0.16366336910281	1.08051634811041e-05	0.286511103166853	0.685805894833223	0.997377261747649	0.866532596820716
3	snp358	0.0631060268244857	0.0805270221047293	0.0232292507938806	0.0817770627538823	0.614127290801054	0.080687710099497	1.48314061007095	0.433238030837481	0.776367601805006	0.476365289076767
3	snp359	0.10258728262569	0.0769577318014259	0.053540408086458	0.0808039137800595	1.7769799767444	0.439034410937837	0.810705787452003	0.182520605598099	0.50758887260919	0.666741480452288
3	snp360	0.00641359376677465	0.0704742548020581	0.0173751955013972	0.0717401775790212	0.00828212750714546	0.0586589797434639	0.553718396594544	0.927487668680515	0.808628170648097	0.758161239989075
3	snp361	-0.023313249185519	0.069181028790995	-0.0585116674370764	0.0697295492353628	0.11356161996817	0.704127382511097	0.987038897816157	0.736125154494555	0.401400299567159	0.610474076597877
3	snp362	-0.04234293180652	0.0771605041879318	0.0066733547875243	0.0778622522371956	0.301142281678344	0.00734572228825413	0.163709072285179	0.583167197420877	0.931699186970252	0.921405980216592
3	snp363	-0.0494811752746961	0.0724203772535249	0.0277264307121379	0.077122590155602	0.466829666529147	0.129248263565036	0.605325348507217	0.49444929711959	0.719212741664489	0.738848286888776
3	snp364	-0.0294151518730299	0.0772111423440494	0.0604110784591097	0.0766669799580983	0.145138367615749	0.620892574040445	4.01604541197009	0.703225288632836	0.430715793186192	0.13425387177322
3	snp365	-0.0589093977510584	0.075100357263346	0.0322792764616409	0.075027071680273	0.6152975129232	0.185102204280229	1.4337370359011	0.432800146556212	0.667024662970749	0.488278900995254
3	snp366	-0.0416856620757908	0.0759724851657687	0.032886279605059	0.0802399795535344	0.301065326641115	0.167976245962061	2.07918298926193	0.583215326232457	0.681916680407134	0.353599099589752
3	snp367	-0.114148376800948	0.0739925666599965	-0.0491925134843233	0.074706151225514	2.3799251336942	0.433596034246581	1.10780063791409	0.122903436844803	0.510229683959172	0.574703904818964
3	snp368	-0.0312954157619698	0.0801793774968784	0.0105441770275643	0.0805168538224995	0.152347766246081	0.017149512705148	0.368663693844528	0.696301769764059	0.895809997382403	0.831659774292959
3	snp369	0.0462381366569903	0.0702314955132979	-0.0482432004394256	0.0698909595400696	0.433447812576926	0.476464135745953	0.0772923151521826	0.510301990593546	0.490028298215042	0.962091077563328
3	snp370	-0.0846013910553238	0.0734443359994476	-0.0414210392765537	0.0720263263456452	1.32690059969264	0.330719234370757	1.95633980902603	0.249357353634969	0.565235883431306	0.37599858288846
3	snp371	0.0147424242007324	0.0739671468234038	-0.18395253122483	0.0750681214331137	0.0397246494548948	6.00482618198771	16.051167353808	0.842019917067744	0.014266799427736	0.000326989114404541
3	snp372	0.0651572144736496	0.0666249855228001	-0.00587424917653559	0.0682311508500089	0.95642465689076	0.00741206699744462	0.477012250410565	0.328089329803708	0.931392200311621	0.787803862781981
3	snp373	0.0441505190785006	0.0696471726921033	0.015126965502173	0.0711811626153293	0.401850622848935	0.0451620324695121	0.0221329692865146	0.52613506259417	0.83170636462949	0.988994523641452
3	snp374	0.0413660873527954	0.0718777946106303	-0.0230645661082814	0.0744768643995344	0.331206920439812	0.0959064488208273	1.19635323742366	0.56494927236118	0.756798485115684	0.549813241839093
3	snp375	-0.0619663525598968	0.0679477068385113	-0.172241365283264	0.0682990267609556	0.831691491563966	6.35983558315087	10.2842270913129	0.361783872211208	0.0116732360222637	0.00584532229284296
3	snp376	0.087045759593034	0.0757701827798012	0.0955625374934264	0.0796335353350755	1.3197709633775	1.44006917042335	3.26771302634646	0.25063315973003	0.230128147495026	0.195175424272374
3	snp377	0.164945192235888	0.0647789983520585	0.0173205337356252	0.0641687607877923	6.48352016538096	0.0728576630273151	6.80677192253796	0.0108879144396139	0.787220579493312	0.0332604604529102
3	snp378	-0.0535243488756694	0.0737519605096287	0.00335595365456633	0.078084240270116	0.526690696175722	0.00184716261814548	2.05031531386604	0.46800149203605	0.965718569071596	0.358739903114473
3	snp379	0.118447481783471	0.0690059883565051	0.00940861415786467	0.0692436445972327	2.94630771403837	0.0184625413149307	1.7937582660738	0.0860740057698668	0.891918569988134	0.407840491576957
3	snp380	0.0334333370507025	0.0815540893543883	0.0434587375432108	0.081135708805309	0.16806139643486	0.286899732391969	1.19789764480685	0.68184048420183	0.592214138871916	0.549388837908288
3	snp381	0.111532429919307	0.0708498138440768	-0.0150346976285088	0.0727743176637288	2.47813465636491	0.0426808551213357	1.65093420671012	0.115439089384094	0.83632737314968	0.438030339230492
3	snp382	-0.071231093172489	0.0715506504612326	-0.0542324519916454	0.0736060365730973	0.991087608895841	0.542864715372215	1.2894531084155	0.319476698597249	0.461247914427972	0.524806028488064
3	snp383	-0.0384238072726614	0.0705753458661307	-0.0847565543645502	0.0722381867497391	0.296411302840977	1.37661631826829	1.68441757283328	0.586141007759314	0.24067835328973	0.430758019415225
3	snp384	0.142073105152382	0.0647242450644388	-0.0224886939136821	0.0669774739290709	4.81825474610244	0.112738159086247	4.58683145531727	0.028159843927586	0.737048058565188	0.100921153275001
3	snp385	-0.120257180887216	0.068889804057251	0.0815634449083251	0.0714673075197316	3.04727843662546	1.30249564330466	4.76176451578935	0.0808725595255987	0.253757868385381	0.0924689600418001
3	snp386	0.0187980379402379	0.0726568699841204	-0.0249124280257023	0.075736598689891	0.0669378369100753	0.108198320528886	0.0526344893197376	0.795848605089333	0.742204719673012	0.974026036030039
3	snp387	0.103287078120168	0.0733908107633576	0.0294567356564498	0.0756683614432995	1.98065398841921	0.151544638311542	3.21579849223799	0.159321527409396	0.697063595420681	0.200307970133897
3	snp388	-0.00385661087668944	0.0733914019532459	-0.0748720157426008	0.0728995351387535	0.00276134884919673	1.05484714865143	1.22231011349239	0.958091620974998	0.304393380137998	0.542723630305545
3	snp389	-0.0395924296236445	0.0737774241168862	-0.0563091346951176	0.0747623928859163	0.287989948834628	0.567271964751389	1.87035721442449	0.591511506882215	0.451345005854853	0.392515753125985
3	snp390	-0.0919008793969763	0.0757987825820323	0.0717454558299222	0.0776326659941732	1.46999166920487	0.854082448633702	1.01651654177901	0.225347008117944	0.355399992416637	0.601542390809436
3	snp391	0.010806214159083	0.0695899371401026	-0.111848380026094	0.0663888386083176	0.0241131668919108	2.83837160881651	1.26041384436156	0.876597311398543	0.0920374427835264	0.532481607351117
3	snp392	-0.045473647812349	0.0797312591438909	0.0507957429494271	0.0818665660012818	0.325283730837989	0.38498294120809	1.23436170700008	0.568449484799126	0.53494844137363	0.539463121463427
3	snp393	-0.0524011595400788	0.0701726130874023	0.000462202229427683	0.0718907357202958	0.557630469797341	4.13350260471082e-05	0.544435919945173	0.455216540835547	0.994870250268917	0.761688225451195
3	snp394	0.188128780872494	0.0676503932713139	-0.134951193843961	0.0684452161238785	7.73338855010447	3.88747190565514	11.4058675101871	0.00542089205351948	0.0486475999579991	0.00333616359942346
3	snp395	0.0117768623432099	0.0633560584300826	-0.020531050763704	0.0660371067985034	0.0345527721346026	0.0966598858662785	0.218039319051292	0.852535918094073	0.755875329077917	0.896712788376886
3	snp396	0.020908606542878	0.0796132243870886	-0.106636324857419	0.0822624157319281	0.0689731011978738	1.68037967615883	2.84518510945144	0.792837852466714	0.194874010126559	0.241088171699763
3	snp397	0.045592200882271	0.0805970737766409	-0.0318863551209687	0.0799163085264614	0.319994538830821	0.159198483866328	1.70226163763079	0.571610926934131	0.68989552755159	0.426931876277395
3	snp398	0.00181384572197915	0.0786304854232453	0.00741418643199472	0.0799747501685145	0.000532131265239058	0.00859451196336144	0.0533639582411398	0.981596054683671	0.926136660924533	0.973670839949142
3	snp399	-0.0144737313247727	0.0773561657728674	-0.0478625975749832	0.0778647574423173	0.035008309700899	0.37784237232385	1.3092854360655	0.851578247876278	0.538760230086092	0.519627683026486
3	snp400	-0.0336273362031562	0.0722723978786947	-0.100110996684447	0.0737402165077205	0.216491078325689	1.84312484548498	3.4727043287045	0.641726646423785	0.174585137458916	0.176161839411639
3	snp401	-0.0209330271078961	0.0732730090010363	-0.0394967753146127	0.0724418448344962	0.0816161339104153	0.297265340228935	0.325773173734222	0.77511910656393	0.585601907573945	0.8496875486771
3	snp402	-0.118006254883678	0.0650298470658546	-0.0580063752413961	0.0671725372204082	3.29294585510686	0.745706536823995	3.5100263043527	0.0695780849162462	0.387838980455493	0.172904968200129
3	snp403	0.0128809867847928	0.0733988790067296	0.113360717575824	0.0747484503627061	0.0307977801917421	2.29996266134221	3.96077708311635	0.86069229940248	0.129377108919537	0.138015602094722
3	snp404	0.0742623548350948	0.073334145527455	-0.128115027666625	0.0755163935650427	1.02547472514868	2.87817811795716	4.44813789178554	0.311223899558217	0.0897875569535797	0.108168082103103
3	snp405	0.0707194969096557	0.0727496893869177	-0.0451364089561724	0.0738236532807243	0.944965685343366	0.373820351210158	6.19217366438747	0.33100405788394	0.540929178269771	0.0452258328489746
3	snp406	0.055199534981489	0.0686094132858446	0.0710950448612572	0.0713581928812927	0.647296751191579	0.992638187622388	2.33931083031278	0.42108082271677	0.319098432134153	0.310473907437805
3	snp407	0.0337715473542963	0.0686037373692436	-0.0369989466217199	0.0698798682709622	0.242329545663351	0.280333219072425	4.11668852164836	0.622528633850844	0.596482896315109	0.127665175228111
3	snp408	0.0209123087367478	0.0723974255276798	0.00209937938619762	0.0722652089664136	0.0834368151200528	0.000843962852644948	1.41870279765547	0.772692865673993	0.976823884712707	0.491963181899433
3	snp409	-0.0302960498486419	0.0766873266167423	-0.0198244683827786	0.0779392794877699	0.156071935790882	0.0646979212200546	0.151521038921072	0.692799045104312	0.799219102965392	0.92703818758352
3	snp410	0.0345851998537307	0.0701344005679368	-0.0211192806839657	0.0699597886072389	0.243174706473672	0.0911299783927422	0.548286065635554	0.621922518706364	0.762745507316267	0.760223330598924
4	snp411	0.0387738024266047	0.0814743717811867	0.0819029845894183	0.0817448428904803	0.226482549435638	1.00387289673558	1.32452414127968	0.634144320156854	0.316375191426933	0.515683501620988
4	snp412	0.0376218244064367	0.0681815313415075	-0.0662471963697388	0.0698319236943142	0.304471188071034	0.899967849196932	0.947704263193704	0.581092870239143	0.34279033210511	0.622599308526988
4	snp413	0.00958375610560852	0.0741303679511609	-0.0611593971547081	0.0746593687744922	0.0167139536829634	0.671054455710324	0.423764449969721	0.897134152235165	0.412684217215931	0.80905997900678
4	snp414	0.0646288175879913	0.0722906249561038	0.10514584656627	0.0741482721144986	0.799260705918622	2.01086156811601	1.73459496224991	0.371314498244207	0.156176603374975	0.420085305025362
4	snp415	-0.0208101605152564	0.0737369845186267	0.0287158982632892	0.0745420881959178	0.0796489608161249	0.148402665846391	0.851256762984353	0.777773692849333	0.700066525287441	0.653359097344543
4	snp416	-0.0946829845232908	0.0727171995285221	-0.0919999928126844	0.0746417169675772	1.6953898851849	1.51919088202172	4.37280018297579	0.192891984869415	0.21774197798521	0.112320364727977
4	snp417	-0.125766108630229	0.0765382481733207	-0.00205486265354056	0.0752162313021995	2.70004008288741	0.000746349866324537	5.42552644975164	0.100345723657377	0.978204980031488	0.0663532043396931
4	snp418	0.0854329149642897	0.0733417921046941	-0.0165451269690378	0.0751495270031946	1.35689866119358	0.0484716390821607	2.20095179329265	0.244075694624292	0.825744401460837	0.332712709153635
4	snp419	-0.19286098288583	0.0646617020402842	0.0619943071290835	0.0640215796682513	8.89599412525351	0.93767178834343	10.3792255122797	0.00285796960974083	0.332877318233255	0.00557416495818452
4	snp420	0.0450355846179896	0.0671654029102462	-0.0272262277848242	0.0681668041446297	0.449593849026214	0.15952512012541	2.30855086652891	0.502527892096403	0.689594103827787	0.315285899836538
4	snp421	0.0358123402091367	0.0760630867597578	-0.102967220026136	0.0760032177255745	0.221675405466909	1.83541390070179	2.29858655265904	0.637766298006699	0.17548941869594	0.316860623170988
4	snp422	-0.136351015200931	0.074428201983095	-0.101269600909261	0.0754710507313449	3.35615257787251	1.80051773760909	5.71543569456461	0.0669543248515218	0.179649915527632	0.0573996055700408
4	snp423	0.0189167456746919	0.0697463855627183	0.0665113277046137	0.0706890120154501	0.0735613070954203	0.88529377631705	1.97684068479264	0.786220387208873	0.346755844455242	0.372164118812605
4	snp424	0.0179589414833664	0.0694895655104787	0.15440461842173	0.072408381411893	0.0667916663041783	4.54718782890633	3.44013064571982	0.796066703282012	0.0329728590415365	0.179054451180634
4	snp425	-0.031718202229547	0.0720500378990229	-0.0325401597445123	0.0745547280090898	0.193797736516044	0.190497368571351	0.87755367116568	0.659774413056468	0.662502984018443	0.644824665494747
4	snp426	-0.030847518102487	0.0731373005911806	0.0357459055294515	0.0735669464849393	0.177894532919957	0.236095193616167	0.111080389240543	0.673188924282528	0.627040706989692	0.945973999840553
4	snp427	0.0391349267314764	0.0724884103157622	0.00675001573655387	0.0736605628002163	0.291468683087381	0.00839729683268483	0.349711924850294	0.589280897285288	0.926986639505576	0.839577942831123
4	snp428	-0.113770173128616	0.067828096936674	0.110971356534789	0.0692031787960683	2.81343945496997	2.57140037035264	9.68909948301975	0.0934777638521026	0.108811369649339	0.00787116071417415
4	snp429	0.0772621480401368	0.070223075645897	0.0801343730679158	0.0733983324272798	1.21052527787016	1.19196993398238	2.82785277097785	0.271228116904363	0.274932557132049	0.243186561966445
4	snp430	-0.0283819800921573	0.0690227409826549	-0.0109918681164195	0.0756699857257695	0.169083402556968	0.0211006441695062	0.0683515778319236	0.680927704745429	0.884505115230771	0.966401607014004
4	snp431	-0.00517789708913005	0.07337276302849	-0.00792911938366567	0.0770863513069473	0.00498008874059665	0.0105802257370803	0.0671796931375941	0.943740191302908	0.918073906631206	0.966968028568903
4	snp432	-0.132188983161522	0.0806423354627837	-0.179399323637366	0.081001577419904	2.68697935854358	4.90517662407775	6.06716107684161	0.101171441207073	0.0267763131681383	0.0481429514675301
4	snp433	0.029648350319288	0.0716511669816689	0.0885166601087833	0.0756067604582078	0.171220015020361	1.37065696548893	2.13329821428815	0.679029810123749	0.241699040025057	0.344159830094666
4	snp434	0.0281799960195808	0.0776117501320117	0.0288481058206092	0.0782868459516702	0.131833839703135	0.135786630664903	0.366492994574696	0.716538177433276	0.712506129424569	0.83256290594351
4	snp435	-0.00539217974676034	0.0767630099446313	0.14198174626024	0.0767268825456406	0.00493429068564141	3.42428513695606	4.90436002890427	0.943999050769538	0.0642440514754034	0.0861056701382888
4	snp436	0.0676283046632504	0.0751033500707513	0.074179575043241	0.0773929319548335	0.810846005685076	0.918683851527908	1.75144474162668	0.367870247029017	0.337820787329557	0.416560999459503
4	snp437	-0.0859475906556142	0.074705103076216	0.0716453196708002	0.0739445575170549	1.32363083201823	0.938778685499454	3.1047595340163	0.249941468004868	0.332592130529272	0.211743473635633
4	snp438	-0.0337734477665257	0.0747902267819302	-0.0104241942384435	0.0747948739248212	0.203920597787877	0.0194241186133513	0.336193940170831	0.651574691089477	0.889157432467966	0.845271864625489
4	snp439	-0.106268810925282	0.0639384226543815	0.0938584815182062	0.0632704625679374	2.7624078917192	2.20061986140443	2.87904697195436	0.0965028889932453	0.13795525309047	0.237040684984875
4	snp440	0.00401038319844341	0.0763153261145157	0.0770540698091314	0.0787392083182187	0.00276152014326409	0.95765499083797	1.98577076232315	0.958090322345161	0.327778409162664	0.370506095917927
4	snp441	-0.0181482838106792	0.0722431554142104	0.0448887357833464	0.0749477066453913	0.0631070256067095	0.358722033073752	0.479667993010806	0.801650889515949	0.549216843619857	0.786758454879653
4	snp442	-0.064778089891879	0.0686433264607546	0.0289035430782188	0.0709687497291464	0.890552717250825	0.165870004962468	1.21910151484816	0.345327570734891	0.683808655433549	0.543595020255999
4	snp443	-0.0443830454292544	0.0789705074928364	-0.036260381972436	0.0783459891432308	0.315867061249657	0.214205793787131	0.491170709455312	0.574102040579647	0.64349072911523	0.782246512506893
4	snp444	-0.0380465616899978	0.0724347222797688	0.137140946170615	0.0735000362193158	0.275890808398751	3.48144209922453	5.39335475755469	0.599407263033869	0.0620606341944739	0.0674291825819678
4	snp445	-0.0237305365336202	0.0657374394947158	-0.0751568112965126	0.0668584159464585	0.130313541229233	1.2636433789156	0.837265182852636	0.718107169932037	0.260962573723647	0.657945885824978
4	snp446	-0.0211649112141877	0.0679762836674342	0.0367423099001653	0.0693924511764512	0.0969433597205247	0.280355096040077	0.734033852920736	0.755529021755547	0.596468568648235	0.692797918328638
4	snp447	0.0534038804817873	0.0690850708677515	0.159101816118369	0.0704138745911322	0.597554079542196	5.10544720138245	6.64574386248762	0.439512780200302	0.0238508298257504	0.0360491522584334
4	snp448	0.0368292880753735	0.0683723236854863	0.0832686781874734	0.0700526031282437	0.290152266752599	1.41291093113297	2.40573455874956	0.590122970693856	0.2345737625911	0.300331840880736
4	snp449	0.0452927705295757	0.0741117428354367	-0.00455624308901578	0.0752658652267914	0.373494078906295	0.00366452473013347	0.221488742903237	0.541105828809706	0.951729287688427	0.895167550065115
4	snp450	0.0438209523668968	0.0791453185921118	0.0988173117679541	0.0814552608082686	0.306558357511527	1.47172881543703	3.66763121488078	0.57979983381793	0.225073123559386	0.159802658808008
4	snp451	-0.0499863352525698	0.0609267083331119	-0.0833358788638111	0.0648306368834634	0.673111739041842	1.65235539830747	2.03430110893491	0.411968812333766	0.198638651756969	0.361623901102267
4	snp452	0.126023226204176	0.0747945136000792	-0.102958229116177	0.0751397997782953	2.83897587697413	1.87750914567021	10.821863911774	0.0920028351528812	0.170617519832086	0.00446747478122889
4	snp453	0.030355717970479	0.0693194323505604	-0.0103024428712845	0.0699931812486826	0.191765741075422	0.0216655123576459	1.20113424030478	0.66145105198719	0.882980401182932	0.548500482194495
4	snp454	-0.0426887421476433	0.0702231782223319	-0.101911909186694	0.0714503609981041	0.36954365840403	2.03442189159656	2.28890447188117	0.54325311851728	0.153772641377776	0.318398277164971
4	snp455	-0.0231759465614173	0.0851951971433326	-0.0105645786326588	0.0835375249017337	0.0740022180932139	0.0159934130167387	0.40239365943373	0.78559627096266	0.899363799971202	0.817751457924253
4	snp456	-0.0177361678573402	0.0701014829142443	0.0247337231283079	0.0700111236096483	0.064012556266582	0.124808710014836	0.0048073554551222	0.800262782219016	0.723876467256265	0.99759920879253
4	snp457	0.0369642074491526	0.0688671004260735	-0.0135857750243826	0.0706736396639687	0.288097309223874	0.0369533590132524	0.0335050602359855	0.591442407028296	0.847560038452774	0.983387013193545
4	snp458	-0.0281394806739271	0.0825859895125229	0.0483905034858648	0.0824009894526849	0.116096573689511	0.344870008977134	10.5583613212441	0.733307248799584	0.557031558823597	0.00509660493156183
4	snp459	-0.0871658425918531	0.0673885227718143	0.104957657766877	0.0671108056243312	1.67309573729751	2.44592624050539	6.55804537229863	0.195844398552165	0.117830314315011	0.0376650493997577
4	snp460	0.0876007979698426	0.0712020505419275	-0.0483034755859178	0.0706151841165883	1.51366971722994	0.467908106978493	1.49944127622485	0.218579972918862	0.493951114500526	0.472498532386998
4	snp461	-0.0905586489884835	0.0698509487751534	0.0801975975476616	0.069389200252585	1.68079694769647	1.33579235272162	2.56709199263005	0.194818590570046	0.247777360510391	0.277053127179006
4	snp462	-0.251807453893528	0.066131489529002	0.021965619495405	0.0667872138768788	14.4984159095447	0.108168363456279	25.8514852186584	0.000140277453789972	0.742239141786171	2.43456464166236e-06
4	snp463	0.0987304197241907	0.0683568674063535	-0.0320657967998234	0.0695394669363714	2.08611219773931	0.212628442410512	1.21379975398319	0.148643927481671	0.644715012087363	0.545037937313721
4	snp464	-0.0595827654882533	0.0753356824713427	-0.025022690546603	0.0783801190440752	0.625518069411256	0.101919239087422	1.57132172954502	0.429004097411019	0.749538516128129	0.455818367924114
4	snp465	-0.0755453320670661	0.0753766994280952	-0.0773814067195759	0.0757207450219401	1.00447940205913	1.044343779565	2.17747710788579	0.316229045854845	0.306813371244993	0.33664088029117
4	snp466	-0.0903482466142381	0.0689222365617049	-0.0741279754254763	0.068498337845	1.71838602909997	1.17112758719979	4.96020673203668	0.189900931067359	0.279169672805169	0.0837345698357668
4	snp467	0.0665725387313837	0.0682179986393074	0.144536587537011	0.0680784706420242	0.952340579026929	4.50750287146166	4.07700880840836	0.329124237814262	0.0337464741377119	0.130223326768829
4	snp468	-0.004467602307229	0.0621568814400874	0.0403846811434886	0.0631327397073939	0.00516619244076723	0.409189088083061	1.0098509356791	0.942700406814385	0.522381379388734	0.603550557677712
4	snp469	-0.0196862405413415	0.0671808761294439	-0.0648147046839841	0.06954826304017	0.0858685734645415	0.868509387847839	0.167806092245068	0.769496622245791	0.351368303850799	0.919520402841958
4	snp470	0.0456402208062365	0.0749702558967279	0.00728087688959508	0.0764756193705876	0.370610301870693	0.00906403073520726	3.69845445771564	0.542671789156426	0.924151837127977	0.1573587216194
4	snp471	-0.15004137136256	0.0739542348894413	-0.0135947913956434	0.0725483397509594	4.11619511717593	0.0351147951812363	3.92532721368799	0.0424745049889196	0.851355316345569	0.140483728704952
4	snp472	0.0661118420334629	0.0718649825445523	-0.051244930995433	0.0726144132098412	0.846299076109536	0.498030752959233	2.34200381288188	0.35760142388261	0.480366672513671	0.310056138351696
4	snp473	0.0529308809018575	0.0710302810055697	-0.136484796142972	0.0734040223874624	0.555304480971752	3.45723445716586	1.77412663432757	0.456158349690949	0.0629755620203464	0.411863490957104
4	snp474	-0.0191790403504103	0.0714613038892865	-0.0133359223235433	0.072990934739714	0.0720297443696614	0.0333816856956413	0.271474148359066	0.788404079660882	0.855028271216161	0.873072155526449
4	snp475	-0.0782171701900908	0.0778832737374501	0.0652118261450941	0.0784683334850928	1.00859265839518	0.6906593026872	1.78172996831562	0.315240230704888	0.405940217941214	0.41030069561344
4	snp476	0.0653174216553812	0.0730940975327593	-0.07873463004662	0.0725316055528424	0.798534068063121	1.17835730978206	2.47120354790659	0.37153202077184	0.277690668496049	0.290659798232856
4	snp477	0.0208263261991618	0.0693555150104043	0.00484817277780449	0.0706419801142061	0.0901702618345009	0.00471010348577419	0.143865560054854	0.7639608144735	0.945283984434394	0.930593448174861
4	snp478	0.0573772904198795	0.0790871078658502	-0.06133347099306	0.0776759189300576	0.526342795022602	0.623479655108188	12.509788529743	0.468148495710329	0.42975715591424	0.00192102906557279
4	snp479	0.285736027446438	0.0773631864258769	-0.12793251787067	0.0786768048091446	13.6414742245752	2.64404271163816	19.21818199595	0.000221243652628655	0.103938750499989	6.71158049854181e-05
4	snp480	-0.0543531896838691	0.0684599833815738	0.0762824116401715	0.0684341194956256	0.630342358285238	1.24252021085303	1.55715001439814	0.427229762453462	0.264985899988831	0.459059702213041
4	snp481	-0.0477366476915061	0.0746803552416256	0.082545612353071	0.0758307349033249	0.408593152830149	1.18494299374457	9.45278751396752	0.522684430417657	0.276351992815803	0.00885835890240438
4	snp482	-0.0685436279818619	0.0710871743724752	-0.136979078184219	0.0721564010868131	0.929718925483396	3.60378398179723	1.59840074320173	0.334935972765617	0.0576482141998043	0.449688404007503
4	snp483	0.0311720693419503	0.0727487400973568	0.0731178692354982	0.0757858527312413	0.183603228898488	0.930830854756229	1.09340952333833	0.6682947957644	0.334647121023323	0.578854133386514
4	snp484	-0.0664800838737353	0.0811306257636809	0.0238144593868017	0.0801958931814928	0.671449671911842	0.0881814420440392	3.45036845097927	0.412546641601062	0.766501931961153	0.17814023077852
4	snp485	-0.0399282915818665	0.066258638187056	0.137699699898245	0.0674061943709363	0.363141970262247	4.17317282612647	4.98800287562032	0.546766422688711	0.0410688233022056	0.0825788703722912
4	snp486	-0.124030076079026	0.0744328409592518	0.0248716150982565	0.0743487521301853	2.77667358765715	0.111907864635969	2.18668828801831	0.095646634299385	0.737982426656618	0.335094015244422
4	snp487	-0.145678801685336	0.0788372775835407	0.0744643958961782	0.0784704540142178	3.41451860380378	0.90050268159605	5.35337756992184	0.0646252599393946	0.342646959502846	0.0687905577848273
4	snp488	0.0186445245434047	0.0739923235988091	0.0256588759850301	0.0751531894461022	0.063493503861616	0.11656828916601	0.942172754553273	0.801057161672269	0.732786679246803	0.624323648705779
4	snp489	-4.08473101658188e-05	0.0724879894852055	-0.00985211530404771	0.0754188150217252	3.17537350982081e-07	0.0170647355675103	0.662229513595318	0.999550388462444	0.89606637841005	0.718122754844194
4	snp490	-0.00887247936842185	0.0786197841149448	0.123406622671559	0.0829805360250811	0.0127358021115186	2.21169105806219	3.57869374231986	0.910147089975586	0.136968457039918	0.167069251787455
4	snp491	0.031816537936812	0.0692731391323596	-0.0293249930784243	0.0708188707125204	0.210948336607754	0.171465931144862	10.1811542647572	0.646025120835686	0.678812261019129	0.00615446691986898
4	snp492	0.0307742315824326	0.0742912960648447	0.00854172918277052	0.0740852787831484	0.171592604131383	0.0132931454554455	0.156724952304077	0.678700271376151	0.908210584929463	0.924629209755149
4	snp493	0.00342806802134839	0.0756563595737191	-0.130147949734181	0.076938766766465	0.0020530899703068	2.86143720849435	3.67655921844895	0.963859391133372	0.090726403288432	0.159090889306122
4	snp494	0.152534705224284	0.074472515266816	-0.0529651483680354	0.0746671265950069	4.19512871056508	0.50317784274685	5.81124368986505	0.0405402756581538	0.478107123769898	0.0547147559267346
4	snp495	-0.0614296433382417	0.0758130997962566	0.0391722808185491	0.0763243166835827	0.656549506620261	0.263409763717472	0.554204961259982	0.417780746616616	0.607787219444322	0.757976815188591
4	snp496	-0.0075037704153223	0.0779813449369543	-0.0665820123064239	0.0767415103461619	0.00925928887440682	0.752754133242477	0.518199770366474	0.923341717965805	0.385605654358343	0.77174593320975
4	snp497	-0.0711321591046625	0.0746742316985719	-0.134145583128084	0.0737533840132778	0.907382619937663	3.30817786787888	2.63345211406425	0.340809841748584	0.0689358890653137	0.268011320944798
4	snp498	-0.0446011386465991	0.0791064701893644	0.116088355521762	0.0799536924633153	0.317883422206233	2.1081439749659	6.74045206268526	0.572882415655884	0.146516928268703	0.0343818650859914
4	snp499	-0.0302898026638734	0.0676487947003037	-0.143286865732314	0.0684237881409204	0.200480788402215	4.38529220837882	2.60653360124487	0.654333047055478	0.0362502778143037	0.271642938648412
4	snp500	-0.00641164964057619	0.0748270241178493	0.0233570140945393	0.0755207475238846	0.00734213926833796	0.0956537686647179	0.06045956916556	0.931715805794294	0.757108973425984	0.970222565744734
4	snp501	0.142961109334767	0.0677711141668495	0.0756569179358452	0.0695157956410635	4.44986225737977	1.18448698998251	10.049158028265	0.0349040619671107	0.276444423030557	0.006574353622391
4	snp502	0.0889179026427699	0.0664457903606989	0.04994401329683	0.0689096503104403	1.79078512008306	0.525299252743123	2.87855297971033	0.180830533134998	0.468589883824802	0.237099240346003
4	snp503	-0.0423507927078869	0.078567665345517	0.0598250640682292	0.077146757017215	0.290559708452059	0.601355096080283	5.28326317993383	0.589862079044521	0.438061462138523	0.0712449321582256
4	snp504	0.0443671609388052	0.0778373450889317	-0.135954764372145	0.0777314812262281	0.32489815810333	3.05910917036976	4.15018879335861	0.56867879394022	0.0802856742665271	0.125544575942759
4	snp505	-0.090659546566053	0.0705905853702557	0.0192416114394891	0.0747440243014535	1.64942859227749	0.0662719770230061	2.46649047002865	0.19903672057798	0.796844189648685	0.29134555705672
4	snp506	-0.110151396067355	0.0697600283149896	0.0513503652174429	0.0696665550768692	2.49325509503315	0.543298369939382	3.12474165936481	0.114335033306436	0.461068980447541	0.209638464469303
4	snp507	-0.114873310770341	0.0689766764523395	-0.0337428127742844	0.0703168568030019	2.77353561390473	0.230273342928079	2.36962057727127	0.0958342691389786	0.631321222877317	0.305804188525886
4	snp508	0.0350235297054795	0.0656283160229515	-0.12746094596176	0.0670036134945016	0.284798241721478	3.61874370073806	7.7058819998044	0.593573387107013	0.0571320002732889	0.0212172446747718
4	snp509	0.0684040981897889	0.0630607075403544	0.100248587245683	0.0630535012371424	1.1766480109601	2.52777321643252	3.12357505682339	0.278039451827015	0.111857971128296	0.209760782522688
4	snp510	-0.0540320551616266	0.0720570212303411	-0.0634621986056812	0.0747772764447638	0.562277057816971	0.720262727820028	0.957284886720016	0.453344233597157	0.396057743192423	0.619623995763046
4	snp511	-0.00951516753057296	0.071092312366402	0.0887352450916657	0.0722068919165009	0.0179137948977994	1.51020186842606	0.513400464270269	0.893527178191689	0.219108285627348	0.773600079454849
4	snp512	0.0668339534385282	0.0749101567608405	-0.0146103090695038	0.0769112044005959	0.795999677417859	0.0360860695468251	2.13338661467586	0.372292097963645	0.849337859900889	0.344144618499638
4	snp513	0.111093499704716	0.0771952329839837	0.095983367998613	0.0759413661526194	2.0710774113125	1.59747900346813	2.42293331753751	0.150115440132184	0.206260838875285	0.297760246342739
4	snp514	-0.00766859040791548	0.0711794152990934	0.0323242226886141	0.0708196660179036	0.0116070605934591	0.20832837748653	0.117358846838667	0.914205056986049	0.64808077126603	0.943009027315582
4	snp515	-0.00666832666019545	0.0758794890599401	0.0138508366145437	0.0762113549566033	0.00772298047783851	0.0330303097707637	0.0393044824114641	0.929971663527928	0.855784868475324	0.98053960529314
4	snp516	0.0570490830607888	0.064129962689048	0.115562640890933	0.0636759739988119	0.791362310126612	3.29369759363303	3.25963183179518	0.373688510496195	0.0695462411759538	0.19596564496663
4	snp517	0.0385492526017119	0.0735802708244192	0.0604844892995833	0.0749581365390697	0.27447902390918	0.651104164587124	0.62575973853387	0.600342907699774	0.419718188353808	0.731337763433621
4	snp518	-0.0356726877245111	0.0677741480179767	-0.15144729723456	0.0684517072303517	0.277040671064915	4.89502017427061	4.47457452644361	0.598647458482669	0.0269342587417692	0.106747690344795
4	snp519	0.162571835038898	0.0735899674973894	-0.0732659623930694	0.0731801864089348	4.88037724509768	1.0023456145231	4.90057762689734	0.02716368177289	0.316743602687975	0.0862686673497216
4	snp520	-0.0954434988153955	0.074430269355527	-0.105888154728051	0.0751261975749884	1.64434719476897	1.98660692035219	3.22954764075737	0.199730057683784	0.158696108276827	0.198935660545074
4	snp521	-0.0961530938076525	0.0630295385986534	-0.0750312109197378	0.0645617098191366	2.32722444108627	1.35062213838084	3.70758038148505	0.127128373115642	0.245169383190864	0.156642335434819
4	snp522	0.0213249954944165	0.074903875900905	0.146992780166931	0.0777204169648748	0.0810530411561893	3.5770232610652	0.234410839830609	0.775875401994403	0.0585840416782075	0.889402473416156
4	snp523	0.0281861865737006	0.079801369074447	0.0331741077820563	0.0788523816231974	0.124753276394082	0.176998209244247	0.837974346791278	0.723935285661831	0.673965725278777	0.65771263143342
4	snp524	-0.00632960937356252	0.0727993663374135	0.0179970553336619	0.0751180706063134	0.00755959656835957	0.0574002857782925	0.0911007719613264	0.930714482525653	0.81065310510137	0.955471458992627
4	snp525	-0.165852568336313	0.0714490858463334	0.00877911197921894	0.0727392901866596	5.3882910882792	0.0145667631770301	7.45560230784064	0.0202723149211904	0.903934325304275	0.0240456504340347
4	snp526	0.0989667105107807	0.0735120388624915	0.104540671520595	0.0765229382606018	1.81243038463892	1.86632509744318	3.8564310074256	0.17821695720419	0.171896564776184	0.145407446149364
4	snp527	-0.0725714780519549	0.0780802617389092	-0.036938213859651	0.0754414933133899	0.863872035770732	0.239734882269838	1.40989095460486	0.352657393620882	0.624397662339598	0.494135515122941
4	snp528	-0.0614807842505847	0.071182693079218	0.0135524099849724	0.0713980729132833	0.745984781797316	0.0360296532720137	0.725925894170111	0.387750457768912	0.849454268391558	0.69561220748155
4	snp529	0.00712462919394222	0.0737234734918493	0.061594937760696	0.0731244215013449	0.00933927050281601	0.709520837918155	1.0612733394646	0.92301236820665	0.399602927991077	0.588230341979593
4	snp530	0.0409369519637812	0.0667783049636108	-0.12522188428563	0.069794796663684	0.375802984138457	3.21895107944202	3.97999814523538	0.539858011718677	0.0727902594148176	0.136695552214502
4	snp531	-0.0178825275151007	0.0694143196660721	-0.0127288975527519	0.0704449835560687	0.0663681422099097	0.0326498686215973	0.242721290038544	0.796700076268813	0.856608752560639	0.885714473472444
4	snp532	0.099176890205554	0.0725105774944129	0.00946362961409272	0.0806888571891282	1.87076073002005	0.0137558787837672	3.60273359400278	0.171387977589435	0.90663384790531	0.165073112526751
4	snp533	0.0864284101853078	0.0737855927257625	0.0482061146746957	0.0750622745358812	1.37204990512214	0.412440038354444	3.44385103693287	0.241459993693863	0.520733629244741	0.178721684478755
4	snp534	0.0114831348115622	0.0646903556975582	0.0071825019635679	0.0678108883775143	0.0315095244481522	0.0112189610111782	1.62889896191576	0.859108420928419	0.915646145439527	0.442883075827785
4	snp535	0.0843855428851221	0.0774573658978541	-0.00820671954864893	0.0772481436236464	1.18689048944879	0.011286598644303	2.03340364289081	0.275957679894804	0.915393200764725	0.361786210102235
4	snp536	-0.00206346354247174	0.0686832943647638	0.0690797521191221	0.0702190655245486	0.000902591760704337	0.967812996558009	3.29004771343103	0.976032628035184	0.325226217518744	0.193007958202885
4	snp537	0.0636263254094997	0.0742055104949742	0.0981551790229312	0.0739637137691123	0.735193011752565	1.76112028925381	1.50110445476101	0.391205092589353	0.184484842114871	0.472105771008991
4	snp538	0.0844111855933517	0.0774195343128497	0.169790408604136	0.075870199651551	1.1887728861609	5.00822524598286	4.05772993828516	0.275577219484945	0.0252271568185117	0.131484675649139
4	snp539	0.0196836351663764	0.0812469983453326	-0.17836866877752	0.0849494649060643	0.0586943048845993	4.40875379879023	7.85314160684115	0.808571674364715	0.0357549522519871	0.0197111501987228
4	snp540	0.0929305564868261	0.0659438780185138	-0.0062280797447458	0.0662841362736983	1.98594907858425	0.00882854482344822	1.45614263202498	0.158765084071415	0.925140664232466	0.482839337127149
4	snp541	0.0763077821601787	0.0678808245999181	0.0898448316330041	0.066506200121262	1.26369842349638	1.82499604948422	2.51465259904629	0.260952188759723	0.176719732388245	0.284413447185004
4	snp542	-0.125167743647412	0.0756455681754233	0.0326953513704837	0.0754617167214585	2.73790180718982	0.187723505718177	4.90440008468381	0.0979933569772088	0.664818116320139	0.0861039456406881
4	snp543	0.0200604175244961	0.071394971176771	0.0782970653346122	0.0713159935065301	0.0789486468202277	1.20536088872717	0.787705327717894	0.778727259719181	0.272252836049443	0.674453420284572
4	snp544	0.027510181617819	0.0643312222455375	0.0361259905724548	0.0649216404779983	0.182870355676636	0.309642494791604	0.562112595771931	0.668918018748125	0.577899647694945	0.754985830177567
4	snp545	-0.0146059450834662	0.0568595495188168	0.0099486537114572	0.0603480246732297	0.0659861055922316	0.0271770623235224	4.52595721085117	0.797273256767573	0.869058371981327	0.104040128278913
4	snp546	0.0270206977642321	0.0836047010419068	0.0696500518973356	0.0846642654757055	0.10445559879766	0.676772337396227	2.35642881580111	0.746546875193276	0.410700378713319	0.30782790323521
4	snp547	0.0159118592086719	0.0723484597469122	0.095598388077762	0.0717708949875994	0.048370800581281	1.77420751790023	2.23074430291622	0.825922846348384	0.182862221590893	0.327793267455186
5	snp548	-0.123969831233055	0.0709495748081653	-0.0486841478515889	0.0741872681717339	3.0530395174894	0.430642003228849	7.79162964657519	0.0805861948202986	0.511674095102045	0.0203268049454367
5	snp549	0.0468352147710979	0.0652488816764064	0.0939084607678996	0.0654216836117122	0.51522732430103	2.06046865209616	2.91806800307461	0.47288470097448	0.151163673070525	0.232460723005021
5	snp550	0.0377402889307363	0.0754472240038025	0.0395129418203969	0.0768053658465951	0.250221089845784	0.264664447160952	0.336630224459277	0.616919444319327	0.606933574662243	0.845087495318577
5	snp551	-0.192452368392357	0.0689262869922398	-0.157761744416503	0.0702005960415814	7.79608834901007	5.050353764283	9.44779381056817	0.00523594623473833	0.024620910984905	0.00888050454657563
5	snp552	-0.0513578724734421	0.0643696961586171	-0.0315673599347615	0.0663490087730772	0.636577275016131	0.226364149382678	1.77114471063473	0.424952939910945	0.634232961056652	0.41247802171517
5	snp553	-0.0155772917649981	0.0719257766786024	0.0327439785255001	0.0734043901761828	0.0469045299711618	0.198984305485815	1.38257287547442	0.828539931482512	0.65554193740627	0.500931237539461
5	snp554	0.0652487356404658	0.0659430643341404	0.0598807893330234	0.0646308880558008	0.97905243462235	0.858410035473065	2.1472472383928	0.322432856799384	0.354184014638708	0.341767834409421
5	snp555	-0.0244392531073735	0.0649212267261207	0.0341188773197299	0.0671702343910485	0.141710628264273	0.258009523700485	0.705212972346299	0.70658630401133	0.611490948153284	0.702853721622541
5	snp556	-0.110579485154891	0.0675096294677872	-0.111643123238533	0.0666361828077791	2.68298150255216	2.80700853411096	3.6624876182758	0.101425673499402	0.0938532386277938	0.160214167947102
5	snp557	-0.0404295384913166	0.0773307911713891	0.0966030055505228	0.0776048902814264	0.273333373023311	1.54954109538291	4.37677772239138	0.6011044319581	0.213203200405737	0.11209720736689
5	snp558	0.0568576845341922	0.0610689117920731	-0.0418985234049313	0.0615320691103139	0.866838070305165	0.463654412475333	1.37353832313202	0.351832154265437	0.495921012803522	0.503199200934078
5	snp559	0.0321710037986536	0.0716606057603744	0.028411904378615	0.0726004894397543	0.201543257587321	0.153151618819681	7.32360279207571	0.653478046059659	0.69554157032859	0.0256862000061897
5	snp560	0.0203606246580681	0.0794751812300415	-0.0499133042802235	0.083213578793127	0.0656325294259347	0.359785985082451	0.327836053704046	0.797805315349709	0.548625117924352	0.848811598787241
5	snp561	0.155673358682113	0.0732212191283523	0.0303300119949351	0.0738970759112316	4.52016907633078	0.168457618410567	4.1605812816221	0.0334975208799627	0.681486224449206	0.124893907656431
5	snp562	-0.0535394640794787	0.0744053579646227	-0.0621192229765143	0.077019324866047	0.517773260724615	0.650507959096124	3.37246463862127	0.471793094272356	0.419931129466872	0.185216045952565
5	snp563	0.0853106305472842	0.0719921341556337	0.0253101263503216	0.0730018653467518	1.4042234057662	0.120204495943582	1.60051986735461	0.236017712870046	0.728812802977793	0.449212183565515
5	snp564	0.0571922022478846	0.0648096957590785	0.0193991038791057	0.0659321742092364	0.77874213640631	0.0865702242095143	0.580388865585179	0.377526115433664	0.768583545653326	0.748118094746331
5	snp565	0.173715290350174	0.0614511271132959	0.0494775692033244	0.0620045292430735	7.99128072432199	0.636751359260838	7.56488639373062	0.0047003154548706	0.424889631067429	0.0227669991582344
5	snp566	0.00842498791177679	0.0683838929464429	-0.129068959675485	0.0709046409658619	0.0151785725788365	3.31355584671477	6.21620733720803	0.901947656771407	0.0687106659616826	0.0446856137770332
5	snp567	0.0142362834190029	0.0759448741739811	-0.030220581572951	0.0811043114224181	0.0351395598313468	0.138841006254225	5.66741211450107	0.851303520745154	0.70943593810588	0.0587945534216996
5	snp568	-0.0519580370613171	0.0654926805871558	0.0150735686634789	0.0658380269782904	0.6293901446146	0.0524177713532275	0.238228064124264	0.427579101103682	0.818908340217324	0.887706567979654
5	snp569	0.118227324984761	0.0732319598507861	0.0390802961209377	0.0754036366527871	2.60636006505496	0.268615523687921	3.11834302022991	0.106435810778445	0.604262006174983	0.210310238948384
5	snp570	-0.0621261575184544	0.074193732824584	-0.00354505352275162	0.0748465784753892	0.701155820144353	0.00224337403626751	0.325998644411032	0.40239559427981	0.962222905759472	0.849591764263007
5	snp571	-0.0674855906225027	0.0748630023310436	0.102187893976947	0.0766609978890217	0.812620222498213	1.77684670477421	1.4610992963405	0.367346713340786	0.182537010133338	0.48164418247775
5	snp572	0.127436922901861	0.076729996152139	0.0922325460443405	0.0767095598048374	2.75841877406275	1.44567081467608	2.53949537102804	0.0967438151022303	0.229223879219437	0.280902488604664
5	snp573	0.0582069241531948	0.0672802002125837	0.0559284060311409	0.0665885836789991	0.748470607663047	0.7054485233725	1.19025895539776	0.386960877823312	0.400958945357378	0.551491155439142
5	snp574	-0.128872469246322	0.0750950793727228	-0.121003295735176	0.0763128566011598	2.94508164063969	2.51419510833211	4.59472915914178	0.0861393463840853	0.112825227063301	0.100523416404744
5	snp575	0.0434094484331137	0.0642287274583285	-0.0540677242957924	0.0656979746335821	0.456782966020883	0.677286187632141	0.956809416272786	0.499131308641526	0.410522784879725	0.619771319723589
5	snp576	-0.0526681823535709	0.0730822656288296	0.0257521524656868	0.0732381229773976	0.519364972451437	0.123638195927172	0.108112060741507	0.471112692418913	0.725121587927537	0.947379023016765
5	snp577	-0.059521083292915	0.0741192017487857	-0.0759197931816486	0.0757810337779482	0.64488189879187	1.00366546706941	2.03193930724209	0.421948499860396	0.316425194684485	0.362051195319556
5	snp578	0.0646440217192775	0.0840164103428645	-0.0377784436679984	0.0826048744483894	0.592009247740836	0.209159104787691	2.05642980191614	0.441643205181125	0.647427288801263	0.357644822506404
5	snp579	-0.0900513020748532	0.078409208724937	0.00413933120482994	0.078994423646121	1.3190032063089	0.00274579105196359	1.98671734756177	0.250771022347958	0.95820973803264	0.370330779608548
5	snp580	0.043432770481217	0.0738084382274805	0.0878071149079628	0.0759915602557986	0.346276511946339	1.33514579523618	3.69291187868344	0.556228512386901	0.247891834514858	0.157795413014549
5	snp581	-0.0372252319240498	0.0656782884124516	0.0293537654264803	0.0672502745603256	0.321241149656498	0.190519536020504	0.433740376073033	0.570862712485065	0.662484563566651	0.805034465627073
5	snp582	0.0314563399295109	0.0680554546517378	0.0664566183353094	0.0687590217492835	0.213643900997878	0.934151032389104	0.719404901693002	0.643926220760113	0.333786599836908	0.697883949958894
5	snp583	-0.00442450931397893	0.0761102165414208	0.109285045853573	0.0778607553453098	0.00337943666971164	1.9700817706561	2.01760557150952	0.953642750423314	0.160439182739077	0.364655288847979
5	snp584	-0.155368527434609	0.0712494532509567	-0.108063227249535	0.0717301626567575	4.75513692518569	2.2696152213549	7.19500783598604	0.0292109686851664	0.131932654763048	0.0273920098893298
5	snp585	0.0732342832348745	0.0742141328919299	0.117540939497641	0.0771559197120273	0.973768306963262	2.32081119312887	2.10764739514233	0.323742168773582	0.127653440163053	0.348602247893361
5	snp586	-0.209560247331001	0.0755607687267318	-0.0619458668205121	0.074868226218846	7.69174839276645	0.684588471187969	4.90625870064282	0.00554738613934491	0.408011164284905	0.0860239657256795
5	snp587	-0.0497777191452826	0.074455785463169	-0.0812037768099435	0.0751888895756895	0.446964557781858	1.16639356697477	1.02731389960511	0.503779973342826	0.280143506418143	0.598303607032097
5	snp588	0.0163786224989923	0.0774807800359599	-0.0700548886694811	0.0791827352691254	0.044685516058968	0.782737056539368	3.45955662610929	0.832583357998216	0.376305355611268	0.177323715965835
5	snp589	0.0623235522002649	0.0692210222601525	0.109170980262766	0.0716330589950251	0.81064065312661	2.32266954132871	2.06319041717157	0.367930909181484	0.127501045115502	0.356437913995123
5	snp590	0.0525998516013688	0.0655172797647613	-0.0408896772926409	0.0657694089886245	0.644551053799324	0.386526689904099	2.79213613892545	0.422067583431166	0.534130794686228	0.247568474779457
5	snp591	-0.0971344244293561	0.0726489945629342	-0.0533948680005268	0.0722909711607567	1.78766906886045	0.545545422607618	5.72949775758892	0.181210421793587	0.460143566265055	0.056997442601501
5	snp592	-0.0707139008086901	0.0785148957111964	-0.0433189412545966	0.0803335021471394	0.811158033477857	0.290778482847839	1.06804767245152	0.367778099110513	0.589722091580376	0.586241278421215
5	snp593	0.0557448151262316	0.0849093481089405	0.114050988463227	0.0850581308912165	0.431020519267676	1.79790374490928	1.92951740500905	0.511488619434574	0.179966128632264	0.381075141123418
5	snp594	-0.0327759630296618	0.0774160387094307	0.169912011813879	0.0776255020148088	0.179245817941346	4.79114506536486	8.49458922001567	0.672022175321103	0.0286064032372914	0.0143028764726959
5	snp595	-0.0212734256561408	0.0764425639686929	-0.0835567543431801	0.0758923006465904	0.0774469589113806	1.21218159878791	1.51031678386585	0.780787497341155	0.270900491842782	0.469936174736279
5	snp596	0.078197512451948	0.0666601013580062	-0.0212213537038341	0.0671958383166772	1.37611248932778	0.0997381744864165	1.63369402212137	0.240764443294484	0.75214406137932	0.441822522184127
5	snp597	0.000455809628677114	0.0620067218030373	0.107618473097987	0.0654886347138271	5.40367781751732e-05	2.70048505961721	1.55416592747833	0.99413482636305	0.100317721608957	0.459745150471567
5	snp598	-0.00529256791356946	0.0669011969965956	0.0335599919950637	0.0693706106965494	0.00625842572809649	0.234041386119031	0.0461608637571605	0.936944960541971	0.628543259172161	0.977183883876852
5	snp599	-0.043743504734126	0.0726446900053366	0.0597929384891821	0.0740617997114039	0.362592988567562	0.651795370798314	0.863770026994526	0.547069670917766	0.419471518125652	0.64928403129297
5	snp600	0.031555843072686	0.068914625915513	-0.143366387755832	0.0716861735937403	0.209670228843977	3.99966747798105	3.78927875636754	0.64702599808171	0.0455092414218088	0.150372552892879
5	snp601	0.0380392864042624	0.0666416456699712	-0.0578398404865084	0.0657891772896239	0.325816666619939	0.772939073430504	2.09927253814416	0.568132831744534	0.3793093593634	0.350065055444576
5	snp602	0.0375741581172489	0.0797210842178441	0.123762587787382	0.0807427532145945	0.222142739908279	2.34947947197384	1.63323969426391	0.637412085858093	0.125324848649948	0.441922899724713
5	snp603	0.14714402781428	0.0797266891530154	-0.0483758064960414	0.0806788767987718	3.40626020872278	0.359531337230868	3.78824290361878	0.0649494858025401	0.548766634054315	0.150450454976035
5	snp604	-0.0799540862553007	0.0675058769939443	-0.0342042372215067	0.0689575560517781	1.40280776536586	0.246034549505665	0.747686888858223	0.236254024389692	0.619881218392754	0.688084626878645
5	snp605	-0.0379830046784265	0.0650637777778793	0.0742349577715403	0.0660231773823407	0.340800389174477	1.26422417137065	1.63689904794323	0.559367586092869	0.260853024539679	0.441115062895707
5	snp606	-0.0491902759348226	0.0705989099357843	0.108656994465287	0.0683258215995909	0.485470144232754	2.52898148924522	3.52597503925009	0.485954958059136	0.111772341517072	0.171531643425715
5	snp607	-0.0991829221126143	0.0711846589364619	-0.0914124575003161	0.0705057840665585	1.94133722146941	1.68097508276061	2.83841431862294	0.163523414225533	0.194794937332778	0.241905733594977
5	snp608	-0.000637880159810946	0.0765366437877264	-0.0561089142881365	0.0783895994407913	6.9460732785796e-05	0.512326522998985	0.233189049827112	0.993350259248797	0.474133452776571	0.889945970934765
5	snp609	-0.0337790360771212	0.0656940149206772	-0.0301193997346463	0.0699031160969619	0.264388703443801	0.185651966111565	1.89068144469066	0.607120961826319	0.666560358742504	0.388547161645451
5	snp610	0.0471749659429678	0.0770914393966677	0.101124192494677	0.0765112107591134	0.374464697849352	1.74686757747451	1.46754466199482	0.540580626628129	0.186271006579609	0.480094494459771
5	snp611	-0.14094681118963	0.0658406178270501	-0.0502316069189918	0.069199378508603	4.58271357834813	0.526926153710126	5.67434953129149	0.0322960317679264	0.467902042832392	0.0585909655582484
5	snp612	0.0806801964710868	0.0614689379940613	0.0772404473037373	0.0603495497074304	1.72275085686926	1.63810408101843	2.98026302177282	0.189339334060697	0.200585794340459	0.225343018530573
5	snp613	0.098885161181367	0.0634889198969734	0.0360869249751991	0.0635841209616403	2.42586357839388	0.322108666696125	1.8715170389293	0.119347454559005	0.570343160759737	0.392288194419904
5	snp614	0.0751548810254391	0.0707929218484157	-0.0593886184812048	0.0711176297189499	1.12702800672573	0.697351754951316	0.63529392254599	0.288410159344474	0.403674976252493	0.727859705724994
5	snp615	-0.00388919689238293	0.0805903985767073	-0.0467114592359559	0.0811193814568494	0.00232891293381244	0.331587086052737	0.248113046979525	0.961509979561662	0.564726045380023	0.883329910582489
5	snp616	-0.0013711511788223	0.0650553615474473	-0.0985078816503151	0.0667045476077963	0.000444226531316133	2.18087650435946	6.04003576057953	0.98318448569536	0.139734861245835	0.0488003457898887
5	snp617	0.147178253362012	0.0805114468086968	0.0924743533851559	0.0828568839247347	3.34173515221535	1.24561954404262	3.73562088912189	0.0675433470814929	0.264390772786582	0.154461493833144
5	snp618	0.0111123745792566	0.0709824029777402	0.0845665944506956	0.0761930505251347	0.0245082527003971	1.23187590282958	1.10420514596161	0.875598629182827	0.267042529607472	0.575738005698223
5	snp619	-0.0277267012936653	0.0701641927376751	-0.0253633068370719	0.071346878797411	0.156158396787541	0.126375181894769	0.185374422128996	0.692718301565013	0.722220384142529	0.911478556119964
5	snp620	0.0664622220272115	0.0706391543371324	0.0440143290290631	0.0720051903732731	0.885235314952458	0.37364619627843	0.768984729579379	0.346771766899055	0.541023456151305	0.680796144595096
5	snp621	-0.146249067832042	0.0740287966778907	-0.21646331991366	0.0747014192359773	3.90287671703855	8.39674422044874	5.91716799958303	0.0482035022982024	0.00375893652471859	0.0518923447447057
5	snp622	0.0503797606163718	0.0803340152046921	-0.0604004719166232	0.0823044068764334	0.393290314173015	0.538560483999818	0.454245692836007	0.530574923794249	0.463029921545315	0.796822889439619
5	snp623	-0.00803329080788632	0.0704916959207024	-0.12883115802414	0.0718226629195524	0.0129870663532375	3.2175019208312	2.74990202636549	0.909268859604226	0.0728547340208525	0.252851981915197
5	snp624	-0.0915404167037004	0.0848508724538801	-0.0689943709009342	0.084037824830168	1.16389323996066	0.674027649490091	1.51953105376363	0.280659577652764	0.411650899508128	0.467776095071925
5	snp625	-0.136820660938883	0.0684468773043338	0.104892741811423	0.0680446296601175	3.99572958424514	2.37631038447134	6.87147571027952	0.0456156998256195	0.123188190948078	0.0322016413174326
5	snp626	0.0329533152409538	0.0763413796813705	-0.0908511209287005	0.0790775351143703	0.18632804058185	1.31994043345509	2.18020931567842	0.665990492686814	0.25060274129649	0.336181307856265
5	snp627	-0.00660499109060646	0.070704110566972	0.134087486060298	0.0735589764273145	0.00872680246309407	3.32280719475408	2.17075759919428	0.925572002456922	0.0683250706195853	0.337773813073899
5	snp628	0.116151036045207	0.0711730006936572	0.0685111819292743	0.0702888778712293	2.66327261402164	0.950057081887485	1.73215099291097	0.102689257279345	0.329704768036193	0.420598956601232
5	snp629	-0.0106866402369056	0.0711105302726811	-0.0689788376889905	0.0729555630422848	0.0225847113362459	0.893953475570042	2.1902290803875	0.880542050124083	0.344408197467315	0.334501290911615
5	snp630	0.170542358143567	0.0727013706472662	0.0175292714443429	0.0737232810965831	5.50274426896177	0.0565351334228185	3.13413456023832	0.018986654643311	0.812058573717728	0.208656216156968
5	snp631	0.0322804385438947	0.062530077162873	0.0516433356439782	0.0636526482777044	0.266502276467651	0.658257197832883	1.24377192999443	0.605687784513036	0.417175893012094	0.536930849311368
5	snp632	0.0285504860498524	0.0714818713340968	-0.0613548657131824	0.0733633813002522	0.159527362680938	0.699422083416304	0.455623997248355	0.689592035608796	0.402977950743118	0.796273946361824
5	snp633	-0.191968900936395	0.0582884963835398	-0.0914693293750952	0.0597861503605634	10.8466606310902	2.34072185393122	6.26950891419537	0.000989740803020167	0.126031140206314	0.043510436196544
5	snp634	-0.135986829102312	0.072867679035494	0.0781950621940913	0.0740863751982733	3.48276218956383	1.11399172653071	6.16004801544985	0.0620111502733106	0.2912158789171	0.0459581532850974
5	snp635	-0.0734715508219346	0.0756202939308398	-0.0950295439183717	0.0756371656456423	0.94397760605661	1.57850803744384	1.4277132434778	0.33125699817587	0.208975729595913	0.489751763308177
5	snp636	-0.00280119985798544	0.0754106962342962	-0.0323587670400499	0.0756494954685903	0.00137981953866804	0.182966617348493	0.889807781979074	0.970368656626541	0.668836075263945	0.640885867979092
5	snp637	0.166968194728629	0.0765965756675559	0.0602146515617205	0.0765743953088324	4.75169760045279	0.618354040996558	4.72690793328538	0.0292694058205593	0.431659592969595	0.0940946614583381
5	snp638	0.00504462840980791	0.0685034531843776	0.116115741489986	0.0684809609877557	0.00542292295125786	2.87503083829747	5.04698342545426	0.94129644582963	0.089963251665881	0.0801791548303334
5	snp639	0.00928833743463525	0.0686384488482296	0.00511736675776163	0.069984950741762	0.0183122221447303	0.00534667473693148	1.18776870416724	0.892356770255697	0.941709862931108	0.552178258879644
5	snp640	0.047924695610427	0.0828821869294086	0.0642857910133762	0.0847202776641083	0.334346146919019	0.575778233940552	0.997736141438698	0.563111057037703	0.447971892663888	0.607217598235543
5	snp641	-0.106524296899737	0.0707013226149723	-0.098949416984483	0.0701003467529921	2.27008582184888	1.99244410555099	3.58033016097294	0.131892598351562	0.158085561093543	0.166932610075849
5	snp642	-0.090458423773749	0.0725595597658451	-0.0674975455756859	0.0733143456917323	1.55420661724104	0.847613832770414	1.64903225079936	0.212515503124015	0.35722825045957	0.438447094558044
5	snp643	0.0450380293638696	0.0775696791798813	-0.0436457493436198	0.0764596858427718	0.337112432212584	0.325850873748852	1.02775216270346	0.561500741841414	0.568112518713159	0.598172514199624
5	snp644	0.0387092060600754	0.0638933986112821	0.113854703216457	0.064859342038847	0.367042664005661	3.08146240647234	3.57087177497326	0.544620699086203	0.0791892934340834	0.167723936299231
5	snp645	-0.0811240532794028	0.0781849504787759	-0.0730116202112578	0.0777576233421745	1.07659647214746	0.88165366300033	1.3037549319306	0.299460198006213	0.34774915420209	0.521066573081241
5	snp646	-0.0182929839826553	0.0756593064761212	-0.00175490876145317	0.0781938528182913	0.0584580596532747	0.000503690615549029	0.273339695743959	0.808949849663373	0.982094537882805	0.872258156485631
5	snp647	0.0274264398747786	0.0620985120425579	-0.0422191790674166	0.0652954017057129	0.195063712724696	0.418075167736016	0.152544374421258	0.658735130293457	0.517899064029707	0.926563973370234
5	snp648	-0.110649032955908	0.0651626033983584	-0.0603135667255643	0.0664996758696901	2.88335682558679	0.822604283564519	4.89624137279126	0.0894992687328744	0.364419833241884	0.0864559116926455
5	snp649	-0.023797053630471	0.065478040724578	-0.0312401596710302	0.0660740848191829	0.13208546435325	0.223544596620478	0.226361613418059	0.716279482425074	0.636352284968182	0.892989187082636
5	snp650	-0.0328165377597062	0.0765018243760062	0.0782961257564079	0.076700984571869	0.18401021611121	1.04202627055088	5.4755228764746	0.66794933630647	0.307350682841316	0.0647150535096481
5	snp651	-0.0549345099200102	0.0693989757182401	-0.005991482880708	0.0701286934562308	0.626591339139548	0.00729923170409877	0.812734556974687	0.428608396714769	0.931915138634361	0.666065490969442
5	snp652	-0.0241560198746159	0.0737433471340567	0.0928379715371493	0.0735819337440556	0.107301320029881	1.59187474085648	2.99086280111335	0.743237713934254	0.207058490034567	0.224151884621675
5	snp653	-0.0527638283412149	0.0710520927096375	0.0997169278663635	0.0705413490791583	0.551466137443357	1.99825200693391	2.64585797403411	0.45771924926277	0.157480727278674	0.266354010888861
5	snp654	-0.182443973227254	0.0687814192511838	-0.166145663171605	0.0701859302610449	7.03585332902098	5.60373898323496	11.3171289843025	0.00798937970594926	0.0179221891737286	0.0034875196684514
5	snp655	0.0392961821606638	0.0723272476607432	0.00274506973680332	0.07382006221926	0.295186736155854	0.00138279547596491	0.115583849690882	0.586915759365289	0.970336734723655	0.943846317974668
5	snp656	-0.0329834186650426	0.0785936626802397	0.0643278354724123	0.0805326718738902	0.17612308242063	0.638048453541742	0.729406846078942	0.674726392717454	0.424418365109749	0.694402564143761
5	snp657	-0.10025291188373	0.0755166992941656	-0.0304546955673732	0.0784150732557444	1.76241423754147	0.150837532759487	1.77163258302521	0.184323670023571	0.697736263504937	0.41237741566716
5	snp658	-0.115263981863003	0.0681282591944792	-0.00644107211624149	0.0688968622905578	2.8624153544679	0.00874012081669228	2.94183920412135	0.0906712558773607	0.925515395346932	0.229714142427257
5	snp659	0.0510808572424188	0.0786591130683513	0.139105054152117	0.0787240138381473	0.421714237724887	3.12227650685113	2.74206532714215	0.516082910058397	0.0772288203411988	0.253844687994963
5	snp660	0.0569875073572223	0.0762834587260037	0.0660626244041165	0.077399899284083	0.558082713711996	0.728502176869239	2.28975321384191	0.455033779422838	0.393369122493937	0.318263186842176
5	snp661	0.0629465122857797	0.0650927529495816	0.0354320195747984	0.0668263325469571	0.935143081071907	0.281123116897277	0.718654093440189	0.333530055029396	0.595966029355299	0.6981459876554
5	snp662	0.0224847992618858	0.0856781702705204	-0.115852604693457	0.0894055147793393	0.0688712020295187	1.67912484856177	4.37010168428771	0.792987453663552	0.195040780140033	0.112472015190545
5	snp663	0.0669209076312746	0.0676595840505382	0.156277766099396	0.0694836546736322	0.978284106715052	5.05858535961926	3.96526006319941	0.322622800030433	0.0245042320034112	0.137706587952493
5	snp664	-0.121228433491216	0.0715174107899843	0.0257394435416757	0.0718267020921189	2.87332942715838	0.12841816346928	3.63792678544005	0.0900583870524519	0.720077812056462	0.162193795089692
5	snp665	0.0245394272597191	0.0731457168099085	-0.0660748040457516	0.076425250312236	0.112551436945143	0.747477334159669	1.41014366705876	0.737257851011607	0.387276098886836	0.49407308196814
5	snp666	-0.0215368757611602	0.0687476411386407	-0.140220117324141	0.0698122862441394	0.0981408472532143	4.03419540974854	4.86189317358266	0.754072200751734	0.0445869314123613	0.0879535375087274
5	snp667	-0.0378421877443443	0.0729613654415578	-0.0633987385724484	0.0767835376903556	0.269008848810101	0.681749767323217	8.21255999987536	0.603997421012525	0.408984848499977	0.0164689251181369
5	snp668	-0.139040674909557	0.0757840164653448	0.00223412555813544	0.0770088195161711	3.36611149621134	0.000841655220662021	6.66626586423682	0.0665506611141461	0.976855582512039	0.0356811431752536
5	snp669	-0.139604254150356	0.0727668116979838	0.0557406885302818	0.0719451736904274	3.68070161944946	0.600262658240105	4.83054983767486	0.0550456820934804	0.438477827611497	0.0893427735337313
5	snp670	0.0835792536624242	0.0730650108071285	-0.0373794208145203	0.0746439192657694	1.30851309037504	0.250770396517816	3.36572543650629	0.252664044979971	0.616533139271633	0.185841202809962
5	snp671	0.0286401489886703	0.0816882544592076	-0.0170403009514458	0.0840885128543607	0.122922480008668	0.041065884146192	0.383782065017941	0.725886188020323	0.839410801854646	0.825396805010461
5	snp672	-0.0794868750011355	0.0710880160008044	-0.0294619935307656	0.0736883623302475	1.2502534426155	0.159855082924581	1.36978066749422	0.263504076641069	0.689289973418665	0.504145514292799
5	snp673	-0.0133163507594378	0.0679632932694176	0.148406937566638	0.0677044575485712	0.0383903102680411	4.80478413650354	4.10303383924078	0.844661469503614	0.0283808220555605	0.128539771124272
5	snp674	-0.0313614839509303	0.0743750996158555	-0.00979509202119031	0.0758641960320631	0.177802591965932	0.0166702963819441	0.557986689183137	0.673268498902205	0.897267838435397	0.756544938313853
5	snp675	-0.125487817948159	0.0781154921823305	0.0173468517949617	0.0802758934023671	2.58064810343162	0.0466950710896648	2.83708634485596	0.108177361725182	0.828917264386409	0.242066409166459
5	snp676	0.0115176184685767	0.0671410609038249	0.0161285495333845	0.0670647024206711	0.0294272024766463	0.0578365822148912	0.136933664648375	0.86379636033356	0.809948574061989	0.933824432375919
5	snp677	0.0252135572927898	0.0697658859139148	-0.012350625129038	0.0731985606948019	0.130611681105674	0.0284690383133245	0.0328363398756062	0.717798668218173	0.866010826050716	0.983715873628326
5	snp678	-0.110546487068778	0.0747131598493773	0.071261484850922	0.0775405003558827	2.18925163876749	0.844602838188133	9.62255775366089	0.138976825063026	0.358083666268857	0.00813744624887336
5	snp679	0.0244423469870977	0.0702372568028598	0.0461957697864486	0.0710981794120087	0.121101836020156	0.4221700857865	0.575135714237993	0.727842518504694	0.515856195107272	0.750085666391703
5	snp680	0.0496483784387405	0.0765570506788787	-0.0349803268837753	0.0794416283796572	0.420571412428689	0.193888232577621	1.65861158610172	0.516652058222119	0.659699987475245	0.436352099861738
5	snp681	-0.11869775098923	0.0702837767102161	-0.012940447793253	0.070611569713737	2.85216600958913	0.0335851179453244	3.23127767248735	0.0912509209787685	0.854592112290576	0.198763652448182
5	snp682	0.134213895570174	0.0704639526610887	0.0259417981680732	0.0717548433348587	3.62794723119505	0.130706658199001	1.52379072159877	0.0568168549553951	0.71770047381771	0.466780869887199
5	snp683	-0.00454414468577769	0.0649944585856484	0.0806504461694134	0.0673549132137059	0.00488823010112997	1.43375513666241	1.41343664083292	0.944260614643683	0.231152574551638	0.493260266446093
5	snp684	-0.0342945965379044	0.0677258080637642	-0.0490006275515397	0.0678059877323602	0.256414750577048	0.522236462193923	0.806055273609042	0.612594038188965	0.469889226989069	0.668293629567936
6	snp685	-0.015095344670773	0.0759704251677379	0.0263220501425827	0.0787960270365939	0.0394818008443111	0.111591414634437	1.83984044763676	0.842497205824992	0.738339556459235	0.398550834680083
6	snp686	-0.0352315640339411	0.0770937507816028	-0.00266513325339584	0.0772192567567612	0.208845679550136	0.00119120531314278	0.53792459794341	0.647673656713628	0.972467404332955	0.764172065177773
6	snp687	-0.0357555466191641	0.0717118290571832	0.0865438206998721	0.074021845146556	0.248602358414611	1.3669490122692	1.10349745627817	0.618060923629037	0.242336778031715	0.575941763668947
6	snp688	-0.102597344873502	0.0672106364564181	-0.0167198680373623	0.0678169666238065	2.3302162553853	0.060783957154888	2.02834794240453	0.126884248861504	0.805261127501448	0.362701908347812
6	snp689	-0.0249890604859805	0.0694128193207036	0.0568332224966029	0.0715825870889259	0.129604621406282	0.63036164858763	1.32273691089903	0.718842333632296	0.427222689865877	0.516144530191824
6	snp690	-0.0320964689894596	0.0763213324113663	0.121092617304123	0.0755092461650732	0.176857152034521	2.57178739369492	1.76716012373456	0.674088183547277	0.108784754339998	0.413300618130773
6	snp691	0.00171696064209775	0.0747675537501466	-0.00696877833063577	0.0762617455129588	0.000527344397791668	0.00835025653190006	1.09614676572701	0.981679004809708	0.927190861050238	0.578062443236667
6	snp692	-0.019415894262026	0.0701825686446618	-0.0227662033655017	0.0716416596490924	0.076534328854746	0.100983389967761	5.05944629899724	0.78205010831751	0.750652703999407	0.0796810769786661
6	snp693	-0.0283334206812979	0.0778635636337966	0.0541941799684503	0.0780060144155542	0.132412646797349	0.482668682062557	0.485661266384801	0.715943523377159	0.487215993540922	0.78440435458323
6	snp694	-0.0414580134205431	0.0696310574225983	0.00140694831515629	0.0705731692851787	0.354495718835485	0.000397445006900608	0.619281151068584	0.551579179157125	0.98409440877429	0.733710622385852
6	snp695	-0.125221899697998	0.0665102901192947	-0.0711035768425077	0.0668738403288807	3.54472780242333	1.13049948493276	8.4350776775704	0.0597349674459255	0.287668822936522	0.0147348647923676
6	snp696	0.0848838486788289	0.0807095610781469	0.0260642115437006	0.0821292466749081	1.10611467437075	0.100714848788622	1.95959503689094	0.292928094205279	0.75097346820372	0.375387100120295
6	snp697	0.0267525455908343	0.0743293990831804	-0.00906570956502973	0.077410523094048	0.129541518073392	0.0137152459131334	1.32490207975779	0.718907883007808	0.906771214720508	0.51558606250888
6	snp698	0.0366218312126353	0.0721116525927498	0.0513004181475437	0.070683671469171	0.25791061461906	0.526748867765555	0.584586101465603	0.611559237770303	0.467976919191279	0.746549726969292
6	snp699	-0.0397909195931315	0.0660938830728812	0.0841537324105072	0.0645777595378321	0.362447757077052	1.69816864712051	7.56042574785928	0.547149946664746	0.192527652373522	0.0228178335861563
6	snp700	-0.0213756031140311	0.068505663204126	-0.0808411990435167	0.0672338164770567	0.0973607261279347	1.44573922446531	2.92208104903902	0.755020153267748	0.229212862364839	0.231994752868083
6	snp701	-0.0323525650123262	0.0654603150480157	-0.0533709994862136	0.0661714206771238	0.24426500686183	0.650533632075839	0.705641869764106	0.621142530560904	0.419921956771825	0.702703011709742
6	snp702	0.0420656094937059	0.0746904741523419	0.0506249595535021	0.0767129611847721	0.317193251464094	0.435503735100371	0.376039672258847	0.573299300430011	0.509300632936589	0.828598270887123
6	snp703	0.0448422493293149	0.0761376503417592	-0.0528433892348919	0.0791654843233086	0.346877266399964	0.445563475141739	0.0727871255845222	0.555886179122162	0.504449353856542	0.964260721653266
6	snp704	-0.0917714354414979	0.0627843789509115	-0.0495891347159655	0.0646221650605289	2.13654401523456	0.588857284831512	2.14867749063682	0.143825582432717	0.442861340075438	0.341523514673498
6	snp705	0.107810473086832	0.0717997320304451	-0.00805320528876767	0.0755735852395821	2.25463506381216	0.0113552706127041	3.56430118517856	0.133214856638243	0.915137170907474	0.168275865019201
6	snp706	0.0067587092757927	0.0756321379543766	0.0387652444640415	0.0760268203413629	0.00798573284706656	0.25998686028675	4.91096123003263	0.928793484968695	0.610129182098239	0.0858219382153045
6	snp707	0.0356628339660582	0.0689906866810081	0.0597252426412277	0.0740900471747196	0.267208807022012	0.649824532450736	0.687758652213244	0.605210303539837	0.420175420755633	0.709014482425373
6	snp708	0.0695349859414414	0.0607950947571005	0.0401787585408306	0.0583920430618985	1.30818649970254	0.473462607321015	1.49849283233481	0.252723262110817	0.491398505384788	0.472722654697706
6	snp709	-0.0163152075369852	0.0777869002869608	0.144828461557364	0.0792705129714352	0.043991854848096	3.33798589840016	3.12574385635116	0.833868767387583	0.0676974281789341	0.209533441266328
6	snp710	-0.0516755509790283	0.0679595336083901	-0.0965009926800976	0.0698860498379853	0.578188503831091	1.90670091292494	1.46476661852992	0.447023246835292	0.167330187528744	0.480761819503406
6	snp711	-0.0319698984084386	0.0760772384900451	-0.14179001242295	0.0788461021156621	0.176592816280111	3.2339315613313	1.57450181728225	0.674317820456042	0.0721273364400156	0.455094172626719
6	snp712	-0.017180299453414	0.0741190618146832	-0.092867898099405	0.0761332392864939	0.0537281184289724	1.48793039532654	3.34897770589258	0.816698587142448	0.222537848524124	0.187403945979332
6	snp713	-0.0763297001881457	0.0698592495791174	0.000446901342930144	0.0701061683379332	1.19382118309361	4.06359911196274e-05	0.886367165019171	0.274560131286071	0.994913810364671	0.641989338254954
6	snp714	-0.0566117114600564	0.0713407591088363	-0.0425708403311309	0.0730371040475418	0.629704963581607	0.339732704420403	1.19898338349312	0.427463555832619	0.559983550627531	0.54909067249048
6	snp715	-0.017432551892906	0.0717798905907342	-0.0453883496522085	0.0725563647153528	0.0589815728063193	0.391325143594923	0.494769401353061	0.808112907213889	0.531603671295209	0.780840245973004
6	snp716	0.0619107084280785	0.0650350039844007	0.0945361517390815	0.0672874753270085	0.906227432772909	1.97391011286151	1.0570571569518	0.341117377275367	0.160033436488347	0.58947169320138
6	snp717	-0.202996223411088	0.0759945899282006	-0.0446597792208015	0.0788894780769013	7.1352725182637	0.320475606329242	10.6160433557596	0.00755821552838298	0.571321963087061	0.00495171311775588
6	snp718	-0.0351460804890882	0.0704514722541188	-0.0221170897693033	0.0700041525134532	0.248870632889005	0.099817883434222	2.07656429433387	0.617871424491486	0.752048290567811	0.354062386909933
6	snp719	-0.165302005629292	0.0744314711045246	-0.174274320042311	0.079124459361011	4.9322268205354	4.85115647032659	6.97274738163077	0.0263603280400135	0.0276276029912624	0.030611678551782
6	snp720	0.179177881285166	0.0768152251712983	0.14981561167164	0.0781129365007506	5.44094302126193	3.67847843582194	7.75701077121632	0.019670046884839	0.055119128897376	0.0206817132793802
6	snp721	-0.138669317341609	0.070738023695823	0.00990150376790099	0.0751686344300735	3.84286307829411	0.0173511791129329	3.26579887050219	0.0499581443165409	0.895202700942016	0.195362311780577
6	snp722	-0.00890227722069181	0.0838142142301904	-0.0140724349683021	0.0902807407019657	0.0112815006549709	0.0242967549546403	0.171915504937678	0.915412238978388	0.876132210621599	0.917632998129925
6	snp723	-0.087462222366359	0.0723812991555971	-0.0803970082980509	0.0735049906275297	1.46011905564724	1.19631658457499	1.13942575437316	0.226911178704108	0.274059119146926	0.565687837267608
6	snp724	0.0315757777414003	0.0743062294964466	-0.00061590769133325	0.0750645791693178	0.180575016728775	6.73226413224045e-05	0.023412803228097	0.670879545291414	0.993453400667754	0.988361851712096
6	snp725	-0.159989740809023	0.0684421884537483	-0.104431793793353	0.0686867030471988	5.464324651556	2.31163964473289	7.05555797730655	0.0194085533689454	0.128408534614426	0.0293700747502207
6	snp726	-0.0772725738381514	0.0668795848547309	-0.0769426099651178	0.0671470574798814	1.33494575656084	1.31304574379733	1.06484122266008	0.247927264783988	0.251843946446073	0.587181908853265
6	snp727	-0.0405427884853	0.0701683150728016	-0.0354618194042441	0.0703999065594816	0.333845199037577	0.253733530330571	0.268947322694912	0.563403619949301	0.614458366872131	0.874175903188733
6	snp728	-0.111652706251874	0.0660239532513654	-0.0794037658213939	0.0658023595922777	2.85979866337711	1.45612703562689	1.8690029141762	0.0908188652865127	0.227547356585977	0.392781635227833
6	snp729	-0.129968544801214	0.0667281342586216	-0.06499107941582	0.0695213765110826	3.79366125180962	0.873918182407543	12.5865505774572	0.0514469988441398	0.349872869087435	0.00184869501013851
6	snp730	-0.0538953362355126	0.080576021434733	-0.144878679203729	0.0830061635570839	0.447394594054536	3.04640944067595	4.59340318766931	0.503574823881511	0.0809158496630629	0.1005900840934
6	snp731	-0.0177139783033838	0.0668626493821277	-0.0101066135221516	0.0693466642365558	0.0701883534537067	0.0212402765398161	0.161055264581325	0.791062735007815	0.884126293820074	0.92262940886752
6	snp732	0.144263937659798	0.0737707170811577	0.0228639211580511	0.074394976061743	3.8242612595354	0.094452663884753	4.17680843442117	0.0505156117131059	0.758591045486289	0.123884671189919
6	snp733	0.160343489099986	0.0600792777472719	0.132516984767598	0.0648228468098272	7.12284105411776	4.17913972268027	9.53417985969497	0.00761080057162034	0.040924469024936	0.00850509460408067
6	snp734	-0.0190349867227906	0.0702534524227043	0.0900886442365213	0.0727256352116456	0.0734124661674023	1.53449350983193	1.05490975454834	0.786431527003437	0.215439299810885	0.590104949569981
6	snp735	0.0791540296179605	0.0765315138503392	0.0600385282332041	0.0784188009777541	1.06970850791301	0.586164725557557	1.57646291433896	0.301011296234661	0.44390603953745	0.454648149414926
6	snp736	-0.134922342256829	0.0636615120651225	0.00792446568596122	0.0678799296826526	4.49173208866789	0.0136287872112721	4.76472383452538	0.0340591524718173	0.907064192171025	0.0923322386543094
6	snp737	0.0255451244872813	0.0762282038998096	-0.0806797040891728	0.0758564895504523	0.112301271358615	1.1312096773875	1.12809936710917	0.737539229290466	0.287517459563063	0.568900525476645
6	snp738	-0.074951302739805	0.0714939747418061	0.0419281544182002	0.071817889958377	1.09905515213767	0.340836588657187	2.09551637885779	0.294473552437493	0.559346724711492	0.350723123257451
6	snp739	-0.0741698862339852	0.0613005883850023	0.0130238343841345	0.0654644541340617	1.46394897397881	0.0395791650306345	3.11468202537279	0.226302841414532	0.842305665864366	0.210695563860516
6	snp740	-0.00334410454038885	0.075862328254623	-0.0171944563359998	0.0769707963289545	0.00194315460618908	0.0499028027097497	0.0301103666924917	0.964839656628345	0.823232490617011	0.985057579329713
6	snp741	-0.0662960371839484	0.0793561791017707	0.0363416477792703	0.0796537711205326	0.697932851603584	0.208159648655712	1.52724207695854	0.403479159001379	0.64821369223487	0.465976051187197
6	snp742	0.0437379127042841	0.0728405561428639	-0.0343439758673852	0.0728913964657204	0.360553404643248	0.221997763608363	0.446542642627071	0.548199049284112	0.637521920654446	0.79989779053033
6	snp743	-0.026945610028138	0.0744378337465999	0.0366663620826652	0.07407112780072	0.13103538475646	0.245040421677825	0.570120273670984	0.717360922888136	0.620589124844418	0.751969031921662
6	snp744	-0.0646584498123503	0.0704565413008362	0.034675458317082	0.0702324592216533	0.84218584256325	0.243763495315648	1.70208095665312	0.358772366193452	0.621501036581024	0.426970447254031
6	snp745	0.0861774934391798	0.0671662076812374	0.0816503525395846	0.0692507558324675	1.64621312566949	1.39016737711901	5.02900114259219	0.19947512959077	0.238376835679517	0.080903307552599
6	snp746	-0.0771139697540901	0.0797876012660452	-0.0496019604067307	0.0813263019372275	0.934104155812286	0.371993741775435	1.18420966899343	0.333798728686908	0.54191950876569	0.553161744607971
6	snp747	0.0453516775528344	0.069195705473864	-0.0920247597641448	0.0705124213635571	0.429564545665479	1.70324894236139	7.21030992137819	0.512202696419158	0.191863633854406	0.027183232154277
6	snp748	0.134244820692628	0.0684352677186394	-0.0253557026222265	0.068557366162676	3.84800065418527	0.136786441090473	3.35914356391924	0.0498053275376328	0.711496858396798	0.186453801828409
6	snp749	0.00663258939957534	0.0762223918204105	0.0340550525750974	0.0765484566985321	0.00757183392266774	0.197920250364248	0.669931593994831	0.930658567340683	0.656404823024028	0.715362553481398
6	snp750	0.218971650134756	0.0675383777037953	0.0746029700362644	0.0699667020061188	10.5117381333908	1.1369187497073	9.41207311968019	0.00118618628741773	0.286304353918069	0.00904053830045748
6	snp751	0.0738404618943761	0.0688285293771581	-0.150904903599007	0.0690923852141147	1.15093773368816	4.77030703843671	4.98366192101683	0.2833529351502	0.0289546613993912	0.0827583005902047
6	snp752	-0.107145751856333	0.0707793875699677	-0.088117348884092	0.0717698710770596	2.29158680209838	1.50743471543143	1.84989828123093	0.130076877479588	0.219530943696134	0.396551586931775
6	snp753	0.0783412699629375	0.0729674612449434	0.00569222467785472	0.0752583550672074	1.15271711841206	0.00572077180078454	1.11785921819744	0.282981083134541	0.9397088665858	0.571820808177861
6	snp754	0.0213592074184655	0.0772529490101186	0.143472818510523	0.0768911676463555	0.0764434241902907	3.48165992046434	7.4787638414838	0.782176316573246	0.0620524662135549	0.0237687895879748
6	snp755	-0.139669931030924	0.0744167486788164	0.0412948572873864	0.0761380021508676	3.52260911441847	0.294163636348886	3.75473966324774	0.0605370778878136	0.587564645630991	0.152991971683413
6	snp756	-0.0560692692300696	0.0701230050693508	-0.00244548846560048	0.0704109638848812	0.639335401903772	0.00120628703008156	0.554707917279328	0.423951560248807	0.972293728624044	0.757786224653398
6	snp757	-0.0714488689917441	0.0679755404355056	-0.105251507570388	0.0672011071178836	1.10480435808327	2.45303528012872	1.04828004868478	0.293214160928204	0.117297854882303	0.592064306387808
6	snp758	0.0382831169289688	0.071421503710636	-0.226212879107667	0.0722528794157183	0.287313875675325	9.80221752702228	7.24137908427364	0.59194702617651	0.00174301561037571	0.0267642150743541
6	snp759	0.0556277212407826	0.0718128833930477	0.110098078467956	0.072806722221375	0.600036694666957	2.28673858478568	2.68960988604433	0.438564025746167	0.130483853397381	0.260590532904725
6	snp760	-0.0727746731371736	0.0726969463281099	-0.0617957537284974	0.0748055543125967	1.00213952209369	0.682416590534216	2.34244972919497	0.31679335937719	0.408755819938613	0.309987016512589
6	snp761	-0.011110878917029	0.0730423785791277	0.063433649999488	0.076042497209364	0.0231391294148956	0.695867674083772	1.02758407766174	0.87909582867809	0.404175709111413	0.598222788238177
6	snp762	0.0388210406230835	0.0707227729842012	0.0832156519413078	0.0742335463073516	0.301311553183881	1.25663636492972	3.52847718175034	0.583061360683054	0.262288742417091	0.171317179301061
6	snp763	-0.192406300312244	0.0687514193224546	0.144943690580363	0.0680517129338631	7.83204620835938	4.53649574369391	21.5175172000264	0.00513279609856976	0.0331794488455699	2.12583967383884e-05
6	snp764	-0.0382368171783112	0.0739827284927432	-0.0393649887023017	0.0744436591739083	0.267117770300995	0.279617815206663	0.563789514769029	0.605271782216844	0.596951823614907	0.754353070445758
6	snp765	-0.0256751441294354	0.0805283685096032	-0.0787100994285168	0.0805531813015743	0.1016548209005	0.954762885834797	1.86988281366279	0.749852749635578	0.328509901584881	0.392608869055248
6	snp766	-0.00802718488096489	0.0656564772243678	-0.00503333237151859	0.0652334803044104	0.0149475968905256	0.0059534693260168	0.228358938438787	0.902692820474717	0.938497273908458	0.892097837412167
6	snp767	-0.0709094042680112	0.0772906769674577	-0.00825571556904964	0.0792447878907107	0.841692487935359	0.0108534554845196	0.0211559882525541	0.358913166680672	0.917026569709333	0.989477756105225
6	snp768	0.103654060732534	0.0779834222367253	0.122285749825122	0.0777299241315137	1.76672136650708	2.47500006193416	1.61081101271702	0.183788356769276	0.115669438571288	0.446906666315898
6	snp769	0.0934886219498479	0.0695975228332506	0.0773269117113556	0.0698675895373331	1.80438809102477	1.22492588145771	2.97821723094903	0.179182900071886	0.268396107612027	0.225573638800431
6	snp770	-0.0280405903482973	0.0727779955563442	-0.0976315455490049	0.073898867992142	0.148447922887303	1.7454393284334	1.34948850556156	0.700023012979514	0.186451101070423	0.509286652598792
6	snp771	-0.00149742310075168	0.0673439810126802	-0.0393815277001753	0.0672857341539348	0.000494414826056711	0.342561954717918	0.152363869996384	0.982260146929963	0.558354132931391	0.926647601592555
6	snp772	0.00347148351678191	0.0650844878053514	-0.0407676503916431	0.0638610283707833	0.00284495389138226	0.407529966066905	0.268874550212433	0.95746251666467	0.523225866836907	0.874207711742725
6	snp773	0.0613996250856004	0.0688254237213406	0.0632928124908055	0.072673275140865	0.795854453711375	0.758506528831711	2.35803912571978	0.372335717152044	0.383796305085532	0.307580153824017
6	snp774	0.069768706564676	0.0704386099170691	0.113044015251793	0.0701374274543884	0.981069535308779	2.59773882323456	4.38483972570299	0.321934897706415	0.107016301131074	0.111646252848217
6	snp775	-0.0924218478636315	0.0725651984677941	0.0207948016331917	0.0736920349027863	1.62215563719456	0.0796284872961847	0.70361051388467	0.202791476537162	0.777801505802642	0.703417094234455
6	snp776	0.0219491587150476	0.0661945717729861	-0.0987433527253292	0.0661481080112572	0.10994892914732	2.22833706686228	1.03045197304201	0.740202286725667	0.135499613490641	0.597365582793562
6	snp777	-0.0911378305109022	0.0675097737750218	-0.0195704684248131	0.0680489789199847	1.82248543872243	0.0827102275333834	1.57853208626646	0.177017712800222	0.773657646451726	0.454178020057647
6	snp778	0.0896395829037735	0.0705242934891472	0.0763184637598498	0.0725372056019834	1.6155565557882	1.10697445116868	2.0480463126307	0.203712477236957	0.292740582557026	0.359147124709037
6	snp779	-0.0505817375702107	0.0671849731715823	-0.117853351189799	0.0669115032069397	0.566817423857691	3.10228933093124	2.83204968931283	0.451526366145788	0.0781822789528132	0.242676779961508
6	snp780	-0.0249878222570482	0.0711368014392453	-0.0321421180970272	0.0695087482005149	0.123386642972702	0.213830696402712	0.756893088258093	0.72539003820294	0.643781369044488	0.684924583316636
6	snp781	-0.00285099749251264	0.0732077235767433	-0.0467405529922095	0.0773781292117935	0.00151663077977828	0.364880993371484	0.24314548041982	0.968935080823093	0.545807873977952	0.885526637612588
6	snp782	-0.094736227340583	0.0715677285054806	-0.0215521036224493	0.0756690515059255	1.75225660301578	0.081122766438744	2.64588343222941	0.185593297260789	0.775781599517154	0.266350620464226
6	snp783	0.0104321827655406	0.0732610576049945	-0.0731129494873375	0.0735617894664728	0.0202770142451064	0.987834154782962	1.32870391676543	0.886766130607449	0.320272302725461	0.51460690636521
6	snp784	-0.00905431218993935	0.062642578484856	-0.0290495943590336	0.0638577203234409	0.0208915988407814	0.206944230908738	0.02058181949534	0.88507465375953	0.649173100479711	0.989761860490996
6	snp785	-0.0515448665657194	0.0680638810348452	-0.0413770464024407	0.069074043709587	0.573505280677721	0.358830384664384	1.1196552245878	0.448869363667144	0.549156528488694	0.571307541756981
6	snp786	0.0331982702895219	0.0728708637885272	-0.0310771739138083	0.0739145175176432	0.20755016257502	0.176776098092525	1.73054814943903	0.64869437520215	0.674158576214239	0.420936168853744
6	snp787	-0.00263244210255579	0.0690539584068394	0.0575519197311257	0.0724738697004718	0.00145325055879864	0.630604009618301	0.760334392545072	0.969590790459561	0.427133845759956	0.683747079691805
6	snp788	-0.0653594395494212	0.0625151416292229	-0.0220532657830917	0.0628823657217835	1.0930655330512	0.12299517618032	1.35798492146055	0.29579298264284	0.725808412740274	0.507127686108906
6	snp789	-0.0135508403948508	0.0719008705952118	0.0876103851856398	0.0765074643274006	0.0355192806932287	1.31130453318682	1.65545089993779	0.85051168302225	0.252158598315135	0.437042231062458
6	snp790	0.0563092860086467	0.0716909845319761	0.0743873279100792	0.0725690923998222	0.616922986072961	1.05073823046284	0.75608982653558	0.432193027096366	0.30533712702074	0.68519972541601
6	snp791	0.0545911948875865	0.0710962529015117	-0.109937244407189	0.0712985895551697	0.589592263780931	2.37753991615754	5.60170419122642	0.442576831104459	0.123091251773794	0.0607582687074351
6	snp792	-0.101464105875454	0.0698256929251455	0.0226209757774233	0.0704785613594346	2.11151590398208	0.103016931207085	2.6689633742237	0.146194434632893	0.748238803587564	0.263294609084589
6	snp793	-0.0580618756772109	0.0649718773202303	-0.0746289460575383	0.0660250484154877	0.798603651898611	1.27760663938564	1.33933096070901	0.371511182810909	0.25834451490115	0.511879782992737
6	snp794	0.104459964921316	0.0766783121779547	0.0608326949156954	0.0763872950201755	1.8559003849294	0.63420819569957	3.35848575694254	0.173098701212591	0.425815908640518	0.186515137220406
6	snp795	-0.0403572688678702	0.075428944399041	-0.0142659365774843	0.0767633539095517	0.286264488423705	0.0345376429069258	0.291054992552968	0.592624338860814	0.852567835789601	0.864566117398122
6	snp796	-0.0196258913172825	0.073027308304521	-0.0309486416666914	0.0735650607204306	0.0722251067247027	0.176986438366498	1.02347778049918	0.788124156672919	0.673975941923811	0.599452290250387
6	snp797	-0.028276916320122	0.0768158920226789	0.0034567967161043	0.0796754430689362	0.135507064415496	0.00188234275591287	0.873924600531524	0.712789095699668	0.965393858153532	0.64599578482097
6	snp798	0.132991606244999	0.0711340809111974	0.19449277343347	0.072130876656926	3.49536886620156	7.27050399893506	5.6955997594388	0.0615406970249969	0.00700961313176496	0.0579717254396039
6	snp799	0.0901819947724181	0.0728653182709129	0.310751791702201	0.0745408543684267	1.53178545860106	17.3795509179604	12.9740539430853	0.215844676916427	3.0610162264022e-05	0.00152307041528854
6	snp800	0.0672880395738158	0.0740739779669745	0.00128491389341392	0.0748984895350356	0.825171870380766	0.000294307907682124	0.423255844391101	0.363672358873	0.986312638905625	0.809265751379295
6	snp801	0.0528282648342409	0.0715109903127729	0.095268033807857	0.074550074939169	0.545741660491506	1.63304531303864	3.14652680588097	0.460062888581278	0.201282355877082	0.20736735371272
6	snp802	0.0449837899999107	0.0720357664806774	0.0270252870833838	0.0736551849706	0.38995610425016	0.134627562619064	1.02220682775104	0.532322476110401	0.713681461262343	0.599833349082342
6	snp803	-0.00838603715861252	0.0755892927713943	-0.0553308350450655	0.0760973530974131	0.012308156248155	0.528683001921938	0.249397314372284	0.911662236741587	0.467161079631392	0.882762876757131
6	snp804	-0.148057499771637	0.0597186803806493	-0.039521714388215	0.0620307660887866	6.14667736065279	0.405935713117729	6.59061171530218	0.0131659227881726	0.524039618779132	0.0370567092356715
6	snp805	0.0357180894941787	0.0789868162515851	-0.060636120229668	0.0777885889483043	0.204487716083823	0.607618549368987	2.00327961801181	0.651122617447879	0.435685879920756	0.367276683489526
6	snp806	-0.0425329520974231	0.074389766619629	0.0634960921749033	0.0743133882012198	0.326907332225599	0.730062212151897	2.52739636713265	0.5674858627421	0.392863023856275	0.282606959157423
6	snp807	0.0120361488560343	0.0656194956433903	0.0673073343126954	0.0653500184942685	0.0336441316973647	1.06079961132477	1.75384673179889	0.854465842378245	0.303032883006429	0.416061012047399
6	snp808	-0.00937266053049165	0.0717616285353313	0.00353889222886386	0.0716140984369982	0.0170585142776962	0.00244195477454162	0.363402763439377	0.896085218172426	0.960587666966706	0.833850306185491
6	snp809	-0.0347564775940573	0.0836646630633366	-0.0188612544235351	0.0836855297188251	0.172578774150679	0.0507972741162459	0.278836735801176	0.677830065418777	0.82168171957193	0.869864029133079
6	snp810	0.0371872659780728	0.0639139009580897	-0.0466714531762837	0.063830084510771	0.338530536426225	0.534628132588176	2.25813120972248	0.560678654654673	0.464667569104457	0.323335238189888
6	snp811	-0.041783927637924	0.0789514467375228	-0.0341027355053922	0.0796721938409137	0.280090472511585	0.183216626128566	0.00490537525039327	0.596641923982655	0.668623372428553	0.997550317755508
6	snp812	0.0183908271759276	0.0657560936221793	-0.00379778512954618	0.0691856939677385	0.0782222882286577	0.00301320150951011	0.501580318559223	0.779721122960406	0.956223998492591	0.778185649464461
6	snp813	0.0180361590735714	0.0780467943352439	0.032491120925207	0.0796146936117183	0.0534045149076295	0.166549346443054	0.86916874885863	0.817241645057655	0.683196899303846	0.647533742738162
6	snp814	0.0547021465809403	0.0831028377897555	0.156638841654905	0.0827183053001892	0.433288367090394	3.58587931768025	2.84541213664898	0.510379792304624	0.0582725694745424	0.241060806466964
6	snp815	0.0242400039762468	0.0675687812632766	-0.111547565828946	0.0686885439124639	0.128698416145301	2.63725166389104	4.5962538617086	0.71978540100446	0.104383978906203	0.100446811452887
6	snp816	-0.00425375105145205	0.0752240266861735	-0.030742932565132	0.0764582447960375	0.0031976504301827	0.161674652794178	0.00804638345681548	0.954905440446797	0.687619361709641	0.995984890465063
6	snp817	-0.03822216441086	0.0769442408463987	-0.0700861374215055	0.0780743052083517	0.246762018587782	0.805838468466939	2.01468450811708	0.619364324740101	0.369353476151722	0.365188268577686
6	snp818	0.0164249752552913	0.0831928739874816	-0.0223495969079691	0.0885377287084163	0.0389795833312546	0.0637210078253754	1.60485634151751	0.843489116081603	0.800708556565525	0.448239240218762
6	snp819	-0.0245867478353689	0.06819166898772	0.0933319859421074	0.0698089718557478	0.12999885714528	1.78746904843941	1.11957829001451	0.718433223863962	0.181234838512299	0.571329518830649
6	snp820	0.0271739391143287	0.0718416754422875	0.0296123691778572	0.0730659962933054	0.143071223721835	0.164253899649009	0.279057348383465	0.705246690578206	0.685269873198895	0.869768082950056
6	snp821	-0.0806684730413666	0.0734829061698034	0.0630089244881841	0.0747894934608526	1.20513312801555	0.709778679241258	2.49664883287096	0.272298139865404	0.399517294810853	0.286985262006304
7	snp822	-0.016182194849865	0.0725834718613414	-0.0796676941458379	0.0758149188742396	0.049704919728534	1.10421882184795	0.953653988310949	0.823577533007356	0.293342109978607	0.620749913367134
7	snp823	-0.0120900555351609	0.0739708999658431	0.0209641466775463	0.0765346120031938	0.026713745638516	0.0750306328462733	0.179901889579432	0.870169332492089	0.784148252700319	0.913976019457373
7	snp824	-0.00227352428207047	0.0779786510883563	-0.0356100002277274	0.0803827327159709	0.000850056431188819	0.196253956023701	0.494695015303109	0.976740390748929	0.657761688746793	0.780869288323858
7	snp825	0.00416053236539924	0.0772388557070516	0.165956419188948	0.0808121455262935	0.00290152386798132	4.21730330892837	2.63229135890163	0.957042088740994	0.0400137064007118	0.268166913853963
7	snp826	0.0587802351514207	0.0682545329611789	0.00437840639507298	0.0675815048382868	0.741651090597731	0.00419736196665119	1.40031553103707	0.389132487755143	0.948343551659722	0.496506965933129
7	snp827	0.0677960770610351	0.0787899656907138	-0.0944597465264343	0.0787906151449244	0.740401528412035	1.43729054735595	2.29237614099018	0.38953228460911	0.230578292456012	0.317846069842305
7	snp828	0.0789329986220735	0.0734468115373425	0.0192994415858361	0.0738700412249514	1.15497161094169	0.0682578812770014	0.900045902795142	0.282510830492621	0.793890396950168	0.637613517332502
7	snp829	0.0563810941407139	0.0744227222869713	0.107701487744289	0.0768845147796788	0.573925994444117	1.96230110894483	1.09709481900837	0.448703034777538	0.161267432687254	0.577788491174013
7	snp830	-0.0595247447515706	0.0706465700661536	-0.090357215859654	0.072331453610246	0.70992573653087	1.56052702976401	1.58058127548959	0.399468466667953	0.211588069667257	0.453712910020914
7	snp831	0.0560071999089086	0.0740873060214314	-0.0315567247157842	0.0762477901301497	0.571478787767488	0.171288939395883	0.439719352524685	0.449671883212137	0.678968817894942	0.802631418301218
7	snp832	0.123988732490579	0.073509813658769	0.0183972730309645	0.0741168500441501	2.84494449005631	0.061613091459308	2.63133152595156	0.0916617592641289	0.803964312636694	0.268295642461
7	snp833	0.0224422123567071	0.0761491242148152	0.073018194932326	0.0747390943002526	0.0868563368642698	0.954479321306274	0.981613543393456	0.76821237388877	0.328581739400344	0.612132343868623
7	snp834	0.0416150987401923	0.073963272464528	-0.00470705740366486	0.0771543872013891	0.316569902723912	0.00372201172470505	0.332801642446577	0.573676336379969	0.951352605089246	0.84670678811477
7	snp835	-0.123479507666525	0.0676808890637248	-0.189421159260411	0.0691150713849428	3.328569799038	7.51123688146772	8.49615409205673	0.068086056102617	0.00613152514640247	0.0142916897639591
7	snp836	-0.0516445474353272	0.0668264715214585	-0.0851560600313044	0.0670560460425366	0.597244130866932	1.61270612555357	1.40912012585373	0.439631451037035	0.204111821090302	0.494325998759155
7	snp837	0.0724443531373491	0.0774970303483746	0.151549889053198	0.0781498303488921	0.873854156146835	3.76058289553493	4.13349217796703	0.349890520472985	0.0524742826704646	0.126597047758953
7	snp838	-0.00372675661979597	0.06972789595225	-0.0312671568622231	0.0724609175341376	0.00285659677867232	0.186195476948106	0.908260867468462	0.957375646538641	0.66610213437552	0.634999902435569
7	snp839	0.0514370387094338	0.0723278704202936	-0.00890735779258632	0.0716333225029819	0.505755435835795	0.0154620689209668	0.64576821929276	0.476982091024036	0.901040877619824	0.72405776081579
7	snp840	-0.0649552159796868	0.0714945973961622	-0.127534628902758	0.0717740737763635	0.825432591377736	3.15733782207088	4.26863640545614	0.36359657662841	0.075586351595624	0.118325236704874
7	snp841	-0.035920462184074	0.0676974964095908	-0.128156111445113	0.0715037168005898	0.281539034096389	3.21233928114753	3.54777374940632	0.59569424912548	0.0730849237000072	0.169672210852532
7	snp842	0.0468122404160526	0.0750396932849278	0.0667701435634009	0.0764955144351085	0.38916766900248	0.761890714719057	4.32646430261546	0.532737234950371	0.382737475273337	0.114952974538162
7	snp843	0.0801258991504295	0.0603919543307003	-0.139921887163279	0.0600315537143608	1.76030395316847	5.43265517900358	8.85751017624358	0.184586607742032	0.0197636077937445	0.0119293313989098
7	snp844	0.0192752414398746	0.0757687886980768	0.105632296714278	0.0784496433968469	0.0647170875747326	1.8130571653913	2.17897696748583	0.799190001074619	0.178141928887643	0.336388517902
7	snp845	-0.0116000687977301	0.0744786126327117	-0.0290980536532409	0.0757595082320804	0.0242581665592159	0.147520911390581	0.616946376983974	0.876229820417988	0.700915811319404	0.734567646801496
7	snp846	0.0364406148567474	0.0642382905548943	-0.0174121425552411	0.0661844310956112	0.32179807473754	0.0692138086542807	1.11356334737846	0.570529066377936	0.79248493116358	0.573050362368395
7	snp847	0.0648983903449717	0.067961045317802	0.0743055026889066	0.0678961884562299	0.911901122165218	1.19770858894802	0.862300041487693	0.339610497787039	0.273780138955415	0.649761425770129
7	snp848	0.036493634774198	0.0724902803812551	-0.0884989287611898	0.0732823628277759	0.253439722049647	1.45840149247266	3.27125887301925	0.614663410043578	0.227184631340053	0.194829699770068
7	snp849	-0.0708216277688619	0.076526200710462	-0.0618297370482963	0.0765118522409114	0.856468715159919	0.653036367250279	1.87505989713658	0.354728787023806	0.419029186369974	0.391593898824563
7	snp850	-0.0598813922985408	0.0678358493477261	0.0143808695264476	0.0698214006120247	0.779229247725386	0.0424221992242634	2.07580006656157	0.377376966908865	0.836817079170549	0.354197704916333
7	snp851	0.0020464307973757	0.0779260727021016	-0.0582981968480637	0.0775477661675864	0.000689649693247962	0.565160317533188	0.204624373750727	0.979049016300664	0.452188512124496	0.902747681695123
7	snp852	-0.0124671425041925	0.0738412041242136	0.0702038296846826	0.0738360209525395	0.0285060017283085	0.904034572213658	1.27044715086666	0.865924693190491	0.341702192690336	0.529817021004815
7	snp853	-0.0526489292515839	0.0747718132760143	0.0196021137297609	0.0783929827304036	0.495796276416749	0.0625246733109123	2.34147059458991	0.481353048408949	0.802549191104392	0.310138813174392
7	snp854	-0.0590704592900915	0.0698216392278519	-0.0391277651041428	0.070500435351854	0.715748775825042	0.308025369743769	1.71189475788377	0.397541938170037	0.578894432604251	0.424880477533992
7	snp855	-0.00462624378808664	0.0771092276733728	-0.0903174489333501	0.0797959843564345	0.00359951778232318	1.28109474981068	2.71867685230481	0.952158835316897	0.257695584299322	0.256830633191319
7	snp856	-0.054477456942955	0.0691317341595535	-0.0934450940361083	0.0701234956555797	0.620981625405911	1.77576665133446	2.23747325310842	0.43068274161825	0.18267001767235	0.326692268350778
7	snp857	-0.0998138194028002	0.0755909955520473	0.0240599703492651	0.0747579529651432	1.74357734859576	0.103579872882299	3.4022338445004	0.186686190656616	0.747575219238295	0.18247959466781
7	snp858	-0.00170530019457657	0.0727834028188727	0.0664805979820231	0.074120445116193	0.000548955285454719	0.80447730529994	1.56113741408832	0.981307438693533	0.36975809115547	0.458145386694059
7	snp859	0.106477413464207	0.0693740711455463	0.115913579603987	0.0695715836562679	2.35570347615291	2.77590664772605	5.79494906872657	0.124825563839868	0.095692456427876	0.0551623549240948
7	snp860	0.0367670032782335	0.0780530298627241	0.0120718323732664	0.0797824614179989	0.22188959388846	0.0228945193773531	0.236339597839941	0.637603899146808	0.879731694020615	0.888545165795273
7	snp861	-0.0025351979182976	0.0750063319975548	0.0340504725994889	0.0760432096479564	0.00114242548690266	0.200505093353043	0.412478310250484	0.973036807148049	0.654313457761635	0.813638467203443
7	snp862	-0.0465336568000174	0.0757121289294024	0.00187468137415722	0.0773000452621473	0.377749108959346	0.000588159928462929	0.5879977197161	0.538810343652866	0.98065159332722	0.745277341164765
7	snp863	-0.0612561762383058	0.0770965408801919	-0.132390875932604	0.0776740223025555	0.631291557673443	2.90512297072573	6.5198076053732	0.426881957533349	0.0882985189773192	0.0383920910559346
7	snp864	-0.122365461548615	0.0709086698751569	-0.146337385114174	0.0724354612527006	2.97796114943179	4.08139023351551	10.3321600476173	0.0844055359364657	0.0433579710869458	0.00570689592592211
7	snp865	-0.00219721553702347	0.0710451894169845	-0.14855527350322	0.0719363137453991	0.000956480168220684	4.26461458413304	4.28574200910157	0.975327746512084	0.0389140759902229	0.117317539863183
7	snp866	0.14974350276311	0.0720514245057917	-0.0724487573469321	0.0752981623125423	4.31927477071452	0.925748734897732	8.09947444122151	0.0376829792289829	0.335970055664937	0.0174269534820468
7	snp867	0.0493562932130194	0.0700984817569007	-0.020060771851574	0.0713264840828622	0.495755849912415	0.0791031255924614	0.596412725625474	0.481370924685887	0.778516526020809	0.742148172159996
7	snp868	-0.0371454109946738	0.0737819122839813	-0.110077323758149	0.0755284358738467	0.253460636816915	2.1240989423566	1.54763829756414	0.614648809104345	0.144998029722582	0.461248124951219
7	snp869	-0.181064732359877	0.0748320816285774	-0.0702671274174842	0.0779011382869911	5.85453061578367	0.813610963089574	5.97218462389296	0.0155370012464713	0.367054817366251	0.0504843287851517
7	snp870	0.064410606256181	0.0641378999479522	-0.0631991922266442	0.0633874562901018	1.00852182765461	0.994068716512767	2.55256927852134	0.315257223943262	0.318749973772121	0.279072230702469
7	snp871	0.0515080310852763	0.0855503135894922	0.198137365008004	0.0885712501723045	0.362498894635998	5.00434470459262	6.85214524048604	0.547121678217729	0.0252837734120807	0.0325143866889306
7	snp872	0.0483397967519802	0.0706015685934981	0.155403382904068	0.0707915210356476	0.468792807523113	4.81901690250361	7.01227293795179	0.493543058335525	0.0281473948078373	0.0300126455147246
7	snp873	-0.00154769399751035	0.0702194843421838	0.0118802885758564	0.0736315715807353	0.000485797107599825	0.0260330971853582	0.26616246411285	0.982415405343705	0.871819514987785	0.875393979167375
7	snp874	-0.111342562700892	0.0645320479928018	0.0203706875585223	0.0661351536594452	2.97694992643438	0.0948738755277831	3.60380636222143	0.0844582939111795	0.758070133799269	0.164984593674491
7	snp875	-0.184381328810548	0.0670380241606549	-0.107885579353128	0.0693081334465441	7.56469582414312	2.42302776337125	12.744173868854	0.00595226993976805	0.119563636859023	0.00170858978742039
7	snp876	0.0174914271440536	0.061748589290717	-0.0188879086280357	0.0637670324341992	0.0802410144533242	0.0877354955501112	0.206730148650302	0.776971060884402	0.76707598817301	0.901797690195566
7	snp877	0.0472593445211779	0.0749664998155216	0.035035751253772	0.0762839938874304	0.397411947485176	0.21093858248662	0.599269040787765	0.52842887072161	0.646032745300914	0.741089024116769
7	snp878	0.0974983986088498	0.0779149525294135	0.101036069658915	0.079451089733745	1.56586149318692	1.6171606707337	2.64143157089558	0.210809044547187	0.203488146431225	0.266944158821014
7	snp879	0.0647079937543012	0.0748638130872938	-0.00490190129571426	0.0775893467634193	0.747088381971664	0.00399139706086885	0.303292065859029	0.387399634839881	0.949625157884059	0.859292388125264
7	snp880	0.106882627733774	0.0689187919577271	-0.108034991920374	0.0691503417209426	2.40513208726202	2.44084513992466	8.14087594355899	0.120937915998063	0.118212520450598	0.0170699107308981
7	snp881	0.0332222548844134	0.0813371526387106	0.000680974971960755	0.0827565358633045	0.166832355509052	6.77107609904246e-05	0.193662217021364	0.682942475279675	0.993434557413977	0.907709297563232
7	snp882	0.0768357754439676	0.0633108048160017	0.109251693715869	0.0661733011154113	1.47289330641287	2.72577972170788	4.45366258235599	0.224889749396606	0.0987398907355621	0.107869696822817
7	snp883	-0.0934269912700181	0.0759066124783719	-0.0457266398216471	0.0771743005340298	1.51490537069907	0.351069559024901	0.983792806624509	0.218392093483416	0.553508302239637	0.611465708373371
7	snp884	-0.238008853594231	0.0724494642227023	-0.20379979475587	0.0738014459213315	10.7923462106477	7.62566536534476	11.0384477496734	0.00101920620631468	0.00575434362024618	0.00400895818829261
7	snp885	-0.0769064826176792	0.0644767780458835	-0.0282848673189855	0.0645907741967735	1.42271936666932	0.191764102193945	1.1343193420199	0.232956326786495	0.661452408524694	0.567134000338396
7	snp886	0.0572625509993236	0.0719046312532148	-0.111009243834298	0.0726257706518381	0.634202071553252	2.33634396229832	4.60803140255066	0.425818142854949	0.12638586992106	0.0998570414550926
7	snp887	0.00817478017522553	0.0767387786819063	-0.0225646778031874	0.0780157166994011	0.0113480802960009	0.0836554169820832	0.373634652154521	0.915163941816788	0.772403491958888	0.829595267966434
7	snp888	0.000536823336905698	0.0710905698257047	-0.143608550266641	0.0750789804843621	5.70215192182174e-05	3.65867525255794	8.27965078209778	0.993975023932492	0.055777966015732	0.0159256320196559
7	snp889	-0.0649523540563147	0.0788193812546018	-0.00234171554883599	0.0798691546722329	0.67908439227819	0.000859627110151897	0.588236012275698	0.409902188715352	0.976609856034791	0.745188549431854
7	snp890	0.0740979472439854	0.0745081381508476	0.0906040663731814	0.0733409154678807	0.989019674855311	1.52616934422387	1.77241016350251	0.319982092602431	0.216688269522976	0.412217118516312
7	snp891	0.0338844651151767	0.0587483490015682	0.107391828204215	0.0598674617055532	0.332667164540252	3.21781284745992	4.15517902307811	0.564092769568165	0.0728408954047398	0.12523171827598
7	snp892	-0.0440649945841751	0.0758133128670377	-0.0303449247950232	0.076324368925246	0.337828661676008	0.158068629118631	0.408198838919067	0.561085248957848	0.690940943396284	0.815381302389054
7	snp893	0.0655415922989235	0.0720961072983311	0.0283577906411308	0.0737189076714206	0.826438124555047	0.147974540790493	0.816298151881648	0.36330450868489	0.700478522889097	0.664879753859171
7	snp894	-0.0121981073450243	0.0691335544839898	0.0341847430972278	0.0701440705992849	0.0311320076566334	0.237510443409783	0.182667322905431	0.859946202777512	0.62601001423277	0.912713122900955
7	snp895	0.0196923400008862	0.0649353534600601	0.014602053345504	0.0663944799029752	0.0919670452137557	0.048368644301428	0.414476558952776	0.761691202356113	0.825926664252714	0.812825947169698
7	snp896	-0.0349084519812398	0.06014285759091	-0.141912326372666	0.0621813372416489	0.336893834253488	5.20858941415748	5.99967662138932	0.561627670563039	0.0224755625932814	0.0497951190552006
7	snp897	0.00231405516098082	0.0773105526966215	0.0151733749206708	0.0783964404656565	0.000895921292569791	0.0374603378041846	0.494817133463727	0.976121329349821	0.846530810355212	0.780821610618865
7	snp898	0.000680756595980781	0.0805568837876524	0.0232502772701499	0.0815299448337922	7.14131845614631e-05	0.0813246074994626	0.287114926069811	0.993257451290698	0.775510305119844	0.866271020195132
7	snp899	0.0763982386637246	0.0668469848516976	0.18026612242904	0.0672582431626878	1.30618004973365	7.18351819398925	7.73966004347445	0.253087444546455	0.00735762915522875	0.0208619151959574
7	snp900	-0.152291331122696	0.0695660269921867	0.0392691334104641	0.0692283664337257	4.79243204592475	0.321761788452294	6.50540556361599	0.0285850379086653	0.57055079336343	0.0386695511040348
7	snp901	0.0240040899504134	0.0692237500844378	0.000147111486030467	0.0697901024645306	0.120243122467691	4.44329853088498e-06	0.0961539761519072	0.728770953100806	0.998318129758357	0.953060409965729
7	snp902	-0.0279330064929355	0.0663120684039404	-0.0220013484467746	0.0668563035940218	0.177439463378123	0.108296364061839	0.0741432551735065	0.673583022666844	0.742092099861174	0.963607112025083
7	snp903	-0.142346949565423	0.0716092138379151	-0.034758909912745	0.0722266621365033	3.95146844323442	0.231599280537639	3.83928276391603	0.0468304853168936	0.630340513374011	0.146659547460511
7	snp904	-0.0630207802091222	0.0696094836522669	0.0485043683703763	0.069834528959517	0.819654309270848	0.482415541710035	3.18835707977011	0.365281257054532	0.487330208017303	0.203075278245445
7	snp905	-0.0331748993350619	0.0745479758881991	0.0531602745688546	0.075839260349535	0.198037536523811	0.49134467452853	0.41209924273931	0.656309574814531	0.483328088370268	0.813792693772931
7	snp906	-0.0122808536353244	0.06510790188776	-0.19029683712322	0.0662664731660985	0.0355786700686227	8.24660941879272	8.61942669138566	0.85038823448264	0.00408281922048981	0.0134374009310718
7	snp907	0.000950195062908395	0.0754152511651317	0.0959765170415744	0.0778527320457429	0.000158747602687867	1.51978535645787	0.906555667481176	0.989947313040336	0.217651978101532	0.635541534213163
7	snp908	0.0259184855701501	0.0711767247973276	0.0193261257377125	0.0738616495350098	0.132599914407761	0.0684623175742342	0.0325537687600225	0.715751443814063	0.793588941840567	0.983854868292979
7	snp909	0.0747112464693941	0.0825645300857212	-0.106247159534152	0.0809642746083721	0.818813392562072	1.722058092603	5.47869537276109	0.365527330504428	0.189428338690618	0.0646124807506104
7	snp910	-0.127114446239233	0.0716189125386296	0.0722426631663007	0.0713175906659295	3.15017278254273	1.02611058863352	7.39099793139597	0.075918923721602	0.311073932413056	0.0248350587280108
7	snp911	-0.048979627340807	0.065940435546103	-0.154507815930931	0.0666860339183155	0.551730928773862	5.36823017734671	3.4476574519252	0.457611298881295	0.0205067745225284	0.178381863506613
7	snp912	-0.0240960202637903	0.0698581187932316	0.164230051368384	0.070388416220942	0.118975315947606	5.44380889095868	3.86329873281352	0.730148510046354	0.0196378009206016	0.144908993243815
7	snp913	0.0247680809688785	0.0577223716498477	-0.00391514503739909	0.0579868869154324	0.184118057387596	0.0045586486687504	0.158872981429734	0.667857874140509	0.946169519409931	0.923636677611052
7	snp914	-0.0251987499084421	0.0698122689263634	-0.124917693001318	0.0735827878798997	0.1302850207909	2.88200966963944	3.15120329866355	0.718136702493974	0.0895741654495593	0.206883044184393
7	snp915	-0.0477520730343935	0.0668869969734763	0.0772136800441782	0.0671199551193132	0.509684075194601	1.3233818938514	2.63433818291692	0.475275649496896	0.249986007242827	0.267892609001653
7	snp916	-0.0706953518015663	0.0760912618280215	-0.05147490949109	0.0760655880286486	0.863201423359853	0.457946484494555	0.509982840050095	0.35284434412551	0.498585253314201	0.774923146753747
7	snp917	0.0512099130670421	0.068880746378225	-0.0418289742581352	0.0701543996825904	0.552729174470329	0.355504092218939	0.843957673257957	0.457204694244238	0.551013812475661	0.655747917083058
7	snp918	0.0375056076928996	0.0657432147834727	0.0370784274899865	0.0660367199629763	0.325454693825186	0.315262000472643	0.524676772367045	0.568347866735887	0.574469019458814	0.769250675860626
7	snp919	-0.0442374276584512	0.0768803005170619	-0.0281579100561282	0.0766675514437739	0.331092685433047	0.134889345722943	0.725640269440031	0.56501638259672	0.713415504340475	0.695711556600023
7	snp920	-0.113912884803668	0.0754812309045661	-0.0456740485165198	0.0796564680328794	2.27754912504371	0.328773591580847	1.87604478955927	0.131259150627367	0.566382135690266	0.391401107366309
7	snp921	-0.0463433191217683	0.073957909864818	-0.050583841557893	0.0733687387560021	0.392649466516213	0.475336878801402	0.604052588437469	0.53091000722138	0.490542146043335	0.739318624828317
7	snp922	-0.110110435175185	0.0746768300893844	0.0549831072640412	0.0739627914960821	2.17412849920528	0.5526268365867	1.20983732395907	0.140349002123419	0.45724635219507	0.546118845059028
7	snp923	-0.0303370458322684	0.0711126546829898	0.00452213821623207	0.0732554258175237	0.181992207336581	0.00381072904352129	0.655025950064005	0.66966672972928	0.950776970803252	0.720713939928439
7	snp924	-0.0646843328707491	0.0719320414747995	-0.0545147816154755	0.0710261689448643	0.808636675386713	0.589103730903217	1.49786406779777	0.368523625225483	0.442765909835438	0.472871293681777
7	snp925	0.10221855271362	0.0691466805093623	0.0113969092688886	0.0690332309184231	2.18532876963447	0.0272557277146982	2.50276426453889	0.139331309216829	0.868870713316099	0.286109082862636
7	snp926	-0.0587237176085069	0.0679450136504395	-0.0268326517033315	0.069855907274171	0.746985037324164	0.147543782046078	0.988222120206983	0.387432467806283	0.700893746071507	0.610113020112712
7	snp927	0.0312552992663151	0.0732907321327537	0.0406354698950832	0.0764942859608796	0.181865031863376	0.282197123268302	0.227353821776159	0.669775336681292	0.595264747237196	0.89254628128787
7	snp928	-0.00844590668291231	0.0716199071700988	-0.0696124125444478	0.0760409570126551	0.0139067308631195	0.838066001227441	1.37711110264446	0.906125655711046	0.359950481840305	0.502301093460022
7	snp929	0.0362786454132108	0.0757263406282814	-0.0167900406030946	0.0782845932143257	0.229513472787301	0.0459992652099802	0.552088632248937	0.631884815942073	0.830177133863284	0.758779303858066
7	snp930	-0.0612558390526443	0.0714830268900877	0.082656932855587	0.0734082277435127	0.734326359270584	1.26785355675289	2.43652000536537	0.391484431467213	0.260169737706933	0.295744313799826
7	snp931	-0.0354096351352751	0.0839718045370354	-0.0356561904173761	0.0845878240801143	0.177818085952085	0.177686394064435	1.76249546110956	0.67325508720623	0.67336910250966	0.41426569710839
7	snp932	0.0274252915871799	0.0795639418362713	-0.119684235006073	0.0816646701580705	0.118814631379135	2.14785753571706	3.20210252496946	0.73032369015868	0.142768993013264	0.201684383283659
7	snp933	0.105075664255885	0.0853718448859549	-0.0333106988090026	0.086615597008546	1.51486856994097	0.147902420313731	0.768576060147318	0.218397686204874	0.700547993904812	0.680935269095475
7	snp934	0.0607196024869545	0.0785188730749143	0.106262013827456	0.0808382260728656	0.598011758823895	1.72791563738291	1.42444628200246	0.439337637246962	0.188677308941476	0.490552417128048
7	snp935	0.0614831217775801	0.0757861881655493	0.0806706953670276	0.0767719205489403	0.658160316832326	1.10414673009955	1.1527916025291	0.417210172840394	0.293357868116512	0.561919992532584
7	snp936	-0.0765048819817244	0.063199424324218	0.152295133203909	0.0637810081322409	1.46538605491458	5.70150213406639	6.88332580957758	0.226075083595838	0.0169504001816067	0.0320114091179871
7	snp937	0.0156604300248597	0.0807151673459258	-0.0717591462670998	0.0829597544199416	0.0376441125826457	0.748203285295308	0.6762212287721	0.846159511075597	0.387045678139364	0.713116402602382
7	snp938	0.0281490393044208	0.0741438744621437	0.059907066111343	0.0750737186679	0.144137372620181	0.636766555069771	0.492870348756945	0.704202062351658	0.424884105512406	0.781582026435433
7	snp939	0.129504399154037	0.0727326819163871	0.197505415215054	0.0730936163238552	3.17036918996738	7.30128190124776	8.56000503364678	0.0749854943357697	0.00689054327212668	0.0138426272469876
7	snp940	0.0232806575305911	0.0702179348703817	-0.10299281341173	0.0726212153221951	0.109924469718123	2.01134614898023	2.71015025040571	0.740230142330081	0.156126731760801	0.257927916836887
7	snp941	-0.10834243006325	0.0747044772462826	0.0232721909451989	0.0745853256273455	2.10331288610175	0.097357130023633	4.58979280501741	0.146980376330169	0.755024532653801	0.100771832436592
7	snp942	-0.0888028131642555	0.0732572128939104	0.0752326697446535	0.0740259751769009	1.46944272954236	1.03286764424681	2.83280832403717	0.225433639004488	0.3094860909055	0.242584745901634
7	snp943	0.00541335375507135	0.0733176918269982	-0.0230569155043152	0.0744639300138199	0.0054514903649181	0.0958761330034047	0.0214034437641353	0.941142306746664	0.756835712904212	0.989355337816484
7	snp944	0.0497018875778502	0.0684371835470948	-0.0750089800940814	0.067624739740292	0.52742596803871	1.23031213408455	1.7522278603311	0.467691050769532	0.267346344015115	0.416397923033531
7	snp945	-0.0388742780582167	0.0681104678638497	-0.0203326053594097	0.0721730845862697	0.325759392483499	0.0793661893911248	0.332407555527519	0.568166845695624	0.778158175424922	0.846873642587758
7	snp946	0.0439578331443093	0.0706634048803347	0.0213188114011037	0.0708449747190451	0.386975466665865	0.0905540493933315	0.201843487274286	0.533893524727873	0.763473974719652	0.904003774165226
7	snp947	-0.124932825184427	0.0733217558188324	-0.0744001016418368	0.0754730263071704	2.90326988577793	0.971770091433728	3.89606344447747	0.0884000629595197	0.324239119643205	0.14255438225175
7	snp948	0.0854762475044955	0.0799998213399606	0.00171103591505307	0.0804218139533545	1.14159711260296	0.000452658335335207	1.22285124892462	0.285315102395785	0.983025673210563	0.542576806676177
7	snp949	-0.0676906038655572	0.0686421868722946	-0.0693124987461599	0.0687734652457101	0.972466287064988	1.01573705556851	1.38157576034859	0.324065863335089	0.313532330125135	0.501181042862429
7	snp950	-0.108500783361356	0.0751543149709343	0.111428786088995	0.0730254774914657	2.08428885520199	2.32833779467407	6.73234585148458	0.148821513559472	0.127037465372845	0.0345215012047311
7	snp951	-0.054360921744667	0.0695096911101536	-0.156805375118826	0.0700418371992363	0.61162173007259	5.01195119456821	4.21373138874412	0.434177852732326	0.0251729195888608	0.121618559409673
7	snp952	-0.0449057135236272	0.0751202774544036	-0.113327304547579	0.0757908196604056	0.357345926879628	2.23581523379897	2.71383332575693	0.549983947286106	0.134845486344806	0.257453369942541
7	snp953	0.0378836423622937	0.0732606218360731	0.0441087334938882	0.0741408202497936	0.267400524507998	0.353943876328526	0.0437390042664721	0.605080876785842	0.551889043062983	0.978367901644995
7	snp954	0.0254532288203764	0.068602163652833	-0.113791597566264	0.0729294877554616	0.137660751835461	2.43452401579762	2.34425279587762	0.710617705599495	0.118689917323007	0.309707678816867
7	snp955	0.0136910309687816	0.0703447164527905	0.0384907284458	0.0704964333747897	0.0378799449186874	0.298110978474848	0.186677467527696	0.845684409596991	0.58506909817891	0.910884900561717
7	snp956	-0.0764376092976999	0.0608052918630585	-0.119538138438967	0.0620386051177792	1.58027051099302	3.71269204550623	6.71314483007785	0.208721732876702	0.054000230797474	0.0348545212700317
7	snp957	0.00226771876706697	0.0828281569934743	-0.107029068603356	0.0827644297756571	0.000749587597811669	1.67230711580423	0.98252010315022	0.978157768617458	0.195949800095711	0.611854939469906
7	snp958	-0.217455071468559	0.0664042963065425	-0.0999392632574555	0.0677312671972223	10.7237510611468	2.17717773893369	10.0286688065572	0.00105769035969372	0.140071114090957	0.00664205149395825
8	snp959	-0.119374060884582	0.0709413912772378	0.1025199312961	0.0733534376554149	2.83152586512252	1.95333022333785	7.71910422892864	0.0924305013265767	0.162228438989245	0.0210774376887447
8	snp960	0.0978265839233018	0.0730590877011149	0.121420601780518	0.0729532324883663	1.79293806275381	2.7701014989815	5.40939547208549	0.180568598719355	0.0960400712628723	0.0668905393903638
8	snp961	-0.0282347262475087	0.0715413050445392	-0.0317246587876733	0.0720697792559923	0.155759106159758	0.193770444641915	0.617027790546193	0.693091404266628	0.659796862453747	0.734537745525685
8	snp962	-0.099740971772667	0.0715710978594765	0.0720838498710632	0.0715424047982259	1.94210109111677	1.0151936169469	8.88570982961208	0.16344058241358	0.313661816038978	0.011762310146132
8	snp963	-0.0374683779467391	0.0659092735431099	0.0990688460661604	0.0663010768363666	0.323174239142329	2.23271373833028	3.2164406829217	0.569706258999676	0.135116349333114	0.200243662502744
8	snp964	-0.0114540586304208	0.0782671717712961	-0.00508299431732185	0.0780049765206355	0.0214170436790008	0.00424614311075487	0.196153528924885	0.883648545357292	0.948044668988256	0.906579308009474
8	snp965	0.0113817585888507	0.0767438555090347	0.055707427662182	0.0748313012673877	0.0219953821617182	0.554191187110827	1.55375408334936	0.882099384698137	0.456610216238875	0.459839831890252
8	snp966	0.0812678547533258	0.0752256498005555	0.167249024106027	0.0757045087843038	1.1670936220221	4.88071774684492	5.44284019449738	0.27999922865422	0.0271583238344859	0.0657812722614767
8	snp967	-0.0475653659560411	0.0687184180748794	-0.154582113570656	0.0684792187604311	0.479110157447959	5.0956652237641	7.25559245081479	0.488825655412718	0.0239857127289773	0.0265746845392617
8	snp968	0.0960013360363371	0.0747512673789782	0.0277360090424544	0.0741537608882836	1.64936750277857	0.139901243927824	1.24025222135166	0.199045039205058	0.708379208918401	0.53787660133562
8	snp969	0.0650068978366701	0.0718969528047606	-0.0630708366751699	0.0742334087314303	0.817519113576992	0.721868976348929	3.02539318119549	0.365906518604873	0.395531534527329	0.22031507665299
8	snp970	0.0509960500647717	0.0780818972256878	0.145037117144833	0.0798199374921695	0.426552373786304	3.30168434859699	3.3043178241767	0.513685513106012	0.0692088828011084	0.191635736992402
8	snp971	0.0951279215031316	0.0679052607180109	0.112681609105478	0.0754900966021922	1.96249777698217	2.22805608109473	10.1627628808563	0.161246437462922	0.135524260878535	0.00621132251440437
8	snp972	-0.0757463770202228	0.0774385961206942	-0.0269252963376177	0.0799509968758761	0.956772729340992	0.113415710372494	2.57082746474459	0.328001327901199	0.736288412298215	0.276536148004205
8	snp973	0.0445497432349032	0.0720847572430128	0.0842964795562626	0.0733765301129436	0.381947375448927	1.31978909056489	1.23924403722003	0.536562872285996	0.250629905838114	0.538147809013816
8	snp974	-0.00943700222934773	0.0839083501775482	0.0560500053648417	0.0844149729501875	0.0126490453986919	0.440871825672421	0.976705847144257	0.910452360861706	0.506701962150841	0.613636268118842
8	snp975	0.00413162919513728	0.0694581915728524	0.0381073432098788	0.0697949514040236	0.00353830879307983	0.298105044002539	0.187663343140135	0.952566859869867	0.585072833879128	0.910436001605839
8	snp976	0.167656436361179	0.0729180409334632	-0.0482036423941256	0.0758605518755703	5.28652727583977	0.403764113417369	5.25224127417571	0.021491034656858	0.525151686638636	0.0723586238248163
8	snp977	0.0265578250256848	0.0772849044380983	0.00161510859120334	0.0808606559554963	0.118085252341299	0.00039895961340451	0.971782365439957	0.731120537993836	0.984064134640667	0.615148742484577
8	snp978	0.0776049069792248	0.0758016747243384	0.0476055142287228	0.0765232186671257	1.04814354415287	0.387015237166928	1.48251058470513	0.305935033024193	0.533872507120186	0.476515373822583
8	snp979	-0.0662503955945645	0.0766811688741175	-0.0697701259128507	0.0781189357578963	0.746447904320871	0.797675727829016	1.66980698683405	0.387603180819675	0.371789198466416	0.433916355197148
8	snp980	-0.0716829311473338	0.0795674672773824	-0.0717080485522104	0.0798515079107698	0.811634394234744	0.806435363885715	1.24735065842216	0.367637482342056	0.369176239509962	0.535970943530938
8	snp981	-0.0450028508404855	0.0715978818062107	-0.0311930673380288	0.0738542157535508	0.395075141674779	0.178387978433987	1.21126180863675	0.529643682568794	0.672762262000636	0.54573001458274
8	snp982	-0.0469281794026037	0.0710010450902551	-0.186726431325847	0.0719010567106302	0.436855622091098	6.74436472157298	3.61503386840396	0.508644030177453	0.00940442581213219	0.164061005724605
8	snp983	0.102470903496778	0.0710657064701974	0.185155368660152	0.0706292680186188	2.07912679456372	6.87231737153986	8.40248204633292	0.14932557849736	0.00875410622072514	0.0149769785051062
8	snp984	0.15401967345739	0.068613342917631	0.0183303756476693	0.0688971312118912	5.03889418349577	0.0707848722527812	4.5279669002658	0.024784306118881	0.790197416633535	0.103935636614404
8	snp985	-0.0119790497510691	0.0673523902378952	0.00605647256238199	0.0683133044385613	0.0316328783811735	0.00786011538139434	0.0631359697862218	0.858835798159266	0.929354275062922	0.968925081946401
8	snp986	-0.097663546620135	0.076949943549211	-0.0270269427160993	0.0762193093154165	1.61082503940745	0.125737211409796	2.07722537433755	0.204375865767438	0.722893447854673	0.353945374467624
8	snp987	-0.108908164389447	0.0668482933628561	0.035095932094089	0.0691699782916272	2.65424023364619	0.257441337711999	2.57964316176193	0.103274090709531	0.611883464421417	0.275319901042028
8	snp988	0.0551499267132198	0.071196872531338	-0.0828649467711174	0.0744553165848681	0.600023204113496	1.23865477803608	2.13778539203467	0.438569172797756	0.26573046847794	0.343388542478934
8	snp989	-0.149364620387241	0.0680385932307572	-0.01588478591255	0.0683390486540854	4.81930960951054	0.054028744362441	6.62459351002581	0.0281426152319542	0.816195631225377	0.0364324012878604
8	snp990	0.0679276764786625	0.0713896186015373	-0.0538416250719088	0.075051026165932	0.905364362219064	0.514663121332807	1.40741157686091	0.341347389084515	0.473127164270501	0.49474846928001
8	snp991	0.0512102591047533	0.0687116479849838	-0.0837099735593215	0.0716122519982268	0.555460546084472	1.36640595796518	3.74688470604674	0.456095061888415	0.242430350926753	0.153594025881844
8	snp992	0.140510058007971	0.0704625213216042	-0.0408483838676853	0.0719984220400958	3.97647693435217	0.321887269488772	4.62500221382026	0.046139973217276	0.570475666495025	0.0990132987649424
8	snp993	0.0300679989233197	0.0720695310116389	0.107933927764414	0.0733873535438779	0.174062677691004	2.1630846213839	2.82260898169339	0.676526131779773	0.141360664867855	0.243825008113853
8	snp994	0.0806601264644437	0.0739922430895591	0.0387395392953529	0.0741212017908054	1.18835284621149	0.273164336571137	2.46127127619395	0.275662058660842	0.601216963956376	0.292106844418845
8	snp995	0.115154422942139	0.0679061723451385	0.0649119369958908	0.0697641560767769	2.87569448131755	0.865733947569236	6.00214117655087	0.0899261732459825	0.352139046000204	0.0497337954379763
8	snp996	-0.0459855822022243	0.0818424858861756	-0.153451351518398	0.0830626115921754	0.315708121516551	3.41295272119035	4.59155010975716	0.574198395215608	0.0646866037941987	0.100683327915253
8	snp997	0.0495942355152605	0.064109297479988	0.0510486651678156	0.0650599495321363	0.598439655833026	0.615660565584067	2.07543476688626	0.43917398810615	0.43266443291952	0.354262404978182
8	snp998	-0.0214576451985235	0.0789992995363417	-0.0697807909737776	0.0788690766578211	0.0737764304610548	0.782813421180638	0.42927680914986	0.785915626637478	0.376282074357812	0.806833134606732
8	snp999	-0.0347830717605847	0.0649469843574687	-0.0121791595894364	0.0670249973999692	0.286825582595386	0.0330187806329416	1.30618534939797	0.592261989934652	0.855809763770893	0.520433753012913
8	snp1000	0.10742730256473	0.0807431609967811	0.0627908430568856	0.082022288659444	1.77018170096412	0.586042161989031	2.2377151318986	0.183359593712718	0.443953684126093	0.326652760774523
8	snp1001	0.0138347348330939	0.0755406969203118	0.00528714504773011	0.0760069166260864	0.0335412856047518	0.00483878382606794	1.90041079047678	0.854685973231333	0.944542786818537	0.386661596846996
8	snp1002	0.0331394479201868	0.0797930678078178	-0.0328888492419382	0.0821847928420418	0.172488526713866	0.160145384525398	4.22319357575426	0.677909579278319	0.689022700086292	0.121044529598231
8	snp1003	-0.0670498352524362	0.0718189532763015	-0.0341682910119752	0.0728515888222275	0.871600132776703	0.219972534716136	1.07427644570256	0.350512704866069	0.63906084633461	0.584418336570684
8	snp1004	0.00675307538758437	0.0697315098185463	-0.0531972768407958	0.0719528436175004	0.00937875214399916	0.54661667799629	0.83117645774971	0.922850314773452	0.459703422438055	0.659951963705475
8	snp1005	0.0433107795670689	0.0668000013733335	0.096449470493321	0.0678906265847083	0.420377108711666	2.0182737026605	5.29325139374039	0.516748934321731	0.155415742401146	0.0708900143371506
8	snp1006	-0.0423018868373407	0.0668411117630122	-0.102164620513974	0.0673146968811016	0.4005273235148	2.3034631202735	3.46923412983079	0.526817050671586	0.129085903797996	0.176467763047211
8	snp1007	-0.0549947728973546	0.0700702619839823	-0.113535728705096	0.072728634725758	0.615992384988001	2.43699272919081	2.90712472354094	0.432540451200745	0.118503216818756	0.233736150499073
8	snp1008	0.0674335354789804	0.064506207138184	0.0840440487673956	0.0659066865899244	1.09282053264367	1.62612892693887	1.9929092045156	0.295847113954042	0.202239309482232	0.369186034940233
8	snp1009	-0.0721539613643107	0.0660175092723141	-0.171663708091411	0.0660590255773031	1.19454382829334	6.75293629045357	8.43104934749233	0.274414924667992	0.00935935332414883	0.0147645731506121
8	snp1010	0.0575929037055879	0.0775128424753204	0.00668268579065592	0.0773863567752546	0.552065520678728	0.00745715690315093	0.536517391554341	0.457474949608119	0.931184352078783	0.764709928282916
8	snp1011	0.0524001166555769	0.0660197436903956	0.151861881013361	0.0696815868359816	0.629965607045359	4.74964866219359	5.32709135719332	0.427367929737963	0.0293042769351649	0.0697006470015471
8	snp1012	-0.105095917504496	0.0796309250086427	0.0925378158758111	0.080304795037022	1.74183964395638	1.32786992218679	5.36393914293623	0.18690590041842	0.249184514600226	0.0684282470203237
8	snp1013	0.0975738798917213	0.0706039036818431	0.0241593328336227	0.0694404211180108	1.90989600943263	0.121044533786452	1.08320246708483	0.166974810556287	0.727904358141347	0.581815882995278
8	snp1014	0.0369365912699215	0.0736923552699853	0.0180088891290947	0.0748083744959743	0.251228411870947	0.0579526650525098	1.41159976800117	0.616211440070551	0.80976159741687	0.493713502739799
8	snp1015	0.0907305094457746	0.061820140273467	0.0620621316202658	0.0627157170649751	2.15400509636747	0.979265809652414	2.28994470872675	0.142198525054456	0.322380133166977	0.318232715414823
8	snp1016	0.0713275965167578	0.0811270078858462	-0.0118094191707555	0.0814665580374268	0.773008488232644	0.0210134973935896	0.426695879565246	0.379287958531743	0.88474219263465	0.807874996458643
8	snp1017	0.073824396560576	0.0758888534759524	0.0756988997330149	0.0759023901738251	0.946332658930358	0.994645289388309	5.72275515435912	0.330654547477077	0.318609669390395	0.0571899224432839
8	snp1018	-0.0937641249980906	0.0740408484644304	-0.0572782380169365	0.0770252139967133	1.60372772244119	0.552985154667331	7.94387003817983	0.205375737130755	0.457100520431362	0.0188369479928504
8	snp1019	-0.02170904850262	0.0734913499869837	0.0905872996413264	0.0756658549984964	0.0872587781806704	1.43329220810431	1.6849880348504	0.767691412679857	0.231227898989283	0.430635171391766
8	snp1020	-0.105939741217699	0.076613547444232	-0.0215332553033403	0.0789102554815537	1.91208269724011	0.0744650490861953	2.9104216675732	0.166732092708799	0.784943271136586	0.233351160405698
8	snp1021	-0.0254444425388084	0.0672619230767183	0.0343684982597808	0.066917614488393	0.143102532876881	0.263778995837462	0.38563145749212	0.70521595010217	0.607535739876002	0.824633916465205
8	snp1022	0.00669279673744349	0.0655180676980095	-0.154637205726825	0.0640660867376443	0.0104350157806178	5.82601491534932	11.4471036218012	0.918636086351964	0.0157908550579076	0.00326808265230694
8	snp1023	0.0327709767351905	0.0711387519514378	0.156123918628397	0.0698026861074614	0.212210216245848	5.0025866082495	4.43565404733306	0.645040547349152	0.0253094672235779	0.108845370450529
8	snp1024	0.0164552542136463	0.0690979244009723	0.00991537742930859	0.0695710052372719	0.0567125516745723	0.0203124328902864	0.0929625261053538	0.811769430426808	0.886667945970387	0.95458244636342
8	snp1025	-0.00856118831617046	0.0787490467256692	-3.63930680108997e-05	0.0797358237716131	0.0118189117458641	2.08319712398781e-07	0.122356241435453	0.913428688115501	0.999635829107866	0.940655674589146
8	snp1026	0.0739479615428519	0.0709091468283164	0.0299846448382766	0.0734500540685489	1.08754664594957	0.166653169803531	1.86560649174447	0.297015432730549	0.683103533248293	0.393449228102577
8	snp1027	-0.023504812061713	0.0772268804563563	0.01170293432541	0.0791200410953751	0.0926353148476022	0.0218784488241286	0.634953611189438	0.760853256462484	0.882410912980898	0.727983565724354
8	snp1028	0.0294208372665389	0.0672696430269567	0.0691137747668543	0.0681679155650923	0.191280989427393	1.02794338937497	0.796945181609243	0.661852592904483	0.310642196276941	0.671344681357303
8	snp1029	-0.0107065641461436	0.0775292051113203	0.0197980558762727	0.0794575221755767	0.0190708295302119	0.0620833374805315	0.840038037972227	0.890163619018181	0.803232934015949	0.657034323569548
8	snp1030	-0.00359454921104543	0.0721597180649604	-0.00906723692159535	0.0728108412332128	0.00248141390735415	0.0155080727591417	0.0237842305605486	0.960270775630445	0.900894530184743	0.988178316452087
8	snp1031	-0.0479710041608113	0.0681276496440481	-0.0709727063279843	0.0701334848236656	0.495804890596156	1.02407530707991	0.639555371339585	0.481349239428594	0.3115542814705	0.726310488356301
8	snp1032	-0.174534127945263	0.0763647170017954	-0.0518048260635999	0.077570167688315	5.22366391952316	0.446016555282746	9.34371035451043	0.0222815575171679	0.504232724219723	0.00935489842396964
8	snp1033	0.0847888349885605	0.0737895272019052	0.128867964298081	0.0756562192471228	1.3203463850768	2.90135363834021	4.10003071932572	0.250529894862854	0.0885052011902676	0.128732926278272
8	snp1034	-0.0216360239360681	0.077749943258853	-0.133714417558193	0.076367867726684	0.0774381100307131	3.06573875726221	2.27377542258205	0.780799701059979	0.0799588100688997	0.320815941493037
8	snp1035	-0.0169569908044853	0.0738542723156435	0.0577346834646109	0.0732294041816479	0.0527164701418854	0.621587936125877	3.28981989598764	0.818402082005435	0.430457810418803	0.193029944744887
8	snp1036	0.0283734137562128	0.0672171040134155	-0.0613778467424411	0.0673115376823672	0.178181900858075	0.831465575677137	0.477224093382689	0.672940364252877	0.361849084616775	0.787720421845281
8	snp1037	0.086673379048434	0.066959376992603	0.170760994724967	0.0688808146158353	1.67551626531079	6.14583367496308	13.5778378780038	0.195521302300331	0.013172205440392	0.00112618559164912
8	snp1038	0.0249294435641924	0.0706320911288864	0.0276496244534827	0.0767313970463651	0.124572173418969	0.129847102516154	0.452403973306053	0.724127549322652	0.718590620929323	0.797556989528059
8	snp1039	-0.122991293585126	0.0786944551285069	-0.0196278157190814	0.078855594610282	2.44264567210374	0.0619553652879248	2.89052730024956	0.118076925811441	0.803431678368174	0.235683930266162
8	snp1040	-0.0197756742596183	0.0694034742704275	-0.0262457365908744	0.0709210716294353	0.0811895579866656	0.136951550394419	2.33278820923299	0.775691784698656	0.711330590513141	0.311488112183873
8	snp1041	0.036631632871009	0.0737862484095709	0.032148124390413	0.0758157807334002	0.246468655889464	0.179800981007727	0.14205900495008	0.619572655356553	0.671544330112365	0.931434412101735
8	snp1042	0.158306978862315	0.0754500865883437	-0.202581563962764	0.0713651998132829	4.40231015674874	8.05799265290512	24.6448869044228	0.0358902820649222	0.00453033489912369	4.45072545174341e-06
8	snp1043	-0.0784500913002183	0.0679932310336777	-0.0690534938492011	0.068415340489431	1.33123751597683	1.01874227581578	1.69288255884366	0.24858518170533	0.31281753072132	0.428938691972409
8	snp1044	0.174966054131085	0.0637843725443493	-0.0318774161748142	0.0655208448007529	7.52452379537381	0.236704899813437	10.1507774913192	0.00608646417367076	0.62659620533249	0.0062486568291884
8	snp1045	-0.0566572365618518	0.074587133643054	0.102504717652576	0.0757324285579261	0.577009469910659	1.83199354779154	4.24026789652875	0.447486906388574	0.175892258943677	0.120015551559911
8	snp1046	0.145731019170891	0.0720580114875293	-0.0358476205521203	0.0726002737750932	4.09015209637507	0.243805866217535	6.62622939002072	0.043133760486524	0.621470729968389	0.0364026139534306
8	snp1047	-0.056543598871118	0.0746908985655119	-0.20572804761818	0.0755700265324296	0.573101473815823	7.41118850572554	6.81520296420403	0.449029098736198	0.0064819488758886	0.0331205454035552
8	snp1048	0.137124358014997	0.0692965396239707	-0.0382652956973009	0.0703941798134926	3.91567030881985	0.295485817685096	2.92002931147247	0.0478379345836749	0.586726346349048	0.232232871161113
8	snp1049	0.0178850072916656	0.0722280356927141	-0.0741542494007156	0.0720138171489472	0.061314986237414	1.06032847194956	0.939694905924601	0.80442949440835	0.303140280085158	0.625097617799741
8	snp1050	0.071635399316914	0.0659627322299569	0.0710520292745408	0.0669083426495826	1.17939178905285	1.12769700614901	1.26267437880532	0.277479849990624	0.288267105225095	0.531880100839656
8	snp1051	0.0271752309417432	0.0801910249599818	0.152165111068607	0.0789958542208324	0.114840469184692	3.71040721075436	4.34333001188898	0.734699225938059	0.0540741972015276	0.113987668676304
8	snp1052	0.00571183050400557	0.0748793298808982	0.0231604719079617	0.0774963167017689	0.00581871015925775	0.08931670338337	3.2807372617824	0.939195962958669	0.765047629483647	0.193908548433259
8	snp1053	-0.0575119178201188	0.0677186698789182	-0.0487277677276687	0.0684649121900806	0.721271649007361	0.506543703947684	2.04993186823745	0.395727101784335	0.476638900212087	0.358808688331935
8	snp1054	-0.0142014546346829	0.0742466181420112	0.00560759909803238	0.0737467744318162	0.0365857791231412	0.00578186377321135	0.0169809948676058	0.848310856181891	0.939388414439429	0.991545445044428
8	snp1055	-0.199465989860117	0.0706440713716184	0.0187581175942617	0.0703314789718612	7.97234844136138	0.0711342911282303	7.55205189951059	0.00474972778392135	0.789692357101514	0.0229135704067505
8	snp1056	-0.116041276880045	0.0678249964253791	-0.0360841069669139	0.0695814762983356	2.92715310535545	0.268933339886025	4.42770694386094	0.0871009616155668	0.604048195928474	0.109278733586464
8	snp1057	-0.0315111526523343	0.0659959158066386	0.0885760234428525	0.0656536825855574	0.227978798009414	1.82017931988773	3.10625491337178	0.633026586030065	0.177291933298473	0.211585214397839
8	snp1058	0.092437649612191	0.0708261972919796	0.0640602337052425	0.0724407299866756	1.70337370523234	0.782008369839458	1.4407136948637	0.191847360426111	0.376527611872943	0.486578590655336
8	snp1059	0.0261894953656528	0.0710399584911262	0.0127823394799188	0.0731166970105166	0.135909202007674	0.0305624078246493	0.602305210921338	0.712382171718471	0.861220228884153	0.739964841454452
8	snp1060	0.0632043957323873	0.0802223712877243	0.061316978001156	0.0806564671919993	0.620731202790965	0.577940452634387	0.348002281132839	0.430775696193767	0.447120731914324	0.840295939244554
8	snp1061	0.110034268576348	0.080073131598364	-0.0466116213660953	0.0841324578699087	1.88834913801375	0.306945496987467	6.41778162661416	0.169388240072985	0.579560626993466	0.0404014011248971
8	snp1062	-0.159884756780881	0.0717494212431396	-0.0326763131653038	0.0745592034509015	4.96566385035012	0.19207178834559	3.77315907181357	0.0258553885627623	0.661197851075427	0.151589429280402
8	snp1063	-0.111669417532872	0.0728423720276186	0.0279621081752797	0.0738723908239325	2.3501757591473	0.143276681249467	1.39624239922513	0.125268882957581	0.705045034963571	0.497519165447685
8	snp1064	-0.213834552458973	0.0761494184810628	-0.0307079958118546	0.0766851499484788	7.88537917722164	0.160354223520054	8.96469673037437	0.00498360287115462	0.688830601075248	0.011306829388176
8	snp1065	0.0516264489740839	0.0718570887790859	0.0184550488165221	0.0747280854904569	0.516184870981902	0.060990568964802	0.242009834749008	0.47247366030092	0.804937100916724	0.886029602642786
8	snp1066	0.0478451726012784	0.0697203774641781	0.0497757567100065	0.0716709012243145	0.470930471005123	0.482336370490816	0.43777123851131	0.492559419560617	0.487365938424467	0.803413607944809
8	snp1067	-0.112530475144995	0.0672798952452935	-0.0507638211742455	0.0683487407303044	2.79749740318753	0.551629617995089	3.50085167258074	0.0944115647067131	0.45765259660777	0.17369995995255
8	snp1068	-0.0914925155247128	0.0660451485790038	-0.071978257670262	0.0663859874836204	1.9190632717876	1.17557358806754	1.02011578544868	0.165959961465704	0.2782589707738	0.600460815493536
8	snp1069	0.108019067914435	0.0741785112506733	0.0722291035227527	0.0760689809615456	2.12053099724552	0.901590345415058	4.68397664086437	0.145336147979829	0.342355638755643	0.0961362983047945
8	snp1070	0.0356982559505439	0.0607120347874341	-0.0188361715579891	0.0621775799349454	0.345735854821818	0.0917735741145144	0.832739135985632	0.556536941823197	0.761934416739323	0.659436518815108
8	snp1071	-0.0348225581345548	0.0694592657423277	0.00541010687540016	0.0706065808712915	0.251339628073654	0.00587112499657594	0.0130080472741428	0.616133379797787	0.93892324923062	0.993517081743244
8	snp1072	-0.0770416370611737	0.0684906149430476	0.0285009061860196	0.0700813860357416	1.26528649907447	0.165391037754785	0.818501386591439	0.260652795435502	0.684240850274354	0.664147714071299
8	snp1073	-0.00313352351817239	0.0778755313721936	0.0165133628703437	0.0778394342054398	0.00161906345864458	0.0450061338738266	0.190069655012948	0.967903711284124	0.831992750067109	0.909341263827977
8	snp1074	0.0881540651733298	0.074362757480055	-0.071510488839784	0.0746922834529538	1.4053151148004	0.916617238012086	3.01679302327828	0.23583567039789	0.338364745512194	0.221264488688788
8	snp1075	0.0271186013953426	0.0707146381045248	0.153644135704403	0.0713640961649032	0.14706723555468	4.63524226588867	4.12851482394353	0.701353916832265	0.0313217218477003	0.126912499287136
8	snp1076	-0.00319110738300488	0.0774925713212812	0.0176838790169633	0.0791688572956905	0.00169575339078331	0.0498937695897226	0.252626830396606	0.967152775428213	0.823248225726074	0.881338578586972
8	snp1077	-0.0461567759689114	0.073796947357729	0.0536608149529941	0.0744332208659503	0.391195758196423	0.519733731201091	0.413795587458118	0.531671529322894	0.47095528677604	0.813102749940794
8	snp1078	-0.00459980025387031	0.0777349367729591	0.0691261193153887	0.0771927428899313	0.00350142998386563	0.801920668963044	2.63056539860876	0.952814408680812	0.370519740799818	0.268398436461887
8	snp1079	-0.0457215980836578	0.069845169309638	-0.0116283746527769	0.0711390265286233	0.428518972039298	0.0267191227792159	0.241589146166386	0.512716562294356	0.870156382460724	0.886215993514075
8	snp1080	0.00671366391622982	0.0716710468843516	-0.0423342042772434	0.0734561655482766	0.00877468828334888	0.33214390994043	0.205000228498028	0.925368675630609	0.564399394943501	0.902578046634268
8	snp1081	-0.0489140272766524	0.0868485043311622	-0.00898323486103435	0.0869662942399751	0.317206556641418	0.0106699793586287	0.143546372968444	0.573291258040091	0.917728373858108	0.930741976732323
8	snp1082	0.0779787825921019	0.073694420030824	-0.0103080742814686	0.0740446973098276	1.11965362543652	0.0193805971713676	0.649499647344009	0.289993049562313	0.889280877321059	0.72270813549501
8	snp1083	-0.00853953022462743	0.0721417799829433	-0.0492261120306146	0.0767341782811919	0.0140118104218924	0.41154125529587	3.82580506683553	0.905773312018217	0.521188259902651	0.147651201488224
8	snp1084	-0.0332176907158407	0.0696712400386085	0.0513013745894492	0.0713570839412489	0.227316935992947	0.516872963672618	1.3615478152393	0.633520456158844	0.472178643400633	0.506225069290641
8	snp1085	-0.0400177920550819	0.0688420441797632	0.0450269367260013	0.0702803485595577	0.337908200036271	0.410465812315374	0.49853502342954	0.561039144205318	0.521733172084968	0.779371454501085
8	snp1086	-0.00229941907604141	0.0722477630836393	0.102823979872669	0.0724531558655114	0.00101294869593474	2.01406835179172	4.08797466359627	0.974610130328981	0.155846906766312	0.129511275543602
8	snp1087	-0.0432077891016214	0.0738606327351212	-0.0286534323063069	0.0769909532166661	0.342214211839279	0.138507697952876	0.548896975173828	0.558553916782491	0.709769092431597	0.759991152218786
8	snp1088	-0.0417725482485783	0.0743682307617476	0.000445034357772837	0.075212824385766	0.315505576235681	3.501090093933e-05	0.448972398244625	0.574321231263679	0.995278943796831	0.798926602512161
8	snp1089	-0.0625287470229438	0.0694570443669952	-0.0668465778999961	0.070282758476168	0.810451172801257	0.904608702528089	1.48393166554891	0.367986894940455	0.341548947044068	0.476176910647954
8	snp1090	-0.104493740821959	0.0743967559109276	0.0312462177488493	0.0762143583958797	1.972752293995	0.168082041414379	2.49912386625431	0.160156024298427	0.681822013606587	0.286630332615126
8	snp1091	0.044338508661392	0.0865804096334246	0.00283754085139637	0.0893388672665156	0.262254464604561	0.00100879602410753	1.08368103166755	0.608575520915841	0.974662210240464	0.581676681412548
8	snp1092	-0.0190964219015403	0.0771858252576812	-0.0525484548066523	0.0798451039669786	0.0612109187744366	0.433135039743693	0.00979648623812364	0.804592170238265	0.510454628012657	0.995113733710644
8	snp1093	-0.144267149719006	0.0711158996723145	-0.106386290237368	0.0731746412064097	4.11529986464901	2.11373299494159	5.76519862014141	0.0424969907739412	0.145982826715013	0.0559890406503989
8	snp1094	-0.0132206241722341	0.0774053337580757	-0.023683504794834	0.0785034132088972	0.0291717272228422	0.0910153962498495	0.402298343806576	0.864383130217342	0.762890236719086	0.817790431099468
8	snp1095	0.0698347744175725	0.0665206207045941	0.144046932092141	0.0661075709686522	1.10212507481506	4.74794442030378	3.85205415955717	0.293800211811647	0.0293333145856789	0.145726007731487
9	snp1096	-0.133698424841568	0.0683155751751605	-0.0678796408334666	0.0711640925633503	3.83012654483988	0.909823687498243	3.32887269590205	0.0503391320575323	0.340161203937279	0.189297325742928
9	snp1097	-0.0755775415481138	0.0728913708642298	0.0583246639227321	0.0716803331336112	1.07506144074336	0.662070839244335	1.10947490676754	0.299804978338949	0.415829809767059	0.574223001713426
9	snp1098	-0.063180128132019	0.0673580580035142	-0.0907163973488947	0.0672906484269295	0.87979581048757	1.81744870635632	3.33062332450759	0.34825761136238	0.177617264573085	0.189131703582526
9	snp1099	-0.0242357172866165	0.0681967842233562	0.128695681505469	0.067633806774928	0.126294361897258	3.62076453873315	2.93448893347539	0.722305543859066	0.0570626445281687	0.230559926219251
9	snp1100	-0.0833079558305321	0.0745560634816284	0.0246252998092809	0.0763671786053189	1.24855310003749	0.103979939802275	1.57564177641043	0.263829007353265	0.747104837159232	0.45483485215929
9	snp1101	-0.0946211167749637	0.0721678010954701	-0.141615564991166	0.0728691440288939	1.71905271033761	3.77689266329725	3.61973129523526	0.18981502760859	0.0519650796538685	0.163676125602959
9	snp1102	-0.18597925312249	0.0678649705662641	-0.102013969832921	0.0679396163438856	7.5099607710456	2.25461876063251	12.3843347969356	0.00613587080130984	0.133216259642611	0.00204538877308502
9	snp1103	-0.149573489348951	0.0754597677714514	-0.0679537225841504	0.0753019358268982	3.92896646446374	0.814355856137222	5.35783809788778	0.0474611045735852	0.366835566166511	0.0686373076390947
9	snp1104	0.017678045443364	0.0752393998448822	0.0025119586824928	0.0763398120339794	0.0552049278404944	0.0010827365832105	0.128970435673218	0.814241883408584	0.973750375121522	0.937549973176508
9	snp1105	0.063959533290122	0.0681248124000041	-0.128467200114195	0.069080961942434	0.881454569349402	3.45834061498467	4.24479032985181	0.347803593929868	0.06293344292895	0.119744476989751
9	snp1106	0.0367381634855307	0.0646552552644706	-0.120746476941149	0.0669664740255611	0.322869650454332	3.25112801713614	6.44957918839846	0.56988817232523	0.0713743222267943	0.039764147303347
9	snp1107	-0.00398712367650955	0.0685676541105253	-0.0431263424001726	0.0690827269220703	0.00338127763462908	0.389714270268272	0.559464200322366	0.953630139692572	0.532449631638432	0.755986242922086
9	snp1108	-0.0303905035073357	0.0709562869658645	0.0939621013281155	0.0712256825733287	0.183439994240532	1.74033238330081	0.8973025280013	0.668433480171059	0.187096717093156	0.638488723876
9	snp1109	0.141799244122615	0.0850673247836572	0.104725764559488	0.0843870353643874	2.77857600618053	1.54012375585264	6.15667582099061	0.095533074186674	0.214599385291158	0.0460357085645271
9	snp1110	0.00554600825097433	0.0681833041681087	-0.0427310748510795	0.0693536729427808	0.00661614380160696	0.379619665446662	0.416719684664322	0.935171817175507	0.537806855258363	0.811914822816269
9	snp1111	-0.0432117609486785	0.0642845656838681	-0.0408368868185879	0.0654097741467063	0.451846061953005	0.389780361226644	1.20065255946788	0.501459590227552	0.532414875781953	0.548632599189062
9	snp1112	0.0377459737593681	0.074608050825298	0.0244315947588899	0.0805895564695068	0.255958690350462	0.0919064732744609	0.229510716648928	0.612910283262794	0.761767317862576	0.891584235889899
9	snp1113	0.0915851023684245	0.0721206792002158	0.0687006745187388	0.0751901096063564	1.61261262021952	0.834834842403791	21.8966729380296	0.204124936763778	0.360878199301273	1.75872479115657e-05
9	snp1114	-0.102369325316423	0.0762542481418636	0.0606232120677359	0.0749391810851037	1.8022357292986	0.65442517957784	4.00443850960013	0.179442440943436	0.418534991279197	0.135035272782624
9	snp1115	0.095247375694778	0.0782002626636769	0.121813128669379	0.0788417054411954	1.48350704686678	2.38713057634226	1.31243803068431	0.223226617422357	0.122337999258079	0.518809240531656
9	snp1116	-0.0931932072408177	0.076200232440244	0.00796651219784997	0.0770943819226927	1.49573936712299	0.0106780263669587	0.919098182999098	0.221328095460538	0.917697466417972	0.631568360854342
9	snp1117	0.0880164269286167	0.0745007789540765	0.0168627158294077	0.0751697320203619	1.39574422999966	0.0503232914298457	2.979803784326	0.237437426854325	0.822501674546187	0.22539476744785
9	snp1118	0.0865727969196047	0.070616614962263	0.129073167152341	0.0723849197469124	1.5029658260332	3.17962379960621	1.53950069989419	0.220215584489518	0.0745618947140939	0.463128673978108
9	snp1119	0.0940387659606708	0.0738679715585433	0.115891378082001	0.0737914344534305	1.62069576089659	2.46655241451788	3.99621941712513	0.202994800943485	0.116292753655138	0.135591348306254
9	snp1120	0.0462388761365714	0.069524946681599	-0.0822662645031998	0.0710834341239049	0.442316571427909	1.33938907843082	6.08966346119153	0.506006459084448	0.247141734189151	0.0476043216644652
9	snp1121	-0.0548749248734096	0.0688231034189807	-0.0576342715655292	0.0720949232875943	0.635739758922016	0.639075618381039	0.745681255994171	0.425257715741994	0.424045727458751	0.68877499554777
9	snp1122	-0.0005139559771079	0.079105950564814	0.0897712213785204	0.0778091625994385	4.22117672782228e-05	1.33110644209281	0.711857160485123	0.99481613391735	0.248608475960517	0.700522649606403
9	snp1123	-0.265248273683081	0.0690946012275808	-0.176020761917812	0.0706833854232383	14.7372653338003	6.2014480339616	26.8799347260948	0.000123579399294194	0.0127645841407067	1.45578197330298e-06
9	snp1124	-0.121332112791726	0.0791390483357095	0.0698104988946495	0.0814759536524355	2.35055205454419	0.734146239260023	9.55689644698031	0.125238648903829	0.391542523519374	0.00840903779552293
9	snp1125	0.101039281896832	0.0694611305177446	0.0180085365715067	0.0688177595471353	2.11590812911745	0.0684787438745183	3.08244308672648	0.145775558855873	0.793564741036783	0.214119385496549
9	snp1126	0.0964092061371862	0.0787677520556379	0.164620099288179	0.0793433435137457	1.49809760874663	4.30471816907104	6.30619318312225	0.220964308052029	0.0380067922334315	0.0427196365726406
9	snp1127	-0.0328659433091186	0.0736471727198129	0.014904111013851	0.075226543852976	0.19914987828255	0.0392527361186915	0.913742767588784	0.655407916529297	0.842948804458198	0.633261782552864
9	snp1128	-0.043652363449696	0.0711682855129681	0.0218849054675258	0.0706034157276526	0.376220553382526	0.096081090896297	1.00783410464118	0.539632905261093	0.756584150314896	0.604159494405573
9	snp1129	0.114153068442818	0.0745550999076108	-0.0221340759222779	0.0772653527070512	2.3443392925744	0.082064099387522	1.97961781793621	0.12573886316873	0.774519452797113	0.37164770278
9	snp1130	0.118783711345927	0.075393769024031	-0.0109779695451299	0.0741532769270992	2.48223486586234	0.0219171130445389	2.5691122303137	0.115138544740481	0.882307811650219	0.276773411891681
9	snp1131	0.158269430809521	0.073953613126087	0.0488600026938066	0.0754713750486755	4.58010344454986	0.419123920440121	5.66665406431834	0.0323452621444905	0.517374514910864	0.0588168422564291
9	snp1132	-0.0186608498839916	0.0800161194892445	-0.0522363324618423	0.0812064824579227	0.0543885983800608	0.413774723035921	0.732235034605467	0.815595520488652	0.520059796168153	0.693421307419679
9	snp1133	0.0216785241889064	0.0839403381632363	-0.0195749306024685	0.0828532733131266	0.0666987965146819	0.0558188802725156	0.12544156518454	0.796205404696495	0.813230771572243	0.939205679656393
9	snp1134	-0.0949377374124877	0.075244744343803	-0.0903501376387979	0.0756108064554987	1.59193529856051	1.42787403588062	2.91533491591094	0.20704985143968	0.232111710509468	0.232778607866361
9	snp1135	0.0361269741910119	0.082246619800154	0.0992875129638221	0.0829044920662059	0.19294212671181	1.434277345786	1.16020820852404	0.660479109212553	0.231067639917482	0.559840081793044
9	snp1136	0.0239530255146433	0.0730895230711891	-0.018199282175159	0.0720764225972405	0.107401537415711	0.0637561481917784	0.0926479807320435	0.743122065923326	0.800654769913266	0.954732587915667
9	snp1137	0.0712190389149323	0.0746545965077193	0.06161825349962	0.0760954660932349	0.910079040015439	0.655693994771829	0.437932237833776	0.340093447947621	0.418084253737944	0.803348936024608
9	snp1138	-0.00185206637331731	0.0697824060017794	0.00274120791199614	0.0692869072263914	0.000704403028917786	0.00156524239066863	1.00345776924328	0.978826157179373	0.968441410969813	0.605482944133153
9	snp1139	-0.0323930017310137	0.0720069844086407	-0.103934904469547	0.075184254306972	0.202373266469944	1.91103679538036	8.53469417620876	0.65281199491737	0.166848135228984	0.0140189248372118
9	snp1140	-0.022062901027742	0.0790874315384449	-0.179571337002925	0.0805052387014712	0.0778234161094099	4.97537418339803	3.3564742871754	0.780269009665634	0.0257106415928635	0.186702816362132
9	snp1141	-0.0767259989022223	0.0789574980977185	-0.103836735087218	0.0799050173110979	0.944274681957374	1.68870561978809	1.31620165265806	0.331180922101944	0.193771684875626	0.517833857633694
9	snp1142	0.0546593235253935	0.0700036662952076	0.0433993936787876	0.0712476194304805	0.609658921126011	0.3710450210384	0.234708908173526	0.434916261265821	0.542435192493521	0.889269931932287
9	snp1143	0.031688528343182	0.066033358485967	-0.1774458136385	0.0661721850287059	0.230291213579117	7.19085554942179	5.71034803485885	0.631307982053092	0.00732760348704364	0.0575458062762542
9	snp1144	0.0139259750367195	0.074588886203695	0.107414690724536	0.0790571544937897	0.0348580413266267	1.84605657830999	2.50206711373955	0.851893438460456	0.174242735076171	0.286208830834379
9	snp1145	-0.023991379707504	0.0790491037540647	0.103068428114059	0.0816337771017034	0.0921120712240465	1.59408517508937	5.37083608669346	0.761509071888594	0.206743445912621	0.0681926805404076
9	snp1146	0.0404963553063255	0.0680811826453105	0.0136636628231172	0.0703612675970229	0.353816183701976	0.0377109057085895	0.651663230338184	0.551960790069928	0.846024795063098	0.721926738709558
9	snp1147	-0.0849917611118381	0.0683813752396341	-0.152281079260934	0.0682710824845512	1.54482039735946	4.97528901899611	6.40169334523611	0.213901722402746	0.0257119074293833	0.0407277063425688
9	snp1148	-0.0574000914146923	0.0728533519676372	-0.128967238882829	0.0720515998120259	0.620763383165441	3.20384537206064	2.57225410280578	0.430763749432636	0.0734653464427795	0.27633895984458
9	snp1149	-0.0536720615668362	0.0696390546531835	-0.00681098903998872	0.070656886450196	0.594005984132941	0.00929204642286266	1.85244180245509	0.440874197055463	0.923206655444425	0.396047588793276
9	snp1150	0.00863783571575786	0.0757425479574107	-0.0401240689625922	0.0774611014074172	0.0130055899947204	0.268313547076642	1.16658923176373	0.90920445691401	0.604465309086934	0.558056751886986
9	snp1151	0.0375997709902732	0.0674838480588662	-0.00333674022659946	0.0673726035589657	0.310435029872685	0.00245289034012624	0.671796720005666	0.577413356269769	0.96049958932933	0.714695743797908
9	snp1152	0.00431997144853961	0.0738065902326102	0.0405599041653244	0.0739358639987934	0.00342587465506335	0.300942507825792	0.0857605090835593	0.953325692879232	0.583292155506344	0.958026102473376
9	snp1153	0.101200751590251	0.0793157851163911	0.0646542894907002	0.0774001886784662	1.62797683467786	0.697767356651509	1.96680697073102	0.201983109247084	0.403534913192569	0.374035904302894
9	snp1154	-0.00898903361760268	0.0732790478816177	-0.066218041339027	0.0726381268406834	0.0150475700407367	0.831042795244421	0.920932894468909	0.902369579264212	0.36197116713404	0.630989253660792
9	snp1155	-0.00898020646732329	0.0690879318181496	-0.0323192542193742	0.0697358575296549	0.0168953914926638	0.214788175994963	0.334172885718129	0.896580451188687	0.643040088578127	0.846126466584911
9	snp1156	0.0192121399207675	0.0733230240564293	-0.00630712315821346	0.0750129118146935	0.0686547745531755	0.00706953053938343	0.395979838561964	0.793305590192138	0.932992428202712	0.820378123097495
9	snp1157	0.0325320513178356	0.0746840774464627	-0.134697593664182	0.0753926037612718	0.189743477654096	3.19199490687382	3.3621567949717	0.66313020461108	0.0739996564909071	0.186173099144258
9	snp1158	0.0689280453771928	0.0778567149674071	0.0338561411136925	0.0780460531878815	0.78379010334606	0.188179808072254	0.453266647857782	0.375984492129579	0.664435884707203	0.797213047651658
9	snp1159	0.131479028259385	0.0724751893596129	0.0204010901241023	0.0724721872786225	3.29104828221742	0.0792435660290907	4.68248805239162	0.0696585357895725	0.778325135462587	0.0962078786326372
9	snp1160	0.0430036282575929	0.0707331867266507	-0.00107272974505839	0.0723444378185351	0.369627052001158	0.00021987221618952	0.156294313267388	0.543207626943994	0.98816933045531	0.924828321906838
9	snp1161	0.00811170852489273	0.0678132383860999	-0.050559038208052	0.0684734722987238	0.014308552623634	0.54519630563305	0.442388458275289	0.904785473075786	0.460287151338487	0.801560978672132
9	snp1162	0.0607874897895102	0.0662636144944061	0.124535652911419	0.0674661560989256	0.841546611772629	3.407339990067	3.68249185636427	0.35895481343169	0.0649069949614748	0.158619674217827
9	snp1163	0.0652303050519787	0.0712022375825328	-0.114397483313009	0.0711846427140416	0.839289008025431	2.58261887909115	3.41026922398628	0.359600194061664	0.108042774012708	0.181747919078986
9	snp1164	-0.0876500298496247	0.0688098249006395	-0.00088758629914639	0.0739184322502712	1.62256921275633	0.000144183540307179	2.4593015637897	0.202733919361786	0.990419515606309	0.292394669366081
9	snp1165	-0.0831960680228049	0.0691994951727853	-0.0569323812443108	0.0688912571728272	1.44543893968636	0.682952466151678	2.37660948572138	0.229261225592361	0.408571903315541	0.304737434733929
9	snp1166	-0.0500842677267447	0.0722027201028468	-0.0639651556076335	0.0700159061516876	0.481166672321941	0.834629044423919	1.08278664134603	0.487894336742617	0.360937398785035	0.581936862581145
9	snp1167	-0.132412397477789	0.0777689914364081	-0.000545521067258337	0.0796627130953873	2.89897429531289	4.68935236768477e-05	5.42675911960199	0.0886359366193696	0.994536221295574	0.0663123211426265
9	snp1168	-0.00536794713577924	0.0729455882929055	-0.0896979693455388	0.0755817636338183	0.00541524859191316	1.40841674332454	2.02234457887411	0.941337923320071	0.235319400732052	0.363792259677477
9	snp1169	0.080805145702082	0.0657869565993976	0.0921449354096674	0.0669289719575815	1.50868455337547	1.8954600330548	3.97269524315032	0.219339921624636	0.168587367315978	0.137195601728704
9	snp1170	-0.0447662135212291	0.079028487177136	-0.251034758343494	0.0805307109926949	0.320873156689951	9.71727849100105	11.3032824552613	0.571083381703039	0.00182543627130705	0.00351174846404023
9	snp1171	-0.048723479323526	0.0691892557292241	-0.135950873629063	0.0718525355203236	0.495905893054126	3.57997347928512	4.85701683794289	0.481304582293399	0.0584800848985696	0.0881682446331633
9	snp1172	-0.0946260086371795	0.0724986992201515	0.0339401059260133	0.0719655740945632	1.70357247539012	0.222421516900318	1.69335308770398	0.191821437195189	0.637201005999631	0.428837789825277
9	snp1173	-0.0826389576591908	0.074564420359284	-0.0859079611532873	0.0748948060687041	1.22830542262646	1.3157198384737	2.99206979492321	0.267736846300012	0.251361652895786	0.224016650463875
9	snp1174	0.0751331548416752	0.0735331933941662	-0.127246902055469	0.0771262529652835	1.04399013938481	2.72201159401753	4.23180793532865	0.306895283470288	0.0989732119101207	0.120524290233514
9	snp1175	0.0355978572409574	0.0701191886831302	0.113257621643395	0.0707473262905216	0.257735326528841	2.56280056957801	1.58057276711349	0.611680302080547	0.109404621342429	0.45371484020506
9	snp1176	-0.102318209421042	0.0682230282808991	0.0144839932843259	0.0697265619229916	2.24928183940324	0.0431499330757097	2.11160238558474	0.133676428244866	0.83544321237197	0.347913569767324
9	snp1177	0.153668972413104	0.0723495732723106	-0.164914689099807	0.0705433531784394	4.51128668227852	5.46520531402964	26.574022711762	0.033671901789233	0.0193987748027831	1.69638446689824e-06
9	snp1178	0.143294410781803	0.0722524720264241	0.0684728136801341	0.0730568956591053	3.93326385357808	0.878443674872849	5.42458272340504	0.0473399816922045	0.348628298855983	0.0663845213613448
9	snp1179	-0.0668069180661919	0.0725470121432607	-0.0790018426340651	0.0724644545276143	0.848015544954455	1.18856896712041	2.19784940221639	0.357114337276721	0.275618402715701	0.333229212118533
9	snp1180	-0.0125889398071074	0.0667893175757542	-0.066127034444765	0.067361247867031	0.035527471678194	0.963691094130471	2.22128856221563	0.850494650644725	0.326258658050366	0.329346700847626
9	snp1181	0.0444278323784248	0.0772463690900999	0.0431418112746258	0.0771937061839826	0.330791315773317	0.312343853621582	0.528387998189927	0.565193503786728	0.576245452048184	0.767824567935714
9	snp1182	-0.0858925868524974	0.0720525530368673	-0.0672441515475122	0.0735582883758203	1.42106066354206	0.835691156326929	3.00305255883229	0.233228901950297	0.360632017231145	0.222789860939774
9	snp1183	0.00525082634918795	0.069902534825662	0.0131398128861667	0.0713329847711664	0.00564247265105522	0.0339310710563084	0.578163319028353	0.940122104131602	0.85385351225412	0.748951043927106
9	snp1184	-0.0748519043577845	0.0711184728242777	-0.0714014758084915	0.072709586291899	1.10774771707222	0.964341883628196	2.69933923326186	0.29257206936387	0.326095362307893	0.259325923466608
9	snp1185	-0.0495269816376676	0.0679560410058851	-0.0537910647307703	0.0722573780780097	0.531162716095878	0.554186425673805	2.06982006407715	0.466118439332945	0.456612150337718	0.355258341355974
9	snp1186	-0.00269270982451673	0.0623873015399025	0.0327474540101926	0.0639921311138189	0.00186288783678319	0.261879760203515	1.01354392510303	0.965573046617178	0.608831665678875	0.60243713304726
9	snp1187	-0.0411959918790461	0.0726441917199878	-0.0893698077562449	0.0792860510461107	0.321594146899865	1.27053920897698	4.60193444882369	0.570651192413343	0.259665549041167	0.100161917803765
9	snp1188	0.0970678468502252	0.0615020619987705	-0.148807594177728	0.0611628368572631	2.49098687365653	5.91936267066222	5.5880192705872	0.114499907924006	0.0149753746030269	0.0611754303284744
9	snp1189	-0.261631727853878	0.0784202563021145	-0.252012881377592	0.0797535128363569	11.1307468089967	9.98494868819973	18.345290469916	0.000849083985767551	0.00157824953015462	0.000103841461044363
9	snp1190	-0.102584894240684	0.0796945238416854	0.114866992180492	0.0824508199400526	1.65695177953826	1.94088829291273	3.33707775689034	0.198015391520932	0.163572117105016	0.188522318523977
9	snp1191	-0.0276969926446531	0.066096237722854	0.0400432342295052	0.0694426146889931	0.175594840992334	0.332511113676454	1.17767914920808	0.675186620806891	0.56418418118723	0.55497091356278
9	snp1192	0.0387691165845679	0.065390416009039	0.0290916741780643	0.0687837252638557	0.351514795446689	0.178881753558169	0.0543168338617883	0.553256891161189	0.672336010218947	0.973207056836858
9	snp1193	0.0831732030573459	0.0697337116801391	0.0123706894559286	0.0724732037362539	1.42259503946232	0.0291361986544231	2.2728732756154	0.232976744167046	0.864464940575422	0.320960685699955
9	snp1194	0.0878594287258673	0.0716087045306933	-0.0207259877582009	0.0722427429086564	1.50537644484877	0.0823079946786404	1.28152849786127	0.219845957677355	0.774193715050186	0.526889595322158
9	snp1195	0.0256916189771277	0.0610656694214229	0.0833119209908353	0.0621480795388382	0.177006290365101	1.7970446635822	2.7490250666627	0.673958711424732	0.180070191660075	0.252962876725445
9	snp1196	-0.105154732862435	0.0752036879767279	-0.169448486974055	0.0762970863608949	1.95514679863969	4.93241356928875	7.92427808180202	0.162033312051718	0.0263574796305207	0.0190223810909635
9	snp1197	-0.152616189785891	0.0731091408438665	-0.00116393300346177	0.074125293821886	4.3577052630963	0.000246560277382739	3.77346749932322	0.0368419009785957	0.987471941573107	0.15156605390777
9	snp1198	0.0831497574638961	0.0736989234481066	-0.062643689141433	0.0768115015542535	1.27291582470369	0.665123268760362	2.34943724518557	0.259220385088529	0.414757042107426	0.30890588659807
9	snp1199	0.134747302929017	0.079894831135224	-0.226189463266548	0.0800725121597178	2.8444794207433	7.97953955512696	19.2418525777579	0.0916882862099593	0.004730897310115	6.63261520129632e-05
9	snp1200	-0.00936063267198971	0.0725434579544461	0.00754257745519751	0.0754037679300641	0.0166499870230887	0.0100058378603182	0.0811442977683156	0.89733008985366	0.920321155325615	0.960239881776113
9	snp1201	0.109424399771571	0.0677886466957584	0.0767444736573183	0.0690168354942086	2.60564003387741	1.23647158039967	3.08557607444667	0.106484159883808	0.266152151482213	0.213784231370817
9	snp1202	-0.00181270145912081	0.0736525488848268	0.10696284942128	0.0746809587466369	0.000605727103297652	2.05138019342752	1.5662849428296	0.980364827428985	0.152068278970431	0.456967744557983
9	snp1203	-0.0638933863116159	0.0732304943208796	0.0768829881322212	0.0722708409930441	0.761251008054125	1.13170775409195	2.6296177829671	0.382937306238867	0.287411364834285	0.26852563587184
9	snp1204	-0.086577709633013	0.076438162886421	-0.044199873031104	0.0787560078296755	1.28289674678845	0.314973964348994	2.60140628824997	0.257361128249262	0.574643880654401	0.27234023126053
9	snp1205	-0.114237182476827	0.0679921714269982	0.057008384150271	0.068477960329827	2.82291072676578	0.693067973858525	6.77364700113374	0.0929277466390958	0.405122805367626	0.0338159227356271
9	snp1206	-0.001166842500501	0.0784142438014479	0.0118275495355954	0.0775392102703325	0.000221429031887092	0.0232673436545813	0.0693413949877805	0.988127523604961	0.878763908277784	0.965923444901994
9	snp1207	-0.0558293473837757	0.0879570016052149	-0.0258002959042901	0.0872229966222869	0.402887942476724	0.087495832465634	0.696573053219057	0.525601559439673	0.767385156460186	0.705896589079098
9	snp1208	0.0223768898005321	0.0704324041842635	0.0280572401865128	0.0717786090322269	0.100937936003107	0.152791721407087	5.16611763009257	0.75070696432711	0.695881638505634	0.0755425794820975
9	snp1209	0.0168424675473199	0.0725779678807943	0.0393472437827043	0.0718302225619718	0.0538519991268887	0.30006421670926	0.527506512146136	0.816491151962901	0.583842165467187	0.768163055843684
9	snp1210	0.0140601225600808	0.0664154920446867	0.000493888032402134	0.0672333483263157	0.044816653450277	5.39619362792961e-05	0.0610642094106193	0.8323415239934	0.994138889382033	0.969929292273247
9	snp1211	-0.0782890188764413	0.0690014335166032	-0.106927849418946	0.0689664907933062	1.28731691034398	2.40383916924669	1.95711104434682	0.256542999274212	0.12103787975218	0.375853619146701
9	snp1212	-0.157817124040134	0.07140249189863	-0.025142858198889	0.0726206072033522	4.88519059554795	0.11986973365762	3.54231393003039	0.0270880436224934	0.729175816834349	0.170136033473601
9	snp1213	-0.0472909163797961	0.0680579545291723	-0.0412325399441584	0.0674789359925033	0.482833811222057	0.373373701037615	0.886523864382887	0.487141512791962	0.541171030629063	0.641939040564975
9	snp1214	-0.024817439702743	0.0619866671388283	0.063861891647869	0.0632113085867615	0.160294041363527	1.02069031758142	0.831326263939714	0.688885944294962	0.312355319835503	0.659902533112116
9	snp1215	-0.0199487449035312	0.0718013281825659	-0.168495304591137	0.0716295632592425	0.0771909165619401	5.53338641704344	3.97227940710951	0.781140916014956	0.0186569618952572	0.137224130132306
9	snp1216	0.26068208778592	0.0723248934137486	-0.0131471633288668	0.0729503419322675	12.9911254488691	0.0324795088145259	12.2431489962323	0.000312970796261469	0.856979290589712	0.00219499722187555
9	snp1217	-0.0739703340313779	0.068749860130146	-0.0775131959200257	0.0688146740657737	1.15763466164729	1.26878832154851	1.70249147350569	0.281956631447072	0.259994113062673	0.426882816965692
9	snp1218	0.088432809783587	0.0672885800258989	-0.0272674127028002	0.0675278092070712	1.72720593259731	0.163050652980868	1.63987874906454	0.188768119444244	0.686363245048884	0.440458356690465
9	snp1219	0.138380600712842	0.0653413126441376	0.0687014390776254	0.0659839674175375	4.48512667550811	1.08406374144637	7.06737653687367	0.0341910124844538	0.29779024478513	0.0291970305481125
9	snp1220	-0.0222141249778082	0.078661644341732	0.0941348864961188	0.0803565442663675	0.0797503101108465	1.37233046102572	0.786205542815827	0.777636068240888	0.241411881516394	0.674959377496054
9	snp1221	-0.0265729127657681	0.0723978949189163	0.0132845020014723	0.0746724476128817	0.134718254270441	0.0316497135278367	0.19693708966729	0.713589290450609	0.858798633596962	0.906224197598844
9	snp1222	0.0780549354967691	0.070658543678782	0.0275637828407722	0.0718899117752062	1.22031338308774	0.147008260287255	1.16337063308444	0.269299159231664	0.701410924952989	0.558955555277151
9	snp1223	0.0324958562522832	0.0685542926315064	0.0371578302175868	0.0720359380344767	0.224691509502314	0.266073890812129	1.01447250835271	0.635488240938755	0.605977682659967	0.602157491454539
9	snp1224	-0.0395467180196702	0.0663134916815846	-0.152462347437744	0.0676886667161095	0.355645323710589	5.07333201645944	3.44485437921595	0.55093471472803	0.0242966377375331	0.178632047453319
9	snp1225	-0.00648510219487601	0.068429970666781	-0.060391238045999	0.0670207213367037	0.00898133593414923	0.811950718140572	0.927814736245222	0.924497587225286	0.367544148092962	0.62882180071327
9	snp1226	-0.141570573432028	0.0701638904030393	-0.0481421135643495	0.0737445539884795	4.0711645791045	0.426177384140543	7.44152234162477	0.043621190374593	0.513870633679631	0.0242155286752681
9	snp1227	-0.0444826658051664	0.0725495973844262	-0.0643491284967354	0.0731775131446226	0.375933994323475	0.773268014135678	0.234453684702152	0.539787367217427	0.379207960857524	0.889383420452875
9	snp1228	-0.0112141164608034	0.074873457795651	0.0889113204084494	0.0750984242864041	0.0224323278616215	1.40169159889842	1.06620055915237	0.880942720690879	0.236440547107291	0.58678295554841
9	snp1229	0.0609296340168723	0.0794033274581792	0.247609423355082	0.0817082420983359	0.588816178681187	9.1833810161016	7.91227399813209	0.442877260518636	0.00244222461753163	0.0191368975405498
9	snp1230	0.134572544789367	0.0648276840908597	0.00797487605011307	0.0660386208577139	4.3091530156028	0.0145831684922163	3.84643020272172	0.0379078309231872	0.903880507499923	0.146136362804537
9	snp1231	-0.110829063991405	0.0682101729309534	-0.0855811866059565	0.0704453428101818	2.64003101908562	1.47588335165512	2.10285433558318	0.104201509387746	0.22441972253665	0.349438685435073
9	snp1232	0.0422031404197152	0.0759675055004723	0.0112560245486788	0.0763138132755898	0.308626920769337	0.0217552337044596	0.0925922874498205	0.578523986311556	0.882740098790423	0.95475917438157
10	snp1233	-0.103786656701724	0.071127150116103	0.0978971115174404	0.0747770890862283	2.12917926622656	1.71396775026676	5.75568480971494	0.144518118332422	0.190471383407452	0.0562560096795182
10	snp1234	-0.10762536061327	0.0750679349984733	0.0721357057757365	0.0764448753338934	2.05551334510417	0.890438269750336	6.03125905028434	0.151656134391827	0.34535856860656	0.0490149696168989
10	snp1235	-0.0708573405276281	0.0668407909055149	0.0125352005816347	0.0699219265673911	1.12379355176106	0.0321392548553001	0.280795387890242	0.289103068080756	0.85772236888102	0.869012565632389
10	snp1236	-0.0952334197953963	0.0718112891106696	0.0372228147164404	0.0721837007052103	1.75870627834759	0.265913345364659	4.05105041919955	0.184785964767117	0.606086403469628	0.131924536956019
10	snp1237	-0.0147844024708687	0.077172900739188	-0.0274696001143316	0.0767267562263169	0.0367010005426855	0.128177264449896	0.106289604427525	0.848075086155341	0.720329450040084	0.948242694899187
10	snp1238	-0.0120768453773885	0.0807218493931339	0.00444973223475806	0.0785732406489592	0.0223833355488806	0.00320714373986197	0.159423903049002	0.881071834399891	0.954838622234674	0.923382286942968
10	snp1239	0.00982434895095532	0.0788843451597263	0.174699056545408	0.0790470541727592	0.0155105040040636	4.88438332093292	4.48719021555506	0.900886802043642	0.0271007140288119	0.106076461735899
10	snp1240	-0.00285725193010906	0.0779676710400495	-0.0942770177900284	0.078402103461884	0.00134297505562538	1.44595988104128	0.906312311792981	0.970766767846785	0.229177331715237	0.635618870241826
10	snp1241	-0.142303964120535	0.0710341373502425	-0.0306222271338008	0.0709930838355354	4.01328290490689	0.186055050492982	4.89164556391775	0.0451431694481023	0.66622044936157	0.0866548075500237
10	snp1242	-0.0499485452367889	0.0728217574917222	-0.116455383857932	0.0743378772194917	0.470460727183073	2.4541371622886	2.69208231742818	0.492775288840171	0.117215563361254	0.26026858583779
10	snp1243	-0.036382877970135	0.0635788622196927	-0.0961224968525873	0.0641585713958146	0.327467795512995	2.24460908663429	2.35868978448801	0.567153959866809	0.13408078885307	0.307480105237262
10	snp1244	-0.0517474152275543	0.0719006998980344	-0.06557090194362	0.0746528024582079	0.517977729545527	0.771489613548725	1.72652807762961	0.471705602090745	0.379756622598737	0.421783116579244
10	snp1245	-0.0279096198261797	0.0712031064590215	0.0378480616489423	0.0727084420423344	0.153642002335412	0.270967751189511	0.65710181513637	0.695078946260147	0.602683334271352	0.719966275560615
10	snp1246	0.0562780196036901	0.07438327195007	0.0797579628050794	0.0760350521600912	0.572436156009917	1.10032355157077	1.30478444198499	0.449292473639864	0.294195109231839	0.52079842046562
10	snp1247	0.0155137044890671	0.0733761724271002	-0.0051661953687664	0.0765447633264299	0.0447013791027774	0.00455523390577619	0.154574725814757	0.832554084838383	0.946189654074248	0.925623825431397
10	snp1248	-0.0897436727132117	0.0711373104977201	-0.0466383374265648	0.0719022394512584	1.59152254203079	0.420727874541062	1.66747714477478	0.207108739862635	0.51657407232265	0.434422128019923
10	snp1249	-0.054341978973539	0.0708853877547056	0.0388312048832261	0.0727549105555451	0.587702396205307	0.284863699717587	1.86520903364869	0.443308965681112	0.593530951647604	0.393527425662877
10	snp1250	0.107046583554661	0.0746382797705866	0.000639215604201072	0.0780990541738652	2.05694357912736	6.69889526397474e-05	4.15830678841481	0.151513810708338	0.993469644763547	0.125036023623863
10	snp1251	0.0536891051677991	0.0728801071730012	-0.0249543764247948	0.0736657435122351	0.54269313284263	0.114752535631345	0.783377668597448	0.46131874303493	0.734796988511611	0.675914402620714
10	snp1252	0.0317969670696077	0.0702694935006695	0.0504487336307334	0.0696575403297835	0.204756523814532	0.524522675591164	1.27653318826814	0.650908603327429	0.4689187876525	0.528207228458555
10	snp1253	0.0241053910626158	0.0634982131901726	0.0981971671681339	0.0664002132687071	0.144113728267697	2.18705129960255	5.29829476790344	0.704225181431041	0.139175530616654	0.0707114771059106
10	snp1254	0.137112053121124	0.0687583145076221	0.075162873408876	0.0734444213821023	3.9764985070985	1.04734345122326	4.08087173858686	0.0461393822242685	0.306119708156082	0.129972047705855
10	snp1255	-0.153926697822252	0.0700145926068231	-0.0579709935786017	0.0703516774831369	4.83337813287392	0.67900437596605	5.89942470565353	0.0279138849963217	0.409929774599125	0.0523547634824212
10	snp1256	0.0906245057321691	0.081108309842661	0.145746759372855	0.082952266519066	1.24841965855829	3.08703320328943	2.25995797664081	0.263854528702867	0.0789185754378153	0.323040043964844
10	snp1257	-0.0174369695788376	0.0765092864982859	0.0169240577581191	0.0764800929058304	0.0519414077463277	0.0489679794184598	0.60565475449512	0.819718869723044	0.824868895857189	0.738726606384696
10	snp1258	-0.0684876631727525	0.0701940063671339	-0.107372782989881	0.0697178368950141	0.951973008278374	2.37192313704417	5.36619027257296	0.329217593023475	0.123534782888286	0.0683512699223787
10	snp1259	-0.141926579906318	0.0731491504626693	-0.0977308946548605	0.0730996773534448	3.76451386886941	1.78744558179158	3.97903535112522	0.0523510737254856	0.1812377033621	0.13676137289245
10	snp1260	-0.0616989024404972	0.0725877337710967	-0.10252921297453	0.0743674882388181	0.722484279104437	1.90076760005058	1.47885507101417	0.395330227671634	0.167992425335279	0.477387124490503
10	snp1261	-0.107222676856177	0.0692662445634223	-0.0775204831694936	0.0703782892821839	2.39623830787632	1.21326461010371	2.53176262301422	0.1216274052269	0.270686536673851	0.281990664977921
10	snp1262	0.0626376695699071	0.0724502109910849	0.0531181333906295	0.0729826612963359	0.747466741939586	0.529719815213032	0.498895856732364	0.387279462360996	0.466724678793762	0.779230855596631
10	snp1263	0.027586977701031	0.0665196917733073	-0.048067730030631	0.0677784456527106	0.171991819639967	0.502949078248259	0.261547783378007	0.67834764758369	0.478207180998279	0.877416143045943
10	snp1264	0.00637512148257767	0.0704905718452628	0.0663634416231382	0.0700377685545867	0.00817927598676042	0.897828112150937	1.39083011011877	0.927938088203452	0.343364742375639	0.498867347592496
10	snp1265	0.101675717260301	0.0771583892881767	0.0347081448704323	0.0779845857619467	1.73647359410559	0.19808211468155	4.94887971343085	0.187586266680387	0.656273381709559	0.0842101467970895
10	snp1266	0.0567307304139735	0.0686469903256043	-0.0587025800908468	0.0700907969037568	0.682957608635688	0.701442997397165	0.996391818227188	0.408570138963853	0.402299250620388	0.607625883792982
10	snp1267	-0.0361106824825758	0.0678091893316249	-0.0734481167878796	0.0714810821964437	0.28359220436571	1.05579376274478	2.09914838261959	0.594356366852259	0.304176494421717	0.3500867873744
10	snp1268	0.0549199033930693	0.0665725103067959	0.0285321818171145	0.0681573108997694	0.680565080841978	0.175244772139476	1.92701960744155	0.409392208481228	0.675492065340565	0.381551362718072
10	snp1269	-0.0336298221924193	0.0714027429159872	-0.0133058225185885	0.0730348448463692	0.221829526118676	0.0331912211143807	0.725053277776517	0.6376494331999	0.85543787402171	0.69591577500915
10	snp1270	0.0280768154204211	0.0637902929022331	-0.0109014828706424	0.0640855209885604	0.193725370995892	0.0289368541181743	6.74563017209236	0.659833942683978	0.864924919064966	0.0342929636914209
10	snp1271	-0.0025331665697872	0.0658426522590502	0.0673859823522425	0.0668818880876239	0.0014801743110113	1.01513097129738	0.803432968777265	0.969310531665452	0.313676747199064	0.6691704390647
10	snp1272	-0.158917215902275	0.0707218328257619	-0.0127192710885168	0.073077231579547	5.04934309468045	0.0302942548407305	11.5726512742829	0.0246352764420681	0.861824243265391	0.00306923898068145
10	snp1273	-0.00516189442024245	0.0726046030951199	0.155107295820811	0.0734685804784048	0.00505463643464155	4.45719007921136	6.15558796788144	0.943321378416357	0.0347546234904786	0.046060755420082
10	snp1274	0.0638978276156773	0.0774930383019367	0.0127358327029985	0.082868072158546	0.679902767801432	0.0236200177724987	0.927372225361329	0.409620207684415	0.877855704832584	0.62896094635149
10	snp1275	0.0327473915725607	0.0725206971902912	-0.122583711255984	0.0724991834980075	0.203905755511321	2.85890220913965	4.77347534012082	0.651586532645025	0.090869494880792	0.0919290982672872
10	snp1276	-0.103500134395581	0.0827740938254471	-0.142356179631063	0.0847427647675937	1.56348225851533	2.82193750158977	3.04427947287156	0.211156078219932	0.0929841014067524	0.218244401484973
10	snp1277	0.0173183262820445	0.0707159558355579	0.00429832725891961	0.0717348593406884	0.0599759317183921	0.00359036377857656	2.84543241150005	0.806533985443813	0.952219634079169	0.241058362743376
10	snp1278	0.125871392968051	0.0703573163056244	0.109270826088695	0.0692433978105485	3.20063054690223	2.49030024406226	5.52769369166035	0.0736098849534261	0.114549869993834	0.063048762387369
10	snp1279	-0.0599931197229173	0.0757100699908081	0.0150573003178073	0.0762793252108767	0.627907394469157	0.0389655257115188	0.36321399820006	0.428123935826108	0.843516975987143	0.83392901087591
10	snp1280	0.037871763554092	0.0858076089290636	0.119595926332378	0.0867767121741631	0.194795741184575	1.89944354998839	1.86187835389824	0.658954780328963	0.168140616716362	0.394183328575878
10	snp1281	-0.0151693617228459	0.0657769560182949	-0.0887288303097811	0.0677189428330694	0.0531847438243386	1.71675836962855	1.25176455136968	0.817611444582721	0.190110849264803	0.534789388640849
10	snp1282	-0.05248099455598	0.0689925219493111	0.00912909958133275	0.0712219339311933	0.578628835413195	0.0164296519973155	1.27000859295807	0.446850276084865	0.898007948410392	0.529933211465744
10	snp1283	0.0928392368848045	0.0677167571243525	0.0514501206521754	0.0679890789874836	1.8796232995807	0.572656874969237	2.84232783316076	0.170376968371223	0.449205072434014	0.241432845606765
10	snp1284	0.17961930067872	0.0623282060374625	0.100565877980496	0.0631330861316769	8.3049447660427	2.53739021151825	7.29999905582589	0.00395372848112585	0.111178414677592	0.0259911410488337
10	snp1285	0.0735559281832361	0.0692657505795037	-0.0164137328974108	0.0708422666678297	1.12771217922134	0.0536821407984046	1.26943775649545	0.288263861769336	0.816775639664291	0.530084485652851
10	snp1286	-0.0443964553335417	0.0795416092346969	0.0169941964746454	0.0832656133584742	0.311535718922534	0.0416552647249922	0.94591836158665	0.576739332326606	0.838278312561775	0.623155507371958
10	snp1287	-0.0591886894028211	0.0745200147219444	0.0824955377872739	0.0763773765014306	0.630857954141626	1.16662544044687	0.717506632583256	0.427040785267656	0.280095708093867	0.69854665017718
10	snp1288	0.0688052962780324	0.0743266849430014	-0.0306666498806715	0.0733658432274793	0.856947492174199	0.174720893882875	1.2355247502504	0.354594326398338	0.67594983374635	0.539149503189062
10	snp1289	-0.105590673808202	0.0747427546444646	0.0343748247653535	0.0761568499955676	1.99578118044541	0.203733779046168	1.54160678843263	0.157737716501014	0.651723777807045	0.462641235674163
10	snp1290	0.104936960143298	0.0630800748984715	0.0712391642141573	0.0641330351827361	2.76740395844925	1.23388317781898	4.7722672704372	0.0962020690240679	0.266653179490448	0.0919846434195314
10	snp1291	0.154955939255594	0.0652533601454245	0.108539805401092	0.0662009109861572	5.63911165184746	2.68812924460587	7.61515760606283	0.0175641043771181	0.101098446517956	0.0222018690316823
10	snp1292	0.0214990210925065	0.0720088847722503	-0.0554615429599467	0.0728459572046241	0.0891384754035369	0.579659538280116	1.71330296985296	0.765275275944549	0.446445801999855	0.424581421942794
10	snp1293	0.182849302080826	0.0691981750896335	0.0244709477321448	0.0689479957195131	6.98228113747214	0.125967435194742	6.16248424332617	0.0082320615216277	0.722650338762568	0.0459022051005586
10	snp1294	0.168154073979215	0.0738672650776797	-0.072487521570103	0.074755475885339	5.18215916925766	0.9402438056712	11.6000393521018	0.0228199492905065	0.332215148966264	0.0030274951756406
10	snp1295	-0.0939999152712162	0.0721169777869441	-0.015758187653183	0.0734805601793209	1.69894722116969	0.045990445739738	1.70504690079605	0.192425715185894	0.830193166696704	0.426337731271434
10	snp1296	-0.0357906917430042	0.0702930924046325	-0.0701000489984072	0.0707256387667995	0.259247683970497	0.982387631601691	0.899648053228451	0.610637477610288	0.321610048446579	0.637740367079657
10	snp1297	-0.0295826837860928	0.0710512764783323	0.00852475729426092	0.0710047811578237	0.173353004544791	0.0144141441147099	0.353395609411828	0.677148917724968	0.904436474549177	0.838032995889072
10	snp1298	0.0611152882456932	0.0706105517200773	0.147352307772321	0.0725617330232549	0.749135743495326	4.12380946158361	4.70223936301817	0.386749997506022	0.0422837626253152	0.0952624388872981
10	snp1299	-0.0613185307901175	0.0788557240136162	-0.0176453318663828	0.0817967379735521	0.604668067085491	0.0465358544685247	0.0873370764052486	0.436802469482104	0.82920468056657	0.957271203726399
10	snp1300	-0.107622914144955	0.0709449443498933	0.0338310428497839	0.0733485680340312	2.30126477620586	0.212739185017397	1.87813237053415	0.129268699852533	0.644628878231404	0.390992779754977
10	snp1301	0.0765469101045204	0.0674385386786593	-0.0850378151757905	0.0695771798613007	1.28836532356725	1.49379342576429	1.84931836039449	0.256349419361927	0.221628819963397	0.396666587867821
10	snp1302	0.00317744705847918	0.0811252905379909	0.0768114951926735	0.0832250213105945	0.00153406625245414	0.851813675190664	0.184577168127473	0.968757117789873	0.356039763722751	0.911841968511232
10	snp1303	0.0604972223407411	0.064072576930257	-0.039262628539992	0.0648118878993799	0.891510551344454	0.366985916582908	2.95545564779502	0.345068290886591	0.544651803253617	0.228155509366833
10	snp1304	-0.104028542354868	0.070206045282888	0.0404584643892735	0.0720549723978822	2.19561407777653	0.31527597519112	2.72086147301517	0.138404041871243	0.574460538348415	0.256550247593081
10	snp1305	0.0367526479376688	0.0693699428832617	-0.021053977032896	0.0743236035937457	0.28069494720004	0.0802444071841426	1.14268875214525	0.596246085147299	0.776966470678253	0.564765670652711
10	snp1306	0.0344762688805612	0.0728749161458807	-0.0642897451494922	0.0766592163737186	0.22381252256847	0.703322736796123	0.735615395735727	0.636150196513119	0.40166945387449	0.692250290096563
10	snp1307	-0.0853724970435343	0.0692784590067412	0.0176852358402022	0.0710507209597968	1.51858648550463	0.0619561943084931	3.83622297370387	0.217833525501141	0.803430390175185	0.146884092906123
10	snp1308	-0.0775174464541441	0.0650549582371802	0.0393253260245411	0.068707356710736	1.41983576310218	0.327595691990769	2.22056765549773	0.233430437549066	0.567078273206978	0.329465436370229
10	snp1309	0.179764616123936	0.0655627699319245	0.00710072037237056	0.0658401109555707	7.51785311521678	0.0116311782816258	4.88639082215172	0.00610904458724293	0.91411631357197	0.086882781222806
10	snp1310	0.0166716731704865	0.0729547569139236	0.0365850210392047	0.0753451385858599	0.0522217169201501	0.235774127384377	0.0232419969204565	0.819241454332934	0.627275063106053	0.988446264535857
10	snp1311	0.0737953702978871	0.0759280895100381	0.118202862104478	0.0745820218174905	0.944611629230603	2.51181517733355	5.09899875704576	0.331094663805256	0.112995711864613	0.078120765146242
10	snp1312	0.0654762585132182	0.0722337157404133	-0.041261167081692	0.0751125790704735	0.821651775180217	0.301757218202316	0.0365120697271307	0.364697667851485	0.582782894240559	0.981909597081854
10	snp1313	0.120071452377579	0.0699815797137867	0.0519363361090882	0.0699312922432701	2.94382537388441	0.551568569405666	5.34613142890573	0.0862063517590099	0.4576774849349	0.0690402428661703
10	snp1314	0.00535124510969414	0.0642586678395985	-0.0146743030652891	0.0649264753359352	0.00693499659542283	0.0510824024732304	0.0260568380172304	0.933631584723812	0.821190403816746	0.987056083466351
10	snp1315	-0.0415086491449068	0.0775751607626605	0.00187375094711729	0.0786358231972392	0.286306911026012	0.000567783615106685	0.520354073902163	0.592596926818439	0.980989637718347	0.770915093264157
10	snp1316	0.0961693767452052	0.0704461798908254	0.145310011944312	0.0713977600620315	1.8636257737301	4.14211262144681	8.18017208965084	0.172206916601671	0.0418289349204303	0.0167377932961159
10	snp1317	0.158405832420493	0.0722499073424461	-0.0246352847281106	0.0719397081289373	4.80692943903366	0.117267543908651	6.57797992954112	0.0283455090495249	0.732017164272946	0.0372914961055891
10	snp1318	0.113173118417525	0.0770582330543798	-0.109368999918037	0.0786176577670889	2.15699169383509	1.93529992622276	3.7642628913876	0.141922306733564	0.164179770798019	0.15226521459998
10	snp1319	-0.0521155263836601	0.0613839417509083	0.059661085629539	0.062493631834133	0.720816486274434	0.911403673025214	2.78399534073668	0.39587621740387	0.339742257098221	0.248578230936122
10	snp1320	-0.0863320278988809	0.0689850761683024	0.0675934693650673	0.069583660029768	1.56615084276378	0.943615224147135	2.16802436893622	0.210766886327181	0.331349829518015	0.338235735440192
10	snp1321	-0.162659297435709	0.0831526294050987	-0.072065799583002	0.0864593430352195	3.82653606344854	0.694759600438425	5.2684925355373	0.050447087989091	0.404550166958364	0.0717730466847663
10	snp1322	-0.0160187171603286	0.0697049544433725	0.103560201150724	0.0700311233997158	0.0528114596401121	2.18677240271539	3.87840090067426	0.818241402885557	0.139200739651581	0.143818894168052
10	snp1323	-0.0971447558289153	0.0788347120701373	-0.0214225635163769	0.0785076704793168	1.51846137925652	0.0744592566898003	2.15601366413873	0.217852480988868	0.784951430030667	0.340273071563132
10	snp1324	0.0598109492921802	0.0728321854568172	-0.279512013583818	0.0706562637406801	0.674395567115581	15.6494695252813	26.3317404287046	0.411523296955441	7.62339622053521e-05	1.91485201639363e-06
10	snp1325	-0.0881203446816208	0.0707337580421839	0.149844602625676	0.0722105093296892	1.55202570347012	4.30607304105653	5.51503160562112	0.212836641183054	0.0379765302747532	0.0634491930487406
10	snp1326	-0.0214423255707508	0.0649986837037392	-0.0429758519168566	0.0690546368006369	0.108826496549557	0.387314091701163	0.389277375980654	0.741484128334359	0.533714618681425	0.823132011815456
10	snp1327	0.037884488277658	0.0762191767884245	-0.0449532385462569	0.0770003044206596	0.247055395612155	0.340829427798133	0.202144179982045	0.619156138299193	0.559350851321435	0.903867870710437
10	snp1328	0.150461413784812	0.076998767657367	0.116535872048694	0.0782200154620068	3.81841148480012	2.2196447185336	5.82424748926413	0.050692276173791	0.136264413800719	0.0543601600940848
10	snp1329	-0.0435665562095079	0.0728589853142255	-0.0255617278045063	0.0707773008610478	0.357552835292186	0.130434482310164	0.433716156954595	0.549868479244834	0.717981977506787	0.805044214298634
10	snp1330	-0.0273215538458567	0.0760786964592743	-0.0677364827284634	0.0773941738300915	0.128968801739435	0.765999959098551	0.703313289211724	0.71950362550312	0.381457348619055	0.703521638460433
10	snp1331	0.127794890105217	0.0706123741633318	-0.0293125006220125	0.0721437191343161	3.27540758271539	0.165085406765686	7.98238737795262	0.0703254560681903	0.684517016919182	0.0184776443898268
10	snp1332	-0.0336908615494316	0.071962175381868	0.103168215134396	0.0728790008922806	0.219187441445657	2.00395061081608	4.01699819193378	0.639659745840953	0.156889831655491	0.134189929805549
10	snp1333	0.0402671427294674	0.0673945687868001	0.0639176751242861	0.0677039174974795	0.356986530817227	0.891280372509118	1.0657612189066	0.550184621025149	0.345130574841446	0.586911868390995
10	snp1334	0.0489169316652396	0.0716960476419853	-0.132378538888225	0.0718079985778328	0.465508896685428	3.39851758944352	8.19617282005622	0.495060574269158	0.0652550392111659	0.0166044190697131
10	snp1335	0.0503796214369173	0.0800295630812657	0.0561727668734615	0.0830749586148355	0.39628616240294	0.457205414840328	1.48956689381389	0.529013497018922	0.498932930500873	0.474837116253136
10	snp1336	0.00964058410572068	0.0691949975340494	-0.00502954047831032	0.068446022702931	0.0194114196809543	0.00539958250478054	0.196038354139752	0.889193437325858	0.941422685406767	0.906631517051254
10	snp1337	0.051973623201106	0.0776552610870418	0.073540820752027	0.0796618911063172	0.447944510467476	0.852227847274436	2.01218245839543	0.503312693240868	0.355922853672167	0.365645414071125
10	snp1338	0.00643838612203005	0.070687780500264	-0.00159581928014725	0.0706628806893066	0.00829593510108617	0.000510017101944768	0.00485424900322062	0.927427416012813	0.981982459122404	0.997575818583503
10	snp1339	0.0327873052228983	0.0733663577290545	-0.00995576949213741	0.072836463610489	0.199718147516174	0.0186832300920486	1.19525478696885	0.654948445454585	0.891278511722779	0.550115296082183
10	snp1340	0.0469653368820874	0.0748219698268087	-0.063140666833653	0.0755582838872353	0.394000350811043	0.698319480574745	1.13602264898721	0.530204107054019	0.403348949901214	0.566651204307951
10	snp1341	0.00775284854188488	0.0709554161556354	0.023488806565148	0.0719654682394521	0.011938547630342	0.106530408393381	0.877678624736851	0.912993368251383	0.74412932995889	0.644784380180842
10	snp1342	-0.0633533922062774	0.069217780383759	-0.0897248009588201	0.0708723293671213	0.837730659918038	1.60277143304863	5.47782462009909	0.360046610780044	0.205510900070502	0.0646406176200355
10	snp1343	0.00828349445204429	0.0678027835543883	0.0722723822124433	0.0688894305553146	0.0149256111915643	1.10062544843795	0.58981443056889	0.902764053435507	0.294128885495327	0.744600671822411
10	snp1344	-0.00828097115457266	0.070673207642677	-0.0777845778490297	0.0714933235130591	0.0137294436062745	1.18373918699887	1.00188470140815	0.906723193418228	0.276596083987067	0.605959364340986
10	snp1345	0.0541282218698796	0.0727478727652876	0.0999464586837317	0.0721862804200749	0.55361382142791	1.91701491987402	3.47890619022937	0.456844836757056	0.166186107547039	0.175616419835864
10	snp1346	-0.0359680250865894	0.074544867151081	-0.0315781329415089	0.0759724097624281	0.232807889984026	0.172767119946672	0.31390703746598	0.629449591436294	0.677664199022035	0.854743787468569
10	snp1347	-0.179493447796649	0.0794029575243533	-0.0554860550968388	0.0786604630949157	5.1100346116979	0.497570586895937	4.30000224347268	0.0237878456397331	0.48056953460046	0.116484027109057
10	snp1348	-0.0394230427753834	0.0738238667732304	-0.0187286851936974	0.0721210721827293	0.285171883660861	0.0674357559835587	0.418398483666586	0.593331244650999	0.795107570953681	0.81123358787317
10	snp1349	0.102244271431311	0.0728640787679136	0.0243845580749215	0.0735747362962065	1.96902401208595	0.109842990977482	1.9676557238882	0.160551495688522	0.740322959160891	0.373877205901881
10	snp1350	0.0215767717677035	0.0694665143204782	0.0340907404977924	0.0703302094161872	0.0964765846307072	0.234957357123535	0.579729979990874	0.75609955655845	0.62787213898586	0.748364597466108
10	snp1351	-0.00679035343641819	0.07426366184222	-0.0354726983330991	0.0745663139701585	0.00836049593021054	0.226309664513512	1.33949154828221	0.927146358267143	0.634273761027794	0.511838683876699
10	snp1352	-0.0209043403507095	0.078258723250038	0.0583250438536494	0.0772679737980562	0.0713522082855114	0.569785115891759	2.66154959060468	0.7893780461682	0.450344318231788	0.264272424923572
10	snp1353	0.0572624205904034	0.0732104986541673	0.122760316077279	0.073382141679724	0.611776337452877	2.79856391947601	13.9521210660245	0.434119770589042	0.0943487781456744	0.000933975330325243
10	snp1354	-0.0322647247824658	0.0749060668679117	0.0464836842832325	0.076595584066513	0.185533331072258	0.368293132989477	0.373750807199786	0.666660483559247	0.543936130026818	0.829547088527568
10	snp1355	0.156850323651339	0.0717575181023365	0.221357510828497	0.073653710275961	4.77788860283165	9.03231898544313	12.3799971083556	0.028827445477169	0.00265247780154654	0.00204982971696344
10	snp1356	0.0798705041280485	0.0682309115533929	0.12722769412645	0.0701127831494518	1.3702837402125	3.29282688036417	4.00835467998455	0.24176313919983	0.0695831261319283	0.134771120914891
10	snp1357	0.0590323621141852	0.0741813320435074	0.0298774065400537	0.0748720671427759	0.633273139605446	0.159237791500573	0.0394785419638343	0.426157240597603	0.689859235048386	0.980454272864036
10	snp1358	-0.108141935390831	0.0728607617129669	-0.10873494980094	0.0759050140289527	2.20293083115753	2.05209464409638	3.22103483636938	0.137748615920973	0.15199694567136	0.199784215341228
10	snp1359	-0.138021317743913	0.0696075862277126	-0.0765695349421246	0.073572578979926	3.931689302211	1.08312868831953	14.7252140236908	0.0473843228886052	0.297998699972051	0.000634542042705744
10	snp1360	-0.102196699310278	0.0708412329795467	-0.0513071597408563	0.0711039005380426	2.08114105192301	0.520677842344306	3.95784997081011	0.149128661101837	0.470552676910312	0.138217743565008
10	snp1361	0.0674716576126098	0.0732958772916804	-0.0298665235663677	0.0722275992078367	0.847390644552234	0.170986959313664	3.74206436509129	0.357291561307874	0.679236151230339	0.153964660135031
10	snp1362	-0.0409964671291567	0.0723418015060672	0.083375460699654	0.0737916604487273	0.321154658967653	1.27662083367483	1.71004867190722	0.570914562135508	0.25852828079127	0.425272841536199
10	snp1363	0.0974778947631983	0.0823968971074089	0.00227184927217978	0.0845070175415153	1.39955692495751	0.000722725668277036	5.16607405040211	0.236797769914693	0.978552607926925	0.0755442255611467
10	snp1364	0.0135744799758889	0.0774135177583317	-0.00558214064472465	0.0765558416544694	0.0307477114597703	0.00531673333076637	0.00867239453705587	0.860804426699622	0.941873014744959	0.995673190460931
10	snp1365	0.116158054604695	0.0701831851836397	0.036912158409784	0.0727605381525879	2.73925530425328	0.257363572751903	4.8715568117679	0.0979103852707365	0.611937228653268	0.0875295869778763
10	snp1366	0.0391462760663273	0.0784090284015509	-0.0187724208784579	0.0805608935147169	0.249257803860251	0.0542990231086277	1.07568390838406	0.617598166032319	0.815744704604168	0.584007207750217
10	snp1367	0.0797549016545616	0.0789936235139234	0.131783200570948	0.0802682463297039	1.01936729587214	2.69545789502326	2.78828229610113	0.312669135359073	0.100634574502264	0.248045979683949
10	snp1368	0.0969695384589279	0.0699294809779999	0.125772060276044	0.0726421463530875	1.92287054687508	2.99771965043441	3.47136080947759	0.165540558107228	0.0833818008122588	0.176280217577171
10	snp1369	0.103771496381652	0.0759171041023203	-0.027316398936116	0.0774184762625757	1.8684302584618	0.124496646887797	3.73781943445192	0.171654972273894	0.724207776704989	0.154291791826653
11	snp1370	-0.102957613674269	0.0732296690635019	-0.10834953929044	0.0751560490437132	1.97670924338747	2.07838622676667	2.65370479821353	0.15973751079593	0.149398051598201	0.265311041679282
11	snp1371	0.0243428931024356	0.0733346713010126	-0.0267644024609232	0.0736585286269263	0.110185814018963	0.132028906091509	0.40081901395143	0.739932688310038	0.716337605589461	0.818395545762915
11	snp1372	-0.0579999568784403	0.0783253852367052	0.0188275053672044	0.077585901276691	0.548340422267121	0.0588870693502342	0.513128052479553	0.458996590625349	0.808263698493234	0.773705455522578
11	snp1373	-0.0842186815790828	0.0721548035893882	-0.0282011816946919	0.0711647202959206	1.36234273168872	0.157038131701662	1.18554905887959	0.243131878074214	0.691898206841703	0.552791419001335
11	snp1374	0.118822435889804	0.0682734288188977	0.0389894303232334	0.0680670011013677	3.02895954985672	0.328110815116491	3.1576817242086	0.0817904494614127	0.566773631768905	0.206213990174403
11	snp1375	0.0417972706591424	0.0677718934780943	-0.0248896688053371	0.0690842225121899	0.380361549431977	0.129801731788333	1.18056541536186	0.537409804722505	0.718637698778043	0.554170594303202
11	snp1376	-0.0641767572314579	0.0720625822544152	-0.00100808537414184	0.0732360373388481	0.793114513446824	0.000189471962198949	1.61393510746692	0.373160023449556	0.989017560396478	0.4462091218715
11	snp1377	-0.0467149428141591	0.0694757993727975	0.118207641867109	0.0701353073057581	0.452110442702788	2.84064981525327	3.71046115854922	0.501334438945651	0.0919070392028294	0.156416872027654
11	snp1378	0.043399735622611	0.0787854973400614	-0.0596385089235613	0.0782510512220111	0.303446132114525	0.580862302924235	10.9758910352737	0.581730027717373	0.445974524086048	0.0041363334748824
11	snp1379	0.0188704600008993	0.0680356690564252	-0.0800300076643939	0.067834741206387	0.0769292775702573	1.39187864601783	0.775815877403042	0.78150271265895	0.238088097369829	0.678474801660286
11	snp1380	0.0417681723776331	0.0715922501954691	0.0946069400394409	0.0725245001345556	0.340375991517261	1.70167454937412	3.39997711171578	0.559612272865065	0.192069128114905	0.182685614720908
11	snp1381	0.0507701963358314	0.0783174847180844	-0.00475262245618148	0.0782428749707931	0.420242744196488	0.00368958085170748	0.35467942026893	0.516815944487579	0.951564745923726	0.837495230575408
11	snp1382	0.0302444784763521	0.0672384572809353	-0.00176194821302824	0.0667325680049989	0.202328340455407	0.000697124913558965	0.797633865875663	0.652848004291629	0.978935803083708	0.671113548894211
11	snp1383	0.00882799251123329	0.062844563742651	-0.0526476801908912	0.0634703917033846	0.0197327893884712	0.688043857833595	1.06268645107458	0.888285930461163	0.406830535150022	0.58781487121072
11	snp1384	-0.0995004562157922	0.0695688798056833	0.0115508013056401	0.0697847601461783	2.04559721234148	0.0273970023054517	2.07330933654995	0.152647069995674	0.868534395622657	0.354639085125863
11	snp1385	-0.102042735014694	0.070886811159448	0.0799136971291726	0.0743570443436076	2.07220778294501	1.15504315244772	3.48974377104831	0.150004235611927	0.282495924218684	0.174667364951344
11	snp1386	0.00743116387358063	0.0766896278978602	0.0591663816151456	0.0766752814450968	0.00938945567321786	0.595441723576468	2.90312725530867	0.922806441206301	0.440322519272693	0.234203794109184
11	snp1387	0.0500059242744808	0.0679771497511773	0.0449765827188875	0.0671144679861139	0.541149194104848	0.449097467743109	2.45240422572982	0.461956853032749	0.502763864404728	0.293404782578787
11	snp1388	0.102998632021313	0.0722596006009007	0.125283919219072	0.0732454198461803	2.0317571640255	2.92569949115924	3.40945171621174	0.154042418386583	0.087179435481642	0.181822224432679
11	snp1389	-0.0246504846994555	0.0655669606003566	0.0155589543124797	0.0669893693774812	0.141345121046685	0.0539447310437197	0.40842683079221	0.706947425010073	0.816336039152255	0.815288357531594
11	snp1390	-0.113179156434288	0.0634271282266015	0.0325138488041506	0.0627527245280896	3.1840714781058	0.26845505809531	3.49588766223112	0.0743592316992499	0.604370020066752	0.174131619621185
11	snp1391	0.0868104837004658	0.0692953948466469	-0.0717952487905485	0.0686404843032114	1.56940706990616	1.09403377925254	2.87004361052397	0.210293142422354	0.295579178879452	0.2381101719034
11	snp1392	0.196791718744365	0.0738865089343333	-0.0360735566848222	0.0777842578024842	7.09387192773259	0.215077264115089	5.43699911030983	0.00773479608033278	0.642816671162054	0.0659736700522662
11	snp1393	-0.0654548086046984	0.0750420152730114	0.0388447547464508	0.0772110432286803	0.76080636504331	0.253108031824975	4.05712405531759	0.383076290540932	0.614895069398835	0.131524513845892
11	snp1394	-0.11605128819711	0.0750397656993067	-0.00857888452269024	0.0767923949839462	2.39175666287241	0.012480305575393	2.03684418112039	0.12197649404594	0.91104915713351	0.361164375473643
11	snp1395	-0.0055127880354176	0.0778515481180539	-0.102113153333625	0.078773587394623	0.00501427423681818	1.6803591981536	1.50499077893922	0.943547747067744	0.194876730369811	0.471189283702792
11	snp1396	-0.0748768481356292	0.0661652437968468	-0.0999034239372014	0.0669912022519021	1.28066421890611	2.22395093653327	2.83600625585354	0.257775571559357	0.135884926933454	0.242197171105111
11	snp1397	-0.0762710594260534	0.0702053305351755	0.177381730308932	0.0709471411723409	1.18026459890433	6.25097804652435	6.38045891073878	0.277302135066746	0.0124124751988078	0.0411624249159748
11	snp1398	-0.0253970137562324	0.067725332130547	-0.023645585960594	0.069665060934513	0.140625157333462	0.115204679171232	0.0891031026782263	0.707660310640605	0.734294749072501	0.956426293766521
11	snp1399	-0.117973163877683	0.072575375474239	0.133662762156621	0.0721399464451216	2.64233495964534	3.43296386494594	10.9222567874601	0.104050516481624	0.0639073147716561	0.00424875876613162
11	snp1400	-0.00653078671796979	0.0796891288560137	-0.00882729715937965	0.086074651845069	0.00671634262828588	0.0105173165156534	0.281737364541823	0.934683853326756	0.91831697771134	0.868603367230411
11	snp1401	0.125969645164027	0.0704436340854751	-0.0205250688138097	0.0720935613621887	3.19777797574074	0.0810543419012005	4.3456155866043	0.0737383920940624	0.775873651683292	0.113857479413102
11	snp1402	-0.0253966863190367	0.0610407923707356	-0.07407241541502	0.0640348014033527	0.173106663082881	1.33807630307099	3.80858464232679	0.677365448627591	0.247373501120401	0.148927998531408
11	snp1403	0.0166798477498695	0.072184293517851	0.0371766838428961	0.0728488143852224	0.0533947729044312	0.26043318379734	0.648379331755583	0.817258020519908	0.609822707856035	0.723113079495729
11	snp1404	-0.0584894926576828	0.0707515776699691	0.0589960175394615	0.072536190996681	0.683413339510339	0.661509216796837	2.56595673522034	0.408413825144443	0.416027638127209	0.277210435128793
11	snp1405	-0.00566636534480453	0.0690489277582079	0.086018135196951	0.0725826673896805	0.00673434354240612	1.40447559698557	3.47680500035257	0.934596578878559	0.235975644875716	0.17580101850988
11	snp1406	-0.00853544448842904	0.0707808256236901	-0.135515048932153	0.0694150034658681	0.0145418960567092	3.81125803645685	2.97208932897439	0.904015960805931	0.0509091999735517	0.226265845275579
11	snp1407	0.0791781317988184	0.0714825182564957	-0.0205654900912652	0.0714138359199296	1.22690465177408	0.0829303320561103	3.90513962605858	0.268009855212742	0.773364903402722	0.141908923206105
11	snp1408	-0.0150433102311811	0.0710485123101562	0.00985176963958399	0.0710974647892649	0.0448308369102732	0.0192008416950461	0.0153574740102619	0.832315390056843	0.889792241439379	0.992350669180273
11	snp1409	0.0182317155924662	0.0682225982101001	-0.0450438933361502	0.0699986993105603	0.071416500341595	0.41408729184355	1.17986749411093	0.789285413332524	0.519902213751765	0.554364011765979
11	snp1410	0.069387175511471	0.0761988248356406	0.152368254984117	0.0741524225453049	0.829204922604948	4.2221951224529	3.54714826162243	0.362502534701302	0.0398985123853844	0.169725283098686
11	snp1411	0.126704164806195	0.0716185015442571	-0.0948229895182305	0.0696687432512502	3.12990618821047	1.85247064161668	5.89346760637332	0.0768681636151269	0.17349631733035	0.052510937214495
11	snp1412	0.00963864579754616	0.0711500014189103	0.182414658953111	0.0715941480766307	0.0183519499409796	6.49178936137739	9.04646780481624	0.892240780963078	0.0108373839413592	0.0108538665067456
11	snp1413	0.0266472470308593	0.0760433402901524	0.0959427071983832	0.0786014962067571	0.122795464166889	1.48991780895872	3.4073257048548	0.726022140159918	0.222229212684959	0.182015605253969
11	snp1414	-0.211628740467519	0.0645404796414844	-0.0285337785444173	0.067525149090526	10.7518925901346	0.178561353431943	9.7516778424257	0.00104172731906782	0.672612516776884	0.00762869166235336
11	snp1415	-0.0354102010343973	0.0767875286572498	0.0243027479526184	0.0768076650435286	0.21265490478244	0.100115573633342	1.02848334742987	0.644694427598302	0.751690985240072	0.597953866866887
11	snp1416	-0.01339728131305	0.0749314395116757	-0.0801551654458102	0.0767636793881042	0.0319672444090186	1.09031368704147	0.230793081662157	0.858099566532564	0.296401716421414	0.891012750907339
11	snp1417	-0.0708636803566221	0.0708450971707079	-0.0809847412931797	0.0732234489985858	1.00052468339826	1.22322411889013	2.21696313312698	0.317183583138542	0.268728844208543	0.330059754535534
11	snp1418	-0.0558091747024598	0.0673225388897588	0.118932253096547	0.0688956041083357	0.687211199878387	2.98000002434849	4.74764175916676	0.407114577884774	0.0842992711350958	0.0931242291795377
11	snp1419	0.0623110043282407	0.0772071282113843	0.110136401045856	0.0762636202345018	0.651350431173412	2.08558035266751	2.34337920525028	0.419630278602838	0.148695702265669	0.309842987228471
11	snp1420	-0.0404259761421892	0.0647019366165466	-0.10937947793965	0.0667883194463687	0.390379021309157	2.68207341220835	1.35610416695942	0.532100239348788	0.101483518203979	0.507604801747242
11	snp1421	-0.00630751268889575	0.0705671233626724	-0.020780717017721	0.0708039161003766	0.00798934982517114	0.0861403236484916	0.269397704295116	0.928777403899654	0.769142507534296	0.873979068981122
11	snp1422	0.129787402951124	0.0739742796897777	0.10685854555068	0.0748068261847596	3.07824791913091	2.04049746056348	3.7216536440053	0.0793459594068959	0.153159551403594	0.155543970008936
11	snp1423	-0.0416085165144789	0.0726588635399419	0.0178483444565911	0.0716623876677831	0.327934616202634	0.0620316494836341	1.50683765197895	0.566877799237445	0.803313180691387	0.470754371148424
11	snp1424	-0.0317867669350258	0.0692478748297614	-0.017453844238163	0.0701310433039078	0.210707413368857	0.061938629609284	0.388246251540774	0.646213504860919	0.803457685451231	0.823556496997631
11	snp1425	0.0691477423011505	0.0669992041673517	-0.116605704967011	0.0666934585073832	1.0651645924485	3.05684289980274	6.6005373654894	0.302040209785178	0.0803977402411431	0.0368732588617757
11	snp1426	-0.094967864079802	0.0671659360825514	0.0158988512846829	0.0686531474386806	1.99919518506563	0.053630344797697	1.86410585826199	0.157382753441968	0.81686248467493	0.393744550424036
11	snp1427	-0.0775801855449204	0.0725581217137218	0.0355056456382047	0.0756963281577238	1.14321934391619	0.220011408672607	1.1079691644551	0.284973090312431	0.639031225673692	0.574655480428601
11	snp1428	0.0683927462597653	0.0726517321428931	0.0397282314439322	0.0732783205108947	0.886192641469157	0.293932393050535	0.613498622995223	0.34651115569204	0.587711510658359	0.735835043172488
11	snp1429	0.0579886575910364	0.0679747590520848	-0.0640531292886114	0.0702380690882238	0.727764314936566	0.831640394897081	4.95443785609769	0.393608822275442	0.361798620248041	0.0839764456785929
11	snp1430	-0.00511519850472989	0.0629992889033515	-0.031682504240894	0.0633835107509444	0.00659255389777601	0.249854066393292	0.311391808106169	0.93528723882896	0.617177852527538	0.855819402015805
11	snp1431	-0.00387004217396913	0.0795714484114999	0.0975653852241101	0.0805189559929036	0.00236546686377219	1.46823393254828	1.22397994301693	0.961209327879256	0.225624546188805	0.542270691443754
11	snp1432	-0.0779752550163308	0.0765018842201357	-0.0327767025710522	0.079110095149974	1.03888946887363	0.171659050759437	0.518413622837021	0.308079892773497	0.678641546296027	0.771663417734138
11	snp1433	0.103434634632973	0.0754101789017483	0.053245618540317	0.0767561311826248	1.88136052441656	0.481217707831158	2.36749339049535	0.170179595813162	0.487871262169408	0.306129612867724
11	snp1434	0.127071179315128	0.072359816330111	0.0937129410567318	0.0714262242321296	3.0838923481279	1.72140773465473	5.04509281315556	0.0790710853878018	0.189511939422878	0.0802549845139306
11	snp1435	0.0517562629463565	0.0759753946510167	0.032704375097985	0.0757916876043953	0.464066150739907	0.186195232091496	0.408506797498972	0.495729758270984	0.666102340631082	0.815255760220767
11	snp1436	0.0529924838092857	0.0748583243732346	-0.0120113259457468	0.0751794420380029	0.501127629743474	0.0255260554556766	4.86441610967409	0.479005070084881	0.873063236823642	0.0878426568825396
11	snp1437	-0.0117812008209162	0.0648012170850086	0.0209168300154991	0.0685549320361116	0.0330531452717292	0.0930924209887649	0.402472353130611	0.855735572175391	0.76028198970224	0.817719282614578
11	snp1438	0.0216966362922778	0.0747718211038737	-0.108891579119867	0.0745691861910777	0.0841993814747123	2.13240545512208	1.60074642005893	0.771685193829629	0.144214286178425	0.449161301329948
11	snp1439	-0.0489862322814508	0.0707128147806392	0.06435188619206	0.072668459776011	0.47990118787485	0.784206885298758	0.566654306833424	0.488467077860873	0.375857604801235	0.753273311606531
11	snp1440	-0.083353739640034	0.0700372944214666	0.0338902209867744	0.0703353925529533	1.41641806387859	0.232167256898637	3.36216126009369	0.23399387306043	0.629921475861253	0.186172683501922
11	snp1441	-0.0906099570382817	0.0637939924162614	0.0715675433995934	0.0649144253330464	2.01740124317516	1.2154855117265	4.44791500609795	0.155505082085231	0.270248445122448	0.108180137333503
11	snp1442	-0.0674249508433045	0.0871610265882505	-0.151097434383185	0.0873391744617172	0.598406915052359	2.9929262479914	5.97686445370161	0.439186506508009	0.0836289198622153	0.0503663378500016
11	snp1443	0.0416657326897437	0.0686940571840665	0.0971756434832816	0.0706518416148326	0.367891464640085	1.89176800877304	0.863955760843857	0.544155849781539	0.169002642522117	0.649223737081462
11	snp1444	-0.0724845013665107	0.084039606313993	0.0900751595262998	0.0861249756830139	0.74391324776691	1.09383509998691	3.03966518888987	0.38841020171864	0.295623034182854	0.218748503601879
11	snp1445	-0.0599693125010535	0.0832494146570567	-0.0355852235951006	0.0845729405373511	0.518914448122473	0.177042093374269	0.585596799476971	0.471305115182629	0.673927639155514	0.746172554117065
11	snp1446	0.0404283069764712	0.0750747971215858	0.125439923128091	0.0750114919172057	0.289989834997669	2.79650726410158	1.754137133823	0.590227044319622	0.0944698955863643	0.416000603953137
11	snp1447	-0.0171833794081981	0.0782649715927161	-0.046311585516611	0.0786543813493341	0.0482039131067651	0.346683729891624	1.53210314360577	0.826218601142217	0.555996420139218	0.464844856127302
11	snp1448	0.0519520629581107	0.0729811264931612	-0.0153468942149481	0.0735025056716786	0.506739163272206	0.043595002871172	0.242049983267259	0.476553864702062	0.834608927478332	0.886011816433472
11	snp1449	0.162317859769764	0.0700766509595124	0.0888333861290684	0.0687577273949982	5.36520028423169	1.66920395831321	6.22366642243405	0.0205424291377848	0.19636519160579	0.0445192672672776
11	snp1450	0.0387519153557733	0.0839829599977957	0.00236626812253298	0.0849010962693928	0.212913888158126	0.000776785857786022	0.704145914392953	0.644493052139518	0.977765135158905	0.703228814501952
11	snp1451	-0.136253308317503	0.073597472354839	-0.0246816076313757	0.0716416002406196	3.42742779094876	0.118690601810581	3.26386998677796	0.0641218977110001	0.730458999231451	0.195550818259496
11	snp1452	-0.000983187008448641	0.0725981456182215	0.0299041378159077	0.0739277669163744	0.000183409238332296	0.163624146846866	0.573790405942104	0.989194686054719	0.685841536509669	0.750590384357801
11	snp1453	0.0520008453404142	0.0715301133138605	0.0405565975333631	0.0731085984101209	0.528497553651082	0.307741531040024	1.41948232173286	0.467239204868887	0.579069390070509	0.491771470689995
11	snp1454	0.0806623003443152	0.0739409358083662	0.0284601860841031	0.0757120020635523	1.19006674837591	0.141301251957031	0.939344442606296	0.275316092763695	0.706990803460989	0.625207164290167
11	snp1455	0.0579087866394604	0.0699668910603912	0.039565979693364	0.0703758077985278	0.685020829181716	0.316080032827896	3.79121245736555	0.407863162560083	0.573972980010473	0.150227235376554
11	snp1456	0.124104609078053	0.074330099483596	0.0890111477057633	0.0749979991985123	2.78770230190082	1.4086057175681	1.92772370167749	0.0949903402888259	0.23528798998992	0.381417062301895
11	snp1457	0.0298719315562371	0.071143589324216	-0.0234921454608593	0.0718847308149714	0.17630111800258	0.106800198775337	0.989648693294764	0.674571462883708	0.743816892599335	0.609677989874266
11	snp1458	-0.0434413891442979	0.0700846788683755	-0.0385875128778564	0.0699648761827927	0.384203426175896	0.304181946773113	0.493095281773615	0.535362174688732	0.581272515917643	0.781494129576762
11	snp1459	-0.0252327966481549	0.0633050389655327	0.0297015334196006	0.064024754548625	0.158874506501746	0.215209727997856	1.52482187691918	0.690194851911603	0.642714359385634	0.466540270127736
11	snp1460	0.208170916632769	0.0798728530184344	-0.0303606691822775	0.0787469148254033	6.79268873402962	0.148646806590065	8.80767546094181	0.00915319468161724	0.699831886806696	0.0122303130774798
11	snp1461	-0.00372963499582291	0.069519910266764	0.0800619318293441	0.0702770972545136	0.00287815551737008	1.29784999625965	1.66457552957631	0.957215259523078	0.254606320264633	0.43505284836083
11	snp1462	0.0507565519060024	0.0691167282441762	0.0250434132024284	0.0692258125752759	0.539284425844271	0.130873257980181	0.355705698296611	0.462729434939892	0.717528327935897	0.837065589340962
11	snp1463	0.0418842885281611	0.0705689440129679	0.0113984931348428	0.0709260042604109	0.352269503937995	0.0258275907613655	0.383871557354026	0.552831222004335	0.872322090696559	0.825359872492622
11	snp1464	-0.0907545730349284	0.07786485342813	-0.101581799210018	0.0801841815833491	1.35848264647331	1.60492373500024	1.5757809632646	0.243800625363771	0.205206839075795	0.454803199744584
11	snp1465	0.112516126945776	0.0730515937467473	0.0962732317018122	0.0731585658982755	2.37230300093356	1.7317322058343	6.38849719170949	0.123504730943882	0.188189829967091	0.0409973193609822
11	snp1466	-0.0231751010789828	0.0688860287166475	-0.0228355470833001	0.0708838150627234	0.113182941680878	0.103783586258388	0.381877443127375	0.736549098709754	0.747335576457672	0.826183213815497
11	snp1467	-0.0630506176595843	0.0725536546539502	-0.0690179928218745	0.0719983751536376	0.755196735191819	0.918923290596867	1.21876536529134	0.384835884816667	0.337757839887751	0.543686392547046
11	snp1468	-0.0137774584670452	0.0735219422133302	-0.156459592045996	0.0747606896963477	0.0351159384065299	4.37983539078367	6.06889369202805	0.851352924858259	0.036366509345475	0.0481012629232721
11	snp1469	0.0198429929772267	0.0709274036146072	-0.0591662845875406	0.0725934281221287	0.0782683598102418	0.664284294415733	1.18899071871016	0.779657936614707	0.415051488415832	0.551840976999663
11	snp1470	0.046355619110065	0.0692255754020542	-0.0603729514064044	0.0686752364842392	0.448406214531538	0.772830916914225	2.07365928005818	0.503092790951776	0.379342707799658	0.354577038731401
11	snp1471	-0.0917508967501537	0.0671687729809621	-0.0255181068691579	0.0683260451620314	1.86588900531011	0.139483981779152	3.66655451515168	0.171946660429653	0.708794543988178	0.159888711708938
11	snp1472	-0.0673304897480505	0.0689340123830929	0.0779423646170093	0.0723784597767719	0.954017697641552	1.15965413400915	1.53639671075036	0.328698731075707	0.281537281537281	0.463848005220926
11	snp1473	0.0725461598921342	0.0723656686143081	0.136066623966452	0.0728964926499373	1.00499453312606	3.48409471267598	4.92106147343371	0.316104987572397	0.0619612429237444	0.0853896195325327
11	snp1474	0.0698807274161612	0.0833941833707192	-0.0219652687574233	0.0835188378978846	0.702171686692413	0.0691678310385675	0.653893116854395	0.402054936820973	0.792552292033047	0.721122279905683
11	snp1475	-0.0412772746580997	0.0703563217540721	-0.0378372037188246	0.0739290104552693	0.344203892737169	0.261943894504433	1.5563588968748	0.557412648339295	0.608787807615986	0.459241323218902
11	snp1476	0.10190824749954	0.0785366120266768	0.0165000024136108	0.0790031365334781	1.68373733308473	0.0436193659142778	2.49876774470258	0.194428588151937	0.83456338743905	0.286681374778707
11	snp1477	0.201873116275011	0.0644593610966215	0.0790170350364274	0.066181004170155	9.8081021700427	1.4255247246931	8.96655912502382	0.00173744709229084	0.232496196605287	0.011296305399614
11	snp1478	0.0369885586922239	0.0799356619242749	-0.0391633480080872	0.0816815570174689	0.214118240734916	0.22988551544208	0.0251286362549714	0.643558540941946	0.631608730052163	0.98751428338168
11	snp1479	0.0880914122727095	0.0691277309417045	0.132300705062591	0.0715332382019772	1.6239121892	3.42064926792121	5.15732413887491	0.202547150364602	0.0643856861044881	0.0758754522288686
11	snp1480	-0.00212734692962498	0.0741848934834594	0.0245251507775699	0.076138346949277	0.000822329152399863	0.10375677991814	0.440912478409492	0.977122772766561	0.747367095854068	0.802152740935436
11	snp1481	0.0104310062649448	0.0711954187808682	0.146194678680807	0.0731124410645478	0.0214658610888468	3.99834773242333	3.97924670460352	0.88351696174099	0.0455448906970458	0.136746921160141
11	snp1482	0.0175266043496275	0.0731457052754193	-0.0654123146662571	0.0738238174873153	0.0574140128620756	0.785101914162278	0.455678145466549	0.810630895561751	0.375585320631847	0.796252388245964
11	snp1483	0.0409024560304681	0.0743961072988293	-0.0206481724837745	0.077300247610047	0.302272298661109	0.0713512307442138	1.10256209390458	0.582461387980282	0.789379454967505	0.576211183792955
11	snp1484	0.113779505428266	0.0779161589619794	0.0443462800040891	0.0799358200639367	2.13242130751368	0.307773710310837	1.55074099100399	0.144212795027935	0.579049549546478	0.460533123936144
11	snp1485	-0.0525133963562979	0.0684739529975097	0.0771286363619782	0.0705397948359086	0.588151778312864	1.19553672577604	1.25167757380635	0.443134705815504	0.274215571323372	0.534812646485532
11	snp1486	-0.106841517607028	0.0715392605253654	-0.0828837677403519	0.0724041542231907	2.23044337980562	1.31042448921538	4.01869748409594	0.135315012498682	0.25231781366596	0.134075964279606
11	snp1487	0.0908402800213635	0.0660211267760305	0.00218011146541987	0.0693008309746455	1.89317632308368	0.000989647457927065	1.86662516236806	0.168844098517237	0.974903758213726	0.393248881543425
11	snp1488	0.0163427101120006	0.065830354119677	0.0521084635099383	0.0666351835070834	0.0616305114620756	0.611518132416699	2.63773909002944	0.803937166371511	0.434216778412467	0.267437457153944
11	snp1489	-0.0446574587581265	0.068499847697342	0.0112393015272648	0.0693153067132207	0.425019445032107	0.0262918016130782	2.34555286590843	0.514443005706641	0.871189726128817	0.309506423399718
11	snp1490	-0.0791220409951988	0.0731729165436116	0.0965737809100293	0.0729719922622505	1.16921460602506	1.75148354827407	3.37173386268848	0.279562676591674	0.185690338340951	0.185283734032392
11	snp1491	0.0273005269701597	0.068842087363234	-0.0339183829106712	0.0717834754817473	0.157265695529982	0.223265343474271	1.43367197180443	0.691686503171372	0.636563074955247	0.488294785966448
11	snp1492	-0.137866262682575	0.0724746356569591	-0.0289827430039428	0.0727134221830605	3.6186278725761	0.158872892384507	5.12454019656759	0.0571359782401319	0.690196344087951	0.0771294501230955
11	snp1493	0.11857951478042	0.0737985488522012	0.13152013881472	0.0748376446551709	2.58180652238012	3.08847646276654	3.94335177097845	0.108098228982762	0.0788486016063807	0.139223338222709
11	snp1494	-0.0415750224114698	0.0825226744596724	-0.0940116452952097	0.0850234830184651	0.25381564901738	1.22260318431407	1.87118396851153	0.614401084427471	0.268850380420386	0.392353529656463
11	snp1495	0.0738592791903764	0.0759701821343522	-0.0371318844202862	0.0740860724676212	0.945200177913918	0.251200694479501	5.34297984298054	0.330944067444402	0.616230897679762	0.0691491217577802
11	snp1496	-0.095953204045938	0.0723870520444805	0.0339588080286635	0.0713356656374334	1.75710284349109	0.226616454057986	1.04312453036113	0.184986291842442	0.634044105905737	0.593592474356276
11	snp1497	0.115307737305028	0.0707512450456839	0.0597267180483332	0.0713327665062468	2.65612632705782	0.701066422345457	2.55878973763535	0.103151668469147	0.402425592750735	0.278205600410189
11	snp1498	-0.0893174155086251	0.0647187339025416	-0.0989122335780431	0.0645030484178407	1.9046372356968	2.35147051821449	15.9076899375074	0.167560181985219	0.125164887514851	0.000351308793127503
11	snp1499	0.0858012309560058	0.0780028293282963	-0.0993975088130918	0.0773801434329191	1.20994694005428	1.65003037434277	1.75775213575022	0.271342630533447	0.198954797032748	0.415249361600798
11	snp1500	0.044910650316411	0.0713158431105295	-0.00808467490745782	0.07165976816203	0.396576198867744	0.0127284149453747	0.0922342055713075	0.528862768705957	0.910173042106843	0.954930130664545
11	snp1501	0.112641465597481	0.0705569653776193	0.0924848759711327	0.0714436390697074	2.5486887243325	1.67576957592742	2.24686640842196	0.110385836530938	0.19548752604618	0.325161530171698
11	snp1502	0.0995327701836143	0.0659930172406874	0.112297226115484	0.065733260118577	2.2747632998068	2.91855386584998	2.73449758559928	0.131495199508811	0.0875663094516215	0.254807023017833
11	snp1503	-0.0771103512184458	0.0769263146067587	0.0306173555545397	0.077426445774481	1.00479047397362	0.156371178037638	0.995358136325983	0.316154123222628	0.692519701027449	0.607940010902256
11	snp1504	-0.0198707334310398	0.0790978256314786	-0.0115893298220478	0.0795777654666156	0.0631100761753891	0.0212096335601588	1.03174892724464	0.801646195517722	0.884209318795814	0.596978330467709
11	snp1505	0.0249815612070845	0.0711191436215784	-0.0490126882589187	0.0749548876306106	0.123386065216245	0.427579752986906	1.025784279981	0.72539065512216	0.513178922429762	0.598761370530037
11	snp1506	-0.0726429278628354	0.0667829033299198	0.0767077573195314	0.0681640573180137	1.18319435412693	1.26639067880706	3.17650161106558	0.276706646727985	0.260444879709455	0.204282629441651
12	snp1507	-0.152616918369367	0.0759813743458488	-0.0778983961060396	0.0761736686771106	4.03451254832219	1.04579674669551	5.54264590037279	0.0445785518121492	0.306477123763496	0.0625791608425587
12	snp1508	0.0240542673164364	0.0758967848511593	-0.0539794046113194	0.0793713616081736	0.100447124497257	0.462517871888675	1.79128929343127	0.751293725562023	0.496449587485747	0.408344275978564
12	snp1509	-0.103361683142312	0.0622074929317924	-0.0585021367914527	0.0636093269349204	2.76079238098285	0.84586656264378	5.20117660845354	0.0966003802550648	0.357724303179428	0.074229895604925
12	snp1510	-0.0170923081669698	0.0645118533738585	-0.0385917480773658	0.0668377750836165	0.0701976204476355	0.333384138269524	1.75515487691742	0.791049262145568	0.563673146897643	0.41578896693476
12	snp1511	-0.0646032923817729	0.0622920792609069	-0.00799903896767084	0.0628632602081684	1.07558230309294	0.0161913038802748	1.0106852854794	0.299687931248933	0.898746446884473	0.603298824046204
12	snp1512	-0.00584615154805107	0.0694414569349141	0.0463010335973071	0.0714348613954499	0.00708765370622056	0.42010800729672	1.04632013490935	0.932906796672919	0.516883155648325	0.592644788259974
12	snp1513	0.0718998467379047	0.0732146395130747	0.0452860303273294	0.0719524008477534	0.964406374979428	0.396130175853211	2.58273285986225	0.32607918606776	0.529094593124144	0.274894901718838
12	snp1514	-0.121411238685707	0.0689678585323339	-0.177835701065546	0.0719102178903946	3.09901941780183	6.11584814321716	7.16458873382174	0.0783394675918047	0.0133975112178125	0.0278118144899757
12	snp1515	0.0400683670396599	0.0736919142056375	-0.0126386984049331	0.0740241473151002	0.295640284260052	0.029151296455965	0.486225170174068	0.586628568874532	0.86443016914161	0.784183221465212
12	snp1516	0.203195089219375	0.0728372231367912	0.0572876007293755	0.0744302572665566	7.78250941938485	0.592409790776841	6.273744409772	0.0052754467487468	0.44148877758705	0.0434183895666949
12	snp1517	0.0819456653682496	0.0670859960723042	0.0951731998173444	0.0682642136292034	1.49206666237521	1.94376231751516	4.72615636598889	0.221896082187807	0.163260609188815	0.0941300273380448
12	snp1518	-0.0131439519333597	0.0748692044073571	-0.06707095679991	0.0743004023847757	0.030820912191912	0.81486689070442	0.456167031135635	0.860640527770558	0.366685253871458	0.796057773842187
12	snp1519	-0.146914367562888	0.0626507986894627	-0.00337611819757148	0.0631903474507692	5.49889359533016	0.00285452465870927	4.90301297011219	0.0190285094698144	0.957391094073754	0.0861636843732458
12	snp1520	-0.0221849927510859	0.0682818186905997	0.0269448365652108	0.0716198749911099	0.105562197446621	0.141541564001928	0.131848399893035	0.745254209043031	0.706753273279235	0.936201825750606
12	snp1521	0.103463413095712	0.0746681133475957	0.12572894337772	0.0751310002479715	1.92000891780964	2.80047815888044	1.75386672796161	0.165855677252467	0.094236199449395	0.416056852256346
12	snp1522	-0.0346754329964817	0.0800208366750011	-0.0945963307158678	0.0820847459463573	0.187774930489971	1.32807825254078	1.39926145788612	0.664775011667776	0.249147386570003	0.496768712233032
12	snp1523	-0.198836010709901	0.0684022939581356	-0.0288791873366414	0.0706300537905258	8.44984513083432	0.16718251797342	2.92901128594572	0.00365074526905595	0.682628028889489	0.231192254747333
12	snp1524	-0.120418413863339	0.0739736983227856	-0.0963676411513162	0.0755907182141624	2.64991010447118	1.62526998031999	6.49504591743487	0.10355575214133	0.20235852697133	0.038870372197602
12	snp1525	0.0034771422361134	0.074541527702809	0.0456088343613959	0.0760749177889763	0.00217594710634739	0.359430529410363	0.23149657930817	0.962794533772761	0.548822675079227	0.890699393335733
12	snp1526	-0.0602100630775897	0.0665420907495898	0.0536333115855929	0.0690857974295089	0.818738626132171	0.602686796090991	5.24944004739776	0.365549220173888	0.437554724011647	0.0724600412889026
12	snp1527	-0.0330473561847459	0.077784804356189	-0.0748488190268354	0.0776252419451607	0.18050278836511	0.929745256186609	0.677053021058887	0.670941507789808	0.334929128846714	0.71281988190593
12	snp1528	0.0685563587436521	0.066876705590461	-0.00429177326405278	0.0665433725677345	1.05086213335076	0.0041597183278704	0.820517847501702	0.305308613354271	0.948575388857951	0.663478437568438
12	snp1529	0.043990306840062	0.0641278177314887	0.0399911516531382	0.0698568882255679	0.470566558607688	0.327724832231802	0.589460009319801	0.492726640518802	0.567001870410983	0.744732634664764
12	snp1530	0.0551480005411128	0.0749731765898317	-0.0686020749772064	0.0767174624943775	0.541062852802579	0.799624411834547	2.04283651360554	0.461992579312682	0.371205687931673	0.360083886434518
12	snp1531	-0.00303137601787718	0.0654694356708842	-0.126654657660936	0.0673782536427703	0.00214388964206132	3.53348156532869	2.4516403298927	0.963069420985134	0.0601413778445576	0.293516869329076
12	snp1532	0.158908209332531	0.0665797615132291	0.038557677942179	0.068313666166011	5.696501252806	0.318571233312179	10.7131420426947	0.0169987655928754	0.572467549118459	0.00471705308226888
12	snp1533	-0.0722358767050565	0.0705926408144219	0.114322874722763	0.07417753492226	1.04709729699411	2.37531646780354	3.31499370423196	0.30617655381602	0.123266615591634	0.190615522266163
12	snp1534	0.105797803739416	0.0702755594057276	0.0206015679607189	0.0707972453935112	2.26644237680024	0.0846774614642999	0.971872776838667	0.132203074567882	0.771055969553809	0.615120934884001
12	snp1535	-0.00619415752729249	0.0656013328892667	-0.178963607434468	0.0671003981032519	0.00891536575648993	7.11343319387086	15.372098641152	0.924774564316531	0.00765084429453677	0.000459188700321245
12	snp1536	0.0188853414067145	0.0703971677218654	0.0554479920389876	0.0704435466414452	0.0719679790814294	0.619568344300819	0.751581191658033	0.788492664087679	0.431207737131877	0.686746125489491
12	snp1537	-0.0478041672664261	0.0820655087215331	-0.0539692165104391	0.0857393101530756	0.339320565886237	0.396216225844219	0.24298276340295	0.560221666922526	0.529049853695732	0.885598685669825
12	snp1538	0.0504128554485932	0.0729981281979529	-0.0515842639768136	0.0732243764764245	0.476934946719824	0.496275815868276	0.698289691019239	0.489813949786374	0.481141083021855	0.705290964641813
12	snp1539	0.00591287272950761	0.0796456881092902	-0.12688960711343	0.0804832001027671	0.00551153443186924	2.48565948265868	1.78403215753989	0.940819649587961	0.1148881825651	0.409828672417162
12	snp1540	0.000967598407709242	0.0661271129364659	-0.00538893365992529	0.0669744878093946	0.000214107147629301	0.0064742113462362	0.486590139319824	0.988325450067565	0.935869432814366	0.784040133181084
12	snp1541	-0.0160775987595487	0.0801365358526481	0.0589041099165195	0.0785507959241003	0.040251423362341	0.562328397516973	0.22088826608391	0.840989795668957	0.453323614207227	0.895436354097358
12	snp1542	-0.0144580256590456	0.0723922013165811	-0.000289933538266405	0.0726525859376024	0.039887279504692	1.59255616448524e-05	0.150226361212031	0.841701135455652	0.996815903015172	0.927638489700446
12	snp1543	-0.0175535313586418	0.0651812933770414	-0.108364908296258	0.0652570690826439	0.0725242174310163	2.75754245232933	0.848177273142469	0.787696364302359	0.0967968290530132	0.654365878590478
12	snp1544	-0.0160061642546747	0.0757056104996088	-0.0207402122741718	0.077468585159199	0.0447011201981098	0.0716762285159192	0.290389908757861	0.832554562569314	0.788911647640025	0.8648536696643
12	snp1545	0.147255631858108	0.0645126799741646	0.108377729395865	0.0644671802084071	5.21019118554544	2.82619905386555	5.99416451217547	0.0224548653532795	0.0927376099756501	0.0499325464141385
12	snp1546	0.0327590458779651	0.078371517769238	-0.000350628145667569	0.0798630672722347	0.174721348696777	1.92753191618814e-05	0.043405152264382	0.675949435977396	0.996497005501759	0.978531230317889
12	snp1547	0.113895110762554	0.0736827370798058	0.0717781017630319	0.0738740922960916	2.38934389834231	0.944060055327992	3.78051379993757	0.122164891369427	0.331235881990059	0.151033003478158
12	snp1548	-0.0422427796300047	0.0772973547659706	-0.0455650177323218	0.0797164844962358	0.298659072004347	0.326713297659288	1.06165534408844	0.58472428583854	0.567600856784257	0.588117999353525
12	snp1549	-0.0840022896433733	0.0698350732729954	-0.0272827953485291	0.0695441840076096	1.44688848782397	0.153906194258736	1.95008629888083	0.22902787787665	0.694830062573551	0.377176078275309
12	snp1550	-0.0740286620311846	0.0685226790737894	-0.185733551263507	0.0697083874001215	1.16716197792097	7.09922029681831	10.8195327659524	0.27998514587807	0.00771174917137885	0.0044726849846598
12	snp1551	-0.0691152568518363	0.0665638777880421	0.0862216474303721	0.0677833691363502	1.07812874052793	1.61802910880471	7.24612704496587	0.299116546939011	0.203366819341314	0.0267007527127929
12	snp1552	0.0683808990090464	0.0611956654815685	0.00707535251872276	0.0614289335259261	1.24861425411855	0.0132663122315148	1.91004353713574	0.263817312354417	0.90830286431979	0.384803767834868
12	snp1553	0.0736975449633345	0.0782488059493391	0.0633240778102788	0.0787772410948516	0.887055112600328	0.64615426257026	1.94465829648352	0.346276594037301	0.4214909959927	0.378201124963632
12	snp1554	-0.0319878999034028	0.0758635401923095	-0.0843487913113506	0.0769090651061441	0.177789146924203	1.20282560083636	2.18193397015427	0.673280137576219	0.272757662264892	0.335891534515299
12	snp1555	-0.0883114198241789	0.0805726823017444	0.0166226738448826	0.0829468793336674	1.20131829450338	0.0401607361050827	0.321128776835726	0.273058352829379	0.841166635422103	0.851662984574343
12	snp1556	0.0239972320390648	0.068866139385158	-0.0784796599673807	0.0690076969262305	0.121425759135547	1.29335920543988	1.46989194667942	0.727493254016798	0.25542981358706	0.479531365753256
12	snp1557	-0.066162975855269	0.0745973276451457	-0.0430938139852357	0.0753574991183832	0.786653576763059	0.327021955455176	3.11190910987159	0.37511393236278	0.56741795288104	0.210987886958033
12	snp1558	0.0167701995064754	0.0824719024866317	-0.00690703741579079	0.0850922143985957	0.041348944905204	0.00658876421005648	6.4154940376243	0.838865854396205	0.935305800536627	0.0404476384630569
12	snp1559	-0.0100810525124465	0.0672573160451238	-0.0546114558741889	0.0671276846205488	0.0224663587242708	0.661857010780228	0.325426888420387	0.880853121018408	0.415905113201411	0.84983467857369
12	snp1560	0.0228699269956	0.0625528459115971	0.0464752841117723	0.0637560843864436	0.133670450018762	0.53137465154288	0.075739087544318	0.714656338745777	0.466029500171206	0.962838540982441
12	snp1561	0.0301938453406805	0.070716775375657	-0.0287253866952362	0.0696494004464433	0.182302218738629	0.170097136666849	0.122252694702109	0.669402169993911	0.68002549368782	0.940704376761025
12	snp1562	-0.0913284118962657	0.0680272763867407	0.163130090637794	0.0686553513303451	1.80237703313884	5.64572041201123	5.4907541626835	0.179425388608167	0.0174980254904206	0.0642240786761477
12	snp1563	0.054622238349731	0.0760863800809824	0.0897517028810253	0.077647708845242	0.515377128201556	1.33606658858073	0.60442566785403	0.472820357320103	0.247728826168414	0.739180725409973
12	snp1564	-0.0569217632766549	0.0740316422557065	-0.0137111342158554	0.0744995856299304	0.591182980438756	0.0338718603246103	0.561234165605083	0.441962031784407	0.853979648438353	0.755317504174732
12	snp1565	0.0113726967493799	0.0650576676295644	-0.0156517911545984	0.0663277032691455	0.0305583526912794	0.055684993113327	0.6591977400106	0.861229342689093	0.813450766524173	0.719212173152351
12	snp1566	0.131498542588709	0.0670965902510608	0.0333317966328112	0.0664250152665667	3.84097055610536	0.251799069575584	2.07056778319767	0.0500145620270721	0.615811136502655	0.355125549453004
12	snp1567	0.00784770597470591	0.0737076677042001	-0.208064879633462	0.0756542254619461	0.0113360070662331	7.5636457543115	9.27114535985237	0.915208912035101	0.00595573897550483	0.00970055013700211
12	snp1568	-0.0640987330739395	0.073243002963409	0.0331547357075282	0.0747315475690206	0.765890366994224	0.196826327309815	0.307484635995389	0.381491410420622	0.657294831339117	0.857492953046234
12	snp1569	0.0538558979048836	0.0779393657221498	-0.0323138039014297	0.0832050183525189	0.477477386117966	0.150826317880174	1.551734138885	0.489567184372501	0.697746946801798	0.460304491959095
12	snp1570	0.000376853746626452	0.0726549836527534	0.0880480201998882	0.0730766254756244	2.69038761990298e-05	1.45171786562399	3.23820445702934	0.995861475390489	0.228252506364094	0.198076446669054
12	snp1571	0.156497193584528	0.0643961097561272	-0.00884796326623167	0.0681437661073966	5.90600545737305	0.0168590988733605	5.25029578306379	0.0150893501560536	0.896690964047945	0.0724290445997723
12	snp1572	-0.00836613607560015	0.0669484179877195	-0.0586728603080868	0.0678692049509056	0.0156159787858397	0.747358533668252	1.09886441012326	0.900552122021194	0.387313825411844	0.577277492581857
12	snp1573	0.00117269456687497	0.0791505810768429	-0.0923948628699129	0.0797568137535329	0.000219513690391675	1.34202330873035	1.99775204286843	0.988178979287285	0.246677468618062	0.368293162241363
12	snp1574	0.0575328502090004	0.0755418407591574	-0.00446001046364917	0.0801141028266334	0.580038275902873	0.00309923000639309	0.375944235162031	0.446297318391972	0.955604118637567	0.828637811337222
12	snp1575	-0.17946834316367	0.072594085807518	-0.0510836135859332	0.0719238655915483	6.11185758510936	0.504448901481298	5.97587542804869	0.0134277929025615	0.47755180893052	0.0503912508094715
12	snp1576	-0.17997277864799	0.0726258279308635	-0.0283560903340293	0.073493583637786	6.14089188077389	0.148865428952074	6.04833074271528	0.0132090673234523	0.69962196126524	0.0485983659359687
12	snp1577	0.000572373985828291	0.0710958912308414	-0.0805631995189193	0.0736020294704175	6.4814290090409e-05	1.19810210765976	1.45053530892391	0.993576514407271	0.273701336025733	0.484194954670141
12	snp1578	0.0227698570075425	0.0745583323708184	-0.00903771368403095	0.0763978943893912	0.0932670488830873	0.0139944030957821	0.317548920928534	0.760064153891607	0.9058315879487	0.853188765068691
12	snp1579	0.0326813656421939	0.0827269472492997	0.108852164498384	0.0832563347997162	0.156065315564858	1.70938371667614	1.93099719689509	0.69280522861632	0.191065349633432	0.380793289455827
12	snp1580	0.0369617810534395	0.0755606755795949	-0.100427897626859	0.0749162704393744	0.239284251113015	1.79703462423409	1.61911202017076	0.624723544858157	0.180071408166899	0.44505562257105
12	snp1581	-0.128333698229701	0.0660485997806103	0.0310315698257807	0.0651867831316607	3.77532365409881	0.226614864214076	3.78754427564725	0.0520138372060307	0.634045295532237	0.150503018604194
12	snp1582	-0.175374577557958	0.0634644227656097	-0.0544109794189152	0.0660843723245761	7.63611758331521	0.677915475495324	7.20505076238022	0.00572109263603104	0.410305448051785	0.027254806688487
12	snp1583	-9.51904641118779e-05	0.0837519180079588	-0.0370322616746678	0.0816872104109308	1.29180620207489e-06	0.205519172445535	0.817883622303401	0.999093143332061	0.650302332374531	0.664352889126991
12	snp1584	-0.00230386816507785	0.0698967414387374	-0.0847632425454663	0.0684458769077163	0.00108642909652081	1.53362980451273	1.89058782080832	0.97370566916266	0.215568492223401	0.388565350718052
12	snp1585	-0.074871640574357	0.0714841462738148	-0.0482601452919102	0.0753957828561548	1.09702172736226	0.409716203836056	1.22205019337072	0.294920640924232	0.52211358421994	0.542794167284952
12	snp1586	0.0212881852191489	0.0710274698148607	0.0848765466761156	0.0699519037909479	0.089830660275991	1.47223224502135	3.26873531553566	0.764392546460692	0.224993825737237	0.195075686901539
12	snp1587	-0.0354970441631691	0.0729646208161564	-0.089645889157601	0.0732507436168512	0.236678998030096	1.49774087587915	2.20565951098756	0.62661507442379	0.221019292511771	0.331930471399338
12	snp1588	0.0250964281312723	0.0746045799094967	0.0133661044169102	0.074072793170921	0.113159977038658	0.032560589270686	0.243051163862806	0.736574833843039	0.856802813188177	0.885568398509068
12	snp1589	0.0189653725152591	0.0750442391521874	0.049395342879721	0.0758463624588934	0.0638686942421815	0.424133420143309	0.692855044946707	0.800482610384239	0.514881720747569	0.707210074266834
12	snp1590	-0.125653983680827	0.0642111540395926	-0.0051078972481353	0.0653444135187708	3.82940740646355	0.00611036812807066	0.580966213672261	0.0503607350059112	0.937693745272761	0.747902163639226
12	snp1591	0.0832268334058381	0.06685601039822	-0.0315007848666646	0.0675523002011176	1.54969356129059	0.217451529216414	3.03042889201067	0.213180685224336	0.640988623810889	0.219761052914389
12	snp1592	0.0549851911879861	0.0670059687296359	0.0727030615985779	0.0670818265187766	0.673386643967886	1.17461526714116	1.03773508862514	0.411873354743499	0.278454952763078	0.595194197513172
12	snp1593	-0.00510833361104447	0.0742764233661593	-0.0217664845494292	0.0746861974675706	0.00472994987295856	0.084936798777694	0.750006914743355	0.945169011769225	0.770715448953851	0.687286902580593
12	snp1594	0.0554300290843596	0.0758170458304022	-0.0723152309662305	0.0782146151052674	0.534510814111811	0.854837824304497	2.28049649507688	0.464716568883007	0.355187333540812	0.319739637385295
12	snp1595	-0.0041325686868871	0.0745745826816637	0.0463487810601308	0.0739325348330052	0.00307084925477549	0.393011664973379	0.599217165425416	0.955807651634806	0.530720575822105	0.74110824649689
12	snp1596	-0.086057988361107	0.0593704189177516	-0.0887671783909321	0.05897551311382	2.1010778941498	2.26548595670875	5.40411997915569	0.147195339283555	0.132284711068641	0.0670672125812818
12	snp1597	0.197269282222944	0.0699249217988754	0.193885051481334	0.0719664152479302	7.95893485673597	7.25819967932544	11.9139275157194	0.00478505655146921	0.00705780083059704	0.00258775711332238
12	snp1598	-0.0937257105286195	0.079685274497432	-0.0130624397694697	0.0829188249500263	1.38344321230056	0.0248166024633003	0.347034470458798	0.239515512671559	0.874824911447594	0.840702661333789
12	snp1599	0.126766770877479	0.0702856537594709	0.000771535949083958	0.0709203390362915	3.25295067381565	0.000118350671602038	3.82016204453508	0.0712950053328554	0.991320057296021	0.148068389272794
12	snp1600	0.0841253409602321	0.0751299061250038	0.158261865137504	0.0781547739549703	1.25379918294255	4.10054456907856	3.55933502283342	0.262828092570984	0.0428694035208894	0.168694226849663
12	snp1601	-0.00452310513020125	0.0798519014700618	0.0146577165091765	0.0803771295487275	0.00320850588232006	0.0332558192284945	1.24310682866783	0.954829043002334	0.855298817059108	0.537109435714322
12	snp1602	0.0437724078950725	0.0780132253202085	-0.0237363175073368	0.0784215663553967	0.3148215177298	0.0916126952790375	1.17628622718318	0.574736470619204	0.762136872296866	0.555357563794899
12	snp1603	0.036584224842276	0.064822959440703	-0.0878469103467589	0.066094633936099	0.318515085332086	1.76652822146424	2.9034553122197	0.572501393711307	0.183812323222733	0.234165381173055
12	snp1604	0.0144094068960187	0.0671399731536056	-0.0416932394960953	0.0675024545978861	0.0460606310788854	0.381497898523777	2.21181951104849	0.830065621900639	0.536802674681112	0.330909698334805
12	snp1605	-0.0816225420762494	0.0697713194189598	0.0558806880989297	0.0710796236101661	1.36856793745913	0.618063720282739	1.36815740175938	0.242058084295195	0.431767730916772	0.504554861459499
12	snp1606	-0.0634498499821463	0.0763532181878309	0.0503851776919782	0.0782920025100846	0.690568088918001	0.41416251222238	4.21926299945282	0.40597121982019	0.519864303747807	0.121282650889794
12	snp1607	-0.0337952957386761	0.0793965393651269	-0.0838958386269204	0.078664654320145	0.181179624726913	1.13742183770099	1.71324041857839	0.670361443545141	0.286197766024468	0.424594701205004
12	snp1608	-0.0193018165026654	0.0748961424451013	-0.0957997175005088	0.0757612305926703	0.0664167263513286	1.5989482800645	1.08300070517372	0.796627310290011	0.206052318469802	0.581874580098172
12	snp1609	-0.0925766606191564	0.0794219074166855	-0.131027500069004	0.0824007869765691	1.35869631076644	2.52849553485366	2.98707587605984	0.243763550126703	0.111806772151646	0.224576709883942
12	snp1610	-0.0232992577191544	0.0779420346700025	0.032663184044502	0.0778523411334092	0.0893594923408246	0.176024728053836	0.350459848639595	0.76499301297908	0.674812021990331	0.839264031372036
12	snp1611	-0.042526619481619	0.0673197242319579	0.0258329313201709	0.0686713169373109	0.399058959568658	0.141513094026226	1.54922706572571	0.527575649857751	0.706781401660409	0.460881862279345
12	snp1612	-0.00341978429540681	0.0704097446189088	-0.0153670540290678	0.0713174499994146	0.00235902144519037	0.0464290314298218	0.398360677446681	0.961262170694569	0.829397804928049	0.81940211007737
12	snp1613	-0.00290179640655229	0.0689636429901553	0.0413410460243937	0.0716784154779741	0.00177049003710585	0.332648929112194	0.0871073474506763	0.966437162680861	0.564103450059563	0.957381166498123
12	snp1614	0.07104757324068	0.068929505768816	0.0849755114409383	0.06901350199452	1.06240025839102	1.51607065980578	3.38900887417192	0.302668379446167	0.218215089320561	0.183690236544783
12	snp1615	-0.0744615933214553	0.0695550608373382	0.0128838489299991	0.0702386141099366	1.14605953910522	0.0336464601455571	0.468845207450892	0.284375547829732	0.854460862617402	0.791027454100257
12	snp1616	0.00848181351416151	0.0772763785657947	-0.000908137083574858	0.0776408217067738	0.0120471388663931	0.000136811490565621	0.696649710165427	0.912600143657504	0.990667640804399	0.705869533659112
12	snp1617	-0.00902150831050146	0.0691807110099021	-0.0911650493256707	0.0700794082868497	0.0170054553210759	1.69229429403868	1.16076551732403	0.896246037345866	0.19329880665818	0.559684101624248
12	snp1618	0.0217926063609022	0.0653231116944315	0.0231421960168696	0.0695249338157519	0.111297297712431	0.110796991324584	0.0345714435404361	0.738671987298359	0.739238590640571	0.982862819207551
12	snp1619	0.0704544860699734	0.0685321924810187	0.0436736891746792	0.0689182730506523	1.05688577012872	0.401578991774666	0.143100361772685	0.303926544738613	0.526274924468182	0.930949560548632
12	snp1620	-0.0773655635435794	0.0768350352443591	0.0222731550952367	0.0776841294988568	1.01385721723566	0.0822051214533832	1.9211044118407	0.313980539200976	0.774331045041656	0.3826815086239
12	snp1621	-0.114010481335874	0.0811345980993838	-0.00337997478667256	0.0796213766032447	1.97459203098168	0.00180205298935164	1.7257303261968	0.159961286222102	0.966139495944057	0.421951389179732
12	snp1622	0.104338221429326	0.0713717932250571	0.0577922052586564	0.0725384979823893	2.13714329041928	0.634748109826702	0.880582553569785	0.143769394857905	0.425619006128963	0.643848855543124
12	snp1623	0.03665546260804	0.0676740385645711	0.144543560117644	0.0679072622370277	0.293381835046027	4.53069733611785	15.3577441387922	0.588061476864995	0.033292049167453	0.000462496268387347
12	snp1624	0.0722970186994874	0.0691951535687916	0.0784407921639321	0.0755075140475563	1.09166509014505	1.07920412727703	2.30484408549287	0.296102573022999	0.298875666378672	0.315870789580886
12	snp1625	-0.0951496956726844	0.0660422366151182	-0.0278210228133229	0.0680985787589978	2.07573190867727	0.166905284921135	1.46228674433761	0.149658134048385	0.682876952836987	0.481358303642809
12	snp1626	-0.0534951807586393	0.0852643238515307	0.0443928667515305	0.0865081970657088	0.393635822142998	0.263336986141183	0.0524066769454114	0.530394423986906	0.607836813647747	0.974136989941049
12	snp1627	-0.0739515527612483	0.0665558991279522	0.0180629035498718	0.069503716757944	1.2345863896955	0.0675396906437963	1.12901519836069	0.2665169451153	0.794953257660885	0.568640076672866
12	snp1628	-0.0379330638627095	0.0704904817827619	-0.157293060010636	0.0742745724545363	0.289584216019177	4.48475581458086	5.5330136048131	0.590487097664204	0.0341984315661	0.0628812782662201
12	snp1629	0.244451872516808	0.0703049729873364	0.239306788901462	0.0708356900706759	12.0896755325058	11.4131567091457	17.7873182910578	0.000507017968949031	0.000729258151000223	0.000137256496477001
12	snp1630	-0.062663671847966	0.0751342271031875	-0.128146851669592	0.0745488842650897	0.695594328045944	2.95483738906513	2.54726804049233	0.40426803555509	0.085620919002114	0.279812926080552
12	snp1631	0.0430574383463032	0.0756805546408276	0.0510534545330627	0.076071007205872	0.323688868393898	0.450414055909765	0.258662732004668	0.569399158082423	0.502138391383941	0.878682751708312
12	snp1632	0.0904738866357513	0.0705331249635178	-0.0177754380762072	0.0700770434834125	1.64535738015968	0.0643411892210122	3.68982285004792	0.19959199618712	0.799761599090937	0.158039318598574
12	snp1633	-0.121074079164482	0.0666347162361612	-0.0788484302879253	0.068953768944058	3.30142354405578	1.30758546733971	4.50222468966673	0.0692198714092453	0.252832285368443	0.105282049460623
12	snp1634	0.0364518009564921	0.0734380081616007	0.157873851385489	0.0771105515146579	0.246374753124542	4.19172506023952	3.64304752285969	0.619639372766226	0.0406217422358662	0.161779050348118
12	snp1635	-0.0182087811138664	0.0760668474652828	-0.0343082606177382	0.0792687890776006	0.0573021497690821	0.187323797403074	0.463454472817719	0.810811964721405	0.665153394314361	0.793162439639127
12	snp1636	0.184020567479279	0.0661043928791109	0.0595644831055272	0.0663087234897123	7.74947157230635	0.806925462785171	6.93727621995129	0.00537282599816702	0.369030802606353	0.03115943750488
12	snp1637	0.0618492213245434	0.0723578659546179	0.0603674894049921	0.0724555850710183	0.730629112499867	0.694164650153729	0.95094500311905	0.392679344634631	0.404751430885096	0.621591284215384
12	snp1638	0.072636184771295	0.0717837467907371	0.083872195036411	0.0754316419416506	1.02389118442418	1.23631430938063	1.57280105478397	0.311597784122695	0.266182560415886	0.455481340774649
12	snp1639	-0.0140711383480498	0.0643973425466293	0.00651771347174502	0.065598114972241	0.0477444147676572	0.00987206052472352	0.33628755862135	0.827035699114633	0.920853835621539	0.845232299030397
12	snp1640	-0.0630445455811366	0.0714284380743358	0.0545846012257099	0.0717783645002707	0.779027395418437	0.578299965861479	0.878835838480271	0.377438761963935	0.446979452572456	0.644411411419248
12	snp1641	-0.0668231699907797	0.0760482037979119	-0.242283824410878	0.0771323500925241	0.77210475407832	9.86678609395544	8.99406183349146	0.379566716374557	0.00168289223174034	0.0111420290877641
12	snp1642	0.133114113135577	0.0721201675418741	-0.0726336727771937	0.0720609629229871	3.40670675908725	1.01595831246023	16.7205850728481	0.0649319098495643	0.313479630921196	0.000233975877290127
12	snp1643	0.0510633202453692	0.0741230881357158	-0.00586641803612161	0.0788347656373254	0.474581812716393	0.00553745809476185	1.35330137967143	0.490886837680598	0.940680890716226	0.508316654566579
13	snp1644	-0.0950962769839683	0.0755522454726496	-0.075044425095578	0.0763956298867333	1.58428122836978	0.964938951213198	1.19519575963723	0.208145093314296	0.32594564161186	0.550131532240783
13	snp1645	-0.0164076742038585	0.0798380259288431	-0.0522744884121682	0.0824630158142895	0.0422351915094945	0.401847393038145	0.0585370835506336	0.837172105743774	0.526136725222947	0.971155633588226
13	snp1646	0.0601551160875472	0.0771475582173246	0.0926116772847316	0.0774743935470101	0.60799606539943	1.42894373536519	0.667148033711728	0.435543326109395	0.231936898786872	0.716358874046105
13	snp1647	-0.0780448356367201	0.0702513470733447	0.0785121090031932	0.0685272414520163	1.23418148836791	1.31264348594583	3.36284840545699	0.266595376714843	0.251916595062744	0.186108730640658
13	snp1648	0.0214687155801184	0.0770075629998031	0.00733918109390976	0.0782139277786744	0.0777222501191741	0.00880495247166983	2.8976310828481	0.780408210715532	0.925240460118001	0.234848291492447
13	snp1649	0.0574681265781759	0.0787197755490277	-0.0564702970110567	0.0805762660875235	0.532949899989009	0.49116325336387	2.64138838295854	0.465369293838568	0.483408862175399	0.266949923267015
13	snp1650	-0.0436802558901209	0.0871888768151401	-0.0406632894625155	0.0863304796912009	0.250985239784565	0.221858824692426	0.235695457991939	0.61638219269536	0.637627222631155	0.888831385558207
13	snp1651	-0.0493333907223024	0.0774794589706314	0.0788709233382453	0.0782699027902398	0.405423364020427	1.01541660564287	3.1938680594938	0.524301613370365	0.31360867574838	0.202516476614732
13	snp1652	0.000830110791170649	0.0658723742600431	-0.140248783781939	0.069618347997858	0.000158805480021205	4.0583619785388	3.61687080062228	0.989945480764163	0.0439531152052656	0.163910390429123
13	snp1653	-0.0408420403093041	0.0744631274599919	0.058250497987695	0.0783110155115135	0.300837737523172	0.553290958681553	0.0991290594152679	0.583357710660126	0.456976119371262	0.951643746862301
13	snp1654	-0.0181147032646255	0.0661985814833817	0.0243066455316029	0.0662705073030994	0.074879870009167	0.134527002355764	0.40302251484779	0.784359858256281	0.713783702833135	0.817494374627591
13	snp1655	0.00474637251215921	0.0755343646267604	-0.0400844123692071	0.0746876649757296	0.0039485212495863	0.288040316018426	4.56443842446227	0.949896095259072	0.591479087227101	0.102057468036623
13	snp1656	0.00155162055914253	0.0627850776965232	0.124292935801306	0.0665694192274812	0.000610742551036452	3.48612821861085	3.72063650595408	0.980283721429621	0.0618851639109516	0.155623094972751
13	snp1657	-0.0676185978077238	0.069559049030629	-0.00753439396622446	0.0706553466472918	0.944985292648674	0.0113712075823989	1.25113108008188	0.330999041175228	0.915077865093492	0.534958802330471
13	snp1658	0.0535173186399073	0.0706951013439978	0.0979153829960246	0.0719727687877772	0.573073134326111	1.85082532524667	2.26042638276856	0.449040312395866	0.173687434654705	0.322964395855649
13	snp1659	0.0216333275573604	0.0740956104365665	-0.117640170922398	0.0747886586711981	0.085243582158266	2.47422850021245	1.98231895720804	0.770313357138097	0.115726215425272	0.371146105474657
13	snp1660	-0.0478809659470662	0.0718848315433427	-0.00776614259313129	0.0726153907386868	0.443661034792272	0.0114380861532398	2.66635779833628	0.505360702211069	0.91482944878077	0.263637849663246
13	snp1661	-0.000405586089636126	0.0682345222174306	-0.18230932613645	0.0694948961724642	3.53311516061218e-05	6.88195693757495	5.36005008647509	0.995257401050085	0.00870701793107276	0.0685614371324216
13	snp1662	-0.0273630947578449	0.0803004396743715	-0.0760922153379292	0.0797093356813195	0.116116672612855	0.911301483597305	1.11299195703761	0.733285044241711	0.339769332513268	0.573214103478243
13	snp1663	-0.138187512944117	0.068446220637371	-0.123099208973473	0.067701078065873	4.07604204722888	3.30612565438726	5.56008723245882	0.0434954300650104	0.0690220413298316	0.0620358015505978
13	snp1664	-0.0775818758869781	0.0616894144975684	-0.120610866450214	0.0626270016402111	1.58160946806132	3.7089385275651	3.38331189508183	0.208529014869223	0.0541217991984135	0.184214222192631
13	snp1665	-0.00958096549062637	0.0727018503678478	0.0615563957278935	0.074450410804496	0.0173671127155899	0.683615921537036	0.507606592017344	0.895154872042029	0.408344368506771	0.775844398727675
13	snp1666	-0.0147341866560486	0.0743688923609541	0.0452411452235826	0.0763699596101222	0.039252715642036	0.350931262019143	1.42695532360894	0.842948844888833	0.553586438075601	0.489937394775509
13	snp1667	0.113912585218863	0.0778234102990105	-0.0333050822494585	0.0778672844399481	2.1425102097951	0.182940963670181	1.39289327419069	0.143267296624447	0.668857910661019	0.498352990344854
13	snp1668	0.00801095308854908	0.0725419455022331	0.0473799773882414	0.0744583823190125	0.0121952295555196	0.404913731812832	0.0850533677167888	0.912066765465662	0.524562449571302	0.958364892306676
13	snp1669	-0.0300456364232978	0.0671820943410049	-0.214333096222929	0.0690691275135845	0.200011855291256	9.62965073180147	13.2339112830256	0.65471127693991	0.00191461014440331	0.00133749657290316
13	snp1670	0.065435342548607	0.0721908004751071	0.197141302902031	0.0726023646803134	0.821601163524639	7.37316092597978	8.38519580915856	0.364712438837193	0.00662044606748635	0.0151069873379414
13	snp1671	0.048209355433448	0.0780615531962154	-0.0887280665779794	0.0803364314036682	0.381406661010158	1.21982341051074	1.51281410460827	0.536851375032052	0.269395310555869	0.469349750256586
13	snp1672	0.18256895172466	0.0702930945400284	0.0512670771261363	0.0714117969472932	6.74572322369684	0.515391430067852	5.43444431228005	0.00939726750517544	0.472814215134698	0.066057998602536
13	snp1673	-0.106566054605386	0.0642183128375754	0.118553764988677	0.0649650168880163	2.7537213481677	3.33020976581561	7.04651888798663	0.0970283608360939	0.0680181990468375	0.0295031145278699
13	snp1674	-0.0345586328128209	0.0731269056383571	0.0389183916907959	0.0737037609296243	0.223335989116371	0.278824203624026	2.44805281577777	0.636509733935859	0.597472912822122	0.294043839772099
13	snp1675	0.113496318364931	0.0665218127116692	0.100049147186548	0.0670480111516411	2.91095436822251	2.22666551129758	3.79172856501902	0.0879797982088752	0.135646312159806	0.150188473665105
13	snp1676	-0.112486306558349	0.0669175716564333	-0.108675581415284	0.066532256873399	2.82565391772438	2.66808360068932	5.36408071115592	0.0927691014123772	0.102379232827867	0.0684234035591922
13	snp1677	0.150912425762483	0.0688834027121984	0.0658862011014341	0.0707899733965899	4.79977429293219	0.866254366539791	3.41872985319944	0.0284634656164676	0.351994349685121	0.180980692151991
13	snp1678	-0.00386358606547838	0.0722736854131458	-0.0309506752439489	0.071271022244409	0.00285772727624992	0.188588098154438	0.688889677202635	0.95736722111311	0.664094338112079	0.708613639228242
13	snp1679	-0.0871821014485602	0.0716892297019654	-0.0630917997843339	0.0723157164073826	1.47892734266787	0.76116786855499	2.10218627300589	0.223942424926549	0.382963288135961	0.349555428386285
13	snp1680	-0.00292586152496348	0.0747649588242265	-0.0519339344533319	0.0749845284989217	0.00153148003338562	0.479688294698056	0.457562776759791	0.968783450989743	0.488563540239321	0.795502420570493
13	snp1681	-0.0339968070098417	0.0706662866304284	0.0358551212992882	0.0715076717786871	0.231447086694806	0.251418433446781	0.988667214367439	0.630452905346257	0.616078081073762	0.609977256348952
13	snp1682	0.141518785464485	0.0621452038473786	-0.0362411225518358	0.062388342872996	5.18576642572496	0.337439859842385	6.93867755225335	0.0227726262088501	0.56131072416268	0.0311376127885481
13	snp1683	0.0102115189336397	0.071598790209989	-0.177549717902738	0.0723302452450978	0.0203408606926024	6.0255972200031	7.00906042378804	0.886589203935492	0.0140998599901564	0.0300608922771071
13	snp1684	0.0511644610780779	0.0693548007878728	0.00839175394340321	0.0709415109071594	0.544231594909325	0.0139927996214629	0.491274557707049	0.460684287884117	0.905836957879064	0.782205896095013
13	snp1685	0.0722447258113864	0.0684352208681406	0.0392710632824939	0.0713432997168975	1.11443039314016	0.302997423850982	0.517257365739181	0.291120903095693	0.582009378699581	0.772109667368485
13	snp1686	0.0592733629642012	0.0849908749305489	-0.043801589130139	0.0867335698393503	0.486378687511172	0.255038232935877	1.5315142093133	0.485547151463768	0.613549633816231	0.464981757821064
13	snp1687	0.0306499853111378	0.0701045618602425	0.0670973508937635	0.0700586609821298	0.191147218469683	0.91724865339702	0.869489289179965	0.661963507917188	0.33819842454968	0.647429970717177
13	snp1688	-0.0637171905552691	0.0811336770630261	-0.029275317039535	0.0800422743473361	0.616752500195443	0.133771739160106	0.977168947903006	0.43225664339439	0.714552982711888	0.613494196857123
13	snp1689	0.0353158863241288	0.0717874496513927	0.0119747007356167	0.0750002024617586	0.242015494203426	0.0254920326279591	2.71318769093776	0.622754193486522	0.873147143049364	0.257536493788706
13	snp1690	0.0802531200810808	0.0779345671920697	-0.0155161819784235	0.0795111010293123	1.06038504968463	0.0380815129464843	3.47539060883601	0.303127380490205	0.845279551297868	0.175925388216152
13	snp1691	-0.121578018678133	0.0706312537973405	0.00774046393543322	0.0701968846648775	2.96289520977082	0.0121590125253292	2.01582674543035	0.0851952657709766	0.912196904171109	0.3649797622909
13	snp1692	-0.0648641149045602	0.0793213486380577	-0.0461526786765318	0.0800144251430321	0.668696135853381	0.332703405111832	1.35937028082161	0.413506563035283	0.564071544621035	0.506776530698453
13	snp1693	-0.072075527276786	0.0623058703662722	0.105462051561558	0.0641072331755774	1.33818982099456	2.70631512058704	6.03866522334576	0.247353449339454	0.0999516277361419	0.0488337985961218
13	snp1694	0.0186980692460567	0.0747853191347378	0.0410743133093446	0.0752533882469256	0.0625116302458164	0.29791234898047	0.3869795099187	0.80256936134221	0.585194160005863	0.824078278867329
13	snp1695	0.0526329179834222	0.0721196125854886	0.188833212276611	0.0717362243473255	0.532608540268615	6.92914631920033	6.31805648688565	0.465512234955535	0.00848021570864776	0.0424669886106324
13	snp1696	-0.0586856819453114	0.0751272478653977	-0.219603383339329	0.0830460841677001	0.61019599367654	6.99261689667172	8.92562550457378	0.434714024607081	0.00818466041308719	0.0115298869190912
13	snp1697	0.0513493437396628	0.0706984711049066	-0.0729119519874347	0.0706314735260251	0.527533144293161	1.06561645258099	3.21479599096153	0.467645827173221	0.30193768872958	0.200408399799883
13	snp1698	0.108650825870559	0.0764967684794383	-0.0579033210616144	0.0792516766068485	2.01734364760085	0.533814086165362	1.93083756018092	0.15551098191222	0.465007737625139	0.380823684963623
13	snp1699	-0.0498793548235965	0.0736931845960772	0.00761279693088796	0.0752552564776723	0.458128178812125	0.010233278887851	0.734096855196991	0.498500072961685	0.91942371090301	0.692776094749454
13	snp1700	0.0738283656498002	0.0724736182378808	-0.129298750238693	0.0737812076546616	1.03773537388577	3.07112246810541	12.8578607321901	0.308348749528666	0.0796944275991813	0.00161417648931428
13	snp1701	0.0584820432603649	0.0772704340132667	0.0366579430435348	0.0793488226253399	0.572820262816422	0.213429875000037	0.558023466076294	0.449140390499113	0.64409228312234	0.756531026755577
13	snp1702	0.0285191395841089	0.0719437322813437	-0.058360338484492	0.0720457063077817	0.157140057969508	0.656174573222182	1.09130062824618	0.691803362437589	0.417913720167659	0.579464826622407
13	snp1703	-0.109850081153155	0.0750045836995169	-0.0253477004094549	0.0760927069941771	2.14498941977649	0.110966288949161	0.421946512741586	0.143036022501891	0.739046700128589	0.809795723468249
13	snp1704	-0.0359693318901433	0.0666666623347535	0.0225140799078975	0.0678169517655935	0.29110342607128	0.110212759380629	2.88804776722123	0.589514295134239	0.739902042209565	0.235976304511283
13	snp1705	0.110232280009155	0.0707148000073968	0.0897183903158678	0.0727994490059336	2.4299478084064	1.51882158847632	1.99359862645663	0.119036861672527	0.217797909166744	0.369058794395693
13	snp1706	-0.0873523721636241	0.0731794037859742	-0.00747815856806594	0.0737762859603871	1.42485828799186	0.0102743832866977	1.86624741973236	0.232605404984953	0.919262598522051	0.393323161992429
13	snp1707	0.0436715956275203	0.0691198648182615	-0.129139176503232	0.0694558488563167	0.399201679567174	3.45699203152023	3.27297932013681	0.52750183097072	0.0629847968570757	0.194662174737196
13	snp1708	0.0290667497557785	0.0714958396454161	0.167874514248071	0.0718114051232874	0.16528422341706	5.46490590797848	8.00338296288404	0.684337333354422	0.0194020987307185	0.0182846845122122
13	snp1709	-0.0827871731061099	0.0688510080556389	-0.100106909936444	0.0695203371051845	1.44579094360325	2.0735015921847	4.13979870301864	0.229204533830549	0.149877066619893	0.126198482752673
13	snp1710	-0.108888879286871	0.0757335861805338	-0.131517822433243	0.0777828597778994	2.06723577121599	2.85891607243747	0.714055658222974	0.150494073247913	0.090868711681638	0.699753023958726
13	snp1711	0.0141360664956374	0.0723665095870876	0.0223495345995995	0.0730209610218523	0.0381576751799057	0.0936789208476432	0.174051350952724	0.845126865692899	0.759551254573828	0.9166535598142
13	snp1712	0.0371573920424032	0.0833018821802407	-0.0226477698269015	0.0838117785645847	0.198966894185472	0.0730198222397229	1.31704557094027	0.655556034654897	0.78698962087129	0.517615398997443
13	snp1713	-0.0928634946861382	0.0806827602160416	0.0372980852160956	0.0818268577829394	1.3247336002572	0.207769275437585	1.66732065877353	0.249744281155373	0.648521469589971	0.434456119840551
13	snp1714	-0.0631979354267368	0.0764574232814884	-0.0902364028227994	0.0757237786679486	0.683229274504014	1.42003482038251	1.32177415490856	0.408476948122418	0.233397671896266	0.516393050622354
13	snp1715	0.0352976654198522	0.0845720318975127	0.0880347389101609	0.0818438320116087	0.174196102803772	1.15700770346901	0.94430484204863	0.676409208794009	0.28208698191477	0.623658447013598
13	snp1716	-0.00552012250160651	0.0683971181915267	-0.0578152839582798	0.0681144792759006	0.00651361107876296	0.720454310838049	0.714468473442953	0.935675012996039	0.395994927396855	0.699608604514617
13	snp1717	0.138370696986497	0.0827660465631723	-0.00425083082859211	0.082414910045969	2.79501301834327	0.00266033338964316	2.30724838073012	0.0945579985592563	0.95886461494769	0.315491294413706
13	snp1718	0.0818485170341898	0.0686857483257436	0.00910930740488291	0.0692573936843701	1.42000005679432	0.0172996942749833	0.713375746584306	0.233403393726323	0.895357399145918	0.699990949511114
13	snp1719	-0.070541943703695	0.0801905176051541	-0.131889531963555	0.0802197636417173	0.773835787351888	2.70307376876822	1.15510206366131	0.379033030336323	0.100154985285432	0.561271220194473
13	snp1720	-0.00449387545201918	0.0641083786868572	0.147421507891927	0.0647193652135218	0.00491374343114423	5.18863594790479	2.22996987814731	0.944115580057273	0.0227350539993476	0.327920217644642
13	snp1721	-0.0627558040242073	0.0740146297094173	-0.0985254236391217	0.0746821838696161	0.718906904636506	1.74045421665513	3.62162626905166	0.396502698455663	0.187081284782301	0.163521118062169
13	snp1722	0.0775303976421177	0.0698317424829013	-0.0459846468101842	0.0700229065491866	1.23264569965293	0.43126622062089	3.02441540980897	0.266893128835057	0.511368286316323	0.220422811874934
13	snp1723	-0.0570287034177318	0.0781479016982125	0.072289380657271	0.0769622173960014	0.532540145284255	0.88225446323275	1.40733685689151	0.465540883143108	0.347584942805264	0.494766953420534
13	snp1724	0.0602725297273299	0.0681729694183339	-0.0526679391073628	0.0680882486759001	0.78165375332179	0.598340392819508	0.204500045460738	0.376635839992598	0.43921194289738	0.902803801977218
13	snp1725	-0.0475286585659577	0.0767653713486571	-0.139640094487768	0.07592564746706	0.383336703545594	3.38254248273095	4.52689251348047	0.535822876727189	0.0658903378572916	0.103991485151044
13	snp1726	-0.0208302232875676	0.0721772121357314	0.0610172360907005	0.0762027010261119	0.0832889992866788	0.641156917484469	0.891384183903834	0.772888769363831	0.423292170866386	0.6403809201475
13	snp1727	-0.0687292261758279	0.070190031835999	0.108275434153862	0.0714343704950573	0.958808840311661	2.2974465892589	2.07482097334961	0.327487172176677	0.129586874516704	0.354371143650329
13	snp1728	-0.0122392453625688	0.0722542654193727	-0.0027618911222179	0.0728845878058576	0.0286934191391967	0.00143595788956091	0.253567138777694	0.86548885084041	0.969772169005134	0.880924310953424
13	snp1729	0.159672722509066	0.0697247718327533	0.172859853173568	0.070810292708844	5.24429673472607	5.95930344798684	7.12768186873214	0.0220188267119932	0.0146398238540574	0.0283298025625052
13	snp1730	0.0104384302288765	0.0791343599866491	0.0435571604197234	0.0795352762801195	0.0173996373589956	0.299915927946173	0.151603593406281	0.895057310005852	0.583935131190934	0.926999922793085
13	snp1731	-0.0549188228595397	0.0746791254577026	-0.106029618924321	0.076564093149626	0.540809102811969	1.91780353649805	1.56684889094868	0.46209760134451	0.166098999461018	0.456838909672874
13	snp1732	-0.0197040026376835	0.0803879150509613	-0.0492041580469423	0.0830566859406017	0.0600796486376836	0.350957407338458	1.34268237462279	0.806370096872435	0.553571664748826	0.511022740755651
13	snp1733	0.0515331745596967	0.0734269824667253	0.140314073825189	0.0732774374492087	0.492563732706222	3.66658638171551	6.77202978744965	0.482785905516112	0.0555137724158384	0.0338432775802878
13	snp1734	0.0301186177752638	0.0692126963851077	-0.00193220225038459	0.0715086489281537	0.189364487356399	0.000730109537814113	0.908730556487758	0.663446076253508	0.978443352111173	0.634850793704224
13	snp1735	-0.121946903105425	0.0721022610453672	-0.0872200016569077	0.0755894750306984	2.86051206295456	1.33140297434113	7.27494452300527	0.0907785960625548	0.248555780508687	0.0263187869660632
13	snp1736	0.0496617221816961	0.0717290937170755	0.0469065930677165	0.0770613112791389	0.479350146917637	0.370505783134468	0.914196170288216	0.488716820888333	0.54272870202014	0.633118237523576
13	snp1737	-0.0435118138112814	0.0790304578763447	0.0745603120603865	0.081039324331312	0.303127528578436	0.846493857815086	4.69456180609527	0.581928352049895	0.357546104330793	0.0956288330890303
13	snp1738	0.064635803666799	0.067770690741078	-0.0856079780380009	0.0671619025964238	0.909625196869105	1.62473485795145	2.02293705100055	0.34021388457104	0.202432841097866	0.363684507251506
13	snp1739	-0.0058060617973161	0.0713761891594296	-0.0244239061440124	0.0710553790111642	0.00661693082168986	0.11815070683206	0.671810867348019	0.935167969984623	0.731048916640926	0.714690688293105
13	snp1740	0.103843525756096	0.0663247390716339	0.0422300798612134	0.0679042211545795	2.4513636961427	0.386767756063421	2.03616536529194	0.117422815178265	0.534003318372569	0.361286978326028
13	snp1741	-0.0460634604708602	0.0694158107497255	-0.0281986394966731	0.0708438204484856	0.440348296642472	0.158435450608924	0.278362704062013	0.506954395306443	0.690601062882741	0.87007022514726
13	snp1742	-0.0165270075328472	0.0750587534812245	-0.0398945338635195	0.0756944835416515	0.0484825835637013	0.277778308992521	1.24812864867888	0.825725045701119	0.598161102728294	0.535762493990519
13	snp1743	0.0706170001755596	0.0705306145011197	0.267514566175829	0.0718168250728387	1.00245109382648	13.8753026708211	13.9462199105949	0.316718140887555	0.000195348723714628	0.000936735166674696
13	snp1744	-0.0429631159322503	0.0685320530016105	-0.0435136361014141	0.0694614954552718	0.393010414074367	0.392430264150458	0.235259601304128	0.530721229838563	0.531024710141688	0.889025108218136
13	snp1745	-0.00934725315053892	0.0768044961387377	0.0729208226419771	0.0763456448585617	0.0148113525964344	0.912293505826489	1.90381751143173	0.903135108010923	0.339506615624431	0.386003533383529
13	snp1746	0.0104699531730004	0.0709770702356158	-0.0142427958247836	0.0764622367904185	0.0217597219274504	0.0346973654338107	0.0528230953092585	0.882728091206201	0.852231237765908	0.973934186788764
13	snp1747	-0.0815663120778848	0.0702415480287	0.117708246658557	0.0701214011571386	1.34844583057188	2.8178158666995	2.75824900262354	0.245550002643686	0.0932231775514196	0.251798906198314
13	snp1748	-0.0186288492907148	0.0764153196576104	-0.0439488064429637	0.0758247580113906	0.0594307471456421	0.335948034196655	0.378817720138703	0.807397940348906	0.562177483751408	0.827448127025879
13	snp1749	0.148965615317605	0.0644847162046219	-0.0669545439148937	0.0632247677672526	5.33652420954337	1.12146474774094	9.78498176871131	0.0208830713072972	0.289603274377835	0.00750271079540776
13	snp1750	0.00737427059378076	0.0700296226822153	-0.0475477940826254	0.0688576591541832	0.0110885450851927	0.47682194755306	0.531421479299921	0.916136048379209	0.489865381218976	0.766660860018991
13	snp1751	-0.119893019264431	0.0740807696863947	-0.163735145623458	0.0724890569706967	2.61924921516711	5.10198198648062	6.62111109573902	0.105574382317265	0.0238985211726909	0.0364958929052216
13	snp1752	-0.0542748390631355	0.0663496024439427	-0.0435975080072617	0.067878519882821	0.669145310559432	0.412532914117616	0.816391261057655	0.413349749425188	0.520686689869514	0.664848801376653
13	snp1753	0.0634147459785962	0.0735100077084468	0.0085355751977828	0.0724598351497836	0.744196422041756	0.0138762112311652	0.284228366259595	0.388319921637631	0.90622824424187	0.867522194431085
13	snp1754	0.0120189534950738	0.0729337402567372	0.0197714276852768	0.0743646634356516	0.0271566589047591	0.0706875334592961	0.271592234550616	0.869107090500671	0.790338350383839	0.873020608165325
13	snp1755	0.0263396338711801	0.0719385922202141	0.25692016658171	0.0712301542159696	0.134058883517038	13.0097401012159	18.0937504553191	0.714260219864851	0.000309874946912814	0.000117758430896675
13	snp1756	0.0543365924701006	0.0721664361557989	0.00250917487678979	0.0768667325434611	0.566910214104529	0.00106557744712964	2.78551070801992	0.451489333894655	0.973959132490805	0.248389958611316
13	snp1757	0.00516909288511686	0.0738111494525512	-0.0744133571301006	0.075583829748617	0.00490438703000136	0.969268299934755	2.32390378205333	0.944168723973784	0.324862730582173	0.312874886802951
13	snp1758	-0.0474847251514106	0.0762753135205642	0.111636770253377	0.0783617247814712	0.387560809462689	2.02958177328974	1.75922352084536	0.533584338391471	0.154263052929129	0.414943978088047
13	snp1759	-0.0145715315173725	0.0705493471290309	-0.0684105412306689	0.0697859846081342	0.0426603487770587	0.960969562331354	0.405029776525911	0.836366140679108	0.326942718101408	0.816674323645519
13	snp1760	0.0192890350176164	0.0673388285786723	0.00272199221033615	0.0698971215918584	0.0820521355308207	0.00151654455072838	0.0730476974940055	0.774535444760994	0.968935963497601	0.964135100208058
13	snp1761	-0.0908156469708359	0.0677972241963053	-0.195965410724652	0.0685987838917801	1.7943102430046	8.16067365579004	11.6041359490232	0.180401883595903	0.00428084675577178	0.00302130030856673
13	snp1762	0.0575838569719599	0.0689461240939068	0.11017131543306	0.0691321296097985	0.697560351410503	2.53966947323425	2.9175665694765	0.403604667738583	0.111018024256838	0.232519012120123
13	snp1763	0.0675426817465542	0.0699110372768257	0.163744016795191	0.0728392133091407	0.933394222683882	5.0535944445719	4.84517952591306	0.333982488840166	0.0245749072036978	0.0886916294841661
13	snp1764	-0.0716871023270392	0.0815046573915293	-0.0167151837684132	0.0824389788221084	0.773601315834222	0.0411109113403894	0.13125882965757	0.379105257042313	0.839323985182851	0.936477844797186
13	snp1765	0.0742584762520769	0.0673346319570083	-0.0208134564490779	0.069557851624555	1.21622824670706	0.0895356720069245	0.596872533179914	0.270102132174402	0.764768284400047	0.741977569103855
13	snp1766	-0.192551057514071	0.0713129426093073	0.00191362656355625	0.0727646369357389	7.290462859265	0.000691629722017093	7.35011586480014	0.00693216138697705	0.9790189689673	0.0253479370133601
13	snp1767	0.0609506694088437	0.0821567436205329	-0.106273193630214	0.0830632985569717	0.550389988029294	1.63692626273926	5.40092974236644	0.458158389021864	0.200747719304402	0.0671742780941293
13	snp1768	-0.129734105626455	0.075690648795378	-0.0370293749438892	0.075372082216207	2.93781110823388	0.241363578459447	6.0765561802687	0.0865279164426217	0.623222996626287	0.0479173278176531
13	snp1769	0.0233464668528719	0.0747770670442269	-0.0894942193132925	0.0775551340823062	0.0974777458232016	1.33158490031328	1.22647934814492	0.754877693454189	0.248523458009048	0.541593437641327
13	snp1770	0.112124531564288	0.0686808590677503	0.0879752358269991	0.0692302660339217	2.66520025319651	1.61483769433551	2.63967028327249	0.102564915272118	0.203813102471153	0.267179345084972
13	snp1771	-0.0187585943044693	0.0629878012646349	-0.0532728283269148	0.0638442990146807	0.0886926609491446	0.696253294995551	0.18790102153359	0.765845792037106	0.404045512540436	0.910327812551414
13	snp1772	0.1301646032744	0.0714385866164964	0.0135984905731555	0.0737290139748332	3.31986245476862	0.0340176694967969	3.90994980011784	0.0684475553835973	0.853669236974668	0.141568029998752
13	snp1773	0.0145362114006602	0.0779682151221508	0.0118030596605369	0.0797524830991273	0.0347590002002294	0.0219028574788409	0.0946866550382691	0.852101563527679	0.882345814467364	0.953759889355631
13	snp1774	-0.104611802163244	0.0702506523446617	-0.0399379812612976	0.0705797323786223	2.21748476510823	0.320193272759173	0.324248041197819	0.136455207153356	0.571491518259417	0.850335738852803
13	snp1775	-0.0114551010620362	0.0774845464860819	0.021784847702185	0.0761673866045025	0.0218558478780767	0.0818033231963842	0.670621737189993	0.882471223384192	0.774868315993775	0.715115744768007
13	snp1776	0.103040820271124	0.0728296304374109	0.0188090384532103	0.0747640357810741	2.00171573091793	0.0632918390946419	10.0192414250301	0.157121268357624	0.801366729034954	0.00667343397628795
13	snp1777	-0.122997593696279	0.0722186713878425	-0.0773616015450647	0.0719148870706352	2.90064273612192	1.15721298531288	3.33924460464638	0.0885442405295437	0.282044293512554	0.188318179547039
13	snp1778	0.11608512174823	0.0696917112484321	0.0387482774143982	0.0710048648734993	2.77453920109817	0.297802672062009	2.63232056751328	0.0957742161732141	0.585263238377827	0.268162997490939
13	snp1779	0.0625622601235772	0.0756412302623862	0.0922195007511889	0.0766436087991847	0.684081257452962	1.44775022962533	0.784157163188486	0.408184890485809	0.228889290508366	0.675651018140319
13	snp1780	0.017985259152752	0.0678346529912471	-0.0990488358487707	0.066979610650717	0.0702959306009091	2.18682239932394	4.13026593535304	0.790906392036458	0.139196220162779	0.126801428955608
14	snp1781	0.0533234658420441	0.0694930471003475	-0.0247355872688346	0.0708563224366789	0.588781328182953	0.121867312992646	0.132010627698276	0.442890758834653	0.727017996647431	0.936125889846649
14	snp1782	0.0340937041910075	0.0706960458722676	-0.0211687735460613	0.0712108057678034	0.232572376101654	0.0883689295467384	1.26791471538798	0.629622975664464	0.766261055466777	0.530488309624503
14	snp1783	0.00180246875943071	0.0697444544025988	0.0205623832250342	0.072128405044908	0.000667907207448456	0.0812707448511518	0.379348875841048	0.979381845772435	0.77558266621699	0.827228404308382
14	snp1784	0.112577285434248	0.0721351987190496	0.0887186431134769	0.0751013380785224	2.43560624891379	1.39551475328738	3.50199597857851	0.118608031648406	0.237475993025391	0.173600605425263
14	snp1785	0.0722062256423877	0.0706655954767783	0.0407733680273516	0.071334047935486	1.04407871564704	0.326707749382499	3.81713093904648	0.306874764252055	0.567604145621139	0.14829296486159
14	snp1786	-0.0842766672539589	0.0630071187347799	-0.0537537289684379	0.0630462296703432	1.78910350149931	0.726940650001214	1.74756419054978	0.18103543050069	0.393876643890747	0.417370027191576
14	snp1787	0.0106266497470152	0.0677222982040518	-0.237995316468055	0.0651022710937274	0.0246223418983176	13.3642485108768	15.3978766262624	0.875311776053817	0.000256466658001608	0.000453308198859692
14	snp1788	-0.0349249452834325	0.0672460385556811	0.116330465823721	0.0693143330955032	0.269735469155466	2.81670157222851	5.47440665756194	0.603509277003083	0.0932879270976671	0.064751181673776
14	snp1789	-0.0206886903624655	0.0680118267185731	0.00816573402157347	0.0697686476234607	0.0925331017754297	0.0136984001960401	0.0923054073731115	0.760981207455656	0.9068282252123	0.954896134896739
14	snp1790	0.0251402612394538	0.071256985195519	-0.110875707337919	0.0722673062252483	0.12447573080638	2.35390577102908	3.59649788992688	0.724229999463753	0.124969547029472	0.165588589239534
14	snp1791	-0.0513570018552949	0.0622253638268406	0.00547915128623579	0.0622203672276095	0.681183995380919	0.00775463648254631	1.21061710378971	0.409179317533916	0.92982865929737	0.545905960332273
14	snp1792	-0.0648423814212534	0.0682506752141042	0.0568522104188725	0.0713236091246717	0.902618038426719	0.635372021709047	1.57385211471257	0.342080687494939	0.425391640716103	0.455242034568691
14	snp1793	-0.0691441300321682	0.070444468202253	-0.027766441883733	0.0699479072278813	0.963422630693876	0.157576340745298	1.96045547977549	0.32632605229726	0.69139779445537	0.375225635275979
14	snp1794	0.0379929580914115	0.0665021572857745	-0.0407974565067078	0.0683797900036744	0.326388425795335	0.355967747735238	0.77164565166146	0.567793492649145	0.550754218509935	0.679890974128364
14	snp1795	-0.0779472026944781	0.0751606308538986	0.00191897079243829	0.0770270916446446	1.07552431972337	0.000620654243024275	2.0769298420029	0.299700958239863	0.98012441119638	0.353997679483413
14	snp1796	-0.14995776775573	0.0670538042968853	-0.0349365852941145	0.0674048570549498	5.0013942305037	0.268644853692403	5.02228089815549	0.025326908733962	0.604242267750589	0.0811756097820298
14	snp1797	-0.0528809089219393	0.0654787858750444	-0.00284799713917986	0.0657742723396707	0.652223715970613	0.00187485201146545	1.64104642373292	0.419318763312999	0.965462740903055	0.440201275711713
14	snp1798	-0.0362563097784837	0.0761871762052409	-0.141197954458223	0.0814661079101459	0.226466226284488	3.00402037482589	3.03270900688415	0.634156538891473	0.0830581723777892	0.219510655452574
14	snp1799	-0.119167094110546	0.0677924538494594	-0.0273627457507139	0.068115384409736	3.08993959943193	0.161372276745673	1.27501149487454	0.0787777322644342	0.6878962249647	0.528609266108668
14	snp1800	-0.0164409191316398	0.0818077810896911	-0.0686898350403036	0.0821169404527339	0.0403889869174936	0.699712169150088	0.517941284711417	0.840721942473767	0.402880426481071	0.771845682282079
14	snp1801	0.0364936474588485	0.0603794550232692	-0.146503429245433	0.0620708263700652	0.365305462994752	5.57083796010018	6.0598647525011	0.545574379921969	0.0182620192137224	0.0483189055211506
14	snp1802	-0.0289049704061828	0.0767299692107348	0.0274536687791232	0.0755597410399412	0.1419106568602	0.132013959728026	0.0391523144396616	0.706388900906178	0.716352967855958	0.980614211492777
14	snp1803	-0.053157217771912	0.0674950280730615	-0.0202018227824337	0.0664883047431755	0.620270204129683	0.0923188942955085	1.45453525555403	0.430946894154329	0.761249604451463	0.483227545400337
14	snp1804	0.0500418190074027	0.0683827647902753	-0.096170079177595	0.0681741187533396	0.535516509104428	1.98994412261954	3.59010655636827	0.464296793229135	0.158346721947158	0.166118601613614
14	snp1805	-0.0254742612833078	0.0741356929196798	-0.0550584112698804	0.0760522032558818	0.118072428454359	0.524111574274642	1.59226182791698	0.731134572696375	0.469093051744222	0.451070824070404
14	snp1806	-0.162237832973485	0.0693911584361233	-0.0285702360934408	0.0732063543781551	5.46633190888727	0.152310589418037	7.02607367981896	0.0193862729136284	0.696336983571874	0.0298062600151479
14	snp1807	-0.0252862558606906	0.0735814425344826	-0.0976043992834699	0.0753228388928424	0.11809525836431	1.67913427101372	1.8980604391359	0.731109587806246	0.195039527248303	0.387116259250077
14	snp1808	0.0631709971225164	0.0819838724667503	-0.0479551801490589	0.0855817826398448	0.593715801773921	0.313984635392964	3.02518635124116	0.440985827707065	0.575245285064976	0.220337861709749
14	snp1809	0.130910555886679	0.0746401914569658	0.0631425119321257	0.0731322550153724	3.07612404577355	0.745462463143991	2.08159223265628	0.0794496547861356	0.387916655402389	0.353173402895499
14	snp1810	-0.092352987418336	0.0719444803902852	0.0165563008048326	0.0723754267073755	1.64780924970006	0.0523292297386514	1.86061833714943	0.199257366370386	0.819058699062294	0.394431745618123
14	snp1811	0.0651960982570754	0.0740925099857016	0.150073752972528	0.0754464049335193	0.774273858332305	3.95669328733596	4.93833392864662	0.37889813876043	0.0466853266108578	0.0846553505637374
14	snp1812	-0.0311188930357799	0.0654728413010387	-0.0758804513798758	0.0653161459042818	0.225905031107282	1.34964239016226	1.7873761352867	0.634576951763498	0.24534064436307	0.409144015965362
14	snp1813	-0.0262096225653243	0.0750615194027408	0.0549811258161735	0.0735149272074979	0.121923334395445	0.559340406498272	0.207960420129728	0.726957768252049	0.454526124929089	0.901243132787864
14	snp1814	-0.021144984667829	0.0655090766424962	-0.0318121463757349	0.0669380714738697	0.104186582597214	0.225860118850062	2.12804258750288	0.746862266341763	0.634610624918243	0.34506540722814
14	snp1815	0.00755803918837814	0.0737952088103834	-0.0748020531747967	0.076673374297509	0.0104896729266891	0.951782870318562	1.83370705394148	0.918424020366132	0.329265897857849	0.399774945297147
14	snp1816	-0.0686010493584642	0.0727629694136144	-0.15271761175316	0.0749593883388096	0.888874996240591	4.15074620418023	3.40988653121083	0.34578235539995	0.0416161803812978	0.181782699214199
14	snp1817	0.100802150855466	0.0654722517728884	-0.223029604478964	0.0664586371783713	2.37041857830237	11.2621722630725	18.9115082978796	0.123653891895452	0.000791025880042096	7.82380740129707e-05
14	snp1818	-0.061115912476739	0.0686717925756709	-0.00715299333886813	0.0697011694619522	0.792048602877647	0.0105316280254037	0.407119883085504	0.373481390981123	0.918261615934846	0.815821301269618
14	snp1819	0.024259655114911	0.0808571093396225	-0.146255147979066	0.0822941052442468	0.0900187177912952	3.15852899374169	5.13776373629853	0.76415336117877	0.0755312141777457	0.0766211701158901
14	snp1820	0.148300150916097	0.0676710334845663	0.11162842219978	0.0686391139457567	4.80261272951755	2.64488160025986	5.29917908771932	0.0284166113882433	0.10388389653342	0.0706802182369219
14	snp1821	0.0976508235452997	0.0655187221796924	-0.0350750709989726	0.0656838391259347	2.22137041315994	0.285154388758342	2.61706436987635	0.136112194113119	0.593342577849966	0.270216393130795
14	snp1822	-0.0161703515035192	0.0730849576198819	-0.054796419050422	0.0807721398797724	0.0489534069301313	0.460236627959673	0.694333743091616	0.82489453410405	0.49751340555913	0.706687392400381
14	snp1823	0.019823779525599	0.0708786809266132	0.0715780345712765	0.0713005882920036	0.0782242962561277	1.00779758170852	2.72178646688131	0.779718368568723	0.315431049002883	0.256431621324648
14	snp1824	-0.0209434186380149	0.0724913483744779	-0.0772567867834557	0.0751515497559877	0.0834685351882672	1.05681118407359	0.44092337524722	0.772650850851711	0.303943608297279	0.802148370483216
14	snp1825	0.188811588579609	0.0729350279459978	0.00805376105196784	0.0751313468129243	6.70170003400753	0.0114909287662599	5.45084784203476	0.0096321029028783	0.914633687203938	0.0655184221938727
14	snp1826	-0.0646656677236893	0.0752067954523843	-0.108239192179256	0.0780556315430769	0.739321549404154	1.92291727400336	2.17538047336764	0.389878296728519	0.165535418257903	0.336993971779704
14	snp1827	0.012063043798787	0.0643586519283285	-0.0442609453323579	0.0672162355172494	0.0351317620006347	0.433603719551112	2.21477510354639	0.851319827975043	0.51022593533799	0.330421042379765
14	snp1828	-0.0179292131998021	0.0773183847735761	0.00894523843459807	0.0782789087068303	0.0537720900793853	0.0130585307873061	0.148677404050875	0.816624928874986	0.909020648954967	0.928357204119776
14	snp1829	0.0481477941416878	0.0694361224538841	-0.0551912916781706	0.0696029704158738	0.480819274987004	0.628760959647779	0.429341725953506	0.488051452916612	0.427810166547046	0.806806946517659
14	snp1830	0.0728123276928206	0.0730543394819084	-0.0146656371429458	0.0741439509125046	0.993385446317778	0.0391246460654733	1.07288212986379	0.318916347174666	0.843201929740846	0.584825910497447
14	snp1831	0.028378321604795	0.0734893173618438	-0.0647473242659471	0.0734991783779966	0.149116254240611	0.776030307150067	1.04482010449445	0.699381331863086	0.378357969222187	0.593089447593572
14	snp1832	-0.009461946709972	0.0722396912262315	-0.0449802661805963	0.0740990060995565	0.0171557312200683	0.368484544471508	0.490666699936721	0.89579121689558	0.543831482202239	0.782443667191903
14	snp1833	0.06601047394586	0.0735303734931171	-0.0651605568812684	0.0743474891782397	0.805920416525883	0.768133952331857	1.56828608187528	0.369329136228661	0.380794948849088	0.456510745227786
14	snp1834	-0.0117674291646386	0.0661481321896695	0.0068828088536027	0.0689570530663698	0.0316466696910768	0.00996263067259996	0.285938699074381	0.858805352287785	0.920492804172888	0.866780635715983
14	snp1835	-0.0963370873764384	0.0733989069719292	-0.018732883203493	0.0742873208450619	1.72269279959953	0.0635886871934507	0.995118480539631	0.189346791243751	0.800911231237016	0.608012863437736
14	snp1836	-0.0190858039062115	0.0650383413794809	-0.128269130497692	0.0678275158896741	0.0861156334124743	3.57628793858486	4.18714089180121	0.769174656035348	0.0586099827823143	0.123246305039951
14	snp1837	0.010363423619052	0.0743793836844405	0.0345912295138582	0.0737348538574488	0.0194133887334841	0.22008292538979	0.321961328768341	0.889187853750842	0.638976740653977	0.851308531522733
14	snp1838	0.0572266522768289	0.0782564276129423	0.0247703068530808	0.0799225754231998	0.534757204420283	0.0960558529977382	0.374138649705368	0.464613669895759	0.756615111089104	0.829386237313649
14	snp1839	-0.056880521691015	0.0733035904833215	-0.0633420480988679	0.0716214123372308	0.602111118959831	0.782165114141339	0.936982684547851	0.437773670349105	0.376479787818887	0.625945894409004
14	snp1840	-0.130151536834961	0.0621021218927564	0.129321570174826	0.0618499504632987	4.39223656062054	4.37182959573435	11.0574644388233	0.0361029234684576	0.0365377412567881	0.00397102028162211
14	snp1841	-0.177673028584187	0.0809713423973615	0.135333848645214	0.0790292313611843	4.81482306057058	2.93249546412498	5.03228849545081	0.0282159683599722	0.0868132089661074	0.0807704379201774
14	snp1842	-0.0716590286648571	0.0892012269438454	0.00299889392469166	0.093031587988009	0.645357227177877	0.00103910956017888	1.15900016932926	0.421777499199523	0.974284467389841	0.560178338320352
14	snp1843	0.0896396852533591	0.0692705606402018	0.0109916247274664	0.0700484967577404	1.67456974611568	0.0246221597859535	5.9373843126504	0.195647570956001	0.875312233393587	0.0513704509369709
14	snp1844	0.0134896391013342	0.0656227949065099	0.0408332733353858	0.0698637138090301	0.0422562754763194	0.341605658179499	0.345590945380537	0.837132037766245	0.558903868669453	0.841309668052291
14	snp1845	-0.0808135764159059	0.0801535003859772	-0.179540394442971	0.083420622024463	1.01653811596531	4.63209547461299	3.86003412426789	0.313341587562435	0.0313792164620722	0.145145721966747
14	snp1846	-0.0960413688962691	0.0815005279860069	-0.0902039699284021	0.0817696835654199	1.38865972052231	1.21693300174355	1.8654784986154	0.23863157116964	0.269963392493637	0.393474408307209
14	snp1847	0.103344109877901	0.0669736929654227	-0.0989526953874032	0.0689133999240265	2.38101956610168	2.06180649452532	6.41979597354262	0.122817366320282	0.151031027966274	0.0403607303904467
14	snp1848	-0.141245514755566	0.0721440112084791	-0.115755964375802	0.0747354600539393	3.83308774097273	2.3990170270726	5.03555754123762	0.0502502807340409	0.121411518617361	0.0806385246273038
14	snp1849	0.103238646370953	0.0695529838221616	0.0419300707810002	0.0704637671803167	2.20319567958291	0.354094739662649	2.19813519387423	0.137724956458649	0.551804299644307	0.333181598456026
14	snp1850	-0.10102618078975	0.0668992442933885	-0.0520723589905257	0.0645284234659319	2.28047568725625	0.651197006945233	2.4278310094941	0.131011685890972	0.419685043206164	0.297031969443911
14	snp1851	0.000357973740222724	0.0729256196895522	-0.133456153709076	0.0753045584133035	2.40958406402984e-05	3.14075945451986	3.91738417272063	0.996083398747006	0.0763582450021891	0.141042772102464
14	snp1852	0.138531188154629	0.0793849634148909	0.0564787072742786	0.0782372443471495	3.04521962705542	0.52112559566283	2.24345895368118	0.0809751622771224	0.470361929510239	0.325715988959638
14	snp1853	0.0193064999560166	0.0738181179511155	0.0752713745918122	0.0745375068730516	0.0684039467261948	1.01978816946835	9.54029425309594	0.79367496448802	0.312569261210782	0.00847913256267441
14	snp1854	0.00604698424807926	0.0674531488326636	-0.118211640784452	0.0685856710409005	0.00803661601306173	2.97066518548779	7.68348244077484	0.928567594948853	0.0847869845005516	0.0214562088119966
14	snp1855	0.0487114734052585	0.0673340835243941	0.0804845666445712	0.0712365557958778	0.523350478442681	1.27649580729969	1.69977587703734	0.469415952121146	0.258551598735463	0.427462831382935
14	snp1856	-0.0556706463536219	0.0736194008994468	0.0216691055367464	0.074482907577771	0.57183136059822	0.0846386496619787	0.543797555037173	0.449532098858536	0.771106979688671	0.761931381771728
14	snp1857	-0.011236410166181	0.0684743749138482	0.00801621201428552	0.0679032803273492	0.0269276848126255	0.013936601428445	0.243709051310936	0.869655120692531	0.906025359410981	0.885277144247905
14	snp1858	0.0394146318410292	0.0701163254662904	0.106772570209889	0.0711459871983047	0.315992410662139	2.25226026243886	1.74710114902498	0.574026072027672	0.133419399223037	0.417466668205242
14	snp1859	0.0621558758443319	0.0708122366362265	-0.0241391639185739	0.0703833198699598	0.770455849978411	0.117626439619316	1.25018401376707	0.380076068426838	0.731623202365027	0.535212183048572
14	snp1860	-0.0506213047188471	0.0780630647729282	0.0986372751119573	0.0775207061137999	0.420509172549099	1.61899941785937	1.07231081290274	0.516683086369067	0.203231360925538	0.584992994841805
14	snp1861	-0.146906148211889	0.0687450651718985	-0.103454455366649	0.0686929574549599	4.56664117204781	2.26816146810076	2.49188818967523	0.0326004243113808	0.132056480631648	0.287669192888527
14	snp1862	-0.0589557917014335	0.0778187095849768	-0.0537322941531903	0.0817586806387601	0.573964327938601	0.43191970530014	1.18226646085025	0.448687884427407	0.511048478466609	0.553699459992207
14	snp1863	0.0297041254426807	0.082425557828581	0.0607443557791039	0.0840078432642339	0.129870272140411	0.522844074793613	0.856294084298316	0.718566583108301	0.469630995735452	0.651715578093644
14	snp1864	-0.154391810758092	0.0687736836693707	0.0360893352713274	0.0696931799357602	5.03969145107783	0.268149631286104	8.06046315883854	0.0247729020233488	0.604575724614953	0.017770214261224
14	snp1865	0.0348818224319265	0.0656987620619717	-0.0747075775556331	0.0672738514406179	0.281892785537892	1.23320911202419	0.247518290788993	0.595463293369528	0.266783848777854	0.883592632610741
14	snp1866	0.0422693348799825	0.0781036438206859	0.0298303475597925	0.0827682869495423	0.292892490374653	0.129893881150866	0.73109926346578	0.588372889055595	0.718542091928632	0.693815203207265
14	snp1867	-0.00916148138639415	0.072326995400288	0.0424634207333993	0.0730772672132854	0.016044661498568	0.337648914000224	0.00630521920490024	0.899203551271128	0.561189467222649	0.996852354653046
14	snp1868	0.00749779406319016	0.0712265107990188	0.119812594537669	0.0729283537581367	0.011081120453044	2.69905742991517	1.71694286591828	0.91616402616881	0.100407591517539	0.423809408544449
14	snp1869	0.109142960282755	0.0733211250063229	0.175016578979963	0.0750453145416486	2.21581357145638	5.43890178637136	6.8075109212306	0.136603032580534	0.0196930476658527	0.0332481730047565
14	snp1870	-0.0620731992760345	0.0794581343532145	-0.0882685987218664	0.0805253772505392	0.61028336442941	1.2015640556127	1.2048386892207	0.434681138379327	0.273009297936283	0.547485476485554
14	snp1871	-0.0517289479960263	0.0762204803699734	0.072938132110508	0.0745833223499513	0.460599995696289	0.956369734153757	2.73137138666124	0.497343697846081	0.328103218583055	0.255205623184912
14	snp1872	0.008053620522185	0.0602932732535852	-0.0381103771627381	0.0609260595303854	0.0178420437854544	0.391273389620127	0.947398050768065	0.893739355188313	0.531630812536313	0.622694639646928
14	snp1873	0.0541252312483128	0.0741418771264034	0.148592625749	0.0759926748006645	0.53293270780993	3.82341158658758	4.0859188431458	0.465376491220814	0.050541231568892	0.129644469952236
14	snp1874	-0.0685968801228265	0.0724529535928462	-0.0902264914982646	0.0731459109559653	0.896389041941677	1.52155632583694	6.65344688862093	0.343751790490908	0.217384126601788	0.0359105755138452
14	snp1875	-0.0474719751079596	0.0682818907427021	-0.0548179156867935	0.0684160661358523	0.483352006555603	0.641990851163627	1.34112617867817	0.486907905733016	0.42299079929837	0.511420521250065
14	snp1876	0.128519265953293	0.0679179241140753	0.0654479266941696	0.0685067037527662	3.58069777164093	0.912694940725582	4.77616518123327	0.0584545930048563	0.33940038138047	0.0918055440372482
14	snp1877	0.052759063442184	0.0811928250803437	0.119032269458735	0.0812174910738586	0.422239491062359	2.14798027571784	3.0509910273708	0.515821691828363	0.142757578100856	0.217513249365576
14	snp1878	-0.0300576207889251	0.0693958890565599	-0.0545232025382436	0.0699589537901829	0.187603835857786	0.607401838314859	0.822697596152994	0.664918451701243	0.435767744340111	0.662755723359081
14	snp1879	-0.036680525457363	0.0694126408829995	0.106243058627995	0.0688634115153408	0.279250500993757	2.38025815742805	3.1413944698159	0.597192886152794	0.122877239451586	0.20790017655088
14	snp1880	-0.0803103942967896	0.0680269673487262	0.0295001411658688	0.0687126387721032	1.39373849476027	0.18432104936095	2.72255796033352	0.237774770601004	0.667685798925946	0.256332722742382
14	snp1881	-0.0211696901349614	0.0770127625808294	-0.0216971447228083	0.0777767659862413	0.0755620265923066	0.0778225415078529	0.128397732966497	0.783404223599846	0.780270212670383	0.937818480322027
14	snp1882	0.0852790442357935	0.0693930984709535	0.137852824026768	0.0707714456402565	1.51026128482878	3.79415615325756	3.91866178500236	0.219099220956744	0.0514317916690197	0.140952701885288
14	snp1883	0.0352025746280915	0.0691094151503745	0.0561124665890229	0.0687162640295913	0.259462393641283	0.666806216798433	3.76078490405256	0.610489738286506	0.414167326141963	0.152530233210009
14	snp1884	0.149226327420406	0.0730282868502772	-0.0187290578765521	0.0799340580151262	4.17550180753988	0.0548994685952843	2.38179675414711	0.0410124158443393	0.814747151657816	0.30394808138668
14	snp1885	0.0330109872813937	0.0712190288345165	0.04707004893603	0.0710985212198881	0.214844842257148	0.438296662653727	1.75479834041606	0.642996280520884	0.507945731529337	0.415863095513737
14	snp1886	-0.0273085916757313	0.069429174881739	0.00634463854402647	0.0725907076820298	0.154708651145604	0.00763926736082025	0.0850790911632075	0.694075611045903	0.930351262369531	0.958352566161965
14	snp1887	-0.103527664154865	0.0789102443061174	0.0244908456145152	0.0792643086712368	1.72125832895292	0.0954667655902034	2.0805492279618	0.189531150957953	0.757339048485046	0.35335763168779
14	snp1888	-0.0152999627619004	0.0691137589159308	-0.0843198375898902	0.0686857112069188	0.0490062780872324	1.50704674639305	0.0831270075866831	0.824801533800195	0.219590280296423	0.959288414953897
14	snp1889	0.0169962404428705	0.0724706426427202	0.162111877905861	0.0717105449775941	0.0550023832308403	5.11050276201818	6.2026602518402	0.814576752553972	0.0237814277422026	0.0449893211154232
14	snp1890	-0.0257399944622977	0.0659419441701097	-0.022365630523467	0.0680315764213699	0.152367872516138	0.108078976495821	0.185976275259319	0.696282727213237	0.742341883096364	0.911204309275003
14	snp1891	-0.0315259918701411	0.0712170775463437	-0.105812331251638	0.0727209832833868	0.195960808374116	2.11715707771143	1.27307508460905	0.658001111471413	0.145656696878436	0.529121316158075
14	snp1892	-0.0749740147766927	0.072714284552958	0.106092407398224	0.0755826590180645	1.06311945103279	1.97026333595298	4.2592960552932	0.302504787328791	0.160419913114927	0.118879128656314
14	snp1893	0.0204501825023428	0.0615470622768823	0.0302735409315599	0.0620787067812817	0.110402706356376	0.237816027133755	0.515408267086127	0.739686125380653	0.625787963918023	0.772823850939552
14	snp1894	-0.115317096373736	0.072468294936784	-0.049824738269284	0.0723355668589137	2.53216097172835	0.474445436512258	4.55477046240391	0.111547357968796	0.490949137243244	0.102552006232121
14	snp1895	0.0248047263092481	0.0743555197220143	-0.00415837832343883	0.0730809286530128	0.111286491781128	0.00323772442723592	0.0781901165905271	0.738684210184667	0.954624053337117	0.961659291108577
14	snp1896	-0.0415689965502935	0.0735457943106389	-0.117884463054989	0.0748475482944254	0.319465082291489	2.48060709226469	1.95191427828238	0.571929288342673	0.115257756788547	0.376831500718544
14	snp1897	0.121097666449006	0.0717244573151665	0.080670253498006	0.0736496632840311	2.85060476554057	1.19973495382426	6.07702047173512	0.091339571737082	0.273374658914789	0.047906205305525
14	snp1898	-0.0648963077280092	0.077930526045061	0.118726220300519	0.0781018737818239	0.693465342422739	2.31084266541521	1.45133787113005	0.404988184470245	0.128474384473967	0.484000695363533
14	snp1899	0.0731490791691168	0.084680552585371	0.0310330415239154	0.0862222185879512	0.746191607405117	0.129541910571377	0.8980538975614	0.387684675583152	0.718907475239893	0.638248898432411
14	snp1900	-0.0229946287662014	0.0723084967592968	0.0352022903992387	0.0740587914357021	0.101128633571196	0.225937647007725	1.38445765678462	0.750479410608648	0.634552500426193	0.500459386991051
14	snp1901	-0.0151153310096827	0.0783445421197907	-0.0785352900469694	0.0789901574585393	0.0372235535750745	0.988516095125994	0.351415324853672	0.847010605917123	0.32010532443833	0.8388631787213
14	snp1902	0.0908540086468602	0.074830761390839	0.0931277627966897	0.0751418006748233	1.47410310047066	1.53601389284286	11.9641974710357	0.224699431047048	0.215212105773492	0.00252352452012605
14	snp1903	0.0152828649893985	0.075817442187907	-0.0559343776618552	0.0772115389996234	0.0406322896269798	0.524799246439535	0.835867921556825	0.840249361537926	0.468801609022044	0.658405707589564
14	snp1904	-0.0464529101788937	0.0773535624697711	0.0186080878935149	0.0765690799376725	0.360632792155528	0.0590604348527308	0.346805805185972	0.548155008833083	0.807987171518062	0.840798786580521
14	snp1905	0.104382693525703	0.0729658603748112	0.000236408316029778	0.0733241244014372	2.04652749182298	1.03951731529182e-05	1.05354935248807	0.152553794558811	0.99742750124676	0.590506476108466
14	snp1906	-0.0857485814340184	0.0737370944077026	-0.0161061322483666	0.0734789188829513	1.35232740001736	0.0480459744519104	1.97382164015083	0.24487164938196	0.826498991668194	0.372726333087734
14	snp1907	0.00144166953159612	0.0706261436383188	0.0021518619481474	0.0728619476781332	0.000416677887377452	0.000872222447260388	0.0938938050865275	0.983714161305344	0.976439171325104	0.954138058549659
14	snp1908	-0.120861899571362	0.0753390830606542	-0.0710156358694467	0.0755311348943307	2.57358295229783	0.884007479602125	2.95210195242545	0.108661368627446	0.347106407345871	0.228538412349755
14	snp1909	0.0834915401482835	0.0796180607131335	0.101589686422832	0.0835740803602521	1.0996684236065	1.47759708905526	2.40979660936788	0.294338882971637	0.224150858772866	0.299722478335608
14	snp1910	0.0462715665651517	0.0704378946110022	-0.171532718147247	0.0720656857171078	0.431534650446899	5.66548237025698	9.08007036027962	0.51123687791287	0.0173019582817194	0.010673031068193
14	snp1911	-0.0971026370199622	0.0711952526595251	-0.00391549369178121	0.0707053415631339	1.86020144435578	0.00306668103923524	0.580966477270816	0.172601552498365	0.955837623381873	0.747902065066268
14	snp1912	-0.146735478149111	0.0677875478115841	-0.0650754262028992	0.06996499117618	4.68565615292238	0.865112276336605	4.49337173756767	0.0304154454021914	0.352312000698528	0.105749110886493
14	snp1913	-0.0217174300286244	0.0672513950168397	0.108098103720125	0.0682299477209264	0.104283180214019	2.51007139247449	4.64843290974272	0.746748964848157	0.113120806919313	0.0978600918171683
14	snp1914	-0.0519750468491454	0.0634235983244356	0.219017025364881	0.0648057167273915	0.671564952129822	11.4216570595279	14.0011901702029	0.412506525056099	0.000725929217327614	0.000911339479611195
14	snp1915	-0.02932277134831	0.0694919666993849	-0.0095450797961814	0.0748289202763789	0.178049526066164	0.0162712219570188	0.0418348891284415	0.673054832995284	0.898498216641687	0.979299807754779
14	snp1916	0.0478189450548538	0.07605672080862	0.0263589872066183	0.077299877432065	0.395298155552232	0.116278609058406	0.241858493893716	0.529527530449572	0.733106220966722	0.886096651418497
14	snp1917	0.0366673705068718	0.0765461100013606	-0.100324571710698	0.0763916848409588	0.229463325595755	1.72473529765228	3.7114246490063	0.631922050271887	0.189084647548939	0.156341537093471
15	snp1918	0.0341316804624041	0.0744162184624564	-0.0419457666361715	0.0774655303677627	0.21036822766566	0.293196833352029	0.659039334276987	0.646478943948938	0.588179169875785	0.71926913907421
15	snp1919	0.0144436076271139	0.0730201929368028	-0.00482358796072479	0.0727564052953991	0.039125996489237	0.00439539528458285	0.0749804522336662	0.843199258855634	0.947140752733112	0.963203831916534
15	snp1920	0.107358946201449	0.0739869865772818	-0.0988455613745979	0.0777987240117275	2.10555117534373	1.61424480063705	5.43903985552885	0.146765451163709	0.203896138994246	0.0659063866592993
15	snp1921	-0.210066499027331	0.072823186181948	-0.201986323808239	0.0734215431157936	8.32097548073067	7.56827517472664	14.0450524417785	0.00391898684720826	0.00594046059428477	0.000891570341921555
15	snp1922	0.0417897052656147	0.0698202437857126	0.0461988849771154	0.0696650732226445	0.35824149991775	0.439777283069401	0.478654321413948	0.549484487054008	0.507229970920578	0.787157313298627
15	snp1923	-0.0324947756615572	0.076876825387767	-0.011130752117829	0.0762719031391834	0.178663650835402	0.0212970698898962	0.0869518793298405	0.672524201966246	0.88397257784006	0.957455590516166
15	snp1924	0.045802706084872	0.0778446826961761	0.0658102949859715	0.0794055086871327	0.346197852376838	0.686888760965139	0.588205136793698	0.55627336526654	0.40722464874129	0.745200053548475
15	snp1925	-0.0944809782191862	0.072616564847024	0.0535258066405918	0.0745239824829911	1.69284564686518	0.515862943175127	5.14284524652572	0.193226274690277	0.472611787907055	0.07642674158834
15	snp1926	0.0195676149027569	0.0720703233787075	0.14874160753446	0.0739276330288076	0.0737161837555568	4.04810099263868	2.17848365674102	0.786000928680444	0.044221063635531	0.336471500170746
15	snp1927	0.121687495451293	0.07002381171365	0.0399068532765878	0.0705931734095407	3.01995457057456	0.319572615992407	2.76782080666266	0.0822457700578091	0.571864600333961	0.250596700418846
15	snp1928	0.141533114067674	0.0661818948942307	-0.0548153881041714	0.068637236581692	4.5733846469296	0.637801309763033	5.36835500785811	0.0324723477298312	0.424508097937254	0.0682773287424748
15	snp1929	0.0322869831377962	0.0668507609393943	-0.134802865487129	0.067277738494973	0.233261048627875	4.01472201189785	12.8026688517698	0.629116282068248	0.0451046584487653	0.00165934152684277
15	snp1930	0.00468951956096686	0.0762014978817623	0.0193611673213186	0.0755821112666765	0.00378729981711155	0.0656183095913699	0.155480181681683	0.950928329756438	0.797826745153029	0.925204864514556
15	snp1931	0.0485209669793888	0.0685172845158803	-0.00381279877964465	0.0682619658552749	0.501485764653844	0.00311982468145675	0.385489870961763	0.478848016586958	0.955457008300284	0.824692297059181
15	snp1932	0.0164484938613087	0.0739647388593983	0.147684813213234	0.0754251968968227	0.0494541586382136	3.83388225623627	3.71405554096134	0.824015814640399	0.0502264693444429	0.15613601345464
15	snp1933	-0.090788137164849	0.0708311575566174	-0.100707891372466	0.0708734362608192	1.64289395501291	2.01911021493707	3.73497924701963	0.199928867997363	0.155330138417031	0.154511056281868
15	snp1934	-0.108078707114965	0.0740784883201902	0.0506237118671006	0.0733642690059782	2.128609808128	0.476144510842546	2.83870277812113	0.144571822896346	0.490173904544061	0.241870846107684
15	snp1935	0.120722828709233	0.0677241447563416	0.0326190681164799	0.0693312233662998	3.17754527601436	0.221352979601657	4.66220639871359	0.074656808067094	0.638010943938922	0.0971884696689955
15	snp1936	0.0589751835087787	0.0736044590353302	0.0379211083328125	0.0744572080457193	0.641993086920806	0.259387205142068	0.875428920978306	0.422989991760092	0.610541465890112	0.645510075175786
15	snp1937	0.0783702741955949	0.0666132081753974	0.120977722316249	0.0655232446078319	1.3841464137889	3.40894518224711	2.31133561535743	0.239396122993481	0.0648438833186346	0.314847209298044
15	snp1938	0.0265513834521674	0.067922797184121	-0.0805706765091494	0.0693746984130689	0.152806977072888	1.34881318944559	0.814924312621307	0.695867214013779	0.245485703809779	0.665336629714331
15	snp1939	-0.121671995693622	0.074995525173528	0.0169107805486063	0.0758684239473714	2.632149554709	0.0496826992326309	3.47046986125513	0.104719852969224	0.82361632318752	0.176358763344178
15	snp1940	0.124691750691291	0.076870396680985	0.0866025217155318	0.0788320838362196	2.63122023691465	1.20685491265128	4.14069482661176	0.104781157739485	0.271955894082225	0.126141950699639
15	snp1941	-0.0276143313320591	0.0675710799195296	-0.0736384112515668	0.0703967996256419	0.167011871694794	1.09421581789169	1.68282838245542	0.682781221433746	0.295539004050644	0.431100433687394
15	snp1942	-0.0241096534566323	0.0816559883576993	0.0515875345009878	0.0810550614488022	0.0871777902282784	0.405069240746285	1.19190570527765	0.767796146638265	0.524482833694808	0.551037258331547
15	snp1943	0.102753666818989	0.0698991335932468	0.189672163749195	0.0693021411964632	2.16098161672553	7.49055317070305	9.88790157010075	0.141554235582762	0.00620235003060876	0.00712638785556186
15	snp1944	-0.0643289246062891	0.0676665866400089	0.0498561875171721	0.0695563223835566	0.903782740733768	0.513765463713014	1.55161437787696	0.341769440252	0.473513343187314	0.460332056049345
15	snp1945	0.125471922396158	0.0676121206416164	-0.0244537075989179	0.0689904382752998	3.44384810864179	0.125635282895457	6.58875173935382	0.0634876617485998	0.723001161188644	0.0370911875593517
15	snp1946	-0.0675712731316885	0.072847161581409	-0.123713062502188	0.0737109872532017	0.860397092671657	2.81686906187119	2.69541613800233	0.353627591888491	0.093278191469287	0.259835102843658
15	snp1947	0.151323025614718	0.0676051943241982	-0.0286395929861981	0.0664206531382985	5.01014045846821	0.185920551780317	7.85751938653048	0.0251992626527813	0.666333819645317	0.019668051848205
15	snp1948	0.0306985422360797	0.0728020687944818	-0.0864061691766248	0.0732562294739476	0.177806676495663	1.39123462863758	1.47297221053694	0.673264963239694	0.238196711051013	0.478793392619883
15	snp1949	0.00909152498666436	0.0742321298835218	-0.00872356298195282	0.0748353964876386	0.0149999437387475	0.0135885674340077	0.602845791440723	0.90252343207112	0.907200803526848	0.739764863192597
15	snp1950	0.00321075117664929	0.0663550386097576	-0.0783540019841418	0.0673842389916525	0.00234134541036373	1.35209034165668	0.469396178873964	0.961407460274363	0.244913012667481	0.790809567352941
15	snp1951	0.0129985295475599	0.077576472826909	0.0728219765549517	0.0791519680506251	0.0280755577164014	0.846450351297398	1.41324906608185	0.866931310084685	0.357558459508087	0.493306530201383
15	snp1952	0.0694956437014655	0.0781351479220661	-0.114199895276322	0.0775400105204595	0.791083427428525	2.16910062813763	4.36621784916639	0.37377272179423	0.14080856295528	0.112690638777715
15	snp1953	0.158482051741295	0.0729327368916733	0.0447923311159661	0.0729790669961168	4.72188219138782	0.376713094254693	5.84019311979897	0.0297811279254196	0.539367603407698	0.0539284797203572
15	snp1954	0.0273349922343797	0.0659269780170284	-0.0783145834039387	0.0667550561843394	0.171914129286818	1.37631217764054	1.99282011151917	0.678416233225052	0.240730317774309	0.369202481251589
15	snp1955	-0.041711643035896	0.0703204764683322	0.0862960666207941	0.0743080929050865	0.351844676931181	1.34868265180255	1.49271410072382	0.553070756152275	0.245508549461371	0.474090498520645
15	snp1956	-0.0799590914101591	0.0726629737754743	-0.138192468643628	0.0729667425773445	1.21090302942846	3.58689639673795	3.62318241237816	0.271153352946229	0.0582369110681442	0.163393936398503
15	snp1957	-0.00137474495425144	0.0782361865826587	-0.169602491324768	0.0787293359206665	0.000308765608673672	4.64078318005229	2.98099702590984	0.985980511350409	0.0312207514487459	0.225260332350576
15	snp1958	0.0539963991932	0.0663672077186209	0.0313708860060986	0.0660897656813238	0.661945916043984	0.225312426668258	0.864078035611496	0.415873801202463	0.635021590006302	0.649184046453966
15	snp1959	-0.093477748388219	0.0754806746398936	0.0388180219972344	0.079374035356912	1.53371596904676	0.239171750977143	0.626027926565668	0.215555599656199	0.624804960792307	0.731239701990817
15	snp1960	-0.154543540555326	0.0714332598615171	-0.0289406296246995	0.0698916948933801	4.68059189164552	0.171460784251517	6.08768149592852	0.0305052360409309	0.678816812332905	0.0476515201029729
15	snp1961	0.157875130767964	0.0772913362295063	0.141963470838044	0.0796059192588509	4.17220669363472	3.18025902700588	5.06514185992883	0.0410922467404544	0.0745329136566153	0.0794544855585979
15	snp1962	0.0652652946625371	0.062675134448521	0.100642495074694	0.0648734147040176	1.08436142025121	2.40674054081036	1.57022876513015	0.29772392135339	0.12081368381402	0.456067532627846
15	snp1963	-0.0856867239779878	0.0726164122555294	-0.0596652647404855	0.0739309891949077	1.39237911965883	0.651313544584536	1.21334217772125	0.238003733865505	0.419643444256106	0.545162649790529
15	snp1964	0.0204258561421397	0.0662524049296054	0.102998569201127	0.0654906969328798	0.0950511208825124	2.47345013496259	1.3019450206687	0.757851313268001	0.115783524102519	0.521538328637379
15	snp1965	-0.0429010807959139	0.0836645903659095	0.0230866879993068	0.0844547412751131	0.26293783866279	0.0747265954066704	0.37191382951742	0.608108966337102	0.784575224099223	0.830309368290755
15	snp1966	-0.0136717922619969	0.0741582685891793	0.0798078551944836	0.0758402325997574	0.0339884796545928	1.10736799218849	2.81717836494892	0.853731323743066	0.292654805033076	0.244487967862495
15	snp1967	-0.0489806653384694	0.0711274680192276	0.118700222109735	0.0716694512474934	0.474214317642056	2.7430574582275	6.71221935298118	0.491054747430245	0.0976777163078832	0.0348706535328291
15	snp1968	-0.0996807530378786	0.0742299325367698	0.0345674393201504	0.0755847716313729	1.80328549218482	0.209153823287209	1.46465113359348	0.179315801855959	0.647431438475408	0.480789580678983
15	snp1969	-0.0141007993132234	0.0693180153254893	0.138814633178372	0.0713814651073185	0.0413804513897624	3.78180894154154	4.35475987930587	0.838805318515918	0.0518126173393584	0.113338094610549
15	snp1970	-0.0217435721643996	0.0706342215264391	0.0497681607924279	0.0725502508035503	0.0947613986303758	0.470571203071463	0.696211673845003	0.758209109688632	0.492724505747727	0.706024148836872
15	snp1971	0.0167078296107463	0.0829445509225661	0.187163636124094	0.0839469558952109	0.0405755443529219	4.9708772993846	5.5854244975213	0.840359449237514	0.0257775694064455	0.0612548500158063
15	snp1972	-0.0304246370247276	0.0820187481235025	-0.0484729688406225	0.0833193107050703	0.137601934283001	0.338460430915945	0.339458649467613	0.710676749097165	0.560719241231343	0.843893206703576
15	snp1973	0.0982924875311797	0.0749753902688996	0.015885521264711	0.0760941871923134	1.71871228821973	0.0435812794119941	1.78073883017773	0.189858886146487	0.834634585575362	0.410504078338082
15	snp1974	0.15221674391322	0.0676917383522768	-0.0299768850943951	0.0679913231910327	5.05654086170817	0.194386464165459	5.37682094048168	0.0245331581268229	0.659290603828916	0.0679889239445824
15	snp1975	-0.0245559523917739	0.0754143444875597	-0.0488722598897951	0.0761398873250517	0.106024356324174	0.412003004974274	0.998901038002644	0.74471655874491	0.520954606003021	0.606864028366744
15	snp1976	0.0106857907693461	0.0642936087006463	-0.0817185180859759	0.0639601520307028	0.0276234378421985	1.63238272452826	1.00253288515846	0.867997197127232	0.201373800793628	0.605763009654526
15	snp1977	-0.0987597423472059	0.0701007276492149	-0.031565178680669	0.0707075853919465	1.98479128575935	0.199289533603076	1.92674834080954	0.158886563441587	0.655294926166652	0.381603117304367
15	snp1978	-0.0375029575860379	0.0754623638713102	-0.0363949789068729	0.0769173286409975	0.24698479999313	0.223889929041649	0.170800355249291	0.619206220331093	0.636091838710119	0.918144789873726
15	snp1979	-0.0127656056855046	0.068128843348373	-0.0234225065118356	0.0689969171807947	0.0351091907502917	0.115241091600486	0.011648656108411	0.851367040711794	0.734254350128213	0.994192600462745
15	snp1980	0.087358193270355	0.0811502634678654	0.0567246978566782	0.0817436282812548	1.15885051612356	0.481544649484753	1.91033396308265	0.281704060874083	0.487723485735649	0.384747893392489
15	snp1981	0.165577590994035	0.0732345196359651	0.0245985826642221	0.0766284781164425	5.11177164835758	0.103048047673206	5.42585205077674	0.0237640415415811	0.74820207197302	0.0663424028832823
15	snp1982	0.107737096709342	0.0727933643499542	0.0860929324293939	0.0728899311897537	2.19051863488352	1.39508259609175	2.68812736182646	0.138862551127528	0.237548642582224	0.260783770403684
15	snp1983	0.0188074868750281	0.072803954494754	-0.0773919938412401	0.0735361167748292	0.0667346820633864	1.10761973788277	1.440174165594	0.796151797277378	0.292599950538613	0.486709870057645
15	snp1984	0.138976646653098	0.0683353068162095	0.0845496407324367	0.0693000107203872	4.1361221828181	1.48852772962806	4.04944517629942	0.0419772267290267	0.222445031465635	0.132030464923513
15	snp1985	0.0899488572074621	0.0726484115033441	0.0495459087249385	0.0736984767099878	1.53298905718254	0.451958515657007	0.511546785252908	0.215664394311193	0.501406350941104	0.774317414948493
15	snp1986	-0.0670522722642268	0.0694302508266591	-0.106190749386592	0.0687976743755133	0.932673271934191	2.38246130597301	2.93396275597119	0.334169239136248	0.12270408418728	0.230620591922406
15	snp1987	0.0506553986748996	0.0682818894987289	-0.00735753746255444	0.0720513828378899	0.550351829679367	0.0104275029988405	2.01491343463166	0.458173972356357	0.918665279259746	0.365146470331169
15	snp1988	0.014478601714733	0.0715692970157928	0.136947900385238	0.0716395054147546	0.0409260414827615	3.65431178685188	2.64530392851417	0.839680748049191	0.0559242550934991	0.266427807233249
15	snp1989	-0.103931197530056	0.0651695780971896	-0.00923064468689378	0.0673165561419446	2.54332607591583	0.0188027031106237	2.16854544200046	0.110761242669669	0.890933613217928	0.338147624153244
15	snp1990	0.0408946581723336	0.0607024757602392	-0.208064976442936	0.0605880534305903	0.453858377632925	11.792990909435	4.02359023634855	0.50050834457769	0.000594541395425363	0.13374836492049
15	snp1991	0.0353074968863599	0.0658203722192936	-0.140090066769855	0.0661584229834736	0.287748581313292	4.48378103545997	7.3554240310421	0.591666917698604	0.0342179400704224	0.0252807506800772
15	snp1992	0.0165619036902086	0.0784893007469671	-0.150181455733041	0.0805600517360168	0.0445245552071999	3.47530677094794	3.74756621577334	0.832880697564598	0.0622911711770122	0.153541696886737
15	snp1993	-0.0592595907876697	0.0726015739427323	-0.00566226950309248	0.0737425434161219	0.666231594769052	0.0058958285737721	2.05927127875402	0.414368537909311	0.93879514143775	0.357137063548475
15	snp1994	0.00675511852399074	0.0773063628408915	-0.146033970583524	0.0771553958294827	0.00763546455388607	3.58240910372618	3.87669863890046	0.930368555917898	0.0583944085657457	0.143941354978694
15	snp1995	0.167468546239024	0.0735607874695881	0.0135871000060979	0.0750075622529743	5.18291111820286	0.0328128113568312	6.47952668129606	0.022810076177939	0.856255279761457	0.0391731646978473
15	snp1996	0.0809685654261411	0.0619571626814171	0.0592497713284278	0.0633426767390557	1.70785048396835	0.87494455618149	2.33657139811486	0.191264496882509	0.349590073634115	0.310899459923643
15	snp1997	0.00947989505231582	0.0691810207259969	0.0494428200274685	0.070330393323229	0.0187772992672202	0.494220065702621	1.15152407522742	0.891006856182967	0.482050844757945	0.562276229871745
15	snp1998	-0.11947163121991	0.0705529242118105	0.0536259067663413	0.0721355413239379	2.86747440081496	0.552650678020658	3.18386897642934	0.0903866093092897	0.457236646697894	0.203531501365481
15	snp1999	-0.0254916748378255	0.0760445916596559	-0.12296903354409	0.0753252535632631	0.112372508542671	2.66508039784246	2.29403875316273	0.737459068503582	0.102572641714965	0.31758195226643
15	snp2000	-0.0124821980712049	0.0630079800725526	-0.0538031385534916	0.0636487611261216	0.0392456047266718	0.714554422295197	6.63545175297671	0.842962885872842	0.397935987662055	0.036235141314331
15	snp2001	0.0140329229695859	0.0677008614236417	0.00260829480820838	0.0705439221715076	0.0429643151142288	0.00136708069064985	1.02192916272314	0.835792479794424	0.970505693267546	0.599916631235148
15	snp2002	-0.1068011338583	0.0817648214988313	0.0768561543259105	0.0843846193756736	1.70615601231591	0.829527346841566	3.07549929884499	0.191484868772198	0.36240923719565	0.214864077291069
15	snp2003	0.058794415100454	0.0823024287734597	-0.0927673657907436	0.0838751412209382	0.510325001328676	1.2232744936634	1.91881557059926	0.474998199337776	0.268718987305848	0.383119707927872
15	snp2004	0.062254163797357	0.0741200275952071	0.0233593484469425	0.0760415979917992	0.705449066914287	0.0943667461167243	0.695306255866058	0.400958763921156	0.758697455852286	0.706343844674965
15	snp2005	0.101494782474657	0.0653705075560366	0.0137542071077129	0.0661180475436733	2.41059205193793	0.0432744023078766	3.01253055229646	0.120516778601791	0.835209443994339	0.221736558287017
15	snp2006	-0.0600182922287748	0.0705467510915648	0.12343328311219	0.074405249318852	0.723791088735125	2.75205689893791	2.55916853972932	0.394903171880267	0.0971294033184451	0.27815291296788
15	snp2007	-0.151103924922628	0.0725996610686166	0.0872602892436146	0.073297882501481	4.33193871728534	1.41726296774776	6.47544534180191	0.0374036198697025	0.233854430970011	0.0392531858105056
15	snp2008	0.0755235007087523	0.075060173176513	-0.0738830009146006	0.0742080772120762	1.01238359877455	0.991257979072268	5.67633482453931	0.314332478969568	0.319435107678337	0.0585328342907719
15	snp2009	0.0590766228087797	0.0826297548498582	0.0411297323551766	0.0852947422519679	0.511161801600198	0.232523710453694	0.278016004662805	0.474636353128274	0.629658816577604	0.870221064633035
15	snp2010	0.0514222781614779	0.0721658383414937	-0.0345324819933498	0.0747953439663112	0.507737574823042	0.213160367626537	0.447393860614511	0.47611988614007	0.644301537154105	0.799557419274296
15	snp2011	0.0116834968513537	0.0749390617513754	0.0673578408341207	0.0759925275597317	0.024306878436078	0.78565980591294	0.171011198679584	0.876106616306269	0.375415739873158	0.918048002577055
15	snp2012	0.0594535708847381	0.0718815697879017	0.0329492002920115	0.0710250336862429	0.68410187799414	0.215212186529377	2.05394935389144	0.408177825611988	0.64271246083934	0.35808865737361
15	snp2013	-0.0473162159915432	0.070543924502579	-0.13593479493872	0.071668727558952	0.449884238224229	3.59750896650159	1.72783693890918	0.502389932904321	0.0578662182107442	0.421507179085233
15	snp2014	0.0587099277064355	0.0671818583768464	0.0861741352556086	0.0693603654088997	0.76369344870443	1.54358703848013	4.23346614660994	0.382175133226883	0.214084670409171	0.120424404278373
15	snp2015	-0.0108586599207261	0.072504096809502	0.00207124151005609	0.0737293511944263	0.022429901678487	0.000789188336496883	0.0233458625130877	0.880949111228001	0.977588378966784	0.988394933090237
15	snp2016	-0.083679359456352	0.0674539983135551	-0.02070839056739	0.0712171922424394	1.53893862312479	0.0845518276579455	1.08970079740699	0.214775858134827	0.771221135310566	0.579928534911313
15	snp2017	-0.110640887159269	0.0642810120452511	0.0390487147781165	0.0655985417921938	2.96255135511189	0.354344028168113	0.999256443780699	0.0852133830197692	0.55166432208887	0.606756196456961
15	snp2018	0.0327603271666811	0.0637101945279226	-0.0401271518343386	0.0657674693074292	0.264410439644703	0.372266888125938	0.754954374758516	0.607106186070875	0.541771205443071	0.685588841484125
15	snp2019	-0.00573345052396363	0.0650968709449018	0.0262876516100268	0.068506720919098	0.00775732364753967	0.147243868801371	0.527538052847141	0.929816533735586	0.701183253669143	0.768150941738572
15	snp2020	-0.0893988706861677	0.0644154626081281	0.0494084309925811	0.065717297526533	1.92612205974544	0.565252815072678	5.90467624576089	0.16518333620696	0.452151511964597	0.0522174722388009
15	snp2021	0.129210738920604	0.0789887259746051	0.0413366473448408	0.0797377500044318	2.67588227058361	0.268746332277871	3.33943644055519	0.101878852027119	0.60417398552082	0.188300117318739
15	snp2022	0.0139537775369428	0.072473633168932	0.0381817351866917	0.0730263820365882	0.0370700799537124	0.273370566530943	0.53305216133904	0.847322435212696	0.601079677212144	0.766036024733261
15	snp2023	-0.0568766320279262	0.0735969581772517	0.0601168783710414	0.0740205847753298	0.597238798653463	0.659610893016455	2.44958200741808	0.439633493025484	0.416697346277842	0.293819101009376
15	snp2024	0.0476968913592093	0.0670500089794893	0.0882312837671313	0.0711260363243705	0.506037229106618	1.53882056653176	2.05206720078383	0.476859359555284	0.214793446866891	0.358425804829147
15	snp2025	0.179241561666558	0.0740553280842811	0.132439104928005	0.0732823150655425	5.85820840489036	3.26613485685744	6.28764210268991	0.0155045681615835	0.0707240715774026	0.0431177276805663
15	snp2026	-0.0104810743231953	0.065061562644628	0.0653138063197537	0.066308830962786	0.0259515093377707	0.970213348618237	2.06812301208245	0.872018797476482	0.324626976137838	0.355559915222928
15	snp2027	0.0738533556517633	0.0773005151951088	0.0203579970393481	0.0781657099642761	0.912800121335894	0.0678324557254799	1.61189309336103	0.339372554161134	0.794519265280383	0.446664937187748
15	snp2028	-0.0427841124237327	0.0758374985345274	0.128646070227457	0.0777639532487322	0.318270989565341	2.73675794515551	10.4541079235329	0.57264857424479	0.0980635374880591	0.00536932024771786
15	snp2029	0.0687576144792733	0.0731079716148827	-0.00280267759387287	0.0741704901770374	0.884529113863283	0.001427854599114	6.78551473988186	0.346964185033791	0.969857538690445	0.0336158576344762
15	snp2030	-0.0387030788167653	0.0618511064579111	-0.184243982117526	0.0633174707564935	0.391557982766368	8.46719391883949	8.6113723183529	0.531481594760352	0.00361608837879246	0.0134916249627766
15	snp2031	0.00159815697559756	0.0755096665843975	0.0433006087433205	0.0757265382677203	0.000447954356092453	0.326957870146354	2.21464441495796	0.983114088042879	0.567455919018242	0.330442634215016
15	snp2032	-0.0471638781987001	0.0668889563739912	-0.00166455308916095	0.0684276505518444	0.497176025586647	0.000591741522050285	0.482414430677224	0.480743587032542	0.980592783365844	0.785678804819784
15	snp2033	0.0617034155398322	0.0646216614243117	0.0479517037286221	0.0651582789572627	0.911721445325179	0.541587803227765	1.44126511102881	0.339658080848653	0.461775433279069	0.486444455497019
15	snp2034	-0.206660715352329	0.0614338768454885	-0.0713641798470371	0.0620518576618552	11.3161842802851	1.32266841502668	8.00397367650254	0.000768344408397237	0.250113714580465	0.0182792848035961
15	snp2035	0.0624188577704712	0.0721553562575469	0.0786027155757277	0.0753359422310659	0.748332287236829	1.08860582021225	1.08514919452067	0.387004752685593	0.296780320566873	0.581249840051786
15	snp2036	0.0532038604807147	0.0728275022402041	0.0218022330509979	0.0756967867539548	0.533697859948063	0.0829558592672071	1.1231586613616	0.465056337948552	0.773330978981078	0.570307647853461
15	snp2037	-0.00988263808735062	0.0725872550971445	-0.144535953254239	0.0727085018606215	0.018536384742397	3.95167654970037	5.86385747918696	0.891703972090734	0.0468246945297939	0.0532941484191921
15	snp2038	0.0605901616486806	0.0725464177973232	-0.113120184400187	0.0746809644319323	0.697545075351107	2.29435371682591	4.39501622911089	0.4036098160077	0.129845247617242	0.111079611441517
15	snp2039	-0.0684310488777582	0.067277588311514	-0.0659618525749543	0.0691432769653357	1.03458353721734	0.91009299567951	1.2843967057408	0.30908455254299	0.340089745433839	0.526134522433597
15	snp2040	-0.0868440037340724	0.0663053344427029	0.0228700783690216	0.0683224382542368	1.71546844843733	0.112049156611144	2.44001025155659	0.190277401698485	0.737823152828849	0.295228653643511
15	snp2041	-0.0407019816087806	0.0750143625467405	-0.0152679105626987	0.0748991429714432	0.294403020369806	0.041553299843006	1.25257342940797	0.58741268902254	0.838473637411235	0.534573142677159
15	snp2042	0.0443519422254404	0.0799941147727743	0.0292002816538892	0.0828689498518233	0.307403786109782	0.124162489094629	0.363014787457638	0.579277712728111	0.724563061590065	0.83401207882154
15	snp2043	-0.0267139140256611	0.0688302126197132	0.0256588512372379	0.0698636971894927	0.150631855440715	0.134887370345062	0.390221954263359	0.69793226449318	0.713417510116257	0.822743347292618
15	snp2044	-0.0383292105312567	0.0638790025291801	0.0194238902746583	0.0659427354999922	0.360033984058025	0.0867637899243787	0.247243683635535	0.548487362232164	0.768332361537472	0.883713961368816
15	snp2045	0.0117601864687357	0.0660642998164295	-0.123708069719504	0.0670550219505083	0.0316879936912482	3.403560249404	2.15860182679451	0.858714165853222	0.065055862781443	0.339833015330527
15	snp2046	-0.0775366013831299	0.0626041743151107	-0.0654019740404961	0.0655964215086765	1.53393493240751	0.994080187199059	2.10040673126006	0.21552284088655	0.318747181681642	0.349866591036135
15	snp2047	0.0917468310118367	0.0757620780911855	0.076875908320662	0.0751698279211177	1.46648757531455	1.04590781547649	1.25678950566199	0.225900693879839	0.306451439745814	0.533447429051213
15	snp2048	-0.0392086341346819	0.0674764116122658	0.12349895022105	0.0669022703905089	0.337644336545201	3.40757026246813	2.44493305113534	0.561192121729874	0.0648979372724969	0.294502871484071
15	snp2049	-0.110255001055404	0.0730003786774292	-0.0215834975513824	0.0733454708794833	2.28111074157402	0.0865958426357649	2.04783278528243	0.130958055614769	0.768550283922166	0.359185470622565
15	snp2050	-0.176027932254949	0.0689710900442819	-0.108645068984093	0.0708654954016747	6.51371864139751	2.35044657914152	7.61424761006569	0.01070454246747	0.125247122675386	0.0222119731361555
15	snp2051	0.0597825650114805	0.0726913846646634	0.110141056989506	0.074605453949086	0.676368239999813	2.17950226863013	6.30337404024588	0.410840119857021	0.139859686397606	0.0427798954117951
15	snp2052	-0.206146141873792	0.0730819213224338	-0.104907735733436	0.0753705769888724	7.95665467053798	1.9373645432617	8.24841425323592	0.00479108868386191	0.163954973810183	0.0161763152747045
15	snp2053	0.0869009372786548	0.0724949957601686	0.0758859178281195	0.0751018344449928	1.43692090653333	1.02098953800057	1.82699325388812	0.23063825528202	0.312284402910302	0.401119204831769
15	snp2054	0.0779544342437261	0.0699537429199356	-0.0130772287296158	0.0717075749767779	1.24182310134619	0.0332584012387791	1.7066482073803	0.265119986819506	0.855293261802955	0.425996519177855
16	snp2055	-0.00232134799534848	0.0807678446765267	0.0410841555973376	0.0797694177525275	0.000826044633700608	0.265262517188162	0.159454549200837	0.977071162797354	0.606527568068982	0.923368137994487
16	snp2056	-0.00297346090400339	0.0706207576765726	0.0605673213049375	0.0740747044336179	0.00177279990525034	0.66855459608041	1.12326889871946	0.966415288881575	0.413555994898867	0.570276214115631
16	snp2057	0.151867751887962	0.0656508292030745	0.0457713590104366	0.0661770637541142	5.3511940068486	0.478379573355	6.36158147224694	0.0207080850839217	0.489157221520196	0.0415527848390231
16	snp2058	0.0254201150182903	0.0666553971060828	0.151284526224488	0.0692811563374685	0.145440172946358	4.76824721423582	7.71874318617541	0.702931543214667	0.028989325393593	0.0210812429602678
16	snp2059	-0.0511749926485519	0.0709989496781624	0.12124251718949	0.0738828263798968	0.519531314792364	2.69291649749288	3.94351636492429	0.471041678243865	0.100795170061532	0.139211881034866
16	snp2060	0.210842053646334	0.0757817710209921	-0.016363060861558	0.0775867040567829	7.74078445111765	0.0444789457819947	6.29811098209418	0.00539873429796978	0.832965052927864	0.0428926202046669
16	snp2061	0.016664995591184	0.0741738092144436	0.0312987936239994	0.0743091481072071	0.050478825370581	0.177406950997606	0.829290329666099	0.822232166896767	0.673611201737294	0.660574634234709
16	snp2062	0.00635358499040416	0.0786045210829337	0.0823765927164964	0.0813836628871031	0.00653345095794247	1.02455006240062	0.1206212354197	0.93557733622772	0.311442147561072	0.941472050269209
16	snp2063	0.0701571993292888	0.0791349271000907	0.0178088904470802	0.0817832639162342	0.785973808760521	0.0474181762642034	5.47263755921919	0.375320340603964	0.827618332897112	0.0648084826168858
16	snp2064	-0.0479782557099086	0.0723898339517304	0.0413905211912325	0.0715913862948226	0.439272229847429	0.334256795905411	1.7399490716103	0.507473928309803	0.563163218260562	0.418962217647352
16	snp2065	-0.0180579820842007	0.072768814084179	-0.0142282155404932	0.0749864248732594	0.0615811565503015	0.0360027417065337	0.0966001470279983	0.804014088624745	0.849509830572968	0.952847819780457
16	snp2066	0.0245798879029982	0.0717141214578164	-0.176929548650447	0.0722880289212687	0.117476346370545	5.99056759954294	6.57689481480201	0.731787878777497	0.0143825737190645	0.0373117343713365
16	snp2067	-0.0389675875552345	0.0797165893911994	-0.108636937631723	0.0807211568224166	0.238951422786498	1.81125782688104	1.71976270305528	0.624964480257296	0.178357415361533	0.423212292831018
16	snp2068	0.0230556216069836	0.0727621707060179	-0.0477338302724972	0.0749048904833371	0.100402003218144	0.406099282658865	0.202763468162262	0.75134774680558	0.523956024886435	0.903588036692743
16	snp2069	0.0780274798387449	0.067418294893886	0.0316510526854423	0.0707771687974192	1.33949048044233	0.19998155700115	1.170211847815	0.247123842992583	0.654735733086638	0.557046854107618
16	snp2070	0.0545515437538526	0.0715487283938522	-0.00954653325978509	0.072463563444676	0.581313288949368	0.0173560944972094	2.08299592705345	0.445798013533822	0.895187943740882	0.352925616096469
16	snp2071	0.0226525738476105	0.0822193166936928	0.182093278515229	0.0849749809725728	0.0759079710860149	4.59204017030502	3.86146796288543	0.782921361822406	0.032120758686615	0.145041701487684
16	snp2072	-0.0216302960458372	0.067292434517792	-0.0390589383589995	0.0695976419605266	0.103321914750275	0.314957401347837	0.146875304566166	0.747879047507674	0.574653938930439	0.929194077114839
16	snp2073	0.0764899092240143	0.0661512951704699	0.128222000823162	0.066240779768111	1.3370005557588	3.74691832582865	4.57951381972138	0.247563619648494	0.0529049661415594	0.101291081724505
16	snp2074	-0.156063956300156	0.0703776826490575	-0.0780420034073168	0.0720656609800561	4.91739731181345	1.17273549637426	4.05990753352521	0.0265875415590845	0.278839881794374	0.131341593355189
16	snp2075	0.0897601613292516	0.0696913328809498	0.127244760467098	0.0698373931588359	1.65885989468845	3.31973775079075	3.5312103698118	0.197757328907363	0.0684527475544292	0.171083218167823
16	snp2076	0.131725437882011	0.0680541328090511	-0.0942601184023471	0.0692115776943306	3.74653930616813	1.85480587787597	5.4721215679862	0.0529169653846029	0.173225475314387	0.0648252050783807
16	snp2077	0.146810883071119	0.065723443959001	-0.116576528085458	0.068133576304077	4.98971656209487	2.92751994674353	8.17399849904758	0.0254983850647789	0.0870811696457803	0.0167895392613355
16	snp2078	-0.0896296300957182	0.0676134850666243	0.130337749834514	0.0661555050427931	1.75726218980702	3.88157926732561	4.13940804701784	0.184966372439303	0.0488186161038705	0.126223135257546
16	snp2079	0.0290498160628204	0.0701909411436488	-0.0293725224539052	0.0702996158903024	0.171287094467407	0.174572802848063	0.00963684191880475	0.678970450312995	0.676079382842396	0.995193169008282
16	snp2080	-0.0302973307266892	0.0679681073006627	0.119040706829791	0.0697740296918374	0.198700235915132	2.91073978775661	5.03620767025229	0.655772029875652	0.0879915041987247	0.080612316164975
16	snp2081	0.0193461274927583	0.0721965264905035	-0.112385896551986	0.0716243347982289	0.0718051318939997	2.4620815057734	1.92097415341476	0.788726416766528	0.116624142715927	0.382706433181025
16	snp2082	-0.0866955668501931	0.072897060690228	0.0601579425467948	0.0727718404086501	1.41440488114365	0.68337522886623	2.61684779540841	0.234326532064497	0.408426893576985	0.270245655700934
16	snp2083	0.156259152094158	0.0647866443697521	-0.097188880524002	0.0669512892421402	5.81727981756374	2.1072461577745	5.07077590284891	0.0158694692073672	0.146602931334787	0.0792309755317613
16	snp2084	-0.00687795558292298	0.0699215024968735	0.0725718837195498	0.0702241080657299	0.0096760305247811	1.06798297225161	0.241761269554275	0.921641023712121	0.301401489402068	0.886139727546308
16	snp2085	0.0444992222167123	0.0712212623986701	0.0351322344486602	0.069772796443798	0.390378153774957	0.253535796389319	0.252366422800693	0.532100695054049	0.614596345215957	0.881453339688193
16	snp2086	-0.0230117893735571	0.0823027544668108	0.0259540742051936	0.081991947350116	0.0781757470668187	0.100200221479581	0.329370230277201	0.779784973701441	0.751589492640177	0.848160735019202
16	snp2087	-0.0162370717142798	0.0677208621544559	-0.103638532038773	0.0692745688475842	0.0574871079394339	2.23817913516115	2.45431792015138	0.810512679672526	0.134639447553073	0.293124173302459
16	snp2088	-0.0469844050441882	0.0715052450639756	-0.120010252886793	0.0725354421348446	0.431749322592906	2.73738684965318	1.84150480131774	0.511131828395754	0.0980249448995882	0.398219307869305
16	snp2089	-0.0427359318621054	0.0735896845652763	-0.0422007774771779	0.0744729282690882	0.337250400230591	0.32110276342188	0.90955931098076	0.561420659149222	0.570945677032543	0.634587780477501
16	snp2090	-0.110382524241974	0.0729076886786025	-0.141131332912493	0.0729224546503694	2.29220777775814	3.74562528734144	4.49830924157702	0.130024852981492	0.0529459138217062	0.105488364548453
16	snp2091	0.0130227355886541	0.0688731276244174	-0.0970237185904713	0.0701092699907049	0.0357523698967486	1.91515946495522	3.04643397394879	0.850027787964303	0.166391261474776	0.218009424173364
16	snp2092	-0.0195296312179826	0.0709866661123248	0.152690724595513	0.0708846652209138	0.0756893063078785	4.64002934241557	1.77834792344327	0.783226431364548	0.0312344684275603	0.410995110265201
16	snp2093	-0.0439138284187931	0.0692305231154487	-0.0127959768044389	0.069979906941194	0.402353121417195	0.0334349106589129	0.701641394904657	0.525876502460958	0.854914024487036	0.704109991253212
16	snp2094	-0.0226752610835368	0.0777876687916716	-0.0474902229248489	0.0782908896241654	0.0849734164194147	0.367947588060487	0.672066467807515	0.770667413939453	0.544125139410159	0.714599356495179
16	snp2095	0.0288837580153305	0.0800702382009466	0.0677086684342038	0.0810961997401727	0.130126322019005	0.697087892516296	0.346046720460521	0.718301099877347	0.403763938021549	0.841117965905762
16	snp2096	0.0612454747622326	0.0674905934339757	-0.0445219331468574	0.0694254106229268	0.823496044427693	0.411254925242743	2.99630069896064	0.364159983507387	0.521333241176912	0.223543254887781
16	snp2097	0.0135549769572417	0.0624837515166816	0.0552644777946273	0.0661628211849487	0.0470612408601467	0.697692590413101	0.752119946216128	0.82825819872279	0.403560105141579	0.686561156601136
16	snp2098	-0.00620053707774408	0.0660935881454764	-0.150167851531007	0.0675915912553988	0.00880116084365624	4.93592546476468	8.26114646807887	0.92525651131717	0.0263039735174823	0.0160736622108854
16	snp2099	-0.0995236146215862	0.0676371658852614	-0.238419192381333	0.0674210019117984	2.16511754098602	12.5052397055233	10.8589296139982	0.141173827832555	0.000405812273815975	0.00438544223270509
16	snp2100	0.0492152062608308	0.0649242849764649	0.0346251317843818	0.0668739808932052	0.574624671426213	0.268082531868842	0.487025220310903	0.448427025203882	0.604620935885933	0.78386959125255
16	snp2101	0.000568367104111284	0.0749445377444313	-0.17363320157255	0.0775749025903691	5.75145726767602e-05	5.0098309157442	6.36966148152556	0.993949032126097	0.0252037688257171	0.0413852500440419
16	snp2102	0.0121249011299467	0.0715548365939602	-0.10942570789059	0.0721851968626394	0.028712990237094	2.29795986464961	3.88961234958018	0.865443422460834	0.129544051857994	0.143014940552732
16	snp2103	0.031131709461368	0.0722342473723809	-0.0542591587554328	0.0725637864478713	0.185746069756373	0.559121559876244	0.728968218908923	0.66648096474274	0.454614396090139	0.694554872760608
16	snp2104	-0.0441190993222556	0.0668261878428075	0.107401787332554	0.0656105113173731	0.435872933612329	2.67963827744747	15.8132548693773	0.509121170510158	0.101638812656888	0.000368294585965212
16	snp2105	0.0232191073498115	0.0684855579005051	-0.0731235647979642	0.0705375174173269	0.114945782972525	1.07466812920002	1.14193194251178	0.734582195302622	0.299893401476814	0.564979421142369
16	snp2106	0.097076611976917	0.0661553691317945	-0.0350481375568222	0.06764161336195	2.1532726666716	0.268473839654582	3.00543379212605	0.142266356775063	0.604357375556721	0.222524761469821
16	snp2107	0.150998936250207	0.062659685237102	0.0268813024508353	0.0632861233214383	5.80726116675161	0.180419563688198	7.24405110136103	0.015960131886139	0.671012921837434	0.0267284817296913
16	snp2108	-0.0384702547213035	0.0825705861622278	-0.000463298735814443	0.0850117025105635	0.217069791208826	2.9700571270238e-05	1.8205428914775	0.641281718140579	0.995651691854292	0.402414975376491
16	snp2109	-0.0922736095338003	0.0749276891490452	-0.0759306307754609	0.0747363185115584	1.51659752087377	1.03221606441862	1.2643239636713	0.21813511676677	0.309638745633728	0.531441591021874
16	snp2110	0.0041582628019955	0.0708113394010094	0.0319829440448213	0.0723647686915847	0.00344840485734682	0.195336103363701	4.27487434958143	0.953172643779167	0.658512042735905	0.117956758532561
16	snp2111	0.00643955249553506	0.0744893855409076	-0.0207755776137255	0.0773435887733324	0.00747347510620474	0.0721535286383326	0.0610367773348037	0.931109287112626	0.78822666944642	0.969942595951424
16	snp2112	-0.00740704420464499	0.0777454681298795	-0.0143808375484491	0.0753214151668276	0.00907694506698862	0.036452844122455	1.41908529185362	0.924097985718156	0.848583350990739	0.491869104364358
16	snp2113	-0.139538031173873	0.0759645381367725	-0.00879966217068617	0.0767058725155888	3.3741421767215	0.0131605721411287	6.13242888129827	0.0662270480176875	0.908667427977581	0.0465972179326347
16	snp2114	0.0141226573555128	0.0722441709880901	0.0808110709661381	0.0708339489330343	0.0382144154763816	1.3015438869154	1.1207277685825	0.845013218853804	0.253931407387665	0.571001247656278
16	snp2115	-0.0576872616332493	0.0682130668919193	0.0420936792114336	0.068589446209426	0.715195372139491	0.376633704005249	1.96507480833438	0.39772445083053	0.539410349967425	0.374359990089153
16	snp2116	-0.0258508301478287	0.0752517054124999	-0.0366302207821315	0.079678893684021	0.118009316484696	0.211345245280062	0.1281537047394	0.731203656039989	0.645715051710701	0.937932914393717
16	snp2117	-0.108230646268693	0.0655860831581809	0.0492623431533651	0.0674212820943468	2.72318479031063	0.533870736894477	4.14027298959815	0.0989005035583557	0.464984051903219	0.126168559177538
16	snp2118	0.0582091031271086	0.0672583541784981	0.129497142642552	0.0688414150691246	0.749012980115388	3.53851298665073	3.9983770424878	0.386788907127509	0.059959192706905	0.135445149514956
16	snp2119	0.0646452305175812	0.0692866393876982	-0.0655943706444908	0.0693116947075734	0.870510436846233	0.89561241183572	1.26466243050283	0.350814036913148	0.343960915532338	0.531351660955945
16	snp2120	-0.10930180668263	0.0679665912951188	-0.0330609565603259	0.0703806100101306	2.58620949767586	0.220660590766572	2.72547071420453	0.107798036804783	0.638537041707455	0.255959677390423
16	snp2121	0.00266619432035147	0.0813246153890507	0.0933918879285982	0.0826061255289252	0.00107482946072577	1.27818525632885	2.73599139101439	0.973846365555589	0.258236729015814	0.254616778018534
16	snp2122	0.0111918349423888	0.0614947296434062	0.0905446809976882	0.062486171379729	0.0331227815265115	2.0997038992469	1.594664891756	0.855585352937418	0.147327667073157	0.450529173547686
16	snp2123	0.160556850833517	0.0756178242183712	0.0717766887461639	0.0753741739721364	4.50826387975075	0.906821288579755	3.54698677657451	0.0337314621332858	0.340959233507892	0.169738987699689
16	snp2124	0.1426100062481	0.0582124483240479	-0.100982807054353	0.0624280593997101	6.00161686203053	2.61658717056788	9.24760207778665	0.0142927739742261	0.105751668020924	0.00981541628614502
16	snp2125	0.0509508216558818	0.0702865151760738	0.172142574020745	0.0693303146027396	0.525482625604842	6.16495972006083	6.91065058117544	0.468512274009726	0.013030534058062	0.0315770309743002
16	snp2126	-0.04122453678031	0.0678111469407463	-0.0118582857824429	0.0696111892490054	0.369580789447818	0.0290192188883651	0.190467121752119	0.543232862501784	0.864734669054041	0.909160565330518
16	snp2127	-0.0889460159256573	0.0647602042130889	0.00736254004730802	0.0655042073839699	1.88641213139253	0.0126333040406736	4.57784789914381	0.169607153286164	0.910507863492687	0.101375488321982
16	snp2128	0.0380844870660289	0.0645349131361662	0.0479784886354675	0.0667754711344341	0.348262538944928	0.516248977681919	0.947843347194035	0.555098316240065	0.472446162226225	0.62255601323121
16	snp2129	-0.049129838429076	0.0604200692079176	0.0301945457232597	0.0643348016566882	0.661192981593536	0.220274927678851	3.63258662643934	0.416139091618758	0.638830517090725	0.162627444098074
16	snp2130	0.0253896945849494	0.0646384235724321	0.0109736018106728	0.0661962600732991	0.154288458911257	0.0274809338968817	0.0373175343550198	0.694470383692556	0.868335010169637	0.981514229976635
16	snp2131	-0.0325326150116037	0.0683457394659171	-0.0470919820044322	0.068617581797735	0.22657659931482	0.471002401390833	1.51059477049059	0.634073929408246	0.492526378162621	0.46987086128992
16	snp2132	0.182410743412145	0.0832659825850985	0.0331807140346002	0.0837146837164633	4.7991641412298	0.157097102040278	4.08813657268525	0.0284735479205582	0.691843329437201	0.129500791441658
16	snp2133	-0.00907048331031613	0.0632454136409382	-0.00738387588615938	0.0637664246842212	0.0205685076466353	0.0134086372501134	0.0257377520962673	0.885960660136083	0.907814482067347	0.987213573878978
16	snp2134	-0.133276592474711	0.0697742851023047	0.00434146340079725	0.0693896677670519	3.64852200563446	0.00391455745915127	10.9452490629858	0.0561189912852386	0.950111766480186	0.00420019413772643
16	snp2135	0.0682482613075639	0.0691782584561949	0.00121973987455626	0.0723798939212496	0.973293749623644	0.000283987064538891	0.713002958535281	0.323860098771571	0.986554752983288	0.700121435801871
16	snp2136	0.0099813006701188	0.0761944526095509	-0.134841219336922	0.0836031088686938	0.0171604064331293	2.60136017557746	4.41407503563002	0.895777099602066	0.10677204417994	0.110026116591075
16	snp2137	0.0288790166571322	0.0708878610403753	-0.00374076979314755	0.0715036116618269	0.16596673793433	0.0027369446068363	0.046266714448022	0.683721457007324	0.958277051205058	0.977132167450816
16	snp2138	0.00211486518602358	0.0790036514188535	-0.0119398825480639	0.0803761253288662	0.000716590502661915	0.022067136249586	0.00359967035893586	0.978643812783992	0.881908639693665	0.998201783552573
16	snp2139	0.159094999989563	0.0733653946439264	0.0280035971381577	0.0747719782279532	4.70251885783353	0.140265188849015	7.43849334090223	0.0301184460005596	0.708017520923919	0.0242522308879369
16	snp2140	-0.0213047922851187	0.0840240892757831	0.0505462771253038	0.0843495779191061	0.0642905262687289	0.359097615009371	0.507279909179441	0.799838773893025	0.549007824589035	0.775971136603139
16	snp2141	-0.0158543441378966	0.06983732002636	-0.00228145778027285	0.0700614803343098	0.0515372725756666	0.00106039153946485	0.0652140212869725	0.820409573884657	0.974022554629091	0.96791886666839
16	snp2142	-0.0282633411540556	0.0625725315324575	0.0473161269720359	0.063002303906626	0.204023197558678	0.564034299285122	0.906106298165507	0.651492848500854	0.452639313699862	0.635684346688602
16	snp2143	0.024905892240719	0.0722424100986159	0.0436039114124602	0.0718964638451896	0.118855629654214	0.367820420148684	0.364372174018026	0.730278980793019	0.544194729461826	0.833446232467823
16	snp2144	0.0240061620497199	0.0723964133130034	0.0323135726073834	0.0741061843187938	0.109954084095205	0.190134553191976	0.61638837560518	0.740196416455541	0.66280465366764	0.734772620273903
16	snp2145	-0.00547020200383232	0.06366960492857	0.128349522836515	0.0641376874262405	0.00738146251131044	4.00462563694891	3.84153782131818	0.931533639026209	0.0453755729067677	0.146494277802114
16	snp2146	-0.0264877063771186	0.0665911589079159	0.0452778126453288	0.0680535725876554	0.158217879912256	0.442658713843284	0.658257517162099	0.690802599175696	0.505841991069863	0.71955036249852
16	snp2147	-0.0851197966565049	0.0803414880974023	-0.107389995711488	0.0811155056975305	1.12248723750121	1.75274965370061	2.97549126396528	0.289383517091094	0.18553143567972	0.225881301568325
16	snp2148	-0.00270145873706392	0.0679249862731724	-0.0769199573798375	0.0680525866068113	0.00158174896188601	1.27758203429811	1.59788612529681	0.968275530990033	0.258349099616805	0.44980412774741
16	snp2149	0.0166399314100088	0.0692533458355955	0.000323656889463529	0.069876797156585	0.057732656695138	2.14537754512007e-05	0.93829379401648	0.810116137173857	0.996304353916634	0.625535687085867
16	snp2150	-0.0886403858715958	0.0725131491845217	-0.0444604388311492	0.0730155513399434	1.49427228958007	0.370780385839914	1.59983258401029	0.221554771354501	0.542579198019852	0.449366578118114
16	snp2151	0.0919343171975127	0.0723532560122421	0.0491980111069471	0.0746816818504946	1.61450409201073	0.433977199354074	2.01367148868955	0.20385981956281	0.510043822399946	0.365373286835892
16	snp2152	0.0160854650872239	0.0795973530656003	0.0896258525244212	0.0791755066544296	0.0408385198306141	1.28140052361738	1.12996078798131	0.839849940353331	0.25763879396574	0.568371290141126
16	snp2153	-0.131060513271126	0.0771848880803769	0.016354944043885	0.0774921955259306	2.88322922472031	0.0445432800301268	2.19919395671159	0.0895063599400443	0.832846078771776	0.333005264986705
16	snp2154	0.0579753083687344	0.0773320576368048	-0.0773693126684682	0.0772453632394939	0.562039712188491	1.00321181413661	2.68943721273354	0.453439577037279	0.316534588923502	0.260613032391016
16	snp2155	-0.0737562760982194	0.0669615690910085	0.077034407488377	0.0674454018169982	1.21323999659841	1.30456222911912	2.35047493718364	0.270691396867583	0.253381558573064	0.308745653586453
16	snp2156	0.0726421238927229	0.0767152139690467	0.0557027599278497	0.0777763283096776	0.896631651563936	0.512930535236558	1.58730669552875	0.343686497631558	0.473872994253436	0.452189767451049
16	snp2157	0.0907612954677884	0.0743773296861238	0.0565852743843955	0.077140602196539	1.48908746531803	0.538072507478636	1.03828358346741	0.222358098735257	0.463232641370361	0.59503098942015
16	snp2158	-0.0516823062643382	0.0727805609650306	-0.0982837086187309	0.0747564098629834	0.504258204794215	1.72848732224153	1.82100343199349	0.477635055566374	0.188604195809078	0.402322321844376
16	snp2159	-0.0369843242869702	0.0893966633279089	0.00478928644225121	0.0913289482962223	0.171156248261754	0.00274994945849417	0.10845773544274	0.67908625110466	0.958178134019244	0.94721529468599
16	snp2160	-0.0404565216987196	0.0791890834777323	0.0749544805662583	0.0818859422891383	0.261003570786746	0.837869720308171	0.256664536015769	0.609431525141843	0.360006743437936	0.879561080578545
16	snp2161	-0.0722301841177018	0.0666553590245472	0.0253152550824666	0.0692904968729154	1.17426819933119	0.133480327754062	2.08541359801898	0.278525972961964	0.714850460552199	0.352499244847222
16	snp2162	0.00234051016519912	0.0750301465759543	0.00412514100486922	0.0773760126639407	0.000973082077357259	0.00284226720713976	0.28210226371333	0.975114614727356	0.957482587902895	0.868444905361966
16	snp2163	-0.0613658390936194	0.0727354016783946	0.0352322300689339	0.073177685078164	0.711806043239046	0.231805071300529	0.964723028960587	0.398844900545152	0.63018861350087	0.617323849909179
16	snp2164	0.137404224135066	0.0758529884748284	0.0311176612804159	0.0735986359298601	3.28136677624969	0.17876165542738	2.83187490073396	0.0700705530327123	0.672439621147535	0.242697989453036
16	snp2165	-0.0311145380733408	0.0825119504696667	-0.0477688776238132	0.0840239407617983	0.142197843099037	0.323209399160491	2.93318231650635	0.706105761740096	0.569685267243882	0.230710602188826
16	snp2166	0.010210885653248	0.0662488510919107	-0.00895293250796923	0.0675721952543596	0.0237558253383917	0.0175547465845566	1.08856275711346	0.87750782661239	0.894593310172557	0.580258619834942
16	snp2167	-0.0421141448308939	0.0645535976855477	0.00976583377242319	0.0681988799933667	0.425613181770889	0.020505207601196	3.5157194245375	0.514149381578882	0.88613507668946	0.172413483669868
16	snp2168	-0.0519850764869715	0.0721041073837357	0.0116564490561312	0.0729816367982423	0.519801304285218	0.0255096994184048	1.20494327502987	0.470926452227423	0.873103566501478	0.547456847628321
16	snp2169	-0.069793445529122	0.068560973350137	0.00961458675265887	0.0711147368889968	1.0362757341101	0.0182785621493135	0.264239463224804	0.308689222291067	0.892455144296221	0.87623607564023
16	snp2170	-0.0657103069189715	0.0679115191850695	-0.0445887933124992	0.0688193518781194	0.93622471100151	0.419788253776864	2.21851676237163	0.333250644323371	0.517042720416739	0.329803458851976
16	snp2171	-0.147046115184832	0.0662098343651995	-0.129984128612589	0.0673093416538189	4.93244337118257	3.72932273386813	4.73149035605539	0.0263570251028813	0.053465068226235	0.0938793174922166
16	snp2172	-0.0558827050848884	0.071926831337209	-0.0416541390696728	0.0729875484567236	0.603633014450704	0.325700760142008	0.39147200259149	0.437195214201453	0.568201670363772	0.822229273490745
16	snp2173	0.0604636337339618	0.0684524413257101	-0.00735275978569801	0.0696092510635905	0.780208368519503	0.0111574984031211	1.61012754124351	0.377077420868123	0.915876666857808	0.447059416393366
16	snp2174	0.00434348846335953	0.0783412070877373	-0.0312069413962051	0.0786066256107639	0.00307395019630853	0.157610121495411	0.475720204014774	0.955785367404634	0.691366419028715	0.78831296678152
16	snp2175	0.0957428215807215	0.070508350304641	0.0682414169522237	0.0705205560439576	1.84387441093079	0.936406922807566	4.4349647317535	0.17449752068746	0.333203605440036	0.108882891320895
16	snp2176	-0.0388465672245556	0.0767206261487478	0.0845585285655576	0.0781589690862976	0.25637815469035	1.17046165154942	2.49946109776667	0.612619401768912	0.279306403858835	0.286582006299251
16	snp2177	0.0601367517778813	0.0668737833634112	-0.0242617568814057	0.07211532765061	0.808664065693517	0.11318511877424	1.2238155239753	0.368515515047766	0.736546659119205	0.542315273089942
16	snp2178	0.0956711636469964	0.0739873135402728	0.0212245302614762	0.0760226945761806	1.67204359146944	0.0779452504575119	5.61823679852676	0.19598503569149	0.780101499015833	0.0602580925611497
16	snp2179	-0.0345647509438914	0.0738753797691126	-0.0812025156395757	0.0733869462475945	0.218910912324936	1.22433801671078	0.727368865882843	0.639871004357807	0.26851099153275	0.695110514116433
16	snp2180	-0.0618085000841038	0.0751917193371846	-0.0737423676939442	0.0730029380386074	0.675703826278251	1.02036012330933	1.30548161149052	0.411070033317458	0.312433602121066	0.520616909714759
16	snp2181	-0.0443689133977888	0.0645350978088379	0.0845085109249595	0.0655878973106177	0.472678273536753	1.66017352023394	3.56906580306435	0.491757610997269	0.197579897136098	0.167875457058199
16	snp2182	0.0471264978707798	0.0687205090470217	-0.151037632988326	0.0684588630810486	0.470281179096342	4.86755622783526	6.3487358592123	0.492857841457681	0.0273662279187585	0.0418205292511524
16	snp2183	-0.0583627232456125	0.0659078964696263	0.0714823027780071	0.0678547981974462	0.784144669810835	1.10977757008474	7.50083509262255	0.375876542197167	0.292130304966272	0.0235079281577919
16	snp2184	-0.0515814396899851	0.0774437044725662	-0.0633473540422057	0.0776870762366943	0.443623640161553	0.664904703323537	0.416254441034838	0.505378644056578	0.414833720007662	0.812103713885008
16	snp2185	-0.0697973169997424	0.0664001550004014	-0.137450310211086	0.0670259467955916	1.10494146378329	4.20538279662764	4.19829962913247	0.293184211446593	0.0402958785903117	0.122560583193786
16	snp2186	0.0700709600642138	0.0695564287280209	-0.0549047207335606	0.0704453686985813	1.0148493654075	0.607455517102791	3.31563756224904	0.313743877496203	0.435747464540491	0.19055416747654
16	snp2187	-0.136906669380302	0.0755111080953959	-0.0647809397309402	0.0809558463274276	3.28721056151486	0.640321453464752	3.59955684852194	0.0698215470839795	0.423594418190365	0.165335518502946
16	snp2188	0.0537230000606577	0.0702820731919079	0.0302045818485002	0.0709904136589442	0.584293945682614	0.18102820363756	0.437066009228131	0.444634136106091	0.670491103632279	0.803696953299147
16	snp2189	-0.0102598958790678	0.0724270776682014	0.0778259730422228	0.072720374494674	0.0200670707615136	1.14534653177633	0.429832840809329	0.88734992338047	0.284525406469524	0.806608853401664
16	snp2190	0.0224376631824815	0.0672675684616463	-0.127249947650469	0.0702560310877098	0.111261212900061	3.28056011785747	6.14799002332429	0.738712806398854	0.0701049996731371	0.0462360717531478
16	snp2191	0.0914166291903521	0.0665217914235343	0.0753793548316917	0.0673662247642685	1.88852411399101	1.25204636623434	1.82445237109277	0.169368480912733	0.263161992062299	0.401629127119596
17	snp2192	-0.0678930057141774	0.073178917160216	-0.056222299414715	0.0741710056103332	0.860752145796374	0.574577840770944	0.179524156720268	0.353528294520238	0.448445517206133	0.914148655146922
17	snp2193	-0.057822104427939	0.0777756111740241	0.0429273455230078	0.0829224448809289	0.552714581751633	0.267993259847624	1.29873135471198	0.457210634031873	0.604681098077178	0.522377027267166
17	snp2194	0.00191373999670121	0.0700774134065114	-0.0467441070548806	0.0723386724704611	0.000745778296381179	0.417554017747959	1.50200621670088	0.978213325089979	0.518160071981142	0.471892955481886
17	snp2195	0.0133309985335009	0.0747724101383953	-0.189370509200149	0.074057628686423	0.0317864920801197	6.53860481756775	7.36680477660127	0.858497064228444	0.0105558102115946	0.0251373023089883
17	snp2196	-0.112980276829058	0.0609642710459662	-0.182064568626374	0.0614010639105195	3.43442865101262	8.792230806142	11.5931256279301	0.0638506666286686	0.00302516094325256	0.00303797891891566
17	snp2197	0.115465084551466	0.0723833388595057	0.0497953711529653	0.0709286500003028	2.54462700335167	0.492872468777236	2.96124567199181	0.110670043870854	0.482648752358162	0.227495951581436
17	snp2198	-0.0101494957516031	0.0725286754973105	0.13967337275638	0.073528037766864	0.0195825587948885	3.60845495612268	2.38211303725512	0.888709217116725	0.0574865034936218	0.303900018365233
17	snp2199	-0.106288052718683	0.0702393735021189	-0.0441628733763942	0.0707683269430568	2.2898532076443	0.38943662029902	2.52007205995585	0.130222238537459	0.532595686724038	0.283643806635569
17	snp2200	-0.0440584007740862	0.0740661951397203	0.00259660759574696	0.0755718725201589	0.353848523833358	0.00118057145920179	0.905015599530815	0.551942617374173	0.972590522581443	0.636031111258433
17	snp2201	-0.0938207607711218	0.0783424678441321	0.029185735318703	0.080562159977461	1.43417914980342	0.131243884443394	1.03192351210842	0.231083608116741	0.717145807283239	0.596926221051869
17	snp2202	0.0764351499837756	0.070816218138165	-0.00732599868275238	0.0706358432940312	1.16498620873342	0.0107568076723656	3.36636297541522	0.28043383976004	0.917395497908796	0.185781971752152
17	snp2203	0.145603124147362	0.0600360456154113	0.0817252089900578	0.061326265211238	5.88189448289892	1.77590220326867	3.67328499318673	0.0152973535310148	0.18265331842094	0.159351552319638
17	snp2204	-0.0807590100693636	0.0711510035949465	0.00323648588598127	0.0752199362012059	1.28830862133356	0.00185132008749095	1.40680957249018	0.256359884300398	0.965680035360741	0.494897412065397
17	snp2205	-0.109104437279717	0.0846245105245229	0.00208607460531129	0.089575203553147	1.66223525050131	0.000542355520421715	1.47878412506861	0.197301794892623	0.981420122837143	0.477404059131334
17	snp2206	0.0905404344057241	0.0775377642947143	-0.134940311237219	0.0794431480506584	1.36351085183612	2.88516413071105	0.704882808983378	0.242929945887262	0.0893988961426853	0.702969759474325
17	snp2207	0.094462448748171	0.072430084893955	-0.118020908103772	0.0712927317515279	1.70090638221644	2.74048476331487	4.96892365304609	0.192169484739305	0.0978350837142875	0.0833704101844577
17	snp2208	0.024424975309718	0.0617695668240293	-0.0616304736953259	0.0631535075016293	0.15635765747483	0.952348845314428	0.372058478871974	0.692532315868072	0.329122138756172	0.830249318605216
17	snp2209	0.0507967498440399	0.0712406452534729	0.0454502626757124	0.0711815722487339	0.508412432649289	0.407697118746201	1.74091790567751	0.475826910582885	0.523140677163588	0.418759314361558
17	snp2210	0.0220965682358345	0.0634959655814176	-0.0765665966691165	0.0629581578594004	0.12110369542331	1.47902209696103	3.21004586360212	0.727840512141894	0.22392758699692	0.200884948203744
17	snp2211	-0.033875356658257	0.080979887979444	-0.05265343900282	0.0826088520068649	0.174990071845323	0.406256488164839	0.488609767319824	0.675714523634446	0.523875705704411	0.783248798095905
17	snp2212	-0.165205552857562	0.0742382321397241	-0.16839883055973	0.0802195877860771	4.95215282453229	4.40673860785946	7.7034567716602	0.0260582004215355	0.0357972179531898	0.02124298860981
17	snp2213	-0.238934803795187	0.0751830887846066	-0.111415334515905	0.07792450065347	10.0999331956786	2.04428706726272	12.8360477629897	0.00148274699275519	0.152778542646897	0.00163187783459551
17	snp2214	-0.106148145031837	0.0750356019168079	-0.0324186508949393	0.0775968935144056	2.00119807716791	0.174542505138347	2.24148898048231	0.157174930186187	0.676105895038617	0.326036972900473
17	snp2215	-0.0956786059875989	0.0706725468148846	-0.122635571609985	0.0762393698810272	1.83285535983882	2.58746404118319	2.90635028671457	0.175790656610097	0.107712670431964	0.233826674965612
17	snp2216	-0.0415128173412399	0.0682754683105874	0.0721010106190827	0.0683683706535917	0.369687734408095	1.11217273559588	1.11901013264428	0.54317452884249	0.291610131292153	0.571491844424657
17	snp2217	-0.0688256425646429	0.067047655541694	-0.0321335789672422	0.0671132376778883	1.05373973385422	0.229246026536283	1.03391023803227	0.304647362030408	0.632083452821973	0.596333551069815
17	snp2218	-0.0880710147638344	0.0680890995138303	-0.14002807839878	0.0699660887877848	1.67305731636604	4.00548458186567	11.2842318975891	0.195849532082122	0.0453524584085336	0.00354535866651429
17	snp2219	0.0624732172624648	0.0745606367613449	-0.0123408620080452	0.0736114237429966	0.702050781683989	0.0281060980555045	0.412076937941052	0.402095458728371	0.866859629453327	0.813801769564469
17	snp2220	-0.044653739474999	0.0744584664779907	0.100802411465126	0.0735777731678813	0.35965615222785	1.87693210897603	2.11712170754957	0.548697261771691	0.170683243616531	0.346954769853437
17	snp2221	-0.129315602320667	0.0719456759965066	-0.0589559711308118	0.0734320260790922	3.2306689589273	0.644591497831652	5.30605069117102	0.0722711611071102	0.422053023404626	0.0704377917243169
17	snp2222	0.0682101676468917	0.075626155956953	-0.0240247255875023	0.0759903725151928	0.813493677526865	0.0999538955316887	1.71915060055707	0.367089355688434	0.751884968219873	0.423341837304489
17	snp2223	-0.0398149375979865	0.0665443359518086	0.0579529107596224	0.0663120873605286	0.357989169336012	0.76377442187561	1.30090315688123	0.549625125722981	0.3821499020532	0.521810085363799
17	snp2224	-0.0422444876920819	0.0642057206560045	-0.196519809933478	0.0679158705140547	0.432905043500123	8.372788628559	6.91118475543089	0.510566919725886	0.00380880727685839	0.031568598281977
17	snp2225	-0.0320583327049701	0.0687352137268138	-0.00654500205709058	0.0695978323064535	0.217532068060695	0.00884358080118137	0.016750578719798	0.640926826969903	0.925077132067433	0.991659685665935
17	snp2226	-0.0318170582300142	0.0727553852143231	-0.0521031603251545	0.0712254797863292	0.191244853360303	0.535127618311193	0.421586344462679	0.661882550250939	0.46445904388346	0.809941567965989
17	snp2227	-0.139692219639412	0.0684126207098322	-0.04635960148031	0.0702346897531343	4.16938482484704	0.435688454244668	4.47468619275829	0.0411607420271637	0.509210829801523	0.106741730450585
17	snp2228	0.118580230832004	0.0732760995626965	0.0496883936755675	0.0760374704116338	2.61878530156761	0.427026270304791	1.97716362433293	0.105605254378009	0.513451731299562	0.372104030409246
17	snp2229	-0.127262053544371	0.0706336549924602	-0.0121274649934378	0.0708525108441151	3.24619417639533	0.0292974329453423	3.43583666870155	0.0715895039613782	0.864094083040619	0.179439292006416
17	snp2230	-0.0243199485345273	0.0724920898004565	0.0806709641012405	0.0733690828218437	0.112549627915703	1.20894992984796	1.65335041250195	0.73725988450088	0.271540185349718	0.437501473035883
17	snp2231	0.0414618859229374	0.0686773394519751	0.0864697282568282	0.0699655738925791	0.36447788321469	1.52742321378827	0.698214705479414	0.546029790202687	0.216499586725671	0.705317408449395
17	snp2232	0.0822800937007065	0.063378359992172	-0.0256485997000418	0.0640680166864412	1.685417741541	0.160267240420847	1.01887287580385	0.194206114748619	0.688910594191573	0.600834090737833
17	snp2233	-0.076975484229584	0.0708144840012837	-0.0137251915246763	0.0734006431457458	1.18157330168449	0.0349652869145095	0.908042544483399	0.277035935226431	0.851668417287452	0.635069223756216
17	snp2234	-0.0563598498314212	0.0773743230679256	-0.183246065794445	0.0787339522533079	0.530573957692556	5.41683009420736	8.29004077994229	0.466365655690118	0.0199435364397521	0.0158431129074127
17	snp2235	0.0764270104131701	0.0704167235703311	0.200437791618875	0.0693204229128329	1.1779913884948	8.36058778065135	7.47997142186088	0.277765288566193	0.00383446516400177	0.023754442557762
17	snp2236	-0.0321768916412629	0.073403881887948	-0.0536605559979073	0.0746160828277133	0.192154305757001	0.517184433554538	0.699025877055549	0.661129623424939	0.472045199892516	0.705031399736906
17	snp2237	-0.000720579730870393	0.0617845346383316	-0.123861781420331	0.0626840845340524	0.000136020549070401	3.90445182378706	3.50806659041306	0.990694655033164	0.0481583360599107	0.173074473370185
17	snp2238	0.0713114729161359	0.0804343630769229	0.0256021957969926	0.0817309510925489	0.786023551880086	0.0981253736803518	0.754411640315194	0.375305230942618	0.754090962942785	0.685774913068963
17	snp2239	-0.00647426540376007	0.0813949533612467	0.00561671177012197	0.0832200993968295	0.00632682817789389	0.00455520383699822	0.0574245163724531	0.936602034148052	0.946189831404188	0.971696021820261
17	snp2240	0.00689746736914603	0.0772975179940222	-2.65415033626124e-05	0.0800638961632593	0.00796247737034737	1.0989491467686e-07	0.0396342337235313	0.928896966511653	0.999735498066164	0.980377951509203
17	snp2241	0.0740388594730413	0.0661089417152862	0.00447466821114707	0.0683796071898381	1.25429309154071	0.00428221505556446	6.32427799858876	0.262734101360826	0.94782476306616	0.042335089436741
17	snp2242	0.0428637251229921	0.0779928670686844	0.0423865031970559	0.0799653789464254	0.302043887499543	0.280964325227862	1.35928827049245	0.582603915092547	0.596069859383881	0.50679731157956
17	snp2243	0.026667638093156	0.0692682287525123	-0.106450707416666	0.0714087332508057	0.148217997132576	2.22225783333291	2.4869078803397	0.700244153739607	0.136033990880879	0.288386426312427
17	snp2244	0.0440570732172614	0.072613794269986	0.0419042942165102	0.0718821274105506	0.368123061273211	0.339840564783635	1.10040489549892	0.544029142271242	0.559921265397918	0.576833020012197
17	snp2245	0.0610417727252437	0.0648594554006966	0.10956048404243	0.0655790763137128	0.885742899661828	2.79111219334617	1.25675409022482	0.346633554986485	0.0947884187349962	0.533456875271804
17	snp2246	-0.105543499977783	0.0704704803639532	-0.0858592520393242	0.0695403866529701	2.24309940451827	1.52440371842748	3.03370410991069	0.134211722577555	0.216954293818866	0.219401464760024
17	snp2247	-0.0123893775026591	0.0729848797566971	0.00527465471401833	0.0720981436796603	0.0288159656895525	0.00535229330564536	0.268972635167233	0.865204658059118	0.941679298367151	0.874164839482069
17	snp2248	-0.110369031299809	0.0742709347236477	-0.0789556207120705	0.0744081437353109	2.20829293100027	1.12596570698759	2.64144714322697	0.137270494491236	0.288637499676494	0.266942080357654
17	snp2249	0.0640128142942085	0.0661616061184016	-0.0999049802511447	0.0679049097311118	0.936098961435797	2.16457144098393	3.19099838960298	0.333283112367983	0.141223990299527	0.202807262897673
17	snp2250	-0.197513312550165	0.0754027494612931	-0.0670408873050534	0.0777979291027528	6.86148915431122	0.7425803177214	4.53574389255178	0.00880731192326756	0.388835562053709	0.103532268049122
17	snp2251	-0.0607450624946608	0.072782738119207	0.0620143756780475	0.0721917714783318	0.696570674168425	0.737920123460461	1.80252512635056	0.403938402191229	0.390327952369935	0.406056663773079
17	snp2252	0.0629436446673118	0.0758207680550283	-0.0036334057780417	0.0760891172435368	0.689171666356569	0.00228025130926368	1.32647135581389	0.406446270649949	0.961913909647709	0.515181672748042
17	snp2253	-0.0215231883137541	0.0705364343507026	-0.0350115378370482	0.071172199971383	0.0931078303909235	0.241992325688638	0.630920965259396	0.760262758595127	0.622770840893146	0.729452896531002
17	snp2254	-0.058473370111295	0.067057453413262	0.109550856966112	0.0685290695008556	0.7603650337213	2.55553532480493	5.85843193253317	0.383214310425816	0.109908580334387	0.0534389196404745
17	snp2255	-0.066540957506883	0.0804434482184715	-0.118716061801247	0.0835928307325895	0.684221528968073	2.01688389512969	2.77350931179548	0.408136835123114	0.155558085962651	0.249884952785384
17	snp2256	0.0869313499187172	0.0749765906853296	-0.0906927321239891	0.0760836723630888	1.34431631832308	1.42089516699686	1.81265706841424	0.246274208794664	0.233256119178871	0.404004794221249
17	snp2257	0.048028531679645	0.0725008922908437	0.0658238665777375	0.0733275342698272	0.438845769538032	0.805809932686589	1.58854333577792	0.50768007995671	0.369361952273046	0.451910255840435
17	snp2258	0.114149471174678	0.0831185675203122	-0.0745066601173168	0.0850098520995784	1.88604351191386	0.768159968059823	5.81826317562492	0.169648850026751	0.380786883505052	0.0545230578040369
17	snp2259	-0.0145453514385392	0.075077049885586	0.164391792527206	0.0741480412168364	0.0375347942928899	4.91542299363063	11.8691655120154	0.846380264556632	0.0266179446882512	0.00264632668813292
17	snp2260	-0.0274922596283764	0.0656247666155854	0.197951252914522	0.0677464498006198	0.175503317142983	8.53774987260163	10.5419221280761	0.675266443260225	0.00347855390533458	0.00513866960855491
17	snp2261	-0.00881065438926208	0.0708933469603552	-0.0436098178924785	0.0713517656266848	0.0154456208804138	0.373558908298762	0.93928724419049	0.901093255777059	0.541070720407498	0.625225044975526
17	snp2262	0.0190318820325221	0.063946573547777	-0.166136545110086	0.0631171408751037	0.088578621428822	6.92844405270432	8.01002905055464	0.765991980901093	0.00848354624668957	0.0182240245477443
17	snp2263	0.157866911984485	0.0741809363849249	0.00278253643784753	0.0740108339555593	4.52895082838903	0.00141348474153995	4.8019072157952	0.0333260430782125	0.970009526540039	0.0906314851675963
17	snp2264	-0.0209496677943182	0.0685699289824427	-0.198979813816637	0.0691616225911207	0.0933441019720781	8.2772808859258	12.6787637773287	0.75996810656448	0.00401442012780773	0.00176539310915202
17	snp2265	-0.0308349648233568	0.0741455905280442	-0.0467545080250869	0.0763621847904289	0.17294828418607	0.374878291585504	1.09650090494752	0.677504757064821	0.540357115149177	0.577960095006788
17	snp2266	-0.0291140667789351	0.0700465397539389	-0.0456094281944924	0.0698321946083714	0.172755695748629	0.426577430074314	1.65387249831819	0.67767425670076	0.513673147743657	0.437387281284176
17	snp2267	-0.0117768974730117	0.0690012990102069	0.0625055324942275	0.0666726150876578	0.0291304541096781	0.87890500837977	1.63318902432477	0.864478173152254	0.348501764228686	0.441934095969758
17	snp2268	-0.338359428936614	0.0734153844280267	-0.125710191716926	0.0756340836451297	21.2413645327933	2.76252284664912	26.7890900658268	4.04930573205675e-06	0.096495955892473	1.52343175729985e-06
17	snp2269	0.0691044178083883	0.0751265706994027	0.0684950043978425	0.0745191186227059	0.846105454583739	0.844855384967681	2.87891346569446	0.357656425584296	0.358011810345218	0.23705650872066
17	snp2270	-0.181128067957683	0.06714087924277	0.0484177612092684	0.0676651338971698	7.27775549414577	0.512011266336219	7.48648994745283	0.00698137147173672	0.474269488097378	0.0236771466192076
17	snp2271	-0.00309034738064821	0.0701470700294971	0.0457806147302064	0.0708908055685124	0.0019408658988245	0.417045478417428	0.0687656343444992	0.964860355796394	0.518414986803905	0.966201555283325
17	snp2272	-0.0421342790864398	0.0675963259247357	-0.00279186924860247	0.0681852694237862	0.388530352907969	0.00167652111878991	0.136386525531109	0.533072923873181	0.967339469197381	0.934079933260764
17	snp2273	-0.000958986743018238	0.0629069386857883	0.0508042978681146	0.0651237865109399	0.000232395708983375	0.608585526200818	2.03458625080935	0.987837095611252	0.435320882094556	0.361572347718861
17	snp2274	-0.00716800235445909	0.0606285068452409	-0.0313660825807277	0.0624056868786689	0.0139779194492	0.252622615761446	1.06539598373687	0.905886805489038	0.615234437191222	0.58701905860604
17	snp2275	0.00348971992501798	0.0782641947497892	-0.12106093220152	0.0792157199679257	0.00198817635190922	2.33552908515228	0.845585716921774	0.964434933631906	0.126452019871188	0.655214341163011
17	snp2276	-0.077880359623682	0.0775026388903208	-0.11472906637928	0.0776416077701309	1.00977105239517	2.1835235433235	2.05924738166871	0.314957694014649	0.139494776543772	0.357141330841406
17	snp2277	0.130148154175884	0.0699592200842199	0.0574435864625551	0.0717013251852596	3.46087654602382	0.641842882097407	3.4311965734066	0.0628369957303675	0.423044249719342	0.179856083014246
17	snp2278	0.0473093582228395	0.0662595412022474	0.0435098315373105	0.0665273034272719	0.509796987159938	0.427735171672838	1.05369188511954	0.47522675199187	0.513102362657024	0.59046439438702
17	snp2279	0.0150635600717547	0.0690361563640033	0.0926274273823512	0.0703420150238697	0.0476104229919942	1.73400200139136	1.13803298854645	0.827274743711092	0.187900610886102	0.56608190980854
17	snp2280	0.127933651359894	0.07023827911378	-0.0503660390228134	0.0697250737801303	3.31758352395311	0.5217922570756	7.24224374852533	0.0685425074035941	0.470078155906259	0.0267526465452579
17	snp2281	-0.0747964803630062	0.0767768148363182	-0.0621633784371418	0.077705331232814	0.949078515280804	0.639981745545153	1.08023124723189	0.329953964266537	0.423717407445808	0.582680876809041
17	snp2282	-0.123534095140775	0.0832317041846373	0.0401695672387564	0.0832725718557618	2.20290669574868	0.232696767303896	8.54990578379085	0.137750772213876	0.62953138596108	0.0139127041046204
17	snp2283	-0.0155387993778022	0.0665183351011139	-0.125381833059121	0.0670279243082893	0.0545697768381526	3.49911075064171	5.87819191353235	0.815294170302445	0.0614017907484117	0.0529135432526548
17	snp2284	0.0679863116143996	0.0779375255694489	-0.000781694487285872	0.0789782489286935	0.760938809184014	9.79623280288826e-05	0.457128787945488	0.383034884332427	0.992102993063738	0.795675058876728
17	snp2285	-0.0226191769859003	0.0728820163565949	-0.0351935590715974	0.0727680555230002	0.0963191938069853	0.233907871566685	0.351223023372254	0.7562922749733	0.628641218849589	0.838943839915042
17	snp2286	0.0836028216208716	0.075073656593167	-0.0713908703695492	0.0758353941463415	1.24012862355276	0.886219816355183	2.98375926521785	0.2654462663697	0.346503761799056	0.224949435620511
17	snp2287	0.0230600435161833	0.0750134160172707	0.0194555606916777	0.0757940808450506	0.0945022956967407	0.0658896076252356	1.75715791300053	0.758529599923438	0.797418315080936	0.415372755239446
17	snp2288	-0.0521259729247308	0.0786700037098049	-0.0218622437949502	0.0799219697631774	0.439025763579151	0.0748267888248531	0.282475591504847	0.507593052955153	0.784434415684995	0.868282813181529
17	snp2289	0.106221172397267	0.0671662779866771	-0.0971441389168768	0.0690429753420789	2.50103411650495	1.97967641383453	4.89145380127212	0.113771569852394	0.1594245000519	0.0866631165259316
17	snp2290	-0.0630094500441761	0.0855827342921044	-0.0682335218580373	0.0867180044243486	0.542049642976878	0.619123124374681	1.13164860207913	0.461584527118337	0.431373325138125	0.567891839937136
17	snp2291	-0.0156975289573006	0.0756886922935072	-0.00799252394177439	0.0760775135251827	0.0430130839938451	0.0110371074841611	0.0670686384875454	0.835700637900485	0.91633007251528	0.96702172320766
17	snp2292	0.0466244837277679	0.0698028126520509	0.055109942828651	0.0713160533191104	0.446151365691021	0.59715258818044	1.21372177004112	0.504168298498909	0.439666509626646	0.545059189831521
17	snp2293	0.058682594954217	0.078345856311446	0.0264431170828667	0.0811028783211142	0.561030609720031	0.106304772135886	0.851256796276968	0.453845292080352	0.744390969887977	0.653359086468526
17	snp2294	0.0289278429191173	0.0812870469065953	-0.0170834203789291	0.0818131950547642	0.126645396655163	0.0436016524421143	6.0335667031328	0.721935882408887	0.834596496608527	0.0489584474644192
17	snp2295	-0.00478570156686939	0.0733398901372827	0.0501828378217445	0.0742174821863083	0.00425804959498822	0.457191344657571	0.243570741121099	0.947971979964825	0.498939535581089	0.88533836778978
17	snp2296	-0.0459381584899778	0.0682883771835742	0.0319364425821365	0.0708671675005867	0.452536464081233	0.203087375352743	0.0968505290546164	0.501132882759427	0.652240262245533	0.952728539262949
17	snp2297	-0.0692902563205201	0.0690250334403595	-0.00809864581607605	0.0688829783234598	1.00769959579042	0.0138229576950387	0.706581734585242	0.315454576070864	0.906407524698075	0.702372866368609
17	snp2298	0.0124133887539188	0.0739170103071369	-0.076388241667951	0.0736092015474906	0.0282027805056312	1.07693331729385	1.08113604193246	0.866632971597182	0.299384608172051	0.582417333142035
17	snp2299	0.0158725722738168	0.0698404006384779	-0.0923662629067481	0.0718342785977575	0.0516512911757536	1.65334419894758	2.26746986485258	0.820214418069398	0.19850437824405	0.321828999347391
17	snp2300	0.0103747791040782	0.0867337017918633	-0.0640609487497405	0.0896692761365476	0.0143080995248362	0.510386765981667	1.53175418611876	0.904786973456758	0.474971475973183	0.464925968749734
17	snp2301	0.129102121210319	0.0709577813149874	-0.0169812775197333	0.0711973206429099	3.31029501996959	0.0568870507402647	5.76734520310497	0.0688471312305882	0.811485510432975	0.0559289803268779
17	snp2302	0.0410520253622336	0.0723079500311423	0.0216897542586185	0.071819074894657	0.322327291337121	0.091207310554736	0.433624396306013	0.570212373466081	0.762647884696104	0.805081150835578
17	snp2303	-0.0376986748569096	0.0702635104924868	0.0276883768628354	0.0728709230575453	0.287867397132976	0.144373157025209	0.397290158795841	0.591590404527163	0.703971634636255	0.819840820099399
17	snp2304	0.0560431771575054	0.0724751785692346	-0.101787466583444	0.0734818043331708	0.597952805500188	1.91879680594994	2.99452873070058	0.439360191268987	0.165989360405618	0.22374139842704
17	snp2305	-0.02206565656086	0.0730648376605474	-0.0613777205901318	0.0729638956739687	0.0912046248539512	0.707628774176444	2.78484539249641	0.762651274315529	0.400232127058593	0.248472601204078
17	snp2306	0.110007750718335	0.0723640364898535	0.0772669960715042	0.0736359932092489	2.31100562186873	1.10105181915664	5.76059062798149	0.128460917253071	0.294035389816678	0.0561181879008269
17	snp2307	0.00704707626818484	0.0709669154695332	0.0496409638357654	0.0713518583155842	0.009860662281386	0.484027273339245	1.05791564290255	0.920899389676924	0.486603768054483	0.589218720915061
17	snp2308	0.0879195142036034	0.0721455068438863	0.166128899314209	0.0765852744233757	1.48508729217637	4.70543555303832	2.92517336501439	0.222980261417287	0.0300673822279386	0.231636329488825
17	snp2309	0.0414742245978747	0.0677615154200761	-0.00943641643303678	0.0691433488647449	0.374619457319309	0.018625733131044	0.39864875067324	0.540496972723658	0.891444896168926	0.819284094671995
17	snp2310	-0.0415466837149324	0.0742011689631255	-0.0637366962658444	0.073874305489534	0.313509881036	0.744375850293679	0.969457599966626	0.575534326258835	0.388262732802902	0.615864196498464
17	snp2311	0.0648919186716105	0.0706960800554479	-0.0460347161189389	0.0698811269447921	0.842540066936076	0.433961436936071	5.31921589136956	0.35867131950411	0.510051506060195	0.0699756506232863
17	snp2312	0.0358623901310285	0.0715296529113314	-0.0465905998747717	0.0722707230623113	0.251365821648222	0.415596426668602	0.856374081800191	0.616114998232718	0.519142560685277	0.651689510805887
17	snp2313	-0.0670173771627854	0.0585272418556161	-0.0893900097038404	0.0614847669093659	1.31116919656622	2.11369785628939	3.2763324105376	0.25218307504254	0.14598617779222	0.194336088228209
17	snp2314	0.0777323788182002	0.0683334476806469	0.0297226093323726	0.0705053686480418	1.29400886262357	0.17771721183821	1.11725415884925	0.255310480660545	0.673342416849207	0.571993827110962
17	snp2315	0.14038740711897	0.0763617571706098	0.113658237667748	0.0791502164056256	3.37990488597974	2.06204254860904	3.87184066597542	0.065995863541829	0.151007637225178	0.144291411550561
17	snp2316	-0.0329706512428439	0.0679689983806018	-0.0527628991985641	0.0689540478162629	0.235306167787885	0.585514656353458	0.594244252342035	0.627616994614362	0.444158833568381	0.742953272782764
17	snp2317	-0.0440460642856216	0.0687805648726636	-0.115350147043318	0.0694197701885023	0.410093362537966	2.76102260122697	3.71784977570374	0.521922122027541	0.0965864805941826	0.155840085904649
17	snp2318	0.0510790279369235	0.0698341270348874	-0.0536262809294047	0.0720083977298264	0.534995132092571	0.554611745784111	1.88108073473531	0.464514339648328	0.456439435952574	0.390416809844182
17	snp2319	0.0687479166879715	0.0689012298839048	-0.113298252112405	0.0702688234721288	0.9955547200999	2.59968695920803	11.6186863820178	0.318388531521461	0.106884825009289	0.00299939945803185
17	snp2320	0.140135270960827	0.0667841898930834	0.0544690799396806	0.0672525248955898	4.40298890090904	0.655968358524878	4.31019310728292	0.035876001811334	0.417986882914009	0.115892000278011
17	snp2321	0.0963007654008789	0.0712559305212547	-0.0178255820092132	0.0723978746967525	1.82649061971561	0.0606227736452582	2.98722815523974	0.176542618982527	0.805514315327945	0.224559611356284
17	snp2322	-0.0666008884685898	0.0822278956981534	-0.0103077957407353	0.0840083388729254	0.656026968228638	0.0150552098470651	0.842635957156232	0.417966086887452	0.902344922519022	0.656181416598444
17	snp2323	0.0284642614283433	0.0762420642025226	-0.0293179499626609	0.0762189031252347	0.139383237236851	0.147959143825266	0.155069000446095	0.708894929316356	0.700493352590291	0.925395097508627
17	snp2324	0.010313299508524	0.0614959019921481	0.0858756544393715	0.0629843561238708	0.02812567206421	1.85898006017079	1.62145028198943	0.866813708733924	0.172742562100726	0.444535598333767
17	snp2325	-0.0191200984438468	0.0751081254421723	0.0798967566969601	0.0758231958950977	0.0648046847262199	1.11033525280364	0.909383468281544	0.799057053310921	0.292009083635211	0.634643576744411
17	snp2326	0.0422861763906763	0.0746853471274854	0.0238355656979508	0.0749996800817026	0.320572324521928	0.101002495824527	0.5939116286804	0.571263901742127	0.750629900540292	0.743076844977247
17	snp2327	-0.0668841742299825	0.0717689115471653	0.0370980224685078	0.0723246988273942	0.868508392746969	0.263104485486927	0.605046613442	0.35136857977877	0.607995309007473	0.738951265527264
17	snp2328	-0.0268916851523361	0.0745541305496683	0.0337043467716845	0.0760397862299914	0.13010458930745	0.196467199368773	1.14884842978568	0.718323621792938	0.657587660693384	0.563028959184393
18	snp2329	-0.0259365121080946	0.0683017049699972	0.144687034695467	0.0662595492487937	0.144198271833856	4.76828579659706	6.25733210784346	0.704142526038137	0.0289886757088131	0.0437761533502372
18	snp2330	0.0242489816358577	0.0763753339595184	0.0146953868316575	0.0774978872069883	0.100804696112373	0.0359569064298258	0.0977956041278335	0.750866095985037	0.849604512591624	0.952278445617396
18	snp2331	0.0150513038807885	0.0722594333653711	0.140618033970118	0.0745520165936895	0.0433869523539567	3.55765026461816	5.57527156999484	0.834998363082653	0.0592715857223852	0.0615665986630967
18	snp2332	-0.0273420544268095	0.0778524516274862	0.0818279747041519	0.0752179835563775	0.123343906817913	1.18347811445535	2.0845577810537	0.725435675573774	0.276649056411418	0.352650114541125
18	snp2333	-0.00362429446994635	0.0677599968381822	0.062270690464903	0.0686675530085626	0.00286088366929256	0.822364244925411	1.01916910090499	0.957343705841911	0.36448982183058	0.600745106258205
18	snp2334	-0.0274393130789014	0.0691086936081659	0.0238170553723371	0.0719415639313361	0.157645327520983	0.109601471090607	0.301141504640832	0.691333723953703	0.740598312177448	0.86021686551499
18	snp2335	-0.046105062800351	0.0684342683221792	-0.0460774248809754	0.0680707613395381	0.453889336047192	0.45820010409819	0.782200726378634	0.50049373412294	0.498466360378039	0.676312275776035
18	snp2336	0.0751966932245597	0.0615350879894918	-0.165757041018138	0.0632296697172293	1.49331639753288	6.87230054699121	11.1053035208203	0.221702614162948	0.00875418863438882	0.00387716229416391
18	snp2337	-0.0547449003799456	0.0788381570473095	-0.0853232973785411	0.076825441071338	0.48218579563683	1.23346018895773	1.64303294384142	0.487433905681941	0.266735167586286	0.439764258440546
18	snp2338	-0.140720595121807	0.0725265057440265	-0.0110101599951999	0.0755663685000413	3.76462583330708	0.0212290302771488	9.19722172033795	0.0523475688989146	0.8841567576609	0.0100658088530952
18	snp2339	-0.0796411479789879	0.0766788924077269	-0.0606458923201985	0.077693853628538	1.0787563393102	0.609297582279458	1.04665260793834	0.2989759380294	0.435052405451834	0.592546277244331
18	snp2340	0.0102702928957711	0.0659579179374278	0.141624696556029	0.0650855919896641	0.0242455356087824	4.73487225069588	5.08313268222543	0.87626178782654	0.0295570431957121	0.0787429648021563
18	snp2341	-0.134650047451265	0.0717261165462231	-0.0235821172770372	0.0708732564189709	3.52418246923239	0.110713559583397	2.29335440485421	0.060479645037704	0.739333216310688	0.317690639196224
18	snp2342	0.102983967594456	0.0662475001148251	-0.0195121162032306	0.0663592404032454	2.41657484258739	0.0864581493592959	2.08966740087835	0.120057178511006	0.768729121148223	0.351750310436559
18	snp2343	-0.0537107745305249	0.0677449869032144	-0.0375934234839707	0.0714215435267958	0.628591499815163	0.277054552351017	1.55649942948219	0.427872432123296	0.598638298335705	0.459209055162306
18	snp2344	-0.0799615706338701	0.0661491241423994	-0.126410824160023	0.0682737280914589	1.46121605639364	3.42816162625221	2.99822050178701	0.226736732554444	0.0640934095046921	0.223328778356137
18	snp2345	-0.0148592416417402	0.068539488581322	0.0247313500697418	0.0710514852510555	0.0470014841220771	0.121157227941798	1.0884747257434	0.828365570578808	0.727782756034861	0.580284160877687
18	snp2346	-0.0612709280835708	0.0759368006044757	-0.130838222262097	0.0776896968293987	0.651034984511737	2.83623633081503	1.78910919978809	0.41974288849495	0.0921598477030877	0.408789633044639
18	snp2347	0.0386308286322884	0.07569911524593	-0.0232322048401799	0.0771028666738219	0.260427259327688	0.0907903741351661	0.341419931061645	0.609826773807131	0.763174753057854	0.843066056231793
18	snp2348	0.056130536750587	0.0682901718792749	-0.0291649725022892	0.0695112890148073	0.675588080755392	0.176040445256562	2.69560176604803	0.411110105225574	0.674798336391824	0.259810987621619
18	snp2349	0.0727772474961076	0.0778405897503246	0.0781268239204904	0.0780853864058061	0.874136021293506	1.00106162014174	2.7573578058592	0.349812822206792	0.317053763150738	0.251911132385595
18	snp2350	0.0174602869298753	0.0703456692277347	0.0879192744392196	0.0712381354364968	0.0616067106704467	1.52315150186922	5.69010293502055	0.8039742570866	0.217143199333295	0.0581312747908455
18	snp2351	0.00922023719477071	0.0735765333031121	0.110608812916394	0.0761713995532435	0.0157038285274409	2.1086067489288	0.853269768733579	0.900274242886365	0.146472620781001	0.652701820365983
18	snp2352	0.0180580268119734	0.0655419677184638	0.00844512129514147	0.0650710894152552	0.075910462163083	0.0168436274781686	0.288331999715706	0.782917889128556	0.896738111997561	0.865744022745631
18	snp2353	0.119635146916189	0.0797696245132009	0.0545977613233984	0.0820967634144656	2.24927459986773	0.442280304252561	1.54855500487344	0.133677053668977	0.506023898109832	0.461036758631411
18	snp2354	-0.0058989639189365	0.0674894409673911	0.067994580912866	0.0688253198341685	0.00763976180232049	0.976005187932915	0.76872928290121	0.930349014178558	0.323187054965404	0.680883103705155
18	snp2355	0.156051512344188	0.0739126766697876	0.0344437635618156	0.0736666309932466	4.45756929950892	0.218614810831973	9.25732893756176	0.0347469081672513	0.640097395870959	0.00976779559104013
18	snp2356	-0.0315103285271298	0.0712288704772983	-0.0444233184267231	0.0717909836713374	0.195701316542739	0.382897196457822	0.87817516850573	0.658213225220044	0.536056769875821	0.644624318217982
18	snp2357	-0.00983680614655499	0.083507228630936	0.0169584953775619	0.0895319166615185	0.0138758655747401	0.0358772272235922	0.128777303068997	0.906229406784293	0.849769254999713	0.937640513281952
18	snp2358	0.103775449251176	0.0786566031908845	-0.00604102532918455	0.079206426987337	1.74067972025085	0.00581701880867145	1.57229443509657	0.187052724739488	0.939204783567679	0.455596733296303
18	snp2359	-0.012327348819411	0.0659307693608322	-0.0117384386711252	0.0666313089220587	0.0349593285672285	0.0310358740732955	0.307725243859013	0.851680909629425	0.860160377148498	0.857389799477496
18	snp2360	-0.046609995618175	0.0659863600123644	-0.0238912153961532	0.0673322720306513	0.498941674102302	0.125901222999476	0.185525913300168	0.479965510843604	0.722720231121495	0.911409518257672
18	snp2361	0.104630051631232	0.0654064068067504	-0.151517191549713	0.0644481772020313	2.5590118492102	5.52716648718112	9.85358670892873	0.109667111008023	0.018723403194236	0.0072497133091397
18	snp2362	-0.0761362903385751	0.068282822469441	-0.117896109607018	0.0713132885556605	1.24325580626775	2.73311572215607	3.56493295827954	0.264844501948813	0.0982873678971762	0.168222717331431
18	snp2363	-0.0751885373310339	0.0689700519072753	0.0371105403028882	0.0719980128018238	1.18845342661672	0.265676741060846	3.95093357144838	0.275641740560994	0.606246706827573	0.138696555558254
18	snp2364	-0.0742521215206768	0.0751253162461307	-0.0237467484334956	0.0734765752430229	0.976888747465723	0.104450492438846	0.64992797414629	0.322968133266841	0.746552857644274	0.722553374435349
18	snp2365	-0.0662768631201517	0.0667514661494927	-0.0390158521787423	0.0670117250686635	0.985830548975829	0.338985091353416	2.6021352201739	0.320763564357418	0.560415633014897	0.272240990602181
18	snp2366	-0.0403711251418968	0.070930060121391	-0.0533577297179515	0.0717523295639145	0.323952287375701	0.552996871150972	0.441898128371893	0.569242089914886	0.457095753182246	0.801757517421973
18	snp2367	0.0406643602185862	0.0774307374844737	0.0741358643735846	0.0820970637336443	0.275804340269533	0.815457745160218	1.98919471209749	0.599464480945936	0.366511570477395	0.369872341426845
18	snp2368	0.0344084990060748	0.0683159812837743	0.0444947694908387	0.0698857150514764	0.253680353416421	0.40536019126864	0.523316644700088	0.614495466987535	0.524333933469734	0.769773993348638
18	snp2369	0.0467985815882018	0.0675447571218236	-0.0762031497427512	0.0685235109393982	0.48004515614902	1.23670646644815	3.24361136163413	0.488401863456148	0.266106743448051	0.197541679627553
18	snp2370	0.0377477239774635	0.0710941695255917	0.0287935329664881	0.0698329004065675	0.28191200509876	0.170008154031961	0.454459426841973	0.595450750704725	0.680104561035888	0.796737739915435
18	snp2371	-0.006366865963053	0.070965774831503	0.0668827288893874	0.0733815566527685	0.00804921478613911	0.830718970910439	0.908901768350601	0.928511775556322	0.362064713447188	0.634796449036861
18	snp2372	0.104478382976237	0.0700343503538282	-0.046728018071537	0.0714835859574973	2.22551576893128	0.427309020676422	6.378802665221	0.135747318759957	0.513312333535702	0.0411965265750899
18	snp2373	0.0982067362911621	0.0714571754734757	0.0551498807222475	0.0724407390937957	1.8888212734801	0.579593371005495	2.82742456507558	0.169334930238298	0.446471750659402	0.243238634501281
18	snp2374	-0.0107037099153643	0.0767960979149435	0.0624402852597566	0.0777722422911519	0.0194263117499169	0.644585476483759	0.0160689862857373	0.889151215556384	0.422055191068312	0.991997697128633
18	snp2375	-0.0266117554726854	0.0726767021057518	0.057123090257417	0.0738814313189256	0.134077722641634	0.597795700125802	0.290522378007513	0.714241024553264	0.439420304412498	0.864796388302986
18	snp2376	-0.00183477463832809	0.0728452722844997	0.10908437978471	0.0738719300994965	0.000634399328711043	2.18055096122077	2.06566669649059	0.979905578792159	0.139764419808627	0.355996867172778
18	snp2377	0.09962127679628	0.0829555102402257	-0.00723483116107634	0.0800228850777956	1.44216094170061	0.00817388250913466	2.99085066222308	0.229789972999461	0.927961786526013	0.22415324510337
18	snp2378	-0.0308004417416448	0.0684299303023691	0.0880821385103659	0.0699689513548576	0.202591721642303	1.58476536147844	0.968380290800719	0.652636965857445	0.208075614775286	0.616196023932545
18	snp2379	-0.049885911662009	0.0697994571483437	0.0714069454827223	0.071715728630195	0.510800997480938	0.991407229722449	2.00634922375649	0.47479231585371	0.319398678324908	0.366713418541663
18	snp2380	0.110243964486392	0.083815347966297	0.0227247586790829	0.0847798250308511	1.73006547832085	0.0718478088862196	2.6720265389795	0.188402535584001	0.788665130284592	0.262891660354474
18	snp2381	0.00419249314373277	0.0749798503555786	0.101678327489198	0.0759940001135393	0.00312647948593064	1.7901860864564	0.896966561892071	0.95540957638331	0.180903491794767	0.638595988171213
18	snp2382	0.0936301842088685	0.077545586942561	-0.0635440923689499	0.0779273630445048	1.4578659096149	0.664921537715524	2.09949015522112	0.227269982289187	0.414827813360887	0.350026967449706
18	snp2383	-0.044561993907852	0.0677442040445634	-0.00662264769442022	0.0684831965941031	0.432698052972586	0.00935180101501987	0.248991363855754	0.510668015843209	0.922960899002248	0.882942073965713
18	snp2384	-0.0727354083383606	0.0760997823095381	0.0388119545331997	0.0789042885186031	0.913534458908336	0.241952331610155	0.390157482689998	0.339178358777831	0.622799580398246	0.822769869499134
18	snp2385	-0.0659335986794755	0.0771676476288162	0.0331198826946828	0.0798794360611007	0.73003391711876	0.171912556819676	5.66889843520732	0.392872194854782	0.678417621598642	0.0587508758723385
18	snp2386	0.022280568827109	0.0736167357137267	-0.0186539470259116	0.0744125368780587	0.0916008357480936	0.0628418926693143	0.189972306666601	0.762151804422927	0.802059318963568	0.909385526339338
18	snp2387	0.134188430770109	0.0611509489782937	-0.116466856090855	0.0595242178545351	4.81530439906189	3.82840001745129	14.3329207334122	0.0282080891652032	0.050391013493892	0.000772050676695391
18	snp2388	0.0447219422981539	0.0643465611164205	-0.0295514186058145	0.0623037372630406	0.48304838036555	0.224972000892144	1.61575606490514	0.487044760574121	0.635277339664338	0.445803042852968
18	snp2389	0.0405728722303949	0.0769700977532787	0.018504482937985	0.0791394998553316	0.277860895090612	0.0546722951546269	0.316832424275629	0.598106701611867	0.815123887492827	0.853494473272382
18	snp2390	0.0609800845251882	0.0718993059792977	0.000737295509986532	0.0734237497899947	0.719327472935433	0.000100834710900534	0.528128353622267	0.39636459884345	0.991988058093632	0.767924255145374
18	snp2391	-0.155691869682594	0.0674294238164798	-0.155523954839951	0.0679960757950839	5.3312981490073	5.23150788531921	16.5616516122011	0.0209457785491534	0.0221812947404767	0.000253327913894985
18	snp2392	-0.0878977290233067	0.0684306761319335	-0.071266075794999	0.0673709225367429	1.64988489650721	1.11897582038253	1.90250828320479	0.198974598015806	0.290139093208569	0.386256299467427
18	snp2393	-0.135103837828173	0.0642726243426973	-0.0442347495597973	0.0652610079626785	4.41858593402846	0.459430254613613	5.94834764151414	0.0355494850743421	0.497890364846995	0.0510896257611103
18	snp2394	-0.05205591920468	0.0704300299434782	-0.0459152211217474	0.0704492251699084	0.54629156299427	0.424776926755095	1.29193212698015	0.45983693103309	0.514563023776651	0.524155929529413
18	snp2395	-0.00276903794731208	0.0715547711256206	0.0357691747999353	0.0753755569766016	0.00149754755010095	0.22519397837763	0.334628026355258	0.969131040803486	0.635110549083518	0.845933935223407
18	snp2396	-0.119647844420807	0.0750925021899807	-0.112303093650715	0.0752247476455028	2.53873053003274	2.22875310470156	5.86652493437351	0.11108406632531	0.135463128875381	0.0532231159224155
18	snp2397	0.0363095558872745	0.0626872012271595	-0.146308261655419	0.0631107718638675	0.335493501999761	5.37440904152289	4.89381570527901	0.562442080684873	0.0204342622963438	0.0865608319533187
18	snp2398	0.00606536844891332	0.0741799404000762	-0.18445712512225	0.0724115031283774	0.00668561579949775	6.48896969299763	15.7449359744661	0.934833099724763	0.010854586977271	0.000381092668793159
18	snp2399	0.114957799490391	0.0632374645102208	0.193974263382018	0.0657317491805076	3.30466915306306	8.70838946661389	9.42225188241631	0.0690832553920178	0.00316748921029864	0.00899464443801923
18	snp2400	0.0283229013996269	0.0720252717903078	0.108142903465958	0.0735421246478539	0.154634241824555	2.16233862433313	5.48459671293867	0.694145473825344	0.141429295976409	0.064422111632648
18	snp2401	-0.11435690671362	0.0682025876791036	-0.140582751763904	0.068482262607551	2.81140293407906	4.21412951107283	8.41072552745118	0.0935964907964755	0.0400886306709883	0.0149153743307752
18	snp2402	0.0248746208137341	0.0776487973038029	0.0687478026488574	0.0772207217866191	0.102622708218874	0.792592447729709	1.50468792317642	0.748704697210664	0.373317375655862	0.471260640300314
18	snp2403	0.0790396015634457	0.0729709369250188	0.014735486475857	0.0743842408453396	1.17324750584057	0.0392434414963894	2.0154378629702	0.278734968925938	0.842967157579796	0.365050736304746
18	snp2404	0.0409956754639433	0.0651326655551173	0.0801780807184853	0.0661057378746081	0.396167083964573	1.47106884411027	1.20022369080487	0.529075402892054	0.225177129882044	0.548750257468249
18	snp2405	-0.0390849018086199	0.059399859180947	0.0850614665021232	0.0623503130617957	0.432959446454118	1.86118033401777	11.5769288388307	0.510540354559602	0.17248863459332	0.00306268156170053
18	snp2406	-0.13872954814958	0.0731611398435657	-0.00213299953530052	0.0735692002477157	3.59564674045197	0.000840600127887693	3.41514674637096	0.0579310832672454	0.97687008982989	0.181305219346027
18	snp2407	-0.0937347632974227	0.0737754414265442	-0.0747903461104078	0.0740143129777531	1.61427581634081	1.02107974575702	2.2668617851935	0.203891794164637	0.312263027283736	0.321926863057973
18	snp2408	0.0355989003019053	0.0739563988679785	0.214858301177055	0.0751314464395224	0.231697662477905	8.17825739679141	5.19170092975389	0.630267884567743	0.00423954681519789	0.0745824193663012
18	snp2409	-0.0559863760657666	0.0750832265444476	-0.0540420564234308	0.0751490615030818	0.556005207981584	0.517150097088905	0.778495930144458	0.455874297929623	0.472059907725749	0.677566236420847
18	snp2410	0.0705208875124426	0.0770244235136827	0.163202105511976	0.0780164964270593	0.838259773176213	4.37601325339762	3.41268343767476	0.359894951286815	0.0364481540747796	0.181528662281753
18	snp2411	-0.00385209218642436	0.0721463270187685	-0.00470618210528028	0.0759338516831572	0.00285078780178401	0.00384119714106672	0.606614334499921	0.957418966347168	0.950580835811914	0.738372257757707
18	snp2412	-0.0339427873624106	0.059394770158856	0.0557996248424083	0.0614367889743335	0.326586775452495	0.824908046908936	1.72269477799821	0.567675864219697	0.363749065141679	0.422592302327043
18	snp2413	0.0698748665622014	0.0816038288130588	0.155811321957402	0.0844609845497168	0.733197390867598	3.40318646515309	2.76608664596022	0.391848748913107	0.0650706043309045	0.250814082123943
18	snp2414	-0.0123198854617939	0.0778177774485706	0.0168613541723226	0.0794208821014508	0.0250643066250545	0.0450728986979168	0.0908648869783244	0.874206928064674	0.831870039845587	0.95558415632283
18	snp2415	0.0877491701443012	0.0670253855412969	0.0806583544533382	0.0677063888366526	1.71398648983085	1.41918630944787	1.81405435738632	0.190468959691969	0.23353737896903	0.403722637074676
18	snp2416	-0.100537721999369	0.068561979586342	-0.106444139507256	0.0697725433931089	2.15026202197631	2.32741807130216	2.52344886956831	0.14254556080223	0.12711255758972	0.283165305134977
18	snp2417	-0.0605434101919957	0.0670497635305244	0.0930597943907488	0.0670139021268641	0.815340955622895	1.92838774665707	0.187292714384015	0.366545892044118	0.1649349414851	0.910604734121037
18	snp2418	0.0195758211458277	0.0735666321914069	-0.0138701436665066	0.0721624959662785	0.0708073314181221	0.0369435670960143	0.80717451060336	0.790164913455343	0.84757998907087	0.667919744717493
18	snp2419	-0.0445054012277183	0.0803936001261764	-0.0055730136190565	0.0825082848894963	0.306466131731792	0.00456231313456121	1.01298619153094	0.579856847645845	0.946147920833271	0.602605156181291
18	snp2420	0.0899628672216608	0.0720386953296657	-0.129357598083364	0.0723513793412409	1.55953418601966	3.1966144307098	9.09565185573817	0.211733437422217	0.0737908784347102	0.0105902032399324
18	snp2421	0.0917115606076263	0.0661966312447674	-0.00780424277462404	0.0679857199281473	1.91944817172749	0.0131772911073603	0.608172556763884	0.16591750631329	0.90860968693252	0.737797207755159
18	snp2422	-0.0997148113421042	0.0695382699592563	-0.108966434318549	0.0697953889521767	2.05622947605594	2.4374292360124	2.30812382372438	0.151584852742719	0.118470239078032	0.315353227311659
18	snp2423	-0.00313100330338211	0.0754634181702783	-0.00867857813988465	0.0775809532398131	0.00172144878168009	0.0125137344073525	0.273292149639781	0.966904989288019	0.910930603617076	0.872278892970704
18	snp2424	0.00229415110638227	0.0693460253791639	0.0378658971361291	0.0701651997431022	0.00109446251328946	0.291241305963444	0.121481787889726	0.973608669042755	0.589426168202271	0.941067044358507
18	snp2425	-0.0725568853999401	0.065934966303829	-0.146589802265537	0.0677806413422297	1.21094853580928	4.67731016819859	4.2545334926602	0.271144348139271	0.030563569343561	0.119162550624095
18	snp2426	-0.131715195849396	0.0691477093210244	-0.193629623732043	0.0682721087273033	3.62840844103228	8.04372044885298	7.74566645694709	0.0568011109387719	0.00456616598530779	0.0207993565370207
18	snp2427	0.094512994740408	0.0738464275659115	0.170078248880061	0.0755094378882587	1.63803835977484	5.07335294903428	4.15831166100202	0.200594825568374	0.024296344362396	0.125035718999769
18	snp2428	-0.0804643726517209	0.0717458005649819	-0.0248419943436033	0.0744260165919084	1.25780781077233	0.111409792731704	1.02887276628907	0.262066450331628	0.738544780232352	0.59783745094455
18	snp2429	0.053686543588294	0.0725848971595869	0.027262245640438	0.074097932128032	0.547064277764427	0.135366461596836	1.10999048106021	0.459519715861528	0.712931533778307	0.574074993482583
18	snp2430	0.0457165902889631	0.0729009693758434	-0.0197345851910683	0.0753183683238	0.393261160827637	0.0686521588058017	0.936340047545975	0.53059015909898	0.793309438472609	0.626147054721998
18	snp2431	0.0520944702174128	0.0647414419062242	0.0416797879033573	0.0656988406631306	0.647468308832595	0.402471922890761	1.8490524756439	0.4210192820333	0.52581540637583	0.396719325171646
18	snp2432	-0.0623739315551965	0.0732704547379062	-0.0378505894828495	0.074750170566064	0.724683653124645	0.256401711129648	1.45247507053489	0.394611870163869	0.612603075202478	0.483725570937423
18	snp2433	0.00874119269116353	0.067252288994805	-0.000278677958662931	0.0674185120642483	0.0168937960472418	1.70862562179544e-05	0.171292368560799	0.896585306862749	0.996701911676029	0.917918947924921
18	snp2434	-0.00242811524352685	0.0712948490143877	-0.0146551404026771	0.0731078746202272	0.00115990463432254	0.0401838598398986	0.0585808876418502	0.972831400417349	0.841121524530662	0.971134363526176
18	snp2435	0.182623879590878	0.0677314476362053	0.0148301104079713	0.0695463292417944	7.27000003811394	0.0454716113325443	6.6243242449906	0.00701158018875481	0.831139196427463	0.0364373066039684
18	snp2436	0.149123203811307	0.0682435396411163	0.0100642614895151	0.0733320364795578	4.77493387830631	0.0188354644031374	4.49970781880682	0.0288769553425694	0.890839232041755	0.105414623522255
18	snp2437	0.0354472714288741	0.0770241744220595	-0.0710077112807971	0.0776712942075084	0.211792958717224	0.835776096500267	1.52402703291129	0.645365716391353	0.360607610364992	0.466725720345367
18	snp2438	0.0571902742848783	0.0741573057005778	0.0400159124663723	0.0751528554558314	0.59475277052401	0.283513978224939	0.506610590617456	0.440587114512117	0.594407226343048	0.776230866003789
18	snp2439	-0.0999847991785765	0.0672441603805186	-0.0872045583964981	0.0659782149595415	2.21084760129043	1.74693703224314	2.32705800142387	0.137043356907206	0.186262253864152	0.312381837687161
18	snp2440	0.0659001029433673	0.0718203741318401	-0.0877879051840889	0.0742700212933868	0.841931696209009	1.39714755463921	1.64471641885759	0.358844888567441	0.237201747346413	0.439394248117132
18	snp2441	-0.0339309575808694	0.076346610322666	0.121267516819534	0.0765112128757116	0.197520744058838	2.51211083220846	4.15959663363158	0.656729516423396	0.112974517389987	0.124955411062591
18	snp2442	-0.101445346962004	0.0601923091825724	0.025556366283257	0.0610652058986187	2.84041798838557	0.175150167257429	2.15057429602604	0.0919202996981183	0.67557467218964	0.341199766398043
18	snp2443	-0.0641479926243932	0.0749861896303699	-0.0561680926958738	0.0816658821634853	0.731818812694745	0.473040187429609	0.424213597051672	0.392294275078031	0.491591854974003	0.808878305942677
18	snp2444	-0.137986309586811	0.0703571789088782	-0.13898527537422	0.0695758930145226	3.84640636515722	3.99043283394195	4.72788790704802	0.0498526966160303	0.0457593079934632	0.0940485676022357
18	snp2445	0.128501441768845	0.0739664684797704	-0.0944736394381578	0.0761764175846508	3.01818761818333	1.53808452472198	3.21048553872479	0.0823354334806102	0.214903145137522	0.200840791000506
18	snp2446	0.0226652370375067	0.0665381540547375	0.048490141354258	0.066691842220617	0.116032335623524	0.528641766058058	0.340089507218426	0.7333782310614	0.467178449573867	0.843627060395745
18	snp2447	0.0837080123139606	0.065142399724607	0.19079838149198	0.0678647997557697	1.65122613100474	7.90424200662794	7.74191977861478	0.198792130245835	0.00493190034031754	0.0208383573056802
18	snp2448	0.112133136751672	0.0707746092140567	-0.0389400121618393	0.0728501616837143	2.51022691572921	0.285713739697461	4.24628969239747	0.113109643848615	0.59298045128869	0.119654740438936
18	snp2449	0.0909292274256213	0.0624425304821041	0.0560297601780034	0.065385114760152	2.12053777461047	0.734310513908653	2.56362944804859	0.145335504877493	0.391489541395329	0.277533197027055
18	snp2450	0.0686711710774055	0.0709429536039362	-0.0714757445244442	0.0754895781342529	0.936980118640588	0.896485725904544	8.31722734493057	0.333055689857454	0.343725768194186	0.0156292101123243
18	snp2451	-0.107782182401641	0.0781631872904181	0.0246386555979732	0.0791535974553163	1.90146976953055	0.0968930658990846	4.31372642205402	0.167913897300548	0.755590422902578	0.115687439567343
18	snp2452	-0.00290553915038381	0.0725739181790837	0.0437038024797446	0.0742503056031657	0.00160284793427301	0.346451111063508	1.22336805899092	0.968064757612011	0.556128977824245	0.542436620211684
18	snp2453	-0.0680146073328228	0.0710364219056532	-0.0998738071110643	0.0759948083630332	0.916731668380745	1.72717109778289	1.86227459269744	0.338334595293206	0.18877257805414	0.394105240947081
18	snp2454	0.00490428379310537	0.0823972475565674	-0.155382203150479	0.0830648569992285	0.00354262984889934	3.49919307704702	2.55760300312414	0.952537939706509	0.0613987383822094	0.278370727489453
18	snp2455	-0.0667424480921336	0.0728600387921983	-0.158247620345707	0.0738583004438883	0.839122697517398	4.59066663494919	4.71742893627007	0.359647800344166	0.032146508841018	0.0945416814544219
18	snp2456	-0.0758574240897404	0.0678912889123035	0.112610861963159	0.06891746410681	1.24844114902242	2.66994298883018	3.19114315289751	0.263850418337054	0.102259686589573	0.202792583905157
18	snp2457	-0.0569985296127749	0.0722988834750743	-0.0943194435523569	0.0728490077428583	0.621532902024274	1.67631325225862	2.19903246033083	0.430478219814308	0.195415055696792	0.333032155644912
18	snp2458	-0.128682690436947	0.0721273231687478	-0.0205476658087623	0.074303791856913	3.18302929230284	0.0764721029035512	2.0271656076771	0.0744066668386927	0.782136491522121	0.362916389269598
18	snp2459	0.0261343825428319	0.0633569711652647	0.0607101362114826	0.0647831386583079	0.170151457319746	0.878210133784278	2.01985662388608	0.679977237850573	0.34869237834071	0.364245090658392
18	snp2460	-0.0936553662357642	0.0768673279218639	0.0446800545400684	0.0775744975520053	1.48450534079764	0.331733588325772	2.09572718317099	0.223070948182032	0.564640067142939	0.350686158232021
18	snp2461	0.126574069621773	0.0633214612880214	0.132950100021571	0.0631278522100265	3.99565175939054	4.43542570976074	5.84941375551416	0.0456178064118876	0.0352004401865693	0.053680424533267
18	snp2462	-0.165887664323625	0.0683852554692991	-0.149145868741978	0.0699722076278958	5.88441423510507	4.54329884097112	3.93454364784735	0.0152754783285094	0.033047845207921	0.139837838530973
18	snp2463	0.0531950293210416	0.0755056654064814	0.183563738981284	0.0758972233209642	0.496344286254604	5.84954404081832	4.39118575062438	0.481110830335071	0.0155810877112991	0.111292559330459
18	snp2464	0.00731787677671307	0.0740403866808679	-0.048598992733279	0.075087604966993	0.00976861127855535	0.418907399891345	1.0505814756229	0.921268258079082	0.517482734521753	0.591383401854042
18	snp2465	0.0220077827652284	0.0784350285936654	0.0569881992918662	0.0791029839927803	0.0787285880511238	0.519020050365672	1.14641761905986	0.779027839503636	0.471260000186115	0.56371368362545
19	snp2466	-0.0350285409842871	0.0615021190324099	-0.0911480174499113	0.0619636497094197	0.324387370847239	2.16381672512416	4.31244300325676	0.568982848847157	0.141293348317226	0.115761701109233
19	snp2467	0.00999389165355621	0.0726798896745291	-0.045619888917531	0.075047529970983	0.0189077893348491	0.369518036060553	1.61035812058688	0.890631168633789	0.543267097029868	0.447007878031003
19	snp2468	0.00901740092095122	0.0648072718481604	0.23637493437325	0.0657650374833972	0.0193604424949791	12.9185181166184	10.4466289710601	0.889338092204462	0.000325347328416492	0.00538943628146371
19	snp2469	-0.0584094768577932	0.0644764034860677	-0.101696935274217	0.0662406364618896	0.820663322690828	2.35703883051321	8.10340892629367	0.364986297246576	0.12471873087762	0.0173927041373122
19	snp2470	-0.0504806171498594	0.0678291266081758	0.104433481733116	0.0671008725939496	0.553881502346105	2.42227350501689	2.77005179877004	0.456736037293484	0.119621209069588	0.250317316643181
19	snp2471	0.005469111992758	0.069442717526028	-0.0511743719942246	0.070722222678809	0.0062026920153521	0.523592287531527	1.20343708471231	0.937225770613769	0.469313324124416	0.547869290014599
19	snp2472	-0.0542108198291906	0.0678681760720946	0.0263499572845724	0.0704695824046412	0.638027788921333	0.139815858983036	1.72391341965095	0.424425866918126	0.708464142015662	0.422334886468557
19	snp2473	-0.0390602115356842	0.0747670522495961	-0.165906573086361	0.0781094088834966	0.272928359458289	4.51149502931969	9.34288039827649	0.601374134267944	0.0336678006350331	0.00935878130770218
19	snp2474	-0.112889255179025	0.070471953681857	-0.0215411576758706	0.0696256415096314	2.56609418339697	0.0957193321954823	3.09270490554892	0.109176994599839	0.757028367144561	0.213023571990348
19	snp2475	-0.0351922775999762	0.0690140703124302	-0.0556630146523602	0.0721462167734192	0.260027610748433	0.595259482508576	1.48597995985376	0.610101186482171	0.440392485938668	0.475689485061231
19	snp2476	-0.0597117591717431	0.0705419889208689	-0.0111109358934364	0.0718942629858156	0.716513424260277	0.0238843161840361	1.33861804467635	0.397289956044146	0.877179626543288	0.512062279168962
19	snp2477	0.137081276743031	0.0723138837149684	0.0226583465356782	0.0749505648296834	3.59346077264221	0.0913916691189131	4.96153192108949	0.0580073234528073	0.762415336040008	0.0836791061451208
19	snp2478	-0.0401546714773498	0.0710302023726462	-0.0331010004645733	0.0713878484230472	0.319584752035358	0.214997621322446	0.438100929914601	0.571857300673845	0.642878203684281	0.803281179580319
19	snp2479	-0.173176033963642	0.0784716140367742	-0.0925401866768888	0.0801426036433878	4.87024049828294	1.33331832312378	6.05805094678632	0.0273236922578101	0.248215741557569	0.0483627459511342
19	snp2480	0.00698727545930745	0.069172506156735	-0.0940773613785851	0.0705240320462895	0.0102034891778886	1.77949178720211	1.79606729722958	0.91954067873833	0.182211744424321	0.407369905078131
19	snp2481	0.0741796264145991	0.0749701237002141	0.0926684305711347	0.0732292845709047	0.979022851230286	1.60137864722143	3.56500178144917	0.322440167567632	0.205707945711852	0.168216928620726
19	snp2482	0.0609114349400791	0.0754572424975425	-0.0027571545959387	0.0755845079066398	0.651622093220902	0.00133062799466218	0.767134431612904	0.419533335266136	0.970901400705723	0.681426273892856
19	snp2483	-0.0176967327163043	0.0703472828105293	0.0272040385451043	0.0702900161791067	0.0632836512425323	0.149788846543521	0.0950735621359581	0.801379308943538	0.698737225797696	0.953575398966025
19	snp2484	0.0271084284791281	0.0724353337200018	0.0771091323177986	0.0729090699905729	0.140057945825104	1.11853226276293	0.713358191313469	0.708223413102362	0.290234715347167	0.699997093803431
19	snp2485	-0.0255014623305153	0.0701547060111045	-0.0625810037631393	0.0707622075932567	0.132134599212976	0.782136048370359	1.43989074210528	0.716228999494165	0.376488655394211	0.486778847449665
19	snp2486	-0.153939108186935	0.0701304087044036	-0.133240543454153	0.070008845115583	4.8182040986468	3.62215444165662	6.76161546218452	0.0281606714099292	0.057014994539959	0.0340199646505903
19	snp2487	-0.0739831243580846	0.0702191739739488	-0.0304606613670892	0.0702306771580073	1.11007904158547	0.188115657750278	0.977154913843727	0.292064767296152	0.664489588338456	0.61349850177919
19	snp2488	-0.0767306245258488	0.0768066889479653	0.00811469732793275	0.0764091575436684	0.998020308947213	0.0112785645251991	0.873830081479888	0.31779000977418	0.915423205798209	0.646026314996856
19	snp2489	0.0696365021514249	0.0756721911489935	-0.185021252038955	0.0778752643285311	0.846839832703108	5.64474286704417	3.72438329406216	0.357447873684566	0.0175077834599499	0.155331824509322
19	snp2490	0.0720155762115684	0.0702529721017522	0.0401583419180097	0.0721842105847885	1.0508082544	0.309504610987925	1.19981720044908	0.305321012047872	0.577984335008404	0.54886179964677
19	snp2491	0.0202217186224072	0.0639879628273937	-0.142689254209487	0.0654350327345577	0.0998710367874494	4.75512445437086	3.24800491763946	0.751984449844043	0.0292111803555797	0.197108200713934
19	snp2492	-0.0977808847024268	0.0721556884143781	0.00149685888925276	0.0718278497411574	1.83639785026108	0.000434286161336406	1.93844443461788	0.175373728698079	0.983373661313562	0.379377997021011
19	snp2493	-0.0821678538340952	0.0683138015077576	0.0599320528470094	0.0676607266052114	1.4467283111828	0.7845940185552	4.19935040942328	0.229053648996217	0.375739797762159	0.122496207983693
19	snp2494	0.0923183588723438	0.0682468531602049	0.0187206456223672	0.0708270951225256	1.82983061280311	0.0698622846928539	1.66614786476328	0.176147553963756	0.791537398919952	0.434710958319041
19	snp2495	-0.137165849098352	0.0730482358753123	0.0713910189882914	0.0742355077635627	3.52592060022784	0.924834015678515	4.23982326910432	0.0604162646860401	0.336208910572574	0.120042235628709
19	snp2496	-0.0674593138559742	0.0622050666405526	-0.00375473981787646	0.0658142379795602	1.1760676926217	0.00325476758418104	1.11181000999849	0.278157991514596	0.954504911345258	0.573552957951585
19	snp2497	-0.0253629613873073	0.071068192778086	-0.0314862940056802	0.0761060145181312	0.127364788160074	0.171161125476865	4.63584737550976	0.721180117935928	0.679081933768484	0.0984778442324881
19	snp2498	-0.00598291259466494	0.0773158098227379	0.0236820864030549	0.0789610537578513	0.0059880952262957	0.0899526685257975	0.00369499470631165	0.938319036260871	0.764237336406025	0.99815420821957
19	snp2499	0.0867207331410128	0.0713603648752184	-0.15582460987942	0.0720729290600738	1.47683425615808	4.67442022144027	6.48749573350965	0.224270489909329	0.0306150350276253	0.0390173887531794
19	snp2500	0.0520953317873222	0.0823982099352174	0.0410714109989251	0.0815892754699943	0.399725691762173	0.253403782584994	0.550616852762202	0.527230955049555	0.614688501732271	0.759337887267948
19	snp2501	0.0789567945977463	0.0697724701441551	-0.0432743768634404	0.0699091399853198	1.28059210783367	0.38317196552745	2.20399567533427	0.257788971893374	0.535910523866743	0.332206725169988
19	snp2502	-0.0514360067064536	0.0725679887722831	-0.0123189867048696	0.07346863517506	0.502393850776181	0.0281155140891566	0.636129712851895	0.478450169206227	0.866837537341352	0.727555600228475
19	snp2503	-0.0237025326461968	0.0625874916662376	-0.0102798387879398	0.0613788337171823	0.143421550637307	0.02805016007149	0.422512100781622	0.704902945677683	0.866990950930712	0.809566750457841
19	snp2504	-0.0499744713590554	0.0663607532842815	0.166054912186145	0.0652743707772102	0.567118484885825	6.47169537153502	12.716576220071	0.451406231069493	0.0109605923677931	0.00173232973283544
19	snp2505	0.137511316164331	0.0660248401136705	0.135669778824611	0.0666424318682941	4.3377264570989	4.14442763278447	2.16558187796088	0.0372766688452901	0.0417717749589684	0.33864905663782
19	snp2506	-0.0698777963318863	0.0749528729975944	0.10200308583121	0.0756362709865905	0.869164205398462	1.81872234436977	6.50924974438662	0.351186795849358	0.177465434888318	0.0385952961169126
19	snp2507	0.0444284447917637	0.0643651894816961	-0.103087899510821	0.0657699881930076	0.47645305729238	2.45674371407672	0.902516343167662	0.490033343839866	0.117021152879446	0.636826410470082
19	snp2508	-0.11298973555783	0.0744159539566627	-0.0031420861470772	0.0761915184629402	2.30539781664969	0.00170068122816753	4.26375683681997	0.128925268714755	0.967105110257439	0.118614277216697
19	snp2509	0.0221234870320755	0.066668513915799	0.0650464555481405	0.0675729947098443	0.110119850004675	0.926618442612738	1.29878523033062	0.740007729537794	0.335743164983412	0.522362955763942
19	snp2510	-0.0584023759169217	0.0732894914391136	0.0189419583984976	0.072749455153895	0.635005686663964	0.0677938451014418	0.029596822173428	0.42552511807302	0.794576444008715	0.985310547266311
19	snp2511	0.0276634985291462	0.0805251034437109	0.190827893173731	0.0798180487744169	0.118018916680725	5.71585887294239	5.68529181765043	0.731193146184431	0.0168123378757347	0.0582712813132302
19	snp2512	0.0614705048313773	0.0691908815552046	-0.137974544260433	0.0721080333354942	0.78928860283927	3.6612605388646	4.64259791977091	0.374315323076137	0.0556914835234509	0.0981460150313276
19	snp2513	0.012149561315993	0.0801248841154198	0.0835648696776434	0.0787086808461715	0.0229925090179583	1.12720320004506	0.363374859137898	0.879476554114127	0.288372688512741	0.833861940271816
19	snp2514	-0.107133616665368	0.0717882362037928	-0.100493395046693	0.073892883358012	2.22712691457228	1.8495659022733	2.01131305679475	0.135605800840774	0.173833890935725	0.365804394977323
19	snp2515	0.00203871381217605	0.0687826803328301	0.0290758995800239	0.0724912817386762	0.000878525434804328	0.160877297856191	0.596892109941695	0.976354219966914	0.688350091230238	0.741970306380341
19	snp2516	0.0235499658227228	0.0696422850911157	0.00989552771526975	0.0705122980747149	0.114349570314915	0.0196946460855503	1.04790585240539	0.735245531350104	0.888393246187135	0.592175090881575
19	snp2517	-0.0692738422283236	0.0736723707803448	-0.0642234711760189	0.0742030649705079	0.884156737955056	0.749107009868306	2.12521139908947	0.347065704345883	0.386759104074984	0.345554225722232
19	snp2518	0.0252299842842609	0.0734078689885255	0.0428001241621571	0.0726761337395373	0.118126878092724	0.346821831158871	0.268159846803094	0.731074987861043	0.555917751552774	0.874520167183669
19	snp2519	0.137621979330839	0.0771116132823615	0.117685726119058	0.0782829661910828	3.18519496799298	2.26002392438252	4.59626651719118	0.0743081323680748	0.132752010133661	0.100446175853461
19	snp2520	0.0976699310962589	0.0748628111655632	-0.0365845117007582	0.0738196980645665	1.70211735637463	0.245612234714587	2.30153979981391	0.192011305725578	0.62018172562645	0.31639308457826
19	snp2521	0.0508138053671494	0.0631525101177685	0.185741933140136	0.0643688797026334	0.647414177048609	8.32660611820314	6.2299763898438	0.421038698586896	0.00390685801378499	0.0443790310423238
19	snp2522	-0.079662039682182	0.0663304503252215	0.225829395489101	0.0670959351042547	1.44237090172577	11.3283986627868	12.9922233649695	0.229756062050274	0.000763306956962917	0.0015092964219281
19	snp2523	-0.0462341323440709	0.0778473463627795	-0.0876213931793152	0.0799488884302853	0.352726263267403	1.20114502970149	1.84670819172713	0.552573900950231	0.273092943810973	0.397184609174561
19	snp2524	0.0161515959530557	0.0691032383831962	0.0628387750784149	0.0702074996650667	0.0546303626189053	0.801103092591108	0.488403442677485	0.815193517020816	0.37076376749967	0.783329604027962
19	snp2525	0.00944077242796994	0.0807360436973609	-0.0252838157083998	0.0823147941291576	0.0136735137025702	0.0943472920467452	0.218770840547805	0.906912512944086	0.75872155735202	0.896384866010659
19	snp2526	-0.0521944077572686	0.072434494868046	-0.044815405187675	0.0731595872686567	0.519226771139715	0.37524262140091	1.18652417501947	0.471171705886126	0.540160366928279	0.552521966776149
19	snp2527	-0.034617199435096	0.079858923027981	-0.134735456318341	0.0825059979906909	0.187904405382563	2.66681415338895	2.08909209850908	0.664666515821668	0.102460937622292	0.351851506383921
19	snp2528	0.0321915264073198	0.0726682999195898	0.00396433870176168	0.0744603372546673	0.196242532515798	0.00283459819775754	0.416664025202349	0.657771014671343	0.957539932667643	0.811937418501786
19	snp2529	-0.0636479020748677	0.0782438430481302	-0.160048576416352	0.0795396597913636	0.661710216563653	4.04889181754669	3.63090673576463	0.415956821056359	0.0442003515559208	0.162764099645031
19	snp2530	0.0387183773622779	0.0726016807216882	0.0502984050740777	0.0741077652971071	0.284407436071691	0.460660519895301	0.750025463371317	0.593826871132509	0.497315440049401	0.687280528495621
19	snp2531	0.0681687736874974	0.0756972447932301	0.00575259201916249	0.0765040001563604	0.810981258365065	0.00565403980363758	1.22121562132178	0.367830300321728	0.940060875734641	0.54302071496943
19	snp2532	-0.0629602353304611	0.0763357891121929	-0.00768105705368742	0.075705507573848	0.680262117258055	0.0102940679549835	0.745361063296774	0.40949647960918	0.919185557998153	0.688885274737045
19	snp2533	-0.0396495163496697	0.0672723058081048	-0.141128529198488	0.0675804677997711	0.347378680186637	4.3610116169201	7.61906476327536	0.555600759593378	0.0367704635974068	0.0221585382741243
19	snp2534	-0.103086519608787	0.0741445251206339	-0.0942874694454161	0.0743557630399308	1.93306108782984	1.60797277208137	3.27568239049026	0.164423935238333	0.204777002132787	0.194399259669964
19	snp2535	-0.0323216918858013	0.0713645187350086	-0.0516891120633012	0.0731055687751602	0.205127312047998	0.49991621415858	1.00034188663239	0.650613673911562	0.479536939269455	0.606426986211686
19	snp2536	-0.025363927380615	0.0738767595219092	-0.015004225946784	0.0745777012434403	0.117873811533905	0.0404770828434643	0.70335237534884	0.731352051673282	0.840550658052514	0.703507889623168
19	snp2537	-0.089256301581788	0.073754893303921	-0.0222707404285186	0.0727216043237879	1.46452266354806	0.093786949335471	1.7426969832908	0.226211886379875	0.759416932179227	0.418386977329462
19	snp2538	-0.0640404099942191	0.0647545556566701	-0.0888277275832134	0.0647270083267267	0.978064626425758	1.88332831164724	2.64352029038767	0.322677086248557	0.169956345121704	0.266665518612734
19	snp2539	0.0415578239040049	0.0703861317784135	-0.194977740725341	0.0701835384109788	0.348603224904626	7.71790711289582	11.8046016416044	0.554904877474214	0.00546757434824052	0.00273314909258904
19	snp2540	0.0406357126951636	0.0676170955952085	0.0436158194645351	0.0680724163039927	0.361162572388644	0.410530794547298	0.162537668622677	0.547861280479475	0.521700217910788	0.921945807460001
19	snp2541	0.0409829547888087	0.0621501762383436	0.0456778003675351	0.0640534874179987	0.434832308253319	0.508539631625278	0.13126845724637	0.509627284536732	0.475771722631718	0.936473336796231
19	snp2542	-0.0614842861704989	0.0788889389589011	0.00845636064944386	0.0796419507734601	0.607429725106806	0.0112741345819683	4.43449190965053	0.435757208554479	0.915439754934612	0.108908635482703
19	snp2543	0.0318047392377171	0.0725529624761472	0.019788872112793	0.07370258058276	0.192164596354729	0.0720902771454651	1.14560634992907	0.661121116102411	0.788317302413192	0.56394239176334
19	snp2544	-0.0483608461724861	0.0663513106775609	0.104579847803455	0.0658557541389931	0.531237555880663	2.52178789753681	5.45213623760616	0.466087029555193	0.112283213739672	0.065476228963225
19	snp2545	-0.039612233427124	0.0740867282930618	-0.0792856040855301	0.0746831360119265	0.285876085124071	1.12705104703469	1.09352151264186	0.592875433394288	0.288405231065693	0.578821721558345
19	snp2546	0.0594566772047354	0.0638761342549451	-0.0659296777309009	0.0644290145484477	0.866411122926847	1.0471259637787	0.177892586966088	0.351950781328209	0.306169932944572	0.91489470806317
19	snp2547	0.0926564652346863	0.0734014968208955	0.0265328798541067	0.0742682429199525	1.59346168016899	0.127632854530013	1.04105708500487	0.206832252707882	0.720899113379284	0.594206401619185
19	snp2548	0.0225048376143907	0.0673515760825993	-0.0178285754077873	0.0663545029663631	0.111649360822249	0.0721925668549751	0.978836496594339	0.73827411919763	0.788170752900147	0.612982894319658
19	snp2549	-0.0688694428747921	0.062929874628899	0.127021526797073	0.0642350755042157	1.19767616412185	3.91030091356599	4.23247341613965	0.273786633362155	0.0479910036764662	0.120484193603563
19	snp2550	0.0473766471538876	0.0661444950725386	0.13127971994476	0.0657708282630298	0.513028195135412	3.98408560187777	4.2168926609955	0.473830903729194	0.045932025029856	0.121426476567647
19	snp2551	-0.0234807973457301	0.0752763849723145	-0.0632054893292828	0.076379919345879	0.0972989539821921	0.684780216545432	1.31146109625835	0.755095392585357	0.407945517658833	0.519062723739524
19	snp2552	-0.115659235664254	0.0751073099421027	0.0327559714873915	0.075765093711186	2.3713530707901	0.186914347652398	1.16042193283201	0.123579897427077	0.665497284144208	0.559780259272456
19	snp2553	0.00743365663285708	0.0695878285268935	0.0101003842471501	0.0710431958376858	0.0114113867428269	0.0202130016929805	1.3813462970637	0.914928533770011	0.886943803111099	0.501238547485375
19	snp2554	-0.039498363045951	0.0700850656683508	-0.10005052247711	0.0716608217899559	0.317619549441982	1.94928415840236	1.40196585323894	0.573041732608473	0.162664010360697	0.496097436685538
19	snp2555	0.0955625304745691	0.0698114420449734	0.0897769484029146	0.0747351318711071	1.87379495138561	1.44304564398855	3.06925156705792	0.171041071172196	0.229647124249153	0.215536333326027
19	snp2556	-0.0451869215823827	0.0683921829352037	0.119677331041864	0.0728186212999312	0.436528476245478	2.70108895189887	3.78478368071926	0.508802788817398	0.100279732777579	0.150710900975847
19	snp2557	-0.0726387906228615	0.0704417389223773	-0.0455910049906008	0.0698079582417461	1.06335205088046	0.426528897134853	1.95359706626774	0.302451903121636	0.513697099382556	0.376514570307955
19	snp2558	-0.116963607323603	0.0669706719255968	0.106939973171212	0.0682773021180328	3.05022724250454	2.4531688256746	13.8800707459309	0.0807258470818651	0.117287877943159	0.000968235347200141
19	snp2559	-0.244658108243026	0.0659281198326648	-0.0727157534343502	0.0655282322224429	13.7713921607045	1.23140273180588	16.1103680725224	0.00020645626300575	0.26713441349466	0.000317451966953763
19	snp2560	-0.071790719280923	0.071171203737256	-0.0476864152386967	0.0730178243393907	1.01748493274711	0.426512315063568	1.55281390241032	0.313116333904166	0.51370528329665	0.460056049029554
19	snp2561	-0.0186119638981177	0.0667274504886728	0.103565090662929	0.0686957565276498	0.0777992373081884	2.27283002563473	3.43491952645467	0.780302270022682	0.131659288359144	0.179521596553943
19	snp2562	0.00782452669406661	0.0799259885518097	-0.0958508375158053	0.0794918469778102	0.00958385247764427	1.45394054718607	2.36476948275763	0.922013961062259	0.227896709379667	0.306546831329999
19	snp2563	0.0630916642147978	0.0683593328737575	0.0879735435926731	0.0698809271126123	0.851820985238489	1.58484522353341	1.57973696940737	0.356037699829337	0.208064156308932	0.453904486740173
19	snp2564	0.0339856893946174	0.084016351587187	0.0456500055315632	0.0840274183572544	0.163630603132711	0.295147852652027	0.0815509226228985	0.685835669273075	0.586940394025591	0.960044672919833
19	snp2565	0.054960508443898	0.0718871348207634	-0.052382341137708	0.0739883369818032	0.584519675668581	0.501237179284273	0.580683285179825	0.44454618539348	0.478957020200815	0.748007972538962
19	snp2566	-0.071148503362119	0.0828767472998621	0.0588418365405297	0.083135775133956	0.736997716634019	0.500952487811146	2.59534078858306	0.390624317103925	0.479081906043489	0.273167424752978
19	snp2567	0.0582798354551393	0.0705955103431768	-0.0684400497456888	0.0712914197002175	0.681526064181269	0.921607724932929	0.0565328019207558	0.409061724271859	0.337053190008853	0.972129356108351
19	snp2568	-0.0234371773151919	0.0666666919419422	-0.00989801857741947	0.068429218349804	0.123592694398143	0.0209224900897713	0.766598124564176	0.725170123140244	0.884990308760926	0.68160902525141
19	snp2569	0.0548845821427765	0.082812312697468	0.128020037599914	0.083081478671276	0.439249117401257	2.3743649133256	2.59873782142181	0.507485097214204	0.123341749570522	0.272703839212074
19	snp2570	0.0973983274200501	0.0670994931780346	0.0578007189019654	0.0697538971601894	2.10699991612296	0.686640675286534	2.54972191554531	0.146626529089384	0.407309367329792	0.279469823626826
19	snp2571	0.0649411469605733	0.0719855011307611	0.0313079204519108	0.075009642840236	0.813860263344263	0.174210468314189	0.30632350290245	0.366981418274608	0.676396623157237	0.857990929308799
19	snp2572	0.09787396054848	0.0656664728406414	-0.0637197057440379	0.0693376333836613	2.22150321657068	0.844519135537368	4.40205817420413	0.136100487711026	0.358107486155026	0.110689190912469
19	snp2573	-0.0347788757420002	0.0770612758143345	-0.00857481567618541	0.0767943387971814	0.203684831538738	0.0124678387153102	0.0213589072354508	0.651762852925231	0.911093411316645	0.989377369287975
19	snp2574	0.0278546289873447	0.0705668716342784	0.0983006623736433	0.0719404664827706	0.15580917460466	1.86709488544402	2.62248265213182	0.693044589328615	0.171808177070564	0.26948532951117
19	snp2575	-0.0627499337663585	0.0715878229239295	-0.0729570738187656	0.0736255085051324	0.768330782466013	0.981924732557023	1.26296453758787	0.380733933961382	0.321724082240561	0.531802941595637
19	snp2576	-0.0314988547913777	0.0639565395146724	0.0570857945670621	0.0648458589875993	0.242560240135284	0.774981982048647	0.432797406453194	0.622363058948161	0.378680235195002	0.805414116641889
19	snp2577	0.0307296066411989	0.0673406305419325	0.0326965811360923	0.0671908305103099	0.208237837430741	0.23680161996896	0.848477078419915	0.648152088698604	0.626525757318606	0.654267794770282
19	snp2578	-0.0668647216547815	0.0836756243777231	-0.125965072080294	0.0852739710689084	0.638551837154139	2.18206309085889	2.09594501290728	0.424235684873363	0.139627181323222	0.35064796537526
19	snp2579	-0.109603736329677	0.0799836395371979	-0.0123888372203549	0.0841718223006941	1.87779593320127	0.0216634506468357	3.33538857767496	0.170584865887667	0.882985929071525	0.188681609773419
19	snp2580	0.0912583328426902	0.0622768788724169	0.0215163153206784	0.0616919525608185	2.14729337067656	0.121640660183195	2.3358862885852	0.142821473993757	0.727261828863752	0.311005978258163
19	snp2581	0.0204185133439566	0.0732733362476746	-0.00579680838165692	0.0745654620399358	0.0776526541400399	0.00604369393580492	0.185002770381483	0.780504029172197	0.938033921634282	0.91164794815729
19	snp2582	-0.132687314482048	0.075411828337831	-0.132713486912137	0.0756078676020004	3.09584970042962	3.08103151504236	5.01168360316247	0.0784921645045755	0.0792102746374637	0.081606872268528
19	snp2583	0.0347055169515445	0.0666968545020894	0.0220526674786134	0.0702660389271627	0.27076113774881	0.0984988849429447	0.42059248918942	0.602821651149557	0.753638521667255	0.810344150334034
19	snp2584	0.0906561051739402	0.0723964918626073	0.12329833517546	0.0729493733675325	1.56804697655736	2.85674380250579	14.5999722247128	0.210490866873209	0.0909915222733944	0.00067554815690074
19	snp2585	-0.0830908254184055	0.0634155286040141	0.161541927922629	0.0630132158342892	1.71678105725394	6.57214649100841	7.51213879320986	0.190107921398237	0.0103586944913667	0.0233754396224914
19	snp2586	0.0700814040735029	0.0708240905228273	-0.0779425603860683	0.0699207105330793	0.979137256615705	1.24261808591976	1.46467753190472	0.322411896455002	0.264967080778691	0.480783234704368
19	snp2587	-0.158244745059822	0.0760756182552102	-0.186453559422505	0.0785286669143064	4.32680789075714	5.63747860882729	6.56932204832485	0.0375165405809831	0.0175804723001981	0.0374532786983898
19	snp2588	0.0730652715295732	0.0652310737137602	0.00232279737927179	0.0666084240424086	1.25462215079203	0.00121608613792651	0.543082674953452	0.26267150426787	0.972181467610057	0.762203775235989
19	snp2589	0.000983098509115994	0.0622684204446305	-0.00238562876011657	0.062990441777018	0.00024926332082863	0.00143435421884935	0.545977738878188	0.987403461806142	0.969789044793737	0.761101259065708
19	snp2590	-0.00561583564336328	0.0687890299104906	0.0881255095303753	0.071623814868839	0.00666485043824588	1.51386930792236	3.78456265963786	0.934934156855082	0.21854961237122	0.150727557039321
19	snp2591	-0.12404020421897	0.0646464401640738	0.037509694812597	0.0643560383496343	3.68159248936973	0.33971009883353	5.72988315182636	0.0550162797560261	0.559996606167348	0.0569864604166889
19	snp2592	-0.0503114508242384	0.0754937498809995	-0.100444331830869	0.0776091969141653	0.444131612452102	1.67503732665941	2.63131333094119	0.505135013541589	0.195585182304453	0.2682980832931
19	snp2593	-0.109362231697219	0.0768192669212853	-0.0223939062134892	0.0779055661584891	2.02672307111885	0.0826271425400529	1.46407703742369	0.154553536168949	0.77376826065052	0.480927610216963
19	snp2594	0.0357249466423979	0.0783016556398669	-0.00732424476487132	0.0792343280504655	0.208161921225708	0.00854474172491795	0.256438605894155	0.648211901520429	0.926350230026298	0.879660445861793
19	snp2595	0.100942009716445	0.0753314634860526	0.0651491476833929	0.0759507002200052	1.79552346399056	0.735790053202113	1.71018620168751	0.180254629769113	0.391012820711386	0.425243598701421
19	snp2596	0.0446037827071251	0.0710321021823018	-0.1342063830808	0.0737287864303606	0.394306600851673	3.31338707024234	4.00067038421555	0.530044311676749	0.0687177221338584	0.135289927519632
19	snp2597	0.0826619614387131	0.0740777919493027	0.0264413818201149	0.0801859710164143	1.24518922759835	0.108735538521193	1.75950361452785	0.264473301807075	0.741588324816738	0.414885870563604
19	snp2598	0.121329092429133	0.0671476584521974	0.00201684292285726	0.0682120327068063	3.26488698418845	0.000874222878373598	4.21274387761503	0.0707778995589807	0.976412176431471	0.121678624077545
19	snp2599	0.0222466189392673	0.0707491600704957	0.0914848355133782	0.0724376223923592	0.0988747629117094	1.59503364722497	1.48150185738818	0.753184163865227	0.206608437718797	0.476755771478669
19	snp2600	-0.0513793877227632	0.073463747221178	0.0571992351369339	0.0757031807213882	0.489138328582378	0.570889675428633	0.231479841526551	0.48431192827869	0.449905599522532	0.890706847532891
19	snp2601	0.176232823177184	0.0643140990062066	-0.0592540910731849	0.0679251240313573	7.50863886900702	0.760984482645574	15.570795869121	0.00614037570892345	0.383020606841667	0.000415761851260132
19	snp2602	0.0510764705372996	0.0798935857503642	0.0573160393518176	0.0805390448443626	0.408712510611183	0.506453287779577	1.0194636814643	0.522623708467303	0.476678244558293	0.600656628859593
20	snp2603	-0.132342792637782	0.0614173677786663	0.0727711715692802	0.0625063275060436	4.64320854814783	1.35541025573773	5.00157682649461	0.0311766615807084	0.244334510899831	0.0820203072287062
20	snp2604	-0.00973282984898796	0.0712311941426547	0.00233598316224152	0.0726054525064803	0.0186697203137794	0.00103514441476914	0.395842684397083	0.891317582791553	0.974333561365821	0.820434384164763
20	snp2605	0.18772013947722	0.0634719377804401	-0.0355064460858957	0.0647603014756	8.74698177494707	0.300605336683518	9.95792642087607	0.0031011489808459	0.583503177716358	0.0068811932096583
20	snp2606	-0.0252700510593742	0.0733950169911487	-0.0290731107556702	0.0736922390508901	0.118543866446745	0.155646550828864	0.288507778010514	0.730619181182776	0.693196677376386	0.865667936585225
20	snp2607	0.036568717571743	0.0670190967338437	-0.034352021762551	0.0684508906642865	0.297729809956457	0.25185257618776	0.00856537743921405	0.585309138615796	0.615773631939859	0.995726468913965
20	snp2608	0.111335556112675	0.0692912427662846	-0.0422937474602163	0.0700318432562154	2.58173144351401	0.364721378799982	1.21516623107139	0.108103355767349	0.545895723401002	0.544665673573898
20	snp2609	0.0176015763695929	0.0712056271422861	0.007698112499742	0.0744390520622265	0.0611046832130976	0.0106946564754949	0.667831290160468	0.804758386628752	0.917633629758843	0.716114187434259
20	snp2610	0.0577491412046559	0.0716361100951804	0.0278263883748351	0.0726815126404212	0.649870869073127	0.146576980243755	0.950291095093801	0.420158851003534	0.701828218658702	0.621794549207312
20	snp2611	-0.0748310416950342	0.0718123521235675	0.123176302243119	0.0736544873063055	1.08583860558159	2.79676453085913	0.0703744208437964	0.297395082029302	0.0944547357677046	0.965424661780291
20	snp2612	0.102454101733937	0.0702036384530849	-0.0341391276341506	0.0713773248384025	2.12980311600897	0.228762221175382	2.51222992088334	0.14445930997658	0.632443145459009	0.284758177059109
20	snp2613	-0.0930798266908215	0.0729520236482449	-0.0286636149207926	0.0732495832797371	1.6279326930705	0.153126940302507	2.54193982162318	0.201989224735635	0.695564874413587	0.280559372202427
20	snp2614	0.136632219288192	0.0813391186569042	-0.0158237699290842	0.0790412561781984	2.82167714460135	0.0400785731979219	2.76353350695275	0.0929991837198789	0.841327032132287	0.251134468186318
20	snp2615	-0.0329487764096247	0.0709609254915304	0.0289043757883505	0.0739325273836969	0.215595673001241	0.152846706174365	0.95975305260383	0.642416483144373	0.695829653366835	0.618859799996945
20	snp2616	-0.102516526073815	0.0766665610511859	0.0234000487246926	0.0796330216196054	1.78803409581928	0.0863469761647949	5.85387029288187	0.181165872354746	0.768873626783808	0.0535609432919347
20	snp2617	0.0396950840256885	0.066465502823406	-0.0225229368421024	0.0661403421599705	0.356681727967817	0.11596239154191	0.662351415628475	0.550354919344332	0.733455543340581	0.718078985866153
20	snp2618	-0.0503987581180939	0.065385660144723	0.0343181489609101	0.0672378142068573	0.594120645916881	0.2605076831316	0.0681596434603978	0.440830099635165	0.609771584093772	0.966494354306823
20	snp2619	0.0277889489752432	0.0714381889749508	0.0914362534931538	0.0755887014160962	0.151315483602791	1.46326531125629	3.80854374527696	0.697281391580226	0.226411289393007	0.148931043920433
20	snp2620	-0.0645495622533595	0.0719463602607811	-0.0602371197289794	0.0776775158741416	0.80495007794111	0.60136443280024	0.997861844199569	0.36961748628738	0.438057906205261	0.607179434970589
20	snp2621	0.0240163939374881	0.0590265167723272	-0.0380110982498613	0.0596434030839889	0.16554698887792	0.406158929173622	2.204666060303	0.684100048182246	0.523925547812677	0.332095390632747
20	snp2622	-0.0125127808263509	0.0669150028584778	-0.04502324512132	0.0664370402438176	0.0349671851710359	0.45925409298972	0.966317849428305	0.851664437611568	0.497972780238734	0.616831785768221
20	snp2623	-0.109420255546379	0.0743424210749433	0.00639468352949372	0.0754605670000003	2.16631720305388	0.00718121590909035	4.67705689247727	0.14106370216158	0.932466461031017	0.0964694938773611
20	snp2624	0.0448984739392314	0.088137364317703	0.00372155404390148	0.0896876594125571	0.259503393640314	0.00172180228408225	0.265998078188734	0.610461535400497	0.966901593354012	0.875465933348514
20	snp2625	-0.0171203629600041	0.0757180130776206	0.00843002400868917	0.0773975760083698	0.0511243167830582	0.0118632287394269	0.507102385492669	0.821118301251722	0.913267172761558	0.776040016288537
20	snp2626	-0.0568502737325871	0.0663934101572752	-0.101746994996955	0.0692717141000852	0.733187696644171	2.15740318120951	2.72235245961149	0.391851879338321	0.141884297233048	0.256359062375363
20	snp2627	0.0191735851805267	0.0800092111292612	0.0850607162588465	0.0794105767108587	0.0574283948349239	1.14736440017451	0.371949813539751	0.810607629465064	0.284101553316987	0.830294429489719
20	snp2628	-0.0367519473766827	0.0815640028918966	-0.0233943321164433	0.0825462183165857	0.203031605686395	0.080320598997241	1.15970281579155	0.652284869208851	0.77686341431545	0.559981569223319
20	snp2629	0.0661862055852484	0.0712892078775597	-0.148019065726379	0.0705100348503103	0.86196055017313	4.40690266826196	16.7312692086235	0.353190626586522	0.0357937750706323	0.000232729294898038
20	snp2630	-0.0144454248666967	0.070999161395839	-0.0430931182059771	0.0714540044716331	0.0413956018672228	0.36371624237992	0.0307264689312922	0.838776217260036	0.546449538653801	0.98475417797369
20	snp2631	-0.0793038842457177	0.0728706380024035	-0.00762095481005351	0.0755885770864201	1.18436011833488	0.0101649777575317	1.65481255796388	0.276470146338772	0.919692147873576	0.437181744525827
20	snp2632	0.0366312182102751	0.0678983262269045	0.0165199340307646	0.0693365383911892	0.291061381641928	0.0567665245253549	0.136638819553942	0.589541173497014	0.811681564255256	0.933962109300486
20	snp2633	0.0060125824840396	0.0660139498610353	-0.0905433657331362	0.065008499028424	0.00829565451033321	1.93987162722555	0.92146259768339	0.927428639932754	0.163682473295515	0.630822157271659
20	snp2634	-0.103523014850946	0.0743988147773695	-0.0357760325775699	0.0744739154717092	1.93616242934483	0.230768209085707	3.45965627594278	0.164085818037698	0.630954797193569	0.177314881046552
20	snp2635	-0.115379344834119	0.0751082372006881	0.0907797805646835	0.0761048993128663	2.35983152612685	1.42283003998031	6.51260194296081	0.124495633693404	0.232938153507242	0.0385306607513826
20	snp2636	-0.0854763950982511	0.0707857451219161	-0.128238108332969	0.0744094394290957	1.45814522393833	2.9701483430657	3.52911670346263	0.227225465708674	0.0848140767225316	0.171262407530537
20	snp2637	-0.0408927432071217	0.0794537345996722	-0.150093621494835	0.0801217741853791	0.264888961011052	3.50932312180431	3.44327463664904	0.606781092936566	0.0610243828531493	0.178773199516549
20	snp2638	-0.0161617203132128	0.0666840704553675	0.0622699219631854	0.0679883289493096	0.0587395980338464	0.838856953623138	1.01158420665193	0.808499262352007	0.35972388738437	0.603027725931577
20	snp2639	0.115625970349771	0.0604409675087959	-0.136416471768778	0.0632790089572777	3.65972089371495	4.64744531295161	11.3258848314176	0.0557429702888423	0.031099798731278	0.0034722849464941
20	snp2640	-0.0303888588018976	0.0684339198781071	-0.0547499495138946	0.0694549428755918	0.197190481980256	0.621385520560152	1.31399951413154	0.656998229530708	0.430532883444005	0.518404342591899
20	snp2641	0.172525277958418	0.0723775231577244	-0.0304686878582948	0.0727871727233486	5.68195824132454	0.175225699551668	9.33193492154505	0.0171402271765885	0.675508716984753	0.00941013987704153
20	snp2642	-0.0834860355433034	0.0712360411482824	0.024140557298632	0.0721427242745061	1.37349829506181	0.111972018475958	1.47994799367344	0.241211736434231	0.737910094279175	0.477126322153388
20	snp2643	0.102916224114435	0.0720194625887711	-0.022666658316815	0.0718165853130921	2.04205735270381	0.0996151727713881	2.34200854647173	0.153002588908329	0.752291931344954	0.31005540451327
20	snp2644	0.0412085856297034	0.0714524447567808	-0.0561101153614674	0.0729043733206924	0.332614541395016	0.592345591916182	1.1216806720514	0.564123592009304	0.441513523578472	0.570729257921594
20	snp2645	-0.0993560917258015	0.0744438711497362	0.00661765149177444	0.0776315078109815	1.78127553036189	0.00726660814276524	6.14051006308598	0.181992776636083	0.932067091003218	0.0464093175081934
20	snp2646	-0.0322411644330071	0.0723658426779896	0.0393599852393551	0.0720870151203962	0.198497110739519	0.298123195265895	0.234834975299103	0.655936679411366	0.58506140796404	0.889213879846797
20	snp2647	0.224152674283456	0.0706784214683263	0.0597290482317715	0.0710474842206088	10.0580587133009	0.706762959048786	10.8013349357638	0.00151682972947564	0.400520530063254	0.00451356727577223
20	snp2648	-0.00557556019140895	0.0730117068476415	-0.0427493279108072	0.072230297052013	0.00583165756823104	0.350283580860223	1.09702711001271	0.939128483240821	0.553952645716729	0.577808052244346
20	snp2649	0.0472974535588823	0.0804531070545718	0.0304062986521444	0.0805974137811079	0.345612846521413	0.142326215350606	0.446877481994308	0.556607159858952	0.705979304141675	0.799763883104995
20	snp2650	-0.0020186182599846	0.075956510371693	-0.00472256987657431	0.0803742638382457	0.000706282404696178	0.00345241320330185	0.329845078379238	0.97879793630073	0.953145467453118	0.847959385165173
20	snp2651	-0.136283260038416	0.0699543261497742	-0.132823221322587	0.0701065728874529	3.7953853121601	3.58947177592941	8.04633569730012	0.0513940430261298	0.0581467228784436	0.0178961826500896
20	snp2652	0.0342866432742683	0.072733529187864	-0.0886957201115545	0.0722992548259665	0.222218706829848	1.50500410972474	4.94204081619431	0.637354550413136	0.219903000427716	0.0844985919478281
20	snp2653	0.0236770865682943	0.0705479716943418	-0.0109006532013747	0.0706083709567639	0.112638656058893	0.0238337655253498	0.148127912150352	0.737159831530749	0.87730863837201	0.928612301543892
20	snp2654	-0.00266178017304281	0.0799649069213525	0.0669125837413505	0.0809193023230605	0.00110801464191444	0.683772043628762	0.0808627605491201	0.973445837027319	0.408290852797276	0.960375062923559
20	snp2655	-0.0127638772570164	0.0659287910796981	-0.00457188841971526	0.0669430697586083	0.0374813317854381	0.00466423042943225	0.0447643414729647	0.846488346296413	0.945550667862525	0.977866451689205
20	snp2656	0.0157052620747207	0.0716171411373332	-0.0223008173632741	0.0722056851451778	0.0480901813348937	0.095389105312142	1.18769142740071	0.826420462003512	0.757434668617214	0.552199594567029
20	snp2657	0.0848120359329705	0.0721472886578547	0.113627938136698	0.0729308619424825	1.38189468995006	2.42743472088656	3.22859720821616	0.239778676220381	0.119227868100663	0.199030220474197
20	snp2658	0.0271538111337519	0.0705548882873678	-0.0642824750565806	0.0703781453933142	0.148117839561158	0.834275603343546	1.76654019697449	0.700340546077491	0.361039100274205	0.413428746043795
20	snp2659	-0.0234751192517414	0.0718268005700984	0.0777525353706543	0.0739046416186244	0.106817539678026	1.10684214751594	3.99292145011792	0.743796825488127	0.292769427122163	0.135815120650589
20	snp2660	0.0149597140155559	0.0714890501824638	-0.0234277105897663	0.0710369545692615	0.0437892521756387	0.108765467732563	0.267850164674598	0.834246199885932	0.741554034236719	0.874655589301243
20	snp2661	-0.0922458364264635	0.0831621324783377	0.0449918536635146	0.0837364114720291	1.23038863777676	0.288694880458207	1.1565805054786	0.267331470594327	0.591058097885672	0.560856470087948
20	snp2662	-0.0560051600269935	0.068532429594541	-0.0327743732032257	0.0688336111796781	0.667826776097734	0.226708435996569	0.655584157950918	0.413810319337125	0.633975287640996	0.720512813894541
20	snp2663	0.0524690652085038	0.0733774401747148	0.0843725384256312	0.0757906365722097	0.511306766022269	1.23928479527286	0.24479214078569	0.474573713611822	0.265608935741428	0.884797856858812
20	snp2664	0.0626340542323571	0.0655261862539916	0.0369714905159137	0.0673252308102016	0.913673994860387	0.301563112638806	3.95363254602996	0.339141475416006	0.582904144981485	0.138509512553716
20	snp2665	0.0593246981502387	0.0723185299739879	0.0158174012634885	0.0744838295432381	0.672933106744056	0.0450968563967964	1.03174063517067	0.412030857838656	0.831826030017935	0.59698080556708
20	snp2666	0.107548135488536	0.0713603997114963	0.167062889005467	0.0734222209514965	2.27138745737353	5.17731918095595	2.87712705131076	0.131781876867646	0.0228836045832946	0.237268343891389
20	snp2667	-0.0315408496243022	0.0713856524958479	0.110007762800201	0.0722714407394967	0.195220269819929	2.31693174626049	6.81455658216023	0.658606887514777	0.127972230507167	0.0331312513964174
20	snp2668	0.0290383076423257	0.0691844558761394	0.016045378282169	0.0711784420631657	0.176167399988345	0.0508162911491432	0.662647861723306	0.674687818149255	0.821648905552874	0.717972557898317
20	snp2669	-0.00103687534961214	0.0658244016622921	-0.0285705757248699	0.0656772281419801	0.000248129990779967	0.189238001537914	0.941258720446244	0.987432128510982	0.663551580254777	0.624609040469635
20	snp2670	-0.180622470025232	0.0590438588813034	0.0478920366697337	0.059651436729712	9.35823801727871	0.64459182920474	11.7624939865967	0.00221985444713468	0.422052904111984	0.0027913023685604
20	snp2671	-0.0622310418225685	0.0672348025657848	-0.0922806485283855	0.0679265141145218	0.85669429634955	1.84562141327391	0.488152783274266	0.354665425692638	0.174293509886401	0.783427784645842
20	snp2672	0.0212843621764933	0.0724683827400228	-0.0169216349076226	0.0739315214902681	0.0862629174040005	0.0523872201066311	0.258150987776675	0.768982955522344	0.818960206361538	0.878907610887894
20	snp2673	0.200045423433025	0.0636791506529788	-0.0525844542727181	0.0664951279380567	9.86876292222392	0.625367187381066	15.1506509428351	0.00168108501844344	0.429059769908704	0.000512953442938668
20	snp2674	0.036448807633357	0.0730584889671391	-0.0402089271339146	0.0736823290188923	0.248900219659924	0.297795602704668	2.08271628525513	0.617850533304408	0.58526769147346	0.352974965923437
20	snp2675	-0.0195387591059618	0.0750440398769875	0.0257396715279713	0.0781752783515914	0.0677893618931173	0.108409446813544	1.49671423177736	0.794583084348046	0.741962275069456	0.473143234069245
20	snp2676	0.0446371520321784	0.0653209185793076	0.0294365393093484	0.0642903741976102	0.46696936334991	0.209643593361551	0.745671457695183	0.494384716986282	0.647046895354983	0.688778369967707
20	snp2677	0.13715636713878	0.072159030992524	0.0425741927707911	0.0731550921559758	3.61285525015429	0.338691050454208	4.86148351571545	0.0573346044208098	0.560585748547207	0.0879715547831886
20	snp2678	0.0189822606986701	0.0801738863394658	-0.144520504588422	0.080756884100357	0.0560570184855001	3.20257884569618	11.6241247857536	0.812840165159174	0.0735222530631423	0.00299125456424687
20	snp2679	-0.041908214600198	0.0683762738769993	0.0433870951694983	0.0725486136702007	0.375653515345895	0.357653857092559	1.31633279942236	0.539938630330796	0.549812119138433	0.517799902629541
20	snp2680	0.0401374418204386	0.0790902077536455	-0.11969972377686	0.0824352125174507	0.257545487797109	2.10843769820503	1.55306476858006	0.611811474342134	0.146488804496156	0.459998346399098
20	snp2681	-0.000724234855766618	0.0754021844064186	-0.0714593525224464	0.076455994792004	9.22552287379218e-05	0.873564681074018	0.816960866142078	0.992336469699828	0.349970340917505	0.664659477709046
20	snp2682	0.031109901793792	0.0713367143607711	0.0153062956826618	0.0737088061046563	0.190182729021835	0.0431222530449346	0.718486845696352	0.662764577257332	0.835495246628403	0.698204371767171
20	snp2683	-0.0616767789319993	0.0733556764604681	-0.0207214005399737	0.0765576876907263	0.706929193119552	0.0732589341390577	2.21326348240101	0.400465134114324	0.786649562272218	0.330670872497263
20	snp2684	-0.0170824920253799	0.0725252025643211	0.0666811126078256	0.0728977400421166	0.0554784798221737	0.836714983128287	1.64911144306405	0.8137906443193	0.360337980539131	0.438429734092566
20	snp2685	0.0097528549710383	0.0650318371301639	-0.0645017739830912	0.0657869453212475	0.0224911409111309	0.961310919888108	3.26926012938759	0.880787915787911	0.326856813335502	0.195024504405824
20	snp2686	0.105380376409944	0.0675241651830736	-0.0979423896286011	0.0663736955602299	2.43557239898848	2.17745602894646	5.81248114709348	0.118610591909448	0.140045783313861	0.0546809128125543
20	snp2687	0.0157713036731543	0.0893971119071123	-0.022454841808816	0.0914203614205801	0.0311234843248677	0.0603301120530282	0.405685867807274	0.859965177975638	0.805974943733327	0.816406461131758
20	snp2688	-0.0577683114746135	0.0795875965065026	-0.0566681686733144	0.081238806760636	0.526851921421032	0.486576672539867	0.967835421714708	0.467933392348167	0.485458359497339	0.616363919884017
20	snp2689	0.0900765034134887	0.0696281836192855	0.078488572585102	0.0702113504764551	1.67360477747161	1.24967824319255	3.17500862401983	0.195776399116345	0.263613939983452	0.204435182034041
20	snp2690	0.0620859262949458	0.0629682046318224	-0.0528121498425885	0.0656544905785298	0.972173342874214	0.647051460442862	2.11499058516259	0.324138750964426	0.421168836076593	0.347324668431875
20	snp2691	0.134716647589001	0.0756259087577404	0.0223484336119078	0.0795753143911522	3.17322831627517	0.0788746512386682	1.62072210431764	0.0748543518779852	0.778828280299696	0.444697478249825
20	snp2692	-0.0374759527529553	0.075477601417413	-0.105453685685257	0.0750747425486782	0.246529664528991	1.9730396977728	4.3917508595932	0.619529317535427	0.160125584517575	0.111261117560954
20	snp2693	-0.139631981369802	0.0710274009930845	0.00113849729044234	0.0717010951186827	3.86471928680295	0.000252122976108263	2.41367311401604	0.0493114420273849	0.987331417469619	0.299142103183836
20	snp2694	0.0413269618912416	0.0737217020075103	0.100177576439118	0.0770924480582554	0.314250699536192	1.68856338524374	1.1883580085476	0.575083424720283	0.193790454907039	0.552015582313976
20	snp2695	-0.06223746625623	0.0650024667580209	0.187739497491132	0.0659307458443255	0.91673567407269	8.10840298179884	16.1030604052948	0.338333539935139	0.00440605274920558	0.000318614005275997
20	snp2696	0.0374649001332164	0.0630864727935404	0.0674855872318762	0.0651038615459426	0.352676616622004	1.07450530684196	1.34885251433486	0.552601859086285	0.299930016543665	0.509448629272828
20	snp2697	-0.00271502502322766	0.0633061569368832	-0.0369736790143867	0.0648603631728877	0.00183931356253322	0.324957512038764	0.123561527855201	0.965791437054217	0.568643483027374	0.940088965612835
20	snp2698	0.0358216988049843	0.0705132859784107	-0.039932055852149	0.073326521547185	0.258077681580312	0.296565872448841	1.08658665947799	0.611443899615049	0.586043363097397	0.580832227007529
20	snp2699	0.026138651390438	0.0760589057487331	-0.0246207564490789	0.0764715053751433	0.1181044352689	0.103658162267279	0.542614933202246	0.731099545428363	0.747483091027571	0.762382053346508
20	snp2700	-0.104459580055322	0.0773369010021377	-0.0953205220405784	0.0791812545643272	1.8244124218046	1.44919913888557	2.85912517698229	0.176788950575425	0.22865650091901	0.239413621617201
20	snp2701	0.0477010203094112	0.0744656878722047	-0.00222200215538706	0.0744808604733255	0.410339122942747	0.000890019620935726	3.39505576559052	0.521797430129888	0.976200083463722	0.183135697818558
20	snp2702	0.0873222444589201	0.0794593294606982	0.0323539951736757	0.0827446709701672	1.20770256368177	0.152888833119989	0.431951033610991	0.271787601043444	0.695789831899383	0.805755029089086
20	snp2703	0.0567888053373481	0.0687410634976037	0.0994493017843069	0.0708071636408046	0.682484781135451	1.97264565748688	3.27367757285846	0.408732409655555	0.16016732016183	0.19459422490277
20	snp2704	0.0340976445602335	0.0710548821783796	0.0133662743300781	0.0729673967193822	0.230282487103529	0.0335554476222374	0.743416898663433	0.631314447643962	0.854655640286925	0.689555253515335
20	snp2705	-0.0623337854428389	0.0695259728757096	-0.00298525045391838	0.0713630766195417	0.803808980967227	0.0017499047732014	2.10126360986996	0.369956981275231	0.966632734129666	0.349716726543257
20	snp2706	0.027948575429757	0.0690453168892107	-0.0196592855019573	0.0677203967980631	0.163851679853244	0.0842745556394539	1.58577798170419	0.685634844047642	0.771586125349883	0.452535533953136
20	snp2707	-0.059219039736347	0.072385058695332	0.0820546456674194	0.0747842180031699	0.669306218234634	1.20388896980691	2.8759315491591	0.413293595518921	0.272545781728772	0.237410213696401
20	snp2708	-0.0317357132436154	0.0828756716386626	-0.0382617089628527	0.0807110148868116	0.146636607524226	0.224731065689087	0.186885054113591	0.70177048318127	0.635458488908643	0.910790361724725
20	snp2709	0.0727020446002943	0.0825634093617961	0.0139540799935435	0.0847724777339397	0.77538610243204	0.0270952188227523	1.05397240886387	0.378555958601472	0.86925390846945	0.590381580553564
20	snp2710	-0.181883396381137	0.074392497374811	0.0322779037808953	0.0750079210641871	5.97761354173863	0.185180984231205	6.68013990640547	0.0144885940454541	0.666958078831651	0.0354344788796134
20	snp2711	0.0466390701683959	0.0820471716869988	0.0219915369163113	0.0857567412108964	0.323126470874429	0.0657619412878307	0.123322939911992	0.569734780740776	0.79761040060833	0.940201119248698
20	snp2712	-0.0276524218685083	0.0711643808407956	-0.00105900072823705	0.0736784130644257	0.150987501113502	0.000206591282251369	0.536329126195229	0.697593447513973	0.988532173765347	0.764781915865687
20	snp2713	0.0233374865314012	0.0813880375280253	-0.0826897020615929	0.0825075829372068	0.0822218051447041	1.00441947549105	2.51538900252255	0.774308766933198	0.316243482025531	0.284308744936361
20	snp2714	-0.0698858579573289	0.0819656351528327	0.0670815066564145	0.0854763460739145	0.72696748254909	0.615904984963575	1.06169426486728	0.393867914932344	0.432573102299206	0.588106554459594
20	snp2715	-0.0852863270993581	0.075825581768525	-0.0193381859965214	0.0753283361120178	1.26510718186819	0.0659044464668032	2.04097600265965	0.260686580050798	0.79739600157586	0.360419012292757
20	snp2716	-0.0307658177908369	0.0669804326986495	-0.069417801356908	0.0678347190209936	0.210979874508382	1.04721932454227	0.454622875050441	0.646000470190603	0.306148371658271	0.796672629897896
20	snp2717	-0.14834841525424	0.0751294614305746	-0.10924813360478	0.0792332100925986	3.89892850348726	1.90113759208186	4.87893329746346	0.0483169140420228	0.167951041552749	0.0872073512119002
20	snp2718	0.0163072272846308	0.0818137811255323	0.149704910991856	0.0830814732547094	0.0397289712431664	3.24686114870607	7.20322177251451	0.842011436886454	0.0715603744100213	0.0272797424711851
20	snp2719	-0.0966295127869209	0.07856340227085	-0.0076158681233594	0.0812525217774111	1.51279128548885	0.00878547268589292	1.29358124817047	0.218713654547231	0.925322961511254	0.523723909342093
20	snp2720	0.120800311966853	0.0679258736562118	-0.1270530638004	0.0710714150030589	3.16275569008869	3.1958056495453	10.0431321493371	0.0753359157129337	0.0738273853596269	0.00659419162220898
20	snp2721	0.0585713368573774	0.0737409788402737	-0.0941091539089264	0.0744270695521218	0.630888305325264	1.59882856352847	3.19417688862133	0.427029664818633	0.20606929937823	0.202485207535603
20	snp2722	0.091437503262667	0.0741336488932089	-0.0136582011770306	0.0742640408185867	1.52131085562949	0.033824381059929	2.01341763425478	0.217421229449999	0.854080875532726	0.365419665593798
20	snp2723	-0.110992057630633	0.0734205355451264	-0.098670621162046	0.0783937804347456	2.28532888722974	1.58420911600042	3.04889708118974	0.130602454519638	0.20815544459693	0.217741099139974
20	snp2724	-0.041998555010506	0.0593594239788859	0.0206542103423966	0.0605123992748148	0.50059826614455	0.116500676064526	1.18659375875907	0.479237367138639	0.732861222537582	0.552502743838222
20	snp2725	-0.00643268735109009	0.0618628880459328	-0.0277623627118297	0.0625300633727125	0.0108124597957524	0.197122006052056	0.523137648186373	0.917182856610322	0.65705397772349	0.76984288986223
20	snp2726	0.00278913588981583	0.0713775863449738	-0.0195261563732112	0.0727425114738994	0.00152691770912034	0.0720538089250811	0.804466873653349	0.9688299594852	0.788369577044474	0.668824599173849
20	snp2727	0.0778120217048333	0.0628709694709869	0.0567048472314471	0.0641808688825311	1.53176832302295	0.780601146678695	5.31378262058843	0.21584724488642	0.376957350813539	0.0701660074001543
20	snp2728	-0.0781513029655639	0.0770476944138881	0.0442496701122245	0.0809324683750544	1.02885258131486	0.298933441615735	3.36298619386874	0.310428315737533	0.584551830862933	0.186095909269119
20	snp2729	0.0137570016625377	0.0702125535706264	0.0347086320084696	0.0710945698733021	0.0383899938942351	0.238342851957758	0.0949221717129614	0.844662101426891	0.625405564576611	0.95364758278948
20	snp2730	-0.106430991988292	0.0670660695435138	-0.1206239607249	0.0681156702477485	2.51843363027426	3.13597867221656	7.24471592706459	0.112522304575774	0.0765824106420161	0.0267195983154183
20	snp2731	0.127867244662729	0.0789097111394385	0.0057866220939916	0.0810452363255511	2.62577619450956	0.00509794629242487	0.706426392648907	0.105141078485934	0.94307948600639	0.70242742246784
20	snp2732	-0.0347616131505692	0.0744351277089019	-0.0412172362867422	0.0740056107702643	0.218094125954263	0.310190463304017	1.7103595305164	0.640495951555549	0.577563332972806	0.425206746810839
20	snp2733	-0.11503863725646	0.0733879942126643	0.0560540068270823	0.0750824621682079	2.45718254051675	0.557360660627664	6.76040203921073	0.116988457922422	0.455325631463988	0.0340406112165486
20	snp2734	-0.0625020958890767	0.0624283683538224	0.062144884956932	0.0654309378868561	1.00236338296489	0.902078819248094	2.92393914384022	0.31673931335043	0.342224914239373	0.231779318835688
20	snp2735	-0.0545118781082827	0.0664841043433877	0.0410580415071733	0.0692435307912832	0.672274510844543	0.351591242594197	3.38090662012664	0.41225973127307	0.553213745496132	0.18443589839148
20	snp2736	0.00221211173706068	0.0672250180134385	0.00664965695621542	0.0671401350682354	0.00108281001903435	0.00980921066457589	0.0193769444292585	0.973749485276968	0.921105352130783	0.990358309828223
20	snp2737	-0.162787645222609	0.0620629187868388	-0.0452441452904163	0.0627769207200939	6.87984239219558	0.519427284106459	5.09550426840647	0.00871732502213307	0.471086088564511	0.0782573805248566
20	snp2738	-0.0171184060784062	0.0751356686274196	0.0233277819828789	0.074796676075743	0.0519080049918749	0.0972707576590012	0.0170047200030819	0.819775850717082	0.755129744803827	0.991533682839186
20	snp2739	-0.0315570917805116	0.0757110975467184	0.0424918637602564	0.0758332618455276	0.173730016897894	0.313972844054695	0.173643808338436	0.676817878107684	0.575252460420535	0.91684036654056
21	snp2740	-0.112487222778529	0.0770542412178419	0.0191788070041529	0.0777588773716365	2.13114643914792	0.0608335574300951	2.63666629944364	0.14433277060764	0.805183286817452	0.267580947827527
21	snp2741	-0.119418161238322	0.071811958217326	0.10840624394487	0.0708667095344872	2.76533162580447	2.3400441865513	6.85806040648813	0.0963267228124928	0.12608597743099	0.0324183647579798
21	snp2742	-0.0136117600384794	0.0759559442870448	0.0460664701963934	0.0762690612950906	0.0321147861258387	0.364815321696224	1.07382361763955	0.857775962116181	0.545844015489492	0.584550672063096
21	snp2743	-0.0876304716716394	0.0765356854789046	-0.111243353006784	0.0775968117151943	1.31093858445573	2.05522978992986	1.33135604464396	0.252224789842981	0.1516843691587	0.513924956957972
21	snp2744	-0.040539480175116	0.0698217712622474	0.00731049412421765	0.0707989474214012	0.337112322213583	0.0106620290808664	2.75175242131821	0.561500805698403	0.917758921339329	0.2526181520857
21	snp2745	-0.170846132084377	0.0646625832770616	-0.0133023106509148	0.066358140871128	6.98078400227853	0.0401851645839565	9.3091365779286	0.00823895082294179	0.841118979575782	0.00951802139000546
21	snp2746	0.190383848124741	0.0518798653533138	0.0180792833261594	0.0526385561188657	13.4667414132173	0.117965356772056	9.87379060349776	0.000242829678483325	0.731251787228864	0.00717684575920963
21	snp2747	-0.0936628987889103	0.0678161508400894	0.0498319360972142	0.0681484123583632	1.90751919624789	0.534692431387237	0.809760486868723	0.167239090919917	0.464640717270007	0.667056690493663
21	snp2748	-0.068469573610016	0.0668062310176479	-0.101472411228104	0.0675154243099486	1.05041594269726	2.25886334439786	2.71338724533278	0.30541131098029	0.132851539777564	0.257510798801008
21	snp2749	0.0881879457544402	0.08188286438021	-0.0717332126492955	0.0786582903956832	1.15993165207922	0.83167099847164	1.68779773685536	0.281479715639018	0.361789787035132	0.430030617892758
21	snp2750	-0.0162832345803407	0.0671690953904172	-0.15212794783295	0.0671283336300351	0.0587681960931708	5.13577844816672	11.3466553088699	0.808453556685524	0.0234375742942371	0.00343641104036496
21	snp2751	-0.0327573641927279	0.0829473524884229	0.0291540401500346	0.0842155111243729	0.15595986148082	0.119843178083116	0.301979295788382	0.6929037466992	0.729204637801701	0.859856599939635
21	snp2752	0.0117754746317642	0.0631171107890097	0.0315812339431788	0.0637934960896244	0.034806681645287	0.245078595306425	0.17793327124662	0.852001327469947	0.620561908879601	0.914876097335982
21	snp2753	-0.0213444880289927	0.0725005710334528	-0.0140677006394161	0.0702977238694933	0.0866739581642346	0.0400464210256323	0.500667127802886	0.768448895472354	0.841389845478037	0.778541046565526
21	snp2754	0.181536973881452	0.0747183168471455	0.102235633887949	0.073842806354847	5.90304403823507	1.91685031799294	5.28889944729263	0.0151147403646731	0.166204295541245	0.0710444370591121
21	snp2755	0.0921270020308847	0.0726939170433507	-0.0406659270620693	0.0733404218717117	1.60611905777673	0.307450035229484	2.22583073476865	0.205038202143829	0.579249177214674	0.328599574790115
21	snp2756	-0.0928470834421989	0.0754454953601267	-0.0583389097099028	0.076019007231256	1.51450218171182	0.588941596728421	1.60383304721345	0.218453376640406	0.442828688776207	0.44846863923012
21	snp2757	-0.0930276888235061	0.0757160840783222	-0.119947920195888	0.0765897132743996	1.50955233182049	2.45270070957751	1.50106433966887	0.219207409271178	0.117322854143437	0.472115240387208
21	snp2758	0.147888650638923	0.0721973476943042	-0.0198384350623341	0.0729069677078512	4.19592006776677	0.0740417626242505	6.49964809319185	0.0405213590634503	0.785540392757331	0.0387810308858324
21	snp2759	0.0879538405170203	0.0802052416953947	0.0358768567913728	0.0808672708825097	1.20255268327141	0.196826332658985	1.73444691184568	0.272812075460376	0.657294826979839	0.420116403075977
21	snp2760	-0.0819663572826287	0.0645743511751143	-0.150699371454413	0.0678411247385667	1.61120635855295	4.93442784668423	10.0309157920056	0.204322308158633	0.0263267769282277	0.0066345933877795
21	snp2761	-0.0279443863480685	0.0648950670735386	0.134320116542566	0.0647974384374756	0.185423930537034	4.29701079175812	6.19139642808755	0.666752848340135	0.0381794230753818	0.0452434118440039
21	snp2762	0.0685783373239005	0.0763013002101763	-0.00174011836779465	0.0780356088742866	0.807811489308592	0.000497246730047459	2.68186518787047	0.368768076586729	0.982209422797836	0.261601586730157
21	snp2763	0.0443159505368571	0.0669684562755705	-0.0746872389254403	0.0678006171854518	0.437904655275712	1.21346013847408	0.562680230568288	0.508135526639423	0.270647931430568	0.754771582468636
21	snp2764	-0.0390594011491979	0.0626953800547377	-0.0314078264728293	0.0638742767041475	0.388132564886009	0.24178189379374	0.980488392633005	0.533282641721904	0.622922089075011	0.612476811340097
21	snp2765	-0.0766778828837795	0.0719189577752056	0.101425558428876	0.0732510203983936	1.13671988235484	1.91720016335584	2.33794005924424	0.286346501305429	0.166165641444272	0.31068677470247
21	snp2766	0.0192700141244314	0.0805662993183074	0.0828511651407092	0.0803373881004774	0.0572080619043391	1.063559581856	1.21499424313327	0.810964406433371	0.302404728679551	0.544712513550931
21	snp2767	-0.0905904413626727	0.0708644688823988	0.0606512880287863	0.0718701730505483	1.63420930177841	0.712168360515758	0.0462573230526106	0.201121830125986	0.398724907254086	0.977136755778865
21	snp2768	0.0182892509271301	0.0780811023862901	-0.120106795012151	0.0772693856560015	0.054865578700205	2.41612966586498	1.94542379176517	0.814803301128983	0.12009131023048	0.378056397074191
21	snp2769	-0.0248366538382692	0.0654926671229848	-0.063916367670425	0.0657059882973348	0.143813883749536	0.946268250236846	1.69952029155902	0.704518553146937	0.330671004584297	0.427517461519639
21	snp2770	-0.182158376587358	0.0746578354433921	0.0822560661087627	0.0744284514952782	5.95315932506969	1.22139996774469	11.2826827655932	0.0146909337752589	0.269086082680255	0.00354810584458587
21	snp2771	-0.000958068717960895	0.066063249132724	0.0279402606982913	0.0673950046432702	0.000210316556043275	0.17187214333297	0.0800800092150339	0.988429248427674	0.678453306307981	0.960751003916702
21	snp2772	-0.141977913178522	0.0654366441745419	-0.21690813482803	0.0670786273461851	4.7075998349355	10.4564278709953	14.6602057043713	0.0300295495793769	0.00122223400059851	0.000655506163416808
21	snp2773	-0.106518878830404	0.0735896647062314	-0.0535915326149282	0.0760173558977934	2.09517124424778	0.497011955128413	1.59710758881186	0.147765154596092	0.480815993709119	0.449979256293457
21	snp2774	-0.0415560362232988	0.0742636473844251	-0.179305712308471	0.0776900764315794	0.3131235136013	5.32668669974017	4.41465248043561	0.575769767739051	0.0210012729401782	0.109994354171804
21	snp2775	-0.113378763114023	0.0717747221084895	0.0300520734106358	0.0732185625384986	2.4952863462776	0.168463758360026	1.90143783441117	0.114187605992376	0.68148073858816	0.38646308859668
21	snp2776	-0.0343079229455763	0.0642459163737991	0.0764119290535557	0.0660557692329336	0.285166034140825	1.33813773806059	1.12377737528515	0.593335033920732	0.247362649010513	0.570131246499146
21	snp2777	-0.0301975623343654	0.062353735871092	0.0938854624118611	0.0628520434979782	0.234541022888112	2.23129963543541	5.18705422338854	0.628176981160095	0.135240049207959	0.0747559021205241
21	snp2778	0.0255959600092418	0.0717014489936721	0.0730088988999159	0.0739308821134892	0.127434488865473	0.975213761393567	0.288247555954347	0.721107021085314	0.323383314960056	0.865780576858145
21	snp2779	-0.0978617531374554	0.0700459131737911	0.0195329006123729	0.0696635256005834	1.95191265750135	0.0786181066969342	2.46119787617091	0.16238089268055	0.779178917622339	0.292117564940121
21	snp2780	0.090615039147559	0.0693990857135527	0.0278613137451326	0.0697026689004599	1.70487705907196	0.159773359413108	0.665228038772053	0.191651397275963	0.689365264955206	0.71704690695477
21	snp2781	-0.0573146536228006	0.0766258888076662	0.00997284903327192	0.0805575133612804	0.55947449648088	0.0153259140507951	0.623147485177837	0.45447205341966	0.901475313748617	0.732293607287775
21	snp2782	-0.0386645858920653	0.0795257903123471	-0.0357219244926857	0.0814646156206843	0.236380005699852	0.192278918583069	0.2808139773579	0.626832978699458	0.661026623228856	0.869004488429435
21	snp2783	0.00626301245328319	0.0678411676784244	0.015955507811585	0.0695711038104751	0.00852275338332365	0.0525973028030201	0.440818346743663	0.926444783971939	0.818603874724947	0.802190495810787
21	snp2784	0.00544799321468551	0.0686299635908172	-0.163110653884159	0.0699283415989776	0.00630152377326791	5.4407428496573	13.4094603482385	0.93672867591507	0.0196723012040407	0.0012251032239099
21	snp2785	-0.120846147978785	0.0742795460004659	0.089357144171722	0.0738668339540599	2.64683666478802	1.4633883423263	5.66252464181847	0.103756180085893	0.226391768628741	0.0589384075077062
21	snp2786	0.0310120323270382	0.0681650582211367	0.0187455031721606	0.0686140460641839	0.20698402885233	0.0746394009657736	0.228656106127132	0.649141631586564	0.784697846779096	0.891965295933111
21	snp2787	0.0730503941433814	0.0713565444975368	-0.0666121386071868	0.0731839174426369	1.04803914810743	0.828467446563641	2.64242369451346	0.305959121227177	0.36271605745349	0.266811770857724
21	snp2788	-0.0481591949137411	0.0738893753654014	0.0169491265650063	0.0717344507015745	0.42480972063125	0.0558263316481887	0.824067982457877	0.514546791804882	0.813218536127855	0.662301763218645
21	snp2789	-0.119514084003602	0.0662507616960935	-0.196032034795313	0.0663782319039095	3.25429128312823	8.72173196026201	10.2929717380055	0.0712367260747224	0.00314439189539861	0.00581982044550367
21	snp2790	0.0506395483368823	0.0834029261636141	0.0923013421045777	0.08044818407919	0.368652404584699	1.31638686738608	1.77413235696061	0.54373974090831	0.251241525895963	0.411862312486979
21	snp2791	-0.0135851087504376	0.077534278825292	0.016553851489717	0.0789814078357667	0.0307000254338793	0.0439287016890531	0.159832861813915	0.86091130552637	0.833986319139184	0.923193493605993
21	snp2792	0.109148648658779	0.0761767219211928	-0.0462222853817861	0.0755791637457627	2.05301520822456	0.374023305991403	2.11886107000638	0.151905089129624	0.54081934779648	0.346653160973791
21	snp2793	-0.016019266030814	0.0844310656915603	-0.0159660742322795	0.086163164309895	0.0359981917119091	0.0343362615540823	0.0846094707264723	0.849519226713035	0.852993374968811	0.958577623559153
21	snp2794	0.00272115727341866	0.0679846086597118	0.157673720274188	0.0685817859739869	0.00160208694879973	5.28568220789748	5.91547124266732	0.968072335424538	0.0215014667331731	0.0519363877720508
21	snp2795	-0.0563847419983885	0.0668226902218608	0.000661554369169286	0.0663241756135842	0.711992277545847	9.94918171337635e-05	0.919461696246783	0.398783216396483	0.992041585743872	0.631453579552794
21	snp2796	-0.120883837929648	0.0680578374773728	-0.175578819239954	0.0691001048570319	3.15486070716176	6.45634657821901	6.29241825820889	0.0757011518097899	0.0110556725657407	0.0430148820446171
21	snp2797	0.0275944928479808	0.0713653772757466	0.0108792295167681	0.0725193860221456	0.149509814029081	0.0225054676155038	1.55931599545554	0.699004238303666	0.880750237077239	0.458562814014607
21	snp2798	0.098197621374504	0.0694103248048559	0.108483425628936	0.0714889446661394	2.0014916506991	2.30276176246403	5.24077426196135	0.157144494753333	0.129144191592857	0.0727746840385464
21	snp2799	-0.103200651934565	0.0725211470262955	-0.0781488557929549	0.0746800789323566	2.02504907644118	1.09505444113338	4.85113697235929	0.154723924987739	0.295354015313306	0.0884278347485281
21	snp2800	0.19384390887577	0.0803112228430318	-0.024875924007926	0.0829784740542564	5.82574995219117	0.0898726514992408	11.434482134772	0.0157932337619088	0.764339115311691	0.00328877189730625
21	snp2801	-0.0318890949735672	0.068860763911866	0.0442630444928394	0.0684704191514257	0.214457241435517	0.417904060988269	1.092661108165	0.643296070715595	0.517984734108917	0.579070785528709
21	snp2802	0.00219649706973009	0.0859827784849993	0.129245351477352	0.0868641328147346	0.000652586832290807	2.21385354467639	1.07968808519676	0.979619633907801	0.136776635318707	0.582839143364607
21	snp2803	0.0223406347125358	0.0733949065047993	0.0759066382828016	0.074981330880118	0.0926529330306104	1.02483329574282	2.26396977380398	0.760831209699769	0.311375274859371	0.322392707861199
21	snp2804	-0.0209935668017122	0.0696124691955108	0.100412754420789	0.0700020792066918	0.0909490957109022	2.05757598038162	1.14621506924968	0.762974026732845	0.151450928187931	0.563770776566248
21	snp2805	0.0972707539545419	0.0780343314206761	0.0371894732699919	0.0780425934125561	1.553792914575	0.227078840950598	2.40079263056296	0.212576376326762	0.633698334428351	0.301074867693859
21	snp2806	0.054723696113696	0.0695621157530137	0.0719124103713471	0.0691570274769683	0.6188783349612	1.08127224519048	1.3395433396376	0.431464409290208	0.298413120343476	0.511825429638726
21	snp2807	-0.0338406144019472	0.0687114194592968	0.00940709025790587	0.0713022697167602	0.242559695050507	0.0174061977250261	1.15155428604743	0.622363450053126	0.89503764255325	0.562267736522905
21	snp2808	-0.0659283644468619	0.0826632961262708	-0.0304730803842465	0.0856381709656117	0.636090877179739	0.126618728542726	0.879611896046738	0.425129902283932	0.721963945318702	0.644161409750432
21	snp2809	0.0121635640982488	0.0747610681642803	-0.106843993437858	0.0756829547776766	0.0264710214838822	1.99298516273673	1.6006618946952	0.870755296739226	0.158029104041305	0.449180284492267
21	snp2810	0.0951255170004962	0.071246228414678	0.0387549836686623	0.0725728539143748	1.78266731778104	0.285171889034491	2.14596114421481	0.181822136003167	0.593331241170029	0.341987677897732
21	snp2811	-0.0373749375000256	0.0709158083751632	-0.0422681959187749	0.0728099547977754	0.277763281659452	0.337012415616671	0.187192695410302	0.598171002644649	0.561558809563726	0.910650274135226
21	snp2812	0.0761672518014166	0.0681094052084741	-0.0718604277276128	0.0694926499351882	1.25061143916027	1.06930562210029	4.60486017751547	0.263435727850716	0.301102341990771	0.100015501625009
21	snp2813	0.0817739424023854	0.0817941083867478	-0.0394106267813508	0.0825157992453284	0.999506969417678	0.228114274504942	0.944118098729565	0.3174298362464	0.632925604346018	0.623716681756473
21	snp2814	0.0872333042630275	0.0708963996038684	-0.0048297364532286	0.0724562119124308	1.51396656880136	0.00444319748123294	3.20319737633724	0.218534819448605	0.946854517355306	0.201574006286567
21	snp2815	-0.136118194500454	0.0701222880680326	0.115429739819871	0.0735951288785694	3.76808076335504	2.46001238275982	7.15607832071377	0.0522395410661776	0.116777861492352	0.0279304116540354
21	snp2816	0.0136628735459808	0.0727275696498363	-0.00134572843483347	0.0763331167843176	0.0352927864106546	0.000310805622687104	1.34824995693183	0.850983464533582	0.985934279006505	0.5096021384177
21	snp2817	-0.0340534855277445	0.0757154222789836	-0.0420839421827604	0.0775396297511847	0.202280697914484	0.294567876962996	0.969251477890589	0.652886196284624	0.587308087557048	0.61592767137267
21	snp2818	-0.0565397108424727	0.0746449648435336	-0.0549106049257789	0.0775920359268296	0.573728112223532	0.500815961143536	0.750488346924416	0.448781255418863	0.47914181520662	0.687121481474891
21	snp2819	0.0669746445376574	0.0707806493950585	0.0831096209879061	0.0711665246204265	0.895347754759093	1.36380126179583	1.72387288503846	0.344032219645727	0.242879774628108	0.422343446145779
21	snp2820	0.00571731634152916	0.0781221469693879	-0.0882766570809134	0.0773097569629739	0.0053559449536061	1.30383652002351	0.584696310037509	0.9416594423414	0.253513626497547	0.746508590013081
21	snp2821	0.0380310915704877	0.0640837816154696	0.0220627344010747	0.0650292771128635	0.352193484976012	0.115106757734628	0.26351495377921	0.552874070128306	0.734403426500492	0.876553553797426
21	snp2822	-0.0221218224192302	0.0684840411872973	-0.0896651452490992	0.0702355317911406	0.104342933883087	1.62979718209145	1.10589822773822	0.746678907447607	0.201731103411418	0.575250826173234
21	snp2823	0.0198404934995218	0.076186831549964	0.0172236856743214	0.0785881756999909	0.0678180214758478	0.0480327849112411	0.126093062614089	0.794540639021746	0.82652242906776	0.938899784438529
21	snp2824	-0.0493256281904212	0.0790884423954332	-0.0515189487420104	0.0793360253113342	0.388972774835108	0.421689810946097	1.1917117155386	0.532839849605721	0.516095063575916	0.551090708710687
21	snp2825	0.113908545504887	0.0679286805756503	0.0619442135852915	0.0675780796417218	2.81194132725153	0.840213770036166	3.45926439293159	0.0935650871247644	0.359335639646853	0.177349627795363
21	snp2826	0.0923739184134458	0.0712060005176332	0.0827426548840204	0.0718150121251967	1.68292804031415	1.32748134556097	2.38650743652877	0.194535838746755	0.249253783716695	0.303233022385251
21	snp2827	-0.0754819290999295	0.0771475097688038	-0.116465390806734	0.0788855156166411	0.957286992198778	2.17971262454513	5.49402746591509	0.327871365988548	0.139840571150793	0.0641190522033265
21	snp2828	-0.0465059718453726	0.0681559586586803	-0.142309506700281	0.0682447651166737	0.465596585887091	4.3483965221972	3.77543211091869	0.495019950684309	0.0370438081659207	0.151417242795251
21	snp2829	0.00202138092224088	0.0727965696824635	0.0358632366374102	0.0722493221601681	0.00077103571443254	0.246394727234177	0.416656156528743	0.977847563390955	0.619625179941955	0.811940612943338
21	snp2830	-0.0270548926039661	0.0668601504007732	-0.0669495629646722	0.067370727629704	0.163740808413051	0.987536182698331	1.42919416284441	0.685735539507519	0.320345299433007	0.48938925610017
21	snp2831	0.110751644604781	0.0652069818215467	0.0163294934288446	0.0646187650811566	2.88477649147937	0.0638598827171438	2.52837280449593	0.0894204142353752	0.800496083379365	0.282469018835661
21	snp2832	-0.0621707250923253	0.0724985257618077	-0.132006075140457	0.0732470860889089	0.735382878608976	3.24793352983536	3.10667735879232	0.391143932972544	0.0715135655406707	0.211540527515009
21	snp2833	0.0473634197575487	0.072680726482142	0.0184427127328453	0.0708872415219919	0.424666091109406	0.0676882755304819	0.237283647562695	0.514617890659995	0.794732871498966	0.888125849358239
21	snp2834	0.0579211523451529	0.0746432831370143	0.00286481580058184	0.079722642619479	0.602133680888097	0.00129130857324208	1.75486915308389	0.437765086251046	0.97133436156721	0.415848371586775
21	snp2835	-0.156473657112275	0.0636166039387341	-0.0491758606250732	0.0651306822126514	6.0498067677387	0.570075903218373	4.58265177274447	0.01390781882877	0.450228756044049	0.101132283004758
21	snp2836	0.0277245762435654	0.071753871467665	-0.0374405832845024	0.0730099786060198	0.149292900997017	0.262978818323029	0.733796722501302	0.699212005212396	0.608081012960292	0.692880064928885
21	snp2837	-0.021724005755063	0.0798321085790543	0.00469739443610559	0.080034043199458	0.0740499241059782	0.00344480421108437	0.10835151872514	0.785528862210977	0.953197069443786	0.947265601071554
21	snp2838	-0.0871974247559456	0.0707220028241133	-0.0251919244098722	0.0704974121991348	1.52019120379419	0.127695719173406	2.22130868102647	0.217590560707177	0.72083326275959	0.329343387832303
21	snp2839	0.0244138707277034	0.0657259559187195	-0.0642671302612338	0.0665091473773982	0.137974700132912	0.933716545473926	0.661569709878022	0.710302793754346	0.333899041583716	0.718359703958582
21	snp2840	0.0658116448937447	0.0750506206645024	-0.0278506703955484	0.0800209692431322	0.768947899587874	0.121133340047596	1.55317086216508	0.380542724904186	0.727808526859335	0.459973945609458
21	snp2841	0.039897299311977	0.0681149202089791	0.0361915187917012	0.0705784443581993	0.343085602416772	0.262947747137929	2.24414244787329	0.558053545651049	0.608102207235854	0.325604695484467
21	snp2842	-0.06242408077573	0.0766444252664735	0.0130024334434279	0.077550399180221	0.663350663565097	0.0281113177113633	0.327247785055195	0.415379519369529	0.866847382508341	0.849061300134483
21	snp2843	0.0984930543821751	0.0708517982665141	0.0682525719525198	0.0689679982092596	1.93245529766065	0.979360990403576	1.73830774277249	0.164490073141417	0.322356618266629	0.419306186154293
21	snp2844	0.0527775800376127	0.0725064907420215	0.0369905249800238	0.0748949133054593	0.529840526776629	0.243936251129632	1.30911677016572	0.466673913045686	0.621377490164884	0.5196715066097
21	snp2845	-0.0571156401533275	0.077288333015281	0.0357717789639888	0.079864830163222	0.546112625124366	0.200618016485421	0.712631868716866	0.459910438147248	0.654222462714347	0.700251351822366
21	snp2846	0.0465739504886774	0.0729131049354213	0.0269574435751313	0.0749813462983012	0.408013909736352	0.129256068400315	0.0903725706053877	0.522979291471427	0.719204622933686	0.955819410139407
21	snp2847	0.0380601472293102	0.0728849604721276	0.0586362324181395	0.0741078874435994	0.27268740732091	0.626041680761661	0.550621175942166	0.601534707416965	0.428810979763076	0.759336245892552
21	snp2848	-0.0335846577842015	0.0744178384379287	-0.0244664620863254	0.0748713437569895	0.203670323050744	0.106785206576024	0.771916689768476	0.651774436232751	0.743834243214762	0.679798842190019
21	snp2849	-0.0505551123812401	0.0764646884012797	-0.10924138957452	0.0844689633052405	0.437127686183999	1.67255382749089	1.23539462912389	0.508512066868507	0.195916819227008	0.539184581700518
21	snp2850	0.155576171056419	0.0711954417046409	-0.130175662189059	0.0717749541761188	4.77509240070869	3.28937769609313	4.94328779280372	0.0288742968680805	0.0697294455928437	0.0844459244844644
21	snp2851	0.0887445551654179	0.076444630170938	0.0800129247433921	0.0753300607122149	1.34768832404235	1.12819366397398	2.37165952751726	0.24568265398923	0.288160961796925	0.305492587624847
21	snp2852	0.0683992068763962	0.0632863736084526	0.103745483394501	0.064870431749804	1.1681045356696	2.55767183077369	2.59176272877462	0.279791049922766	0.10976011566577	0.273656566859183
21	snp2853	-0.00162985098719103	0.0735928890964651	-0.0779746090751164	0.0740757981036651	0.00049048315228912	1.10803564978212	1.6368884698653	0.982330811357818	0.29250935358806	0.441117395976632
21	snp2854	-0.0262378042788316	0.0656563597315714	-0.0922459764857388	0.0660152174585209	0.159698698357328	1.95257061254003	1.61235328981653	0.689434069403436	0.162310111855861	0.446562172200778
21	snp2855	-0.150953639625462	0.0686603068481411	0.0805348968157964	0.0665396861008368	4.83365553243905	1.46489574535688	6.82890840492032	0.0279093944479359	0.226152760056545	0.0328943554611588
21	snp2856	0.00305673792205942	0.064028581181411	-0.13715268045547	0.0641172933828287	0.00227912766643746	4.57570731942801	7.23520308896704	0.961923287545087	0.0324283556956098	0.0268469906473064
21	snp2857	0.0494160038943028	0.0668109074872839	-0.0798704779360956	0.0674806812414708	0.547066981547937	1.40092101405606	1.26996156861585	0.459518606511819	0.236569423746457	0.529945671492569
21	snp2858	0.0396803394436295	0.0699055464199028	0.129582274514886	0.0694586715246953	0.322201447976862	3.48047286375846	3.50624654834987	0.570287649271365	0.0620969930076603	0.173232046467526
21	snp2859	-0.106227255134625	0.0712756180274219	0.047171869120661	0.0744728313832367	2.22121161507091	0.401208789348078	3.29041468205176	0.136126193383224	0.526465647168647	0.192972547519532
21	snp2860	-0.00766744240446563	0.0818258317972421	0.0930133062301616	0.0825602634907506	0.00878051900292856	1.26925248774578	0.9925885022734	0.925343956214312	0.259906959529508	0.608782479778304
21	snp2861	0.12952964184461	0.0707722238731882	-0.000334227667936584	0.0713581663324902	3.34975191511596	2.19380203089435e-05	2.86349092048893	0.0672151427210288	0.996262878732807	0.238891582364873
21	snp2862	-0.0473964242319024	0.0573739625143577	-0.23770247358953	0.058153590963961	0.682435272029522	16.7076099336572	18.1922296083096	0.408749406262386	4.36057321987482e-05	0.000112100495901379
21	snp2863	-0.00860170481932047	0.0785550703828845	-0.0143879045615986	0.0804062342578573	0.0119900398313482	0.0320195814772762	0.467459746522387	0.912806682905648	0.857984687193808	0.791575612756952
21	snp2864	0.077229259531785	0.0716892614415949	0.172193367131901	0.0718642106828298	1.16052774936735	5.74126399620169	7.17412463925474	0.281356116754266	0.0165708632616451	0.0276795246998754
21	snp2865	0.0984267858669918	0.0675642782933696	0.0439659741782651	0.0686964238998826	2.12222938041756	0.40960489822297	6.98439723683259	0.145175089102095	0.522170111540819	0.0304338860573844
21	snp2866	-0.181628966792444	0.0690872108382675	-0.0984801450953168	0.0712928028033166	6.91154126241881	1.90812131005018	5.41510939327058	0.00856411378350419	0.167172095976976	0.0666997084833026
21	snp2867	0.0741482811878115	0.0710603504218025	-0.000170352406107612	0.0798235465024353	1.08879843213164	4.55443497145813e-06	1.93180541726835	0.296737590848808	0.99829722610044	0.380639438097102
21	snp2868	0.0929483010702453	0.0710705103438827	-0.0396366016603313	0.0687674603491556	1.71042503288633	0.332220825346469	1.59449474357094	0.190930233943989	0.564354302618236	0.450567503538705
21	snp2869	0.0485958529274323	0.0696480588281833	0.01076583898742	0.0705883009234347	0.486833420969129	0.0232611029618424	0.492198254402296	0.485343253412146	0.878780042455136	0.781844719005341
21	snp2870	0.0674347237620298	0.0730474798001775	-0.126857773272219	0.0744909128222327	0.852229751866703	2.90019751129017	4.21880946567209	0.355922316176649	0.0885686996459433	0.121310156897999
21	snp2871	-0.00496341706651443	0.0795442470555981	0.0023342775395883	0.0843565683727112	0.00389353415501973	0.00076571503369834	0.394560233691108	0.950245736070201	0.977924109716406	0.820960636197393
21	snp2872	-0.00827625730037766	0.0653205982537698	-0.0456482814071188	0.0653910366215113	0.0160534234182809	0.48731796160935	1.5750447694207	0.899176179697206	0.485126145863789	0.454970642218142
21	snp2873	-0.090409854018109	0.0650540129052543	-0.0525475231960417	0.0665764118112751	1.93144948001586	0.622965120672017	5.4462368505726	0.164599951708776	0.429947558122562	0.0656696488958209
21	snp2874	-0.0158682912538382	0.067070150050507	0.000269206183474076	0.0691380779361338	0.0559759883248935	1.51612656915037e-05	0.393704098296352	0.812972976440812	0.996893247236285	0.821312138154517
21	snp2875	-0.040938223559282	0.0633415547675997	-0.032842404751356	0.0661622754212556	0.417715458963589	0.246404725517852	0.171016552255857	0.518079192575954	0.619618075820315	0.918045545160343
21	snp2876	0.0230827479197463	0.0760446913826725	0.0976541875139359	0.0770359280764079	0.0921376675925401	1.60692313738058	5.12620679388283	0.761476943028539	0.204924854034267	0.0770652050272383
22	snp2877	0.180112276193492	0.0760219759094501	0.0298307928241908	0.0764602563792791	5.61317164696887	0.152215224308817	8.03119834850373	0.0178259697452239	0.69642733583887	0.0180321469151077
22	snp2878	0.00274104801522888	0.0720124719655426	-0.122251377852433	0.0724564372233588	0.00144883139444284	2.84677782614965	7.31365690523635	0.969637038721682	0.0915572693353368	0.0258142541646296
22	snp2879	-0.10407188374977	0.0677806960015472	-0.0550976692813234	0.0685419736999712	2.35751672818978	0.646179600965141	3.76677718833762	0.124680522091527	0.421481892596701	0.152073914888914
22	snp2880	0.0681787657133991	0.0724420371460329	-0.0202423987662562	0.0750278799953473	0.885761827236967	0.0727911535428761	1.07496743324442	0.346628402578994	0.787315386745038	0.584216458551591
22	snp2881	-0.177956500938006	0.0689597825194146	-0.0377912505891638	0.0697864049312407	6.65941299706829	0.293251927610842	7.23359146682899	0.00986334006966494	0.588144115397544	0.0268686329681799
22	snp2882	-0.0473156775268844	0.0756508681528035	-0.135226942125745	0.0783408611581756	0.391185090620632	2.97954378992136	3.04500317643988	0.531677124782615	0.0843230372045765	0.218165443645291
22	snp2883	0.0246123308107051	0.078509888580775	0.0443257340932732	0.0800801099603988	0.0982781031059567	0.306381509839468	0.857438195090194	0.753905844795595	0.579909170623454	0.651342867296354
22	snp2884	-0.0785008321405333	0.0712316290320871	0.115499414651603	0.0738223167993383	1.2145146779572	2.44784675080928	6.95785908299605	0.270439841135078	0.117686207280039	0.0308404067449344
22	snp2885	-0.00229049368159775	0.0683360221920165	-0.140135191183836	0.0697071155448099	0.00112346308270524	4.04147778933962	3.26042603947909	0.973261431572931	0.0443949300394231	0.195887841705132
22	snp2886	0.0719531367236531	0.0715883430637102	0.04066820203283	0.0730563879695864	1.01021739255899	0.309880003691314	2.39977089769421	0.314850764120694	0.577753829197354	0.301228716032628
22	snp2887	0.0268744267501135	0.0704641200229593	-0.0695715124936635	0.0729839089490761	0.145459587970006	0.908675147295562	1.85918442210199	0.702912658637494	0.340466185643708	0.394714637824469
22	snp2888	0.046164555575712	0.0662624805125394	0.04245145061973	0.0671866118453892	0.485380068853866	0.399226709519968	0.938836537932821	0.485995419963961	0.52748888666242	0.625365957272554
22	snp2889	0.0218336586156713	0.0696072455893425	0.0159830857948407	0.0690673654543404	0.0983884533459318	0.0535519735733183	0.110768565617083	0.753772191304558	0.816993971724317	0.946121499858916
22	snp2890	-0.0532129455997993	0.070281336496462	0.0818474840853164	0.0719340910488	0.573263877211422	1.29461652952143	1.93118558119058	0.448964845706791	0.255198922944118	0.380757423407223
22	snp2891	-0.142031174423682	0.0731153894309206	-0.101549917868899	0.0732547468436353	3.77354698037305	1.92170893457804	1.69043528676017	0.052069106454802	0.165668390802714	0.429463878068395
22	snp2892	0.00595254701540128	0.0692854596957856	-0.0158327805469447	0.0718216970100933	0.00738110635348662	0.0485962837779716	0.810196829157476	0.931535286747521	0.825524097617267	0.666911173846478
22	snp2893	-0.0371316673178855	0.0610347089061293	0.00269330914420701	0.0622649069028306	0.37011368731445	0.00187105142911948	2.83246181861128	0.542942305338822	0.965497742694347	0.242626778007964
22	snp2894	-0.0192773147093642	0.0677431879800777	-0.0242836323204484	0.0719471547464686	0.0809770243354425	0.113920019211063	0.0209043368248238	0.775977718284313	0.735724637809406	0.98960226568333
22	snp2895	0.103727815916965	0.0690357262191154	-0.102979600695273	0.0701852307092641	2.25757751807661	2.1528359811551	5.0642831083243	0.132961907706664	0.142306816372387	0.0794886087173833
22	snp2896	0.0637661329575231	0.0677877573231074	0.302444237595304	0.0682264690850515	0.884866245587518	19.6510082079072	18.2467458521575	0.346872308926373	9.29542521654891e-06	0.000109086116713342
22	snp2897	-0.242719019415842	0.0662331243956919	0.0979304456188028	0.0648222571205236	13.4294161844887	2.28237584858362	21.1482738576663	0.000247709192368162	0.130851290420896	2.55688197116077e-05
22	snp2898	-0.0432359033280074	0.0858663968742538	0.0623921025833679	0.086715000151669	0.253537728701557	0.517691202060838	1.29441857196957	0.6145949965261	0.471828214537019	0.523504691987547
22	snp2899	0.0643841710589384	0.073788988998275	-0.117182357947134	0.076776619774206	0.761333775540393	2.32952025011238	4.14701406686264	0.382911443081381	0.126940994495982	0.125744019041038
22	snp2900	0.174869900942319	0.0643124232118673	0.0917981636122974	0.0678380661822229	7.39333493065837	1.83113797049178	6.80008234052636	0.00654659972650506	0.175993193207521	0.0333718960023021
22	snp2901	-0.0209477551090818	0.077413713962634	-0.0109891031791283	0.0787793403049358	0.0732215923609954	0.0194580727468907	0.0485189461921434	0.786702629474676	0.889061222335852	0.976032422744152
22	snp2902	0.0540697788871865	0.0788824529103463	-0.0829201970627282	0.0821945669906882	0.469838253461677	1.01773433701049	2.0169670790773	0.493061588921339	0.31305703424313	0.364771722253602
22	snp2903	0.0210401450062328	0.073244767120364	-0.177407477863184	0.0740219225746001	0.082517156154165	5.74411494238218	6.68001861287402	0.773914782338653	0.0165439892626061	0.0354366279313183
22	snp2904	0.0860253624780816	0.0755603474922062	0.0715921596331608	0.0755248218970349	1.29617944318717	0.898569156520202	1.70684470841918	0.254912273308027	0.343165662782597	0.425954666854607
22	snp2905	-0.028546981440276	0.0789128074522526	-0.136384732627666	0.0805800763184991	0.13086556862852	2.86468031994498	4.45085874725681	0.717536270537503	0.0905436977992961	0.108021027295499
22	snp2906	0.0629117460505017	0.0632618365305077	0.048189672605658	0.0641194457339026	0.988962641610079	0.564843886329888	1.44273440521779	0.319996046169495	0.452315124365444	0.486087221727599
22	snp2907	0.0647356850304371	0.0627911355972133	-0.0967756237052349	0.0682795796922687	1.06289611860982	2.00886281477071	3.37168048965855	0.302555575715143	0.15638250043674	0.18528867867551
22	snp2908	0.0652195740047227	0.0659857492737004	-0.075706681837637	0.0644662073725114	0.976912373920215	1.37912674882739	3.4541545191371	0.32296228196935	0.240249949772434	0.177803324239222
22	snp2909	-0.0725197638376508	0.074735914093308	0.0240556091624333	0.0764056609947376	0.941573139539988	0.0991246447092055	1.93899133445846	0.331873598549727	0.75288263400983	0.379274270320641
22	snp2910	-0.0221463370876093	0.0794348304990294	0.043470409492265	0.0788869752781418	0.0777287825779689	0.303652494810933	0.0513027359309223	0.780399219320976	0.581601643468649	0.97467483325268
22	snp2911	0.0550473286338213	0.0778847345928788	0.103334664479996	0.0797345843143672	0.499537168343986	1.67957189391587	7.49641035674238	0.479703557008512	0.194981347449611	0.0235599939174582
22	snp2912	0.0338570949905004	0.0726020240128665	0.0571374437164318	0.0756591814251281	0.217471288465509	0.570319651723877	1.32916464671498	0.640973461400103	0.450131923264824	0.514488372611742
22	snp2913	-0.0368611139141053	0.0767891550959451	-0.0052348495560203	0.0793294281211087	0.230428998357749	0.00435451472078406	0.337625190403412	0.631205914990086	0.94738678457974	0.844667183237469
22	snp2914	-0.0317784846678868	0.0653784016464124	-0.040488368865335	0.0644299323922865	0.236264118944077	0.394898251284707	1.60215587799506	0.62691748226947	0.529735844762477	0.448844875859759
22	snp2915	0.0465241778012145	0.0707664675605197	-0.0768267312079072	0.0712353638739217	0.432217531385872	1.16314381778333	4.22779550079505	0.51090284072432	0.280814493244049	0.120766330857506
22	snp2916	0.0997974182199044	0.0672576865508512	0.0981377372649826	0.0698016042161536	2.20168286520403	1.97670232402339	6.45436680748917	0.137860160649397	0.159738241546268	0.0396690733478408
22	snp2917	0.13697800184034	0.0691854963980086	0.00230860347021874	0.0703570513795397	3.9198687958221	0.0010766720224698	6.72998056570453	0.047718604286394	0.973823965828234	0.0345623519638525
22	snp2918	-0.0448276990165919	0.0660827407453369	-0.129700878820271	0.0673590934757142	0.460168409414102	3.70760423883211	4.09371817365734	0.497545277339159	0.0541650837820531	0.12913988441396
22	snp2919	-0.00737613185736524	0.0701270927193514	-0.0860327384248007	0.0692268928069923	0.0110633250910813	1.54446409071884	1.41141630287194	0.916231121950514	0.213954555397515	0.493758794422919
22	snp2920	0.175635318269259	0.0710855075338373	0.0653662240951228	0.073938033240164	6.10466121136992	0.78157562897613	11.134229269812	0.0134825794199398	0.376659689237232	0.00382149093684703
22	snp2921	-0.157169466927489	0.0745304019882562	-0.115792895276345	0.0749249542109652	4.44702358785588	2.38842085054103	6.28742444183931	0.034962132236523	0.122237051559321	0.0431224204565614
22	snp2922	-0.0709952502866463	0.0735236802340624	-0.0506173020143013	0.0748749080962216	0.932403970088328	0.457009661014786	0.838853871164867	0.334239033089138	0.499024838115612	0.657423457876796
22	snp2923	0.00951239348804793	0.0650189074546747	0.00781272032192419	0.0648323239196603	0.0214042630064767	0.0145218309642238	0.048227655059617	0.883683019982517	0.904081883515372	0.976174587891664
22	snp2924	0.0777342566108311	0.0749447264513145	0.0341531682744464	0.0748108371159408	1.07582774873317	0.20841691684368	1.97053270204751	0.299632795609932	0.648011047869855	0.373339774261505
22	snp2925	-0.21590475474233	0.0601265594628442	-0.037949547634128	0.0621126891959784	12.8941199566448	0.373295316836993	12.6704998789679	0.000329616047064052	0.541213494636178	0.00177270271482222
22	snp2926	-0.0402323789712376	0.0690886784534368	0.0584025474893718	0.0681838474996953	0.339107703747135	0.73366968456685	0.863627486600259	0.560344725562473	0.391696280887875	0.649330307542915
22	snp2927	0.0306269645787968	0.0606797341751284	0.110671530214775	0.0630214071767011	0.254753742841953	3.08386698394514	3.89151057257681	0.613747533807161	0.0790723182833012	0.142879267822681
22	snp2928	0.0160804516406564	0.0706370717296767	-0.0098839597419804	0.0706740104274807	0.0518240214274015	0.0195588115903922	0.0117549417144232	0.819919201612844	0.888776278088485	0.994139767685082
22	snp2929	-0.0944891114729758	0.0752968180877677	-0.0958925303360777	0.0761836429533283	1.57474515969982	1.58433160322433	3.12850677281122	0.209519237490021	0.208137862678056	0.209244179417008
22	snp2930	-0.028529926016476	0.071422316196816	-0.114831153844289	0.0708693580442676	0.159563454742288	2.6254421892619	2.25921676654638	0.689558751667086	0.105163204568224	0.323159786422799
22	snp2931	-0.0854156409914911	0.060017036738586	-0.0377537939286239	0.0644577769416979	2.0254695140941	0.343060373030593	2.0951420503452	0.154681110388251	0.558068020903121	0.35078877223336
22	snp2932	0.0373543749978883	0.0677474229634543	0.0381606064084477	0.0680048601051614	0.304016663950022	0.314884027632427	0.0294648163674367	0.581375221903042	0.574698501045877	0.985375582769025
22	snp2933	-0.0859539554913901	0.0657096459943302	-0.0164162474572597	0.0663449504648281	1.71109246718343	0.0612254564633977	1.46839436751231	0.190843689804411	0.80456943644822	0.479890568311704
22	snp2934	0.0115481973343101	0.0694258357738643	-0.0983728420319886	0.0696705715196707	0.0276685346794386	1.99366273280682	1.35756743632688	0.867890479319826	0.157958434780658	0.507233556293241
22	snp2935	0.0931387659671437	0.0650133871685625	-0.0117464311294179	0.0653721171259291	2.05236865216607	0.0322869315612654	1.87404762195152	0.151969597783564	0.857399362460619	0.391792149384561
22	snp2936	0.00230218415742512	0.0744403123799138	-0.129622091277313	0.0768230656248451	0.000956453251936181	2.84691683414596	1.63772279966462	0.975328093554495	0.0915493519329547	0.440933415660136
22	snp2937	-0.142257120867659	0.0715886939679808	-0.0410822656920963	0.0753637794793037	3.94874556150468	0.297155267894779	5.19700771782541	0.0469063220530294	0.585671332898014	0.0743847851362792
22	snp2938	0.00615106907085206	0.0646275850160864	0.127496641390681	0.0650604149482207	0.0090586890504533	3.84028831772767	6.61896457793418	0.924174122710234	0.0500349166436768	0.0365350834742355
22	snp2939	-0.0238786001592196	0.0693044148718167	-0.0187185279159243	0.0720489924851261	0.118712356092962	0.0674974799673404	0.261581031627311	0.730435260852186	0.795015913166921	0.877401556891851
22	snp2940	-0.0444190260107287	0.0714633987134031	-0.0569706022818927	0.0746179342583685	0.386340937249982	0.582928351068302	2.39059678404062	0.534229058700276	0.445166784513026	0.302613643212406
22	snp2941	0.0812160537966682	0.0765919041073116	-0.0240300341142699	0.0778685521164026	1.12439274494657	0.0952323662991687	2.59946215001658	0.288974544722867	0.75762778532011	0.272605093499916
22	snp2942	-0.0293599457489785	0.0723505287428241	-0.0167468683664681	0.0735413446931183	0.164674775057378	0.0518566049543304	0.587959665825639	0.684888530997631	0.819863570547888	0.745291521650822
22	snp2943	-0.0961681287365543	0.0744848702427752	-0.178249944707885	0.0740278811788492	1.66696391987003	5.79786593926758	6.16416169327943	0.196665686319581	0.0160456380296751	0.0458637219153186
22	snp2944	0.0150930727459893	0.0762151797751432	0.107925897656565	0.074785140965677	0.0392168199063362	2.08267117284483	1.67171110014368	0.843019736961101	0.148979269869777	0.433503438834625
22	snp2945	0.0185451660447525	0.0762319914603807	0.019239656474004	0.0777232651032363	0.0591816298982382	0.0612763027628547	0.18132240396862	0.807794114311611	0.804489946392394	0.913327091893882
22	snp2946	-0.193189589843631	0.0674367939111885	0.169608532245099	0.0674656191470696	8.20679549251363	6.32019344442739	16.8408639928054	0.00417337906552284	0.0119370605929112	0.000220319455057072
22	snp2947	0.0993389589282347	0.0746967774778185	0.0570469641276195	0.0762130618824984	1.76862384609521	0.56028146454536	5.09923581143979	0.1835524806483	0.454146858461971	0.0781115062596465
22	snp2948	0.0686571239910034	0.0655218329600008	-0.015709912378281	0.0659487815665736	1.09799190377783	0.0567458326860933	3.40078570179913	0.294707220189088	0.811715244725217	0.18261177076107
22	snp2949	-0.0688996818259956	0.0721226064493165	0.0556943633593392	0.0749496516336053	0.912623412524658	0.552183278069489	1.6207268901457	0.339419307066594	0.457426977646124	0.444696414128263
22	snp2950	0.0515082861950739	0.0738254256493082	0.0920207267979465	0.0742601173543096	0.486790709400868	1.53553618738035	2.53682125149792	0.485362398837541	0.215283459582529	0.281278323220763
22	snp2951	0.0336229938221945	0.0702840419911327	-0.0393035495885251	0.0709412399516491	0.228854418888091	0.30694884132626	1.93542958206902	0.632374563606214	0.579558561443119	0.379950312635084
22	snp2952	0.0642286670367769	0.0731282887701072	0.00519516913203364	0.0769040556079954	0.771413076134359	0.00456352984423744	1.00656099536619	0.379780260616316	0.946140751402017	0.604544197362758
22	snp2953	0.113100007624399	0.0710076548943585	-0.0201332674877276	0.073507612114528	2.53696764626773	0.0750177263154171	2.77498637140694	0.111208178376026	0.784166358915159	0.249700473429886
22	snp2954	-0.0200862081036332	0.0667695049151863	-0.00724669465208993	0.0705032719251346	0.0904981296781917	0.0105648024317325	2.01615450705816	0.763544839533544	0.918133432072427	0.364919954011246
22	snp2955	-0.0740292790741907	0.0689965368139718	-0.148342107910591	0.0687937594896096	1.151204438077	4.64976286227703	1.96822199368947	0.283297160449688	0.0310578376898517	0.373771363200925
22	snp2956	-0.201200935738425	0.0667524450793302	-0.0548104691656992	0.0676729505992026	9.0850147370933	0.655989388415053	6.26202358863145	0.00257712406291599	0.417979420864233	0.0436735862040102
22	snp2957	-0.0853644006999973	0.071297161422759	-0.0366281178956342	0.0732609598514534	1.43353767918549	0.249967759718924	2.57981909333209	0.231187953997302	0.617097779737087	0.275295683375964
22	snp2958	-0.0252770857688475	0.0723541352866872	-0.047681794935416	0.076174019476744	0.122047050682196	0.391824371842731	0.519998172711756	0.726824816320416	0.53134199009466	0.771052290270637
22	snp2959	0.0479192923008986	0.0657975043269674	0.114752200989815	0.0667468396576046	0.530398086275491	2.95570191866949	3.69976341251001	0.466439543838323	0.0855751403782381	0.157255767587069
22	snp2960	0.0344023979848625	0.0717922076190997	0.0741666940879439	0.070737989666221	0.229626927642421	1.09929035064381	1.90649086970806	0.631800594075323	0.294421895421045	0.385487915198003
22	snp2961	-0.0233909215860087	0.0636207914189746	-0.12179581509071	0.0645620970945676	0.13517504771842	3.55884829195207	2.60661884103085	0.713125581206415	0.0592288201187894	0.271631361502146
22	snp2962	0.114216364399202	0.0685909009823924	-0.0358056280022271	0.0705718428277142	2.77283258468137	0.257418451908484	4.77788387771912	0.0958763616488171	0.611899285881139	0.0917266849928324
22	snp2963	0.0787593132953145	0.0800282684833455	0.133924042459212	0.0797900480934124	0.968538749584583	2.81721275573845	3.81914812901369	0.325044881077296	0.0932582171212946	0.14814347272231
22	snp2964	0.0154830226744987	0.0668860556511206	0.0335751961160398	0.0664024402386589	0.0535846413052547	0.255663680639283	0.663487942276306	0.816939151238255	0.613115039877875	0.717671043835037
22	snp2965	0.0681888150171802	0.0716411139770464	0.0460972705061439	0.0742838568523333	0.905944569834554	0.385089372098347	1.21826297269394	0.341192738393099	0.534891997414835	0.543822981711136
22	snp2966	0.00724590281536348	0.0676639001157661	-0.0288981316595657	0.0677532255436233	0.0114675582872249	0.181919636500232	0.173702152329714	0.914720209575764	0.669728699212246	0.9168136208675
22	snp2967	-0.00971080191614629	0.0725707067185577	-0.0170697528925831	0.0739160518269534	0.0179055425871478	0.0533306584470119	1.08185427230057	0.893551559265276	0.817365830639903	0.582208215785105
22	snp2968	-0.0577462609595417	0.0786348278342612	-0.120495805056068	0.0812989766529189	0.539284400244599	2.19671490779452	3.3567104152255	0.46272944556006	0.138305207762518	0.186680774777329
22	snp2969	0.112668847125553	0.0702688663488574	0.0545813386620793	0.0701681443610134	2.57088000593632	0.605073848447461	2.23123672621354	0.108847166002421	0.436648645253951	0.327712570869014
22	snp2970	0.0163461557940349	0.0740160451165798	0.0076877437258798	0.0759409371523921	0.0487730052119031	0.0102481598409569	1.35365423409202	0.82521225767626	0.919365345986804	0.508226981587877
22	snp2971	0.0601304855270241	0.0719826435235353	0.0251902404058677	0.0756665548446823	0.69780461522662	0.11082983921465	0.858722216551492	0.403522360037756	0.739201346449307	0.650924832392024
22	snp2972	-0.0767545605405568	0.0686275836363406	0.0540849577138521	0.0694186936907038	1.25086650527068	0.607015967245659	2.49936120230314	0.263387043994793	0.435913568502143	0.286596320777915
22	snp2973	0.032845384905055	0.0699776346954501	0.190362803031401	0.0697120344380966	0.220307962248066	7.45673428767033	7.82321244013465	0.638805366729984	0.0063199558604945	0.0200083374445581
22	snp2974	0.017822956531458	0.0697378239666658	-0.122088069438799	0.0710374588861712	0.06531647097336	2.95373559949018	4.43018847970044	0.798282211814185	0.0856792994294935	0.109143228122319
22	snp2975	0.00495316621502746	0.0686401735184188	0.0867028275793305	0.0704136850628248	0.00520725755264135	1.5161856263004	1.35162400580586	0.942473519070939	0.218197635505983	0.508743151926362
22	snp2976	-0.116304628683606	0.0713555984004311	0.00586185141389475	0.071320722498768	2.65667172188137	0.00675519893887085	3.21722322379824	0.103116297683584	0.934495611652274	0.200165328403064
22	snp2977	-0.0776393777593162	0.0667065309464005	-0.121812874316541	0.0669304824356263	1.35465087043432	3.31236716709934	3.74960060608979	0.244466688106855	0.068760378535328	0.153385594422873
22	snp2978	-0.0164747056253841	0.0812217509857272	0.0200183892634853	0.0807058665022252	0.0411424955515424	0.0615244939964658	1.79014738419467	0.839263117382351	0.8041024405872	0.408577488599366
22	snp2979	-0.0451649171393391	0.0758097649026634	-0.0503908650627	0.0800360507393778	0.354937704250079	0.396398795537254	0.994053999074696	0.551331236386038	0.528954953846831	0.608336558783804
22	snp2980	0.00119193706572555	0.0682945054040098	0.0334201594043507	0.0695200063765549	0.000304603663394398	0.231098660112093	0.609385914560957	0.986075308728573	0.630710382541091	0.737349737506919
22	snp2981	0.0274586774437466	0.0694366127173215	0.043372587123638	0.0692708553110474	0.156380348772532	0.39203925573828	2.47086539405127	0.692511144985248	0.531229425511084	0.290708946253316
22	snp2982	-0.0435652459089667	0.0717547402065804	-0.205105174968926	0.0728347908330806	0.368620213937808	7.93004189071628	7.13214277326685	0.54375733198241	0.00486206713273707	0.0282666847069952
22	snp2983	0.121131109016563	0.0765946308175194	0.0734164278403295	0.0776571289918988	2.50100599292748	0.893766017799435	3.30023708658144	0.113773601425423	0.34445878921087	0.192027143741943
22	snp2984	-0.0472384225860299	0.0690874853805512	0.0495646997111827	0.0688258716606236	0.467511181665098	0.518610753892281	6.30384441380163	0.49413437499508	0.471434897168834	0.0427698353290811
22	snp2985	0.0667321873057755	0.0771143253250606	0.0148163851871951	0.0777004378980693	0.748859931173132	0.0363611480739714	0.279139798654815	0.386837423511951	0.848771612992606	0.869732227381911
22	snp2986	0.0741162645008267	0.0590239543048237	0.0328744807960988	0.0599235168403335	1.57677760030368	0.30097000652344	2.66767710802266	0.209225465401218	0.583274951932244	0.263463997026538
22	snp2987	-0.104274414853586	0.0734055510204388	0.00112926443045007	0.0734889559522266	2.01789106237959	0.000236127812056829	2.30952759680562	0.155454917516808	0.98773982860032	0.315131962786246
22	snp2988	0.0461451419138183	0.0797549295830354	0.115792528020653	0.0840472886979907	0.334762575186258	1.89807625166076	4.7782011942222	0.562868077674249	0.168293805819451	0.0917121329518029
22	snp2989	0.10957543432391	0.0735886149751775	-0.141056640813148	0.0748919665160994	2.21720139593457	3.54745263366918	4.15813922128127	0.136480259954476	0.059636939220723	0.125046500026766
22	snp2990	0.000313836597016169	0.0704339166574591	-0.0471156183787719	0.0730465289476518	1.9853793195984e-05	0.416035723340053	2.46787153077596	0.996444830009786	0.518921798823548	0.291144443545827
22	snp2991	-0.0195763101904157	0.0705400772586582	-0.0819166854761711	0.070916589811544	0.0770175703197068	1.33428639033562	1.59376153609603	0.781380546714634	0.248044093713667	0.45073271355093
22	snp2992	-0.0544264222578175	0.0703685817632313	-0.0446597715923981	0.0715455393621859	0.59822144445425	0.389643890543332	0.468449741011143	0.439257431324235	0.53248664737098	0.791183881970749
22	snp2993	-0.0673932544017291	0.0816236796859254	-0.0188435177395914	0.0820264645191116	0.681711340929155	0.0527735094068046	0.744051740987233	0.40899805225353	0.818305579193751	0.689336408820376
22	snp2994	0.143209449938306	0.0744858925083185	0.102728733244329	0.0756713198684908	3.69653907503003	1.84298265341156	5.01137464387006	0.0545254564384826	0.174601764019382	0.0816194798430656
22	snp2995	0.00985969374192181	0.0781643029587238	-0.00429279623206443	0.0784476301060097	0.0159114563523653	0.00299447638148909	0.142221781391054	0.899620613079617	0.956360094314478	0.931358607397281
22	snp2996	-0.115922078847253	0.070763925276424	-0.0838551524222566	0.0708312529070253	2.68354258291029	1.40155342652977	3.74126510733119	0.101389951098387	0.236463649516655	0.154026201155694
22	snp2997	0.0146607255966502	0.0703503237849655	-0.000187408828824743	0.0698537450631812	0.0434288899790935	7.19781538804455e-06	0.138225338663969	0.834919784623566	0.997859378454798	0.933221528708413
22	snp2998	-0.00494505986957289	0.0714569273451113	-0.00673813408971861	0.0755927462960016	0.00478910581396319	0.00794546010332593	0.327703943889864	0.944827744150583	0.928972785994806	0.848867668810366
22	snp2999	-0.0401901652867455	0.0703632352628988	0.140003202031346	0.0696885741673964	0.326248095280979	4.03601507172432	3.74599827957087	0.567876742293607	0.0445388738865409	0.153662115875461
