variant.id	chr	pos	n.obs	freq	MAC	Est.G	Est.G:envir1	SE.G	SE.G:envir1	GxE.Stat	Joint.Stat	GxE.pval	Joint.pval
snp0	1	1	200	0.435	174	-0.564486084332088	0.691734958704282	0.30982386274756	0.449352481124373	1.53940389284915	1.8720733920114	0.123705724273098	0.173369626812082
snp1	1	2	200	0.4625	185	0.367717452430244	0.127148038461502	0.307277829528256	0.433880719649673	0.293048371829393	2.00028129845384	0.769485178442614	0.135259160087142
snp2	1	3	200	0.465	186	0.0586270418337189	-0.0137920548318224	0.337280242785364	0.457533239328632	0.0301443778206374	0.218478928699594	0.975951908414445	0.976416031956124
snp3	1	4	200	0.4825	193	-0.282931192100833	-0.186708819331187	0.388889711483767	0.493157740150166	0.378598578366295	1.65950018820516	0.704985978009243	0.252341881745775
snp4	1	5	200	0.455	182	-0.0386748018927308	0.0300318984396785	0.332957954152629	0.440830471391626	0.0681257317464307	0.117742520905728	0.945685546965383	0.993092317863157
snp5	1	6	200	0.4575	183	-0.223003895368101	0.172432217171378	0.33641388012924	0.466191807697212	0.369873975313122	0.682879059239963	0.711476393158529	0.7920253304607
snp6	1	7	200	0.45	180	0.122498161124596	-0.507912005464899	0.319868770009674	0.447623962646037	1.13468457421824	1.29857787935711	0.256507502861605	0.430351804680317
snp7	1	8	200	0.4675	187	0.431356052097075	-0.402017811211532	0.329092717418878	0.458859415225142	0.876124141452517	1.31380922069328	0.380962549953047	0.421874528835919
snp8	1	9	200	0.465	186	-0.096854267668786	-0.0111630226125106	0.323753929607835	0.455587683101407	0.0245024679695431	0.42717227298531	0.980451815152112	0.912800369711964
snp9	1	10	200	0.45	180	-0.0492640972655321	0.119964281164874	0.305959574794359	0.4424778242859	0.271119307184446	0.272702565507251	0.786299272529318	0.963499466713108
snp10	1	11	200	0.475	190	-0.147427957190626	0.545049890940754	0.320340527862976	0.44375674290297	1.22826278058367	1.37662868361209	0.219348338054957	0.387688434319091
snp11	1	12	200	0.45	180	-0.166761540752417	0.444233047559471	0.33790506287103	0.474371703050082	0.936466160825303	0.965047223849183	0.349033227495689	0.627721882963278
snp12	1	13	200	0.4825	193	0.421706436763044	-0.397294423716764	0.35978843007153	0.483043576420864	0.822481538126513	1.1728834117591	0.41080288977904	0.50266680253372
snp13	1	14	200	0.46	184	-0.25842005174602	0.216533888417202	0.335800194762828	0.456784951994351	0.47403901435851	0.774400261641587	0.635472086224745	0.740930920583591
snp14	1	15	200	0.4675	187	-0.068588149621406	0.664375925137937	0.336942180545585	0.469660023806602	1.41458904624916	1.88332739549719	0.157189022283054	0.169744478670286
snp15	1	16	200	0.455	182	0.67481928021028	-0.0942377492428079	0.317039778590324	0.430118896736442	0.21909697518022	2.88557117775481	0.826574506989858	0.0155567521779139
snp16	1	17	200	0.4325	173	0.0915089889240623	-0.0634777420273727	0.320712906115268	0.466613534226677	0.136039221692476	0.297330524028241	0.891790274740844	0.956759983180426
snp17	1	18	200	0.4375	175	0.0805600275329155	-0.265899771505785	0.338944017519622	0.460080904189416	0.577941333979631	0.64358837262299	0.563303727754285	0.81293591596878
snp18	1	19	200	0.4675	187	-0.177131169836732	0.241970065194768	0.323344431405825	0.44674133433217	0.541633483627583	0.589000986361795	0.588071020502526	0.840749871696662
snp19	1	20	200	0.44	176	0.348933554844122	-0.134032709238648	0.356440695109905	0.471143050669055	0.28448410530159	1.20204656737856	0.776039413195799	0.485557300235274
snp20	1	21	200	0.4675	187	-0.0420095867122374	0.0406807628679719	0.396934412203793	0.495660593327576	0.0820738291798931	0.105854212716227	0.934588004185509	0.994413107880121
snp21	1	22	200	0.4575	183	0.493523733261122	-0.27053715941718	0.346398352066812	0.466994383956097	0.57931565927057	1.56194162595905	0.562376201297766	0.295280117760224
snp22	1	23	200	0.4525	181	0.0309213208134821	0.414604426873294	0.311437675974545	0.447538449858765	0.926410740807041	1.37464543598791	0.35423256435322	0.388747581262364
snp23	1	24	200	0.4625	185	0.206880153555559	-0.120406805582481	0.308134847015797	0.447156584058709	0.269272129439724	0.713168194711445	0.787720277835661	0.775455688724148
snp24	1	25	200	0.47	188	0.238063679158034	-0.130166495252178	0.364436619637051	0.516845473402926	0.251847993163523	0.727229118482207	0.801158559449171	0.767642541159658
snp25	1	26	200	0.45	180	-0.286590741928778	0.311848583295733	0.343189599060071	0.476590193081504	0.654332774410241	0.838471891274508	0.512897434942714	0.703619496948738
snp26	1	27	200	0.4675	187	-0.457461574179249	0.779831309895396	0.300412546273752	0.429463783389101	1.81582554817866	1.86687042425943	0.0693971369323848	0.175064186818383
snp27	1	28	200	0.475	190	-0.0658415467894408	0.489056293338859	0.314706764179422	0.454742548956165	1.07545751868054	1.28846371612198	0.282169941840724	0.43601903693932
snp28	1	29	200	0.455	182	0.0535245982100562	0.310917597799717	0.329005588016327	0.452667923222814	0.686855820456879	1.13433446839982	0.49217358962081	0.525525090893488
snp29	1	30	200	0.455	182	-0.392070943647361	-0.0456796798325627	0.325777170583927	0.436536420721509	0.104641165465789	1.92211649350455	0.916660548679682	0.157667655532587
snp30	1	31	200	0.47	188	0.0830649111941394	-0.420152405893713	0.332950401903167	0.480022048148312	0.875277307603793	1.03234462766503	0.381423038171857	0.586919436268565
snp31	1	32	200	0.48	192	-0.374383243088924	0.0808224297952818	0.345209936150805	0.457737318422956	0.176569457071448	1.47331689130163	0.859846586811752	0.337789847070629
snp32	1	33	200	0.4675	187	-0.713832932422185	0.65868234650402	0.34699414341006	0.4637799326012	1.42024762220666	2.06319626570181	0.155535603904402	0.11902884558117
snp33	1	34	200	0.4525	181	1.00142504797559	-1.4058000755123	0.381876800144887	0.476885826164411	2.94787556765766	2.98921616680113	0.00319965827588475	0.0114735987253215
snp34	1	35	200	0.4525	181	0.120561212868227	-0.0928950143135204	0.305306955248186	0.450620075377107	0.206149302682043	0.405218020427729	0.836674287789277	0.921179078860615
snp35	1	36	200	0.4675	187	0.137353883658812	-0.084033625980107	0.328003266597165	0.465776896870339	0.180416045846731	0.443134781058814	0.856825958250871	0.906481898912432
snp36	1	37	200	0.45	180	0.637448918905522	-0.242426921089257	0.323883879481324	0.465130260057102	0.52120221346058	2.28009035887595	0.602225912376368	0.0743177081668486
snp37	1	38	200	0.4275	171	0.265291503434534	-0.349998315092983	0.355153532073561	0.503864932917611	0.694627254701634	0.780782171519749	0.487288927431199	0.737263146468147
snp38	1	39	200	0.4575	183	0.658704431529378	-0.0688967251752002	0.371507401061003	0.49960717390436	0.137901793196407	2.5143945891178	0.890318033184721	0.0423795190426846
snp39	1	40	200	0.4325	173	-0.0512268479970747	0.365018347895893	0.362275968252886	0.489768009833823	0.745288260088163	0.931871624391396	0.456097476703049	0.647787633662664
snp40	1	41	200	0.4375	175	-0.0423301812225163	0.755240114508997	0.30785046690107	0.418273244741677	1.80561421033618	2.42775409214408	0.0709786214325928	0.052497225103065
snp41	1	42	200	0.4575	183	0.336961560599712	-0.471640595419225	0.347401841269003	0.451412076540341	1.0448116475614	1.07831654105867	0.296110030558954	0.559124405017938
snp42	1	43	200	0.47	188	-0.109496144805782	0.247872521283244	0.402016612059048	0.499812579351064	0.495930937962929	0.521244715419026	0.61994313744206	0.872975291364843
snp43	1	44	200	0.45	180	0.200578414991164	-0.293598834376455	0.356498463903962	0.479077215713204	0.612842407751272	0.631970459943215	0.539980547152298	0.818981870823738
snp44	1	45	200	0.44	176	0.649429070452431	-0.412715685435188	0.324140155601094	0.454910271283694	0.90724635491426	2.13954197976195	0.364276535510255	0.101386032731105
snp45	1	46	200	0.4675	187	0.622000667548361	-0.00304822333003218	0.335508968857249	0.441817383455154	0.00689928337856265	2.77076510824855	0.994495211983096	0.0215243668756422
snp46	1	47	200	0.4675	187	-0.285586893680454	0.705352317384073	0.383016370821195	0.508666207821012	1.38667028896142	1.45017774797929	0.165542324327592	0.349410527900322
snp47	1	48	200	0.4625	185	-0.777717022626331	0.643831765047294	0.346439627127841	0.486648459037046	1.32299147997155	2.27268468271123	0.185838211208777	0.0755811902088728
snp48	1	49	200	0.475	190	-0.33166249811917	0.638762710326593	0.345622639827839	0.453968444110401	1.40706412221739	1.41870378890939	0.159408375642379	0.365547071923283
snp49	1	50	200	0.4525	181	-0.513128371126536	0.200317063119989	0.332225725745582	0.462178708303471	0.433419063927235	1.84779040517058	0.664710353312756	0.181379330753018
snp50	1	51	200	0.4425	177	0.202568852328409	-0.222676661282687	0.313825812609859	0.459054252825611	0.485077003234473	0.647989125611145	0.627621724160092	0.810628867060346
snp51	1	52	200	0.44	176	0.149274126576462	0.650252468888708	0.338803007287862	0.468955219805375	1.38659821114386	2.45784433830231	0.165564314105629	0.0487768533296477
snp52	1	53	200	0.4375	175	-0.0929708175231733	0.84529719622992	0.31993809047476	0.439840601117434	1.92182621177401	2.46360505985097	0.0546276289611971	0.0480902923030125
snp53	1	54	200	0.46	184	-0.303428757096921	0.472095446722079	0.341150787913435	0.487700210504028	0.968003368778904	1.01338299377645	0.333042687259951	0.598413946642991
snp54	1	55	200	0.445	178	0.0859928944267736	-0.601101468942687	0.331164150794733	0.451299646284078	1.33193427890328	1.7111042694492	0.182881785645405	0.23132331604882
snp55	1	56	200	0.4725	189	0.312728925289285	-1.07377744160442	0.326453945368271	0.452520403918456	2.37288182434734	2.61175638902052	0.0176499099737978	0.0330202021720214
snp56	1	57	200	0.45	180	0.545851360710184	-0.45119006360946	0.327629900696115	0.444797666886546	1.01437147089295	1.69208130308045	0.310405532132766	0.238933605209113
snp57	1	58	200	0.47	188	-0.126125432679671	-0.00405054590989806	0.376201906558945	0.512219548156924	0.00790783156260395	0.537078925803278	0.993690529046036	0.865691312302073
snp58	1	59	200	0.4425	177	-0.550325047099076	0.61227679352582	0.327962657234068	0.45177291380043	1.35527557058521	1.68878454028031	0.175329775311925	0.240268889050204
snp59	1	60	200	0.495	198	-0.00481126325172132	0.0618806315292335	0.315644339138845	0.436613705435439	0.141728559499797	0.184176931410445	0.887294415429298	0.983182449740134
snp60	1	61	200	0.45	180	0.112312007275948	0.187957628305083	0.359661298080404	0.483618454119085	0.388648585892881	0.909061130115005	0.697536120430239	0.661532563988455
snp61	1	62	200	0.4575	183	0.0639682105502746	0.679885084564457	0.338532907665618	0.492867224693763	1.37944876530773	2.14357268835611	0.167756432665335	0.100514635508722
snp62	1	63	200	0.44	176	-0.259710417388241	0.25979599080862	0.333342120031787	0.465570206979153	0.5580167865429	0.779568322197054	0.576832921456157	0.737961676577662
snp63	1	64	200	0.4725	189	0.159819554701904	0.242656340988284	0.33352507877179	0.459447808976022	0.528147781418516	1.31410563805208	0.597396769389728	0.421710249226557
snp64	1	65	200	0.4575	183	-0.571324497544795	0.306123716523647	0.330953943853727	0.467992688920385	0.654120724043458	1.8972791872836	0.513034030736191	0.165326304117122
snp65	1	66	200	0.455	182	-0.0355410580989223	0.672230913757051	0.340710129229646	0.469583288065773	1.43154778042888	1.92286034585488	0.152273283428156	0.157442344432504
snp66	1	67	200	0.4725	189	0.309528372249776	-0.539621370637413	0.339172883346291	0.458593129724474	1.17668873705461	1.18110131883467	0.239319764911917	0.497828239189
snp67	1	68	200	0.45	180	-0.210792446728074	0.727393181437649	0.339542583723278	0.455756882829241	1.59601140178542	1.82208612021776	0.110486247752088	0.190139186450892
snp68	1	69	200	0.47	188	0.443740775982652	0.147923523394244	0.311251308723827	0.434409657203979	0.340516194659055	2.3987317759799	0.733467829111979	0.0563058373339452
snp69	1	70	200	0.44	176	0.241957776343161	-0.786477412340344	0.347373572893223	0.484139242066475	1.62448598255201	1.73821190757671	0.104272129637702	0.220757532488783
snp70	1	71	200	0.47	188	-0.274586387564207	0.152795384177596	0.325897894635074	0.457471575412396	0.33399973329459	0.937122584270548	0.738379759923887	0.644616721544302
snp71	1	72	200	0.4775	191	-0.162790003399734	0.429572112749585	0.338442441265349	0.468683632811349	0.916550275444529	0.948093432658814	0.359378350918814	0.637984954294842
snp72	1	73	200	0.49	196	-0.260046328142993	-0.233186744663361	0.3231489311745	0.448639593435417	0.51976407806042	1.73358097571225	0.603228019238235	0.222539314261152
snp73	1	74	200	0.4225	169	-0.290469076465819	0.864849487363588	0.361815397038075	0.483753535321601	1.78778949240884	1.96224931409474	0.0738099767669566	0.145844953288736
snp74	1	75	200	0.47	188	0.121475894525979	-0.237607835811673	0.314795995674983	0.424235840777661	0.560084304466395	0.560315319106237	0.575421935689028	0.854724034841764
snp75	1	76	200	0.45	180	-0.831507159779302	0.91190852224308	0.365732274214418	0.469180920727692	1.94361808410437	2.28685049511574	0.0519415234171368	0.0731793066875871
snp76	1	77	200	0.47	188	0.46045398177917	-0.567091017806524	0.333710628365461	0.450051209910036	1.26005886734508	1.43137562787898	0.207648127087141	0.359005311965165
snp77	1	78	200	0.4625	185	0.0915307644465987	0.218548481771741	0.329247264123198	0.474739454816082	0.460354578821362	0.947176574734117	0.645261731468183	0.638539506268766
snp78	1	79	200	0.4375	175	-0.236081504622129	-0.558334068216112	0.320158789121134	0.435715275115274	1.28141954185195	2.85326958423819	0.200046343795999	0.0170675946993285
snp79	1	80	200	0.4675	187	0.185108404562084	-0.807007034866473	0.338444940714607	0.449958270753916	1.79351528201563	2.09878706695907	0.0728905692888865	0.110531627615083
snp80	1	81	200	0.4375	175	0.585041187112024	-0.771531714703914	0.330004520003751	0.447997731532323	1.72217772635808	1.87917251155969	0.0850373284032036	0.171076464073438
snp81	1	82	200	0.4625	185	-0.394904349258334	0.271478463458075	0.408736223627661	0.511475922838467	0.530774668632472	1.02173461803088	0.59557493586997	0.593350011884586
snp82	1	83	200	0.4325	173	0.407490564745724	-0.504809351594109	0.331322529761378	0.46093827980492	1.09517775743806	1.26812537310457	0.273438768197615	0.447503472752839
snp83	1	84	200	0.4525	181	-0.0826589895974042	-0.25048973846492	0.336600206141051	0.464811919181253	0.53890558337262	1.05076567109635	0.589952004455687	0.575765829026805
snp84	1	85	200	0.4825	193	0.14524758549759	-0.156318824213434	0.339205781569206	0.464884500555759	0.336253034950743	0.430742000255515	0.736680062658095	0.911403704630061
snp85	1	86	200	0.48	192	-0.211215956979081	-0.163197541022869	0.342485524426786	0.449801819417769	0.36282098910608	1.25345386625222	0.716738611714822	0.455858284483445
snp86	1	87	200	0.435	174	-0.0894340215548642	-0.24293195851115	0.33673185519539	0.450307905587452	0.539479666017037	1.08763464013613	0.589555923881737	0.553510500892066
snp87	1	88	200	0.47	188	-0.294154819385682	-0.222173458914257	0.366625429559095	0.478697950901996	0.464120346652043	1.93609267087526	0.642561525036408	0.153473492354972
snp88	1	89	200	0.47	188	-0.252486785765194	-0.0246455784188984	0.381077524312348	0.478025947893065	0.0515569887524424	1.06179526109966	0.958881691733494	0.569096884257853
snp89	1	90	200	0.465	186	0.532570789999969	-0.53919633048568	0.316831841403854	0.43635487691883	1.23568306212831	1.68378138045827	0.216576395947965	0.242304551059616
snp90	1	91	200	0.4775	191	-0.271781878481445	0.141464517301952	0.331178571095826	0.463910397295252	0.304939311829904	0.920162438110571	0.76041237424175	0.654849751780418
snp91	1	92	200	0.455	182	-0.525375050857138	0.641489822841195	0.355573586760428	0.448817935372575	1.42928740650411	1.54700307505114	0.152921644114498	0.302217217439323
snp92	1	93	200	0.4625	185	-0.135494588310044	-0.456792497866132	0.328826199591983	0.472297629632734	0.967170845683349	1.80178102551464	0.333458633992103	0.197264969338672
snp93	1	94	200	0.45	180	0.148233309996703	-0.473726027253379	0.308699130393518	0.45588842850131	1.03912711452385	1.07978804340932	0.29874562210292	0.558237316099512
snp94	1	95	200	0.4525	181	0.354139057864145	0.338780316990875	0.343679544486607	0.476376368267555	0.711161047351956	2.24989135845095	0.476984443674114	0.0795789584293355
snp95	1	96	200	0.4575	183	0.0970421514762903	-0.588229201722222	0.375616166698528	0.5217352404179	1.12744770939962	1.40653493352529	0.259553237171579	0.371885131154194
snp96	1	97	200	0.46	184	0.283659580173637	-0.718148729970073	0.35787046194273	0.47459058935609	1.51319631294088	1.58914766842536	0.130229800522246	0.282890563927087
snp97	1	98	200	0.44	176	-0.35380779061325	0.803960009840808	0.341173894826218	0.469490070321673	1.71241110443501	1.73769907447825	0.0868209340958357	0.22095437721401
snp98	1	99	200	0.4525	181	0.207896156604178	-0.112872796595906	0.334165124710478	0.48141067778309	0.234462594630615	0.675116884811297	0.814625869064242	0.796210720377502
snp99	1	100	200	0.4625	185	0.496040829967462	-0.866910788397663	0.32009191639772	0.426368513190058	2.03324298483371	2.03608377544017	0.0420279802599713	0.125830618968467
snp100	1	101	200	0.475	190	-0.0342267670247334	0.217242516512075	0.342447425828216	0.461467547057121	0.470764451146083	0.591446738028404	0.637808953103925	0.839537090351028
snp101	1	102	200	0.4625	185	0.511625083650318	-1.02863715612021	0.344985763724098	0.489697318374769	2.10055705335308	2.10136980268944	0.0356798673595591	0.109933732798506
snp102	1	103	200	0.4575	183	0.0810638128640026	0.177212176122009	0.345312047456457	0.460481870803549	0.38484072307292	0.863705183845609	0.700355425743496	0.688669831558523
snp103	1	104	200	0.485	194	0.0840767224880768	-0.462884275424065	0.315131982998794	0.461919628601906	1.00208834343126	1.16670485328842	0.316300927193405	0.506313058993639
snp104	1	105	200	0.455	182	0.0346022605200404	-0.313280370610337	0.33020222461191	0.452478997401006	0.692364446548431	0.910143631426303	0.488708487306824	0.660881509329353
snp105	1	106	200	0.4725	189	0.133291709313859	-0.807699120579313	0.37880467192615	0.491700767938816	1.64266393962561	2.18367786159725	0.100452483617285	0.0921604221324349
snp106	1	107	200	0.47	188	-0.0331645873905024	-0.374488191554428	0.326978376939808	0.447535599868318	0.836778552733274	1.31410206291764	0.402717055040092	0.421712230467264
snp107	1	108	200	0.4575	183	0.282502750405373	-0.426627197876349	0.372040495527592	0.492897891538083	0.865548839223197	0.883060618562297	0.386737621982686	0.677125918843174
snp108	1	109	200	0.4625	185	-0.202088689170519	0.483018137299004	0.302540211276096	0.438218486507171	1.10223131193964	1.10713670011248	0.27036112249048	0.541790525606284
snp109	1	110	200	0.4625	185	-0.200587868521486	-0.223056109463386	0.33310675811112	0.460562029600312	0.484312850664133	1.48846815370871	0.628163857242752	0.330295119616691
snp110	1	111	200	0.4575	183	0.491360890331903	-0.560237126687726	0.347414543794037	0.467229431981445	1.19906214878598	1.43979820965169	0.230503780680794	0.354690591687579
snp111	1	112	200	0.4475	179	0.31529314846024	-0.974883692324742	0.32583242910157	0.457242178688483	2.13209484549527	2.22697071679349	0.0329990502931693	0.0837684120783485
snp112	1	113	200	0.4575	183	-0.337527345996223	0.228667169211515	0.32055693191769	0.435560253557808	0.52499549108001	1.11719416826172	0.599586325391359	0.535764058173071
snp113	1	114	200	0.4825	193	-0.309550686053598	-0.0626429994122718	0.341282073943422	0.47789140487876	0.131082080097599	1.44636107278289	0.895710376848218	0.351347268233835
snp114	1	115	200	0.465	186	-0.0667748535468888	0.248306036297731	0.310226651252221	0.421192903716663	0.589530436307555	0.670220352444703	0.555505501002396	0.798837558082439
snp115	1	116	200	0.47	188	-0.288660644921893	-0.0142521793128698	0.331496533549172	0.455706789218363	0.031274889139386	1.28859122195798	0.975050316173164	0.435947407175351
snp116	1	117	200	0.445	178	-0.0498705749277792	0.547785860712366	0.358608606304821	0.490312724872307	1.11721730423176	1.49549313380493	0.263901423563026	0.326851331032185
snp117	1	118	200	0.48	192	0.0200773063897107	-0.568322735420342	0.321844885065923	0.463321946335924	1.22662597771332	1.71406708838641	0.219963200761067	0.23015253557057
snp118	1	119	200	0.455	182	0.260076005509064	-0.284828997501801	0.332921874141552	0.45748411207286	0.62259866514542	0.785600379071422	0.533548288610283	0.734486269069235
snp119	1	120	200	0.4775	191	-0.0910012485132367	-0.317602735902816	0.321061895768363	0.45578934343969	0.696819134703708	1.24546054830886	0.48591598968234	0.460433892874097
snp120	1	121	200	0.4425	177	0.0730548260635081	0.106172486277618	0.3324649816583	0.466874193212675	0.227411340830426	0.564732135368633	0.820103902583165	0.852603054267646
snp121	1	122	200	0.47	188	-0.678678080000035	0.539786246766857	0.316850131099926	0.439678944467493	1.2276827297714	2.17235045859999	0.219566092018497	0.0944624141473723
snp122	1	123	200	0.4325	173	0.39505276805237	-0.742299730543761	0.352077680329054	0.487800448017828	1.52172826728653	1.52274431659118	0.12807718172275	0.31368213119392
snp123	1	124	200	0.4625	185	-0.512247152632062	-0.0890974914779734	0.32034916191401	0.470654132527042	0.189305660612369	2.39780130974953	0.849853259014036	0.0564316244446052
snp124	1	125	200	0.44	176	-0.112735211110906	-0.427569856366827	0.360057249718504	0.494832691486001	0.864069540520491	1.54027860152363	0.387549690373583	0.305370622251245
snp125	1	126	200	0.4475	179	-0.321225362467932	0.0742570401670809	0.307984761148377	0.420125086898507	0.176749835900706	1.32566734258037	0.859704893693913	0.415323746184536
snp126	1	127	200	0.475	190	-0.149604847222672	0.542520440049893	0.326893155781852	0.45017861908226	1.20512262700499	1.34690406457502	0.228155965970767	0.403703218123075
snp127	1	128	200	0.4425	177	-0.154880416022735	-0.142616896874702	0.327329507120236	0.446129627995797	0.319675914633596	1.07617462441109	0.749214019782618	0.560416001557234
snp128	1	129	200	0.4575	183	-0.181973181410368	0.0592221114584218	0.347122544436314	0.470892648796372	0.12576563174175	0.646919506342009	0.89991744760726	0.811190445987907
snp129	1	130	200	0.4675	187	-0.295487522305262	0.395152782347919	0.358284680827354	0.484944577775079	0.8148411188777	0.877502401522127	0.415163260741896	0.680447075865807
snp130	1	131	200	0.455	182	-0.169673144234012	-0.391228289644117	0.364161233603619	0.46694918691479	0.837839106711003	1.8690099729016	0.402121071966727	0.174365930469638
snp131	1	132	200	0.44	176	0.273131729238738	-0.199539158503085	0.299662602599273	0.451567883895751	0.441880757288643	0.9386770768905	0.658575495951954	0.643677581982523
snp132	1	133	200	0.4725	189	0.142433761847673	-0.572761028989716	0.351310859852917	0.487780477065908	1.17421884622152	1.33666237687219	0.240307379143612	0.409289252173186
snp133	1	134	200	0.4725	189	0.176033532255179	-0.252733089755305	0.407874149181197	0.511246988174216	0.494346364088862	0.501946439994853	0.62106158649172	0.88163678664864
snp134	1	135	200	0.4875	195	-0.212494983712493	-0.299637356847113	0.324504270898143	0.458045511285903	0.654165032653459	1.68154684971724	0.513005487037239	0.243217322535225
snp135	1	136	200	0.4675	187	0.416157240861254	-0.363243661654481	0.337998761031703	0.446009690055162	0.814429977092101	1.24191783409608	0.415398671345556	0.462467056700162
snp136	1	137	200	0.455	182	0.0843053608287128	-0.0498916929677407	0.318050996552297	0.438789919334177	0.113702915152305	0.287096632487717	0.909473301553817	0.959625439164019
snp137	2	1	200	0.4675	187	0.520919046929994	-0.41001525393812	0.345914088326536	0.447709433125109	0.915806600446463	1.55338955712454	0.359768340992774	0.299239938322498
snp138	2	2	200	0.4425	177	-0.00517351941585097	-0.0150974735542273	0.353287516863639	0.459640217561629	0.032846284936333	0.0657644612249198	0.97379716806598	0.997839854299985
snp139	2	3	200	0.465	186	0.137381685279822	0.196110659980875	0.364963587466795	0.484001967817491	0.40518566663106	1.04425331800851	0.685341040059165	0.579706988065078
snp140	2	4	200	0.4475	179	-0.0603714316704709	-0.069309575968099	0.326983228290904	0.446666548955379	0.155170733358461	0.468212729892552	0.876686720195909	0.896182162583183
snp141	2	5	200	0.445	178	0.398242949671519	-0.830334316921726	0.329689949390094	0.448445323518099	1.8515842921667	1.85965887015325	0.0640855403588422	0.177432405501676
snp142	2	6	200	0.4525	181	-0.872388388199201	0.077298685505242	0.311569998461657	0.447367061276581	0.172785822194122	3.71713622916632	0.862819781672993	0.000999204722292827
snp143	2	7	200	0.4525	181	-0.506552642367773	0.248104330222923	0.327196459412083	0.46323296714924	0.535592990606368	1.74462140832737	0.592239874149171	0.218307222843312
snp144	2	8	200	0.4725	189	-0.416265700540503	0.362403305369349	0.30588497640164	0.451277855815964	0.803060244810995	1.36766361956365	0.421939914408726	0.392486990261738
snp145	2	9	200	0.455	182	-0.302277025557771	0.475043314863096	0.317508795270691	0.46863194169761	1.01368104176224	1.07393359243025	0.310734973158385	0.561767800702365
snp146	2	10	200	0.4675	187	-0.259266486526264	0.123966661172735	0.342305626574006	0.463458700437457	0.267481570754251	0.880269312864213	0.789098401819772	0.678794375511515
snp147	2	11	200	0.4525	181	-0.538143355556022	1.48213289939514	0.323612134582781	0.451258908072946	3.28444020246478	3.42618539156905	0.00102185179928057	0.00282464335406941
snp148	2	12	200	0.475	190	-0.310888245879193	1.00282208253051	0.320061824646742	0.470291706223836	2.13234056492848	2.22971114020262	0.0329788595779786	0.083258430800536
snp149	2	13	200	0.435	174	0.29421542063343	-0.0629783421418525	0.377100728064465	0.502198201971768	0.125405351700946	0.983493503747837	0.900202651519032	0.616541442782209
snp150	2	14	200	0.43	172	0.570261468485155	-0.291688930052405	0.356150451159643	0.463388462030994	0.629469557299628	1.83958178998782	0.529041692809449	0.184145222301954
snp151	2	15	200	0.47	188	-0.627079874904184	1.14981226483892	0.317201123539448	0.473711631410074	2.42724093857761	2.47213950055109	0.0152141481919879	0.0470880109431825
snp152	2	16	200	0.4675	187	0.319843931852174	-0.637777669976347	0.334064206788662	0.442337230885514	1.44183583348745	1.45030425420325	0.149348691407557	0.349346429348107
snp153	2	17	200	0.445	178	-0.421451558357745	-0.116296229730458	0.359359936949737	0.477892953159142	0.243352049787874	2.10711291535593	0.807732686087243	0.108613190537327
snp154	2	18	200	0.4425	177	0.315609727290118	-0.221994633577238	0.338228581721585	0.460586827933978	0.481982158658388	0.969998241229627	0.629818620480574	0.624722146312605
snp155	2	19	200	0.4425	177	0.832095600401904	-1.14139585008776	0.338750917420543	0.454515930681003	2.51123398112273	2.65301995468675	0.0120309924386582	0.0296214226874884
snp156	2	20	200	0.47	188	0.22814994952187	-0.508330622913441	0.33726301292796	0.446945333842758	1.13734406519675	1.15902208250228	0.255394480449553	0.51085673308862
snp157	2	21	200	0.4225	169	0.0438825441187116	-1.07821199421492	0.331486573979471	0.451342913737534	2.38889757963925	3.36698205836309	0.0168990126831301	0.00345378657905737
snp158	2	22	200	0.4625	185	-0.251391799961779	0.0834417359037022	0.358263633761564	0.481589109728497	0.173263336354811	0.830908243847871	0.862444441140335	0.708075710800221
snp159	2	23	200	0.4575	183	-0.265621916437817	0.0736641510909775	0.351766970236638	0.478048615401515	0.154093430495781	0.962218671458936	0.877536068119996	0.629435189793425
snp160	2	24	200	0.4775	191	0.389800887805178	-0.47668505002534	0.37158811006137	0.480419034559824	0.992227650725985	1.10919552572649	0.321086486995103	0.540555828294239
snp161	2	25	200	0.4575	183	0.23445977879865	-0.0603942483819108	0.36213184916264	0.476536988014049	0.126735699223688	0.848509672222593	0.899149589752101	0.697687257399824
snp162	2	26	200	0.4525	181	0.361990187705456	-0.0248893790511134	0.313484687409362	0.446343188419895	0.0557628741669043	1.61072604403353	0.955530711024821	0.273290705657993
snp163	2	27	200	0.4375	175	0.109549415568288	0.104985357769045	0.329450573789387	0.465708255182887	0.22543160143858	0.737862796917339	0.821643529871988	0.761686097628787
snp164	2	28	200	0.465	186	0.145531383322684	0.341507494858784	0.324149897259963	0.454723809266203	0.751021802464844	1.58347681018126	0.452639534668413	0.285446857892437
snp165	2	29	200	0.455	182	0.440858683114356	-0.370475704905984	0.340494578770398	0.484652733053156	0.764414764716392	1.319136066605	0.444620112826319	0.418926420822699
snp166	2	30	200	0.4525	181	-0.169779846527584	0.366625344972468	0.335458231820013	0.482795346360671	0.759380445019	0.761161323493748	0.447625007829031	0.748500595006148
snp167	2	31	200	0.4575	183	0.403184628161849	-0.08410554073257	0.327310274127078	0.426730814093464	0.197092729080841	1.63855065664739	0.843754973186314	0.261211690105663
snp168	2	32	200	0.4925	197	0.0330831850759306	0.159974645500851	0.354219115463702	0.471496722272903	0.339291108387085	0.606428713874694	0.734390440295213	0.832037395625398
snp169	2	33	200	0.445	178	0.0728659873695991	-0.469245396150171	0.346934551880367	0.469201487465947	1.00009358172426	1.24904802459883	0.317265221906738	0.458378285970843
snp170	2	34	200	0.45	180	0.195959647353982	-0.10731011698478	0.337731164680741	0.466189555808765	0.230185587917374	0.638847288602687	0.817947560372664	0.815411056507145
snp171	2	35	200	0.46	184	-0.507900211465586	0.667292691578509	0.310004397946086	0.422611070132148	1.57897589234908	1.74356434469575	0.114341586766598	0.218710069016251
snp172	2	36	200	0.4775	191	0.210981150818773	-0.75539688271105	0.317187220919828	0.447700381390293	1.687282196109	1.84483994292276	0.0915491027514045	0.182370087729432
snp173	2	37	200	0.4475	179	0.365254457424162	-0.0872360921566533	0.344381606288715	0.466636807366681	0.186946444814208	1.31132004102386	0.851702623377435	0.423255135312178
snp174	2	38	200	0.465	186	0.110476180669428	0.307906367273704	0.344722373140791	0.468103892421654	0.657773567489056	1.28881087729976	0.51068364162875	0.435824020976795
snp175	2	39	200	0.48	192	-0.148920042411819	0.213734294301379	0.326834865435479	0.448083073359265	0.476997028026566	0.501844711225982	0.633364237941987	0.881681801720304
snp176	2	40	200	0.4475	179	0.224676907764736	-0.0819811116267564	0.336941879266171	0.478488235348973	0.171333599387173	0.785319227619512	0.863961462564848	0.734648485906812
snp177	2	41	200	0.4575	183	0.813455119636641	-0.821700225296909	0.336221721700464	0.44289210630924	1.85530564575738	2.4215838576677	0.063552592456279	0.0532885288334215
snp178	2	42	200	0.4825	193	-0.124269243466715	-0.250373299514689	0.339741405341548	0.468804007374417	0.534068172575848	1.22456990157069	0.593294368940418	0.472467781385834
snp179	2	43	200	0.48	192	0.0878392743467622	0.0145420598379278	0.336053982272543	0.450124555411267	0.0323067463507763	0.40696540715169	0.974227429204677	0.920525642725603
snp180	2	44	200	0.4675	187	-0.492225379066213	0.359813785072325	0.341831620395173	0.455741325943164	0.789513183443885	1.48868483577654	0.42981212754134	0.330188600821233
snp181	2	45	200	0.4575	183	0.244062618177422	0.0283757794196861	0.330648020063091	0.459813544707481	0.0617114909864995	1.0935523966029	0.950792588928696	0.549949720582048
snp182	2	46	200	0.4775	191	-0.0686973219231836	0.316921714188463	0.330010131231207	0.445736661745978	0.711006613068489	0.871913898376782	0.477080137826806	0.683781454696727
snp183	2	47	200	0.4725	189	-0.329883998000525	0.303308375185419	0.305704335293749	0.429612750596202	0.706004127588154	1.08190483655143	0.480185570593921	0.556961569093491
snp184	2	48	200	0.4675	187	0.530504431572291	-0.563621765337447	0.345598555553841	0.465218608320525	1.21152025146235	1.54262393393107	0.225696077960631	0.304268634771426
snp185	2	49	200	0.47	188	0.653521619413147	-0.743250361677905	0.33447060995189	0.451528315777963	1.64607696949707	1.97671890303722	0.0997479133411258	0.141747381272594
snp186	2	50	200	0.4575	183	0.242796994492369	-0.101148833613681	0.332859838507147	0.455563690653592	0.222030060096677	0.833594850743214	0.824290482725555	0.706494269788787
snp187	2	51	200	0.455	182	-0.902942376128356	0.725617597141426	0.331559057142342	0.440709192914756	1.64647710736948	2.79638455291985	0.0996655694901969	0.0200428402472302
snp188	2	52	200	0.445	178	-0.308183506549133	0.319002599910383	0.337181996944476	0.456289553446979	0.699123171899335	0.915367329701024	0.484475058505564	0.657737953366279
snp189	2	53	200	0.44	176	0.651748958623619	-0.70456454940945	0.327737462681718	0.461275000066912	1.52742843056148	1.99934374610213	0.12665451129503	0.135512999290746
snp190	2	54	200	0.47	188	-0.17439858037076	0.687369726342066	0.324568294696814	0.451783528038082	1.52145814020056	1.72150859136306	0.12814490827107	0.227229237310608
snp191	2	55	200	0.4475	179	0.130933736459473	-0.375214433588963	0.36115383081498	0.48491670258518	0.77377090042192	0.843922152363729	0.439066283724492	0.700400965813972
snp192	2	56	200	0.465	186	-0.0517213150246596	-0.458727088894879	0.335763161594365	0.44912437584239	1.02138096609537	1.65074865264805	0.30707397963632	0.256023624102552
snp193	2	57	200	0.435	174	-0.292222640095352	0.0353251819190389	0.32126527879311	0.470227945652522	0.0751235273140118	1.19211791057456	0.940116428625109	0.491362784020874
snp194	2	58	200	0.47	188	-0.176595354880804	0.102389976051933	0.315259666917664	0.428528943004322	0.238933630326342	0.603696004042945	0.811157047449722	0.833414274051623
snp195	2	59	200	0.46	184	-0.116137356414909	0.186314588977086	0.402085781266033	0.488855773770367	0.381123838509892	0.38197717736815	0.703111359389857	0.929644260117836
snp196	2	60	200	0.455	182	-0.0672560169674251	0.0611483535505235	0.332448123810611	0.450528116914597	0.135725943076079	0.202494908530549	0.892037937888693	0.979706644976063
snp197	2	61	200	0.4625	185	-0.160084501580063	-0.0807587198105884	0.319228448121438	0.435423583629292	0.185471625439894	0.956499304860978	0.852859133761693	0.632898346298453
snp198	2	62	200	0.4525	181	-0.145048011429806	0.0754019304608094	0.369930164190667	0.464509623735347	0.162325873583557	0.436550287607986	0.871049240703949	0.909111002948446
snp199	2	63	200	0.4825	193	-0.232803703948019	0.467182147322743	0.327108099030505	0.457728477151883	1.02065344553104	1.02098550403646	0.307418658394234	0.59380416666539
snp200	2	64	200	0.4675	187	-0.692037711841808	0.400989679111396	0.319808090963171	0.45672050047355	0.877976089743357	2.34990473678302	0.379956694499646	0.0632268557093377
snp201	2	65	200	0.455	182	-0.0910557836526162	-0.0334383233470336	0.338903153537072	0.44424654084433	0.0752697438757341	0.461300553885437	0.940000094062346	0.899065758863611
snp202	2	66	200	0.4625	185	-0.31685646468808	0.0013848901841762	0.355036728760019	0.476795590285207	0.0029045784239485	1.29088692219346	0.997682484978539	0.434658539440328
snp203	2	67	200	0.4325	173	-0.29085388547716	0.715228219220783	0.360744231929187	0.490068026382959	1.45944681292445	1.51388158632312	0.144442169442969	0.31793169060212
snp204	2	68	200	0.4775	191	-0.473983926002157	0.691267759038745	0.327092357319103	0.45614280189578	1.51546348241331	1.60021533067412	0.129655071416818	0.277941518574213
snp205	2	69	200	0.475	190	-0.575898729365404	1.05347169916805	0.326943927618515	0.441256693345186	2.38743505777021	2.38786174563493	0.0169664000399348	0.0577898653794555
snp206	2	70	200	0.4525	181	-0.0612342337930825	0.511595890922731	0.338162188928086	0.462306874634367	1.1066153652319	1.44146787346735	0.268460261239258	0.35383845382973
snp207	2	71	200	0.4525	181	-0.300532604124056	0.706554807045573	0.35259447398664	0.457773033606716	1.54346096247467	1.63127309651229	0.122718972164532	0.264338194022095
snp208	2	72	200	0.44	176	-0.0729794350220485	-0.147572566287793	0.34920750711441	0.467987001031422	0.315334754945222	0.739255593172638	0.752507499412684	0.760902982567319
snp209	2	73	200	0.4425	177	-0.352702447388896	0.223658498815979	0.325790277777015	0.464205879637051	0.481808845228009	1.14998720628288	0.629941745308333	0.516213268776892
snp210	2	74	200	0.4525	181	0.529561089924648	-0.183174504696331	0.337804120099287	0.473634242245279	0.386742529062059	1.91727318655542	0.698946827741319	0.159140433671503
snp211	2	75	200	0.4675	187	-0.300178863664908	-0.0169769522321956	0.32823410561017	0.450625789445517	0.0376741691883311	1.37769002104869	0.969947471372808	0.387122190891904
snp212	2	76	200	0.435	174	0.0719062485202252	-0.209409726181855	0.316347317082597	0.450494122909518	0.464844524118053	0.478164816183925	0.642042800416445	0.891971769256894
snp213	2	77	200	0.4575	183	0.108984862657935	-0.567662894189618	0.352079317202911	0.466047454636443	1.21803667961762	1.50745721580791	0.223210034374161	0.321032270823189
snp214	2	78	200	0.465	186	-0.808120146651523	0.45732485251291	0.304101224067741	0.416472966529329	1.09809012653095	2.87944467903428	0.272165136290061	0.0158339196018575
snp215	2	79	200	0.4675	187	-0.0234644409738368	-0.413064268865716	0.316281559760439	0.446144693130411	0.925852700314368	1.37448888734586	0.354522535142376	0.388831243542583
snp216	2	80	200	0.45	180	0.461256558548164	-0.448844740952357	0.332330119726884	0.440939555648195	1.01792804751332	1.3882565196656	0.308712151412964	0.381506236073088
snp217	2	81	200	0.455	182	-0.168211182428664	0.731509219518039	0.331529552666067	0.462421748915247	1.58190920136006	1.79123437490988	0.113670300090772	0.201038209307985
snp218	2	82	200	0.4725	189	0.43524994273441	-0.647887951821042	0.390880284713226	0.495624498286254	1.30721534964732	1.31203106606423	0.191139583846001	0.422860577130969
snp219	2	83	200	0.4725	189	-0.0912700920111217	-0.218380813298589	0.337924110129984	0.462897487477149	0.47176927766187	1.02397056895775	0.637091482074027	0.591994542408119
snp220	2	84	200	0.4775	191	0.143558384980805	-0.0739777010784007	0.322154150103178	0.447583225008779	0.16528255963335	0.488715816115976	0.868721585418701	0.887433602548662
snp221	2	85	200	0.4525	181	0.263164329168947	-0.482073872896332	0.332621950014591	0.444130294675809	1.0854334385098	1.08669211679168	0.277729729067442	0.554077960977955
snp222	2	86	200	0.4575	183	0.345610684580407	-0.520381385347069	0.32345864808484	0.451126382649405	1.15351574494699	1.20588366004019	0.248698758802563	0.483319332074971
snp223	2	87	200	0.465	186	0.333178263106265	-0.81028100117195	0.361123411806844	0.47572426018548	1.70325768304528	1.76424553981488	0.0885198560616327	0.210918987995933
snp224	2	88	200	0.46	184	-0.109279611947938	-0.120083021218452	0.318002818377913	0.45430952121659	0.264319842773453	0.760715504036039	0.791533471506397	0.748754560284804
snp225	2	89	200	0.46	184	-0.243585047448169	0.0139758415786581	0.34113540153143	0.475419208917264	0.029396880303779	0.955404148460347	0.976548060887873	0.633561285076582
snp226	2	90	200	0.46	184	0.196183461234865	-0.100975937760677	0.355393759613014	0.470735751166638	0.214506626085707	0.633303679049461	0.83015200035165	0.818291396848182
snp227	2	91	200	0.47	188	-0.609929259379642	0.644801395748921	0.369292948935839	0.508672297167455	1.26761649757516	1.65339217880591	0.204934937521108	0.254907932390116
snp228	2	92	200	0.4425	177	0.348588901194527	-0.0182119776036882	0.349732698443832	0.476140184590262	0.0382491925552563	1.41874516322839	0.969488999580971	0.365525615393531
snp229	2	93	200	0.45	180	-0.0198749091431522	0.401522294469402	0.351638467929876	0.468373459524879	0.857269527775353	1.24694036879477	0.391295945135742	0.459585564807716
snp230	2	94	200	0.475	190	0.0756055862410221	-0.213466378276672	0.326579745720028	0.469301657187278	0.454859630277177	0.473981000148361	0.649210227461954	0.893750170458786
snp231	2	95	200	0.4625	185	-0.162820581076446	-0.160484694138512	0.340791455398129	0.465481160816771	0.34477162052469	1.15643241813084	0.730266069937889	0.512390643716552
snp232	2	96	200	0.4725	189	0.814683345931752	-0.928407894871147	0.342045925429488	0.475712961122532	1.9516136215427	2.41032366159594	0.0509840947901304	0.0547580944802873
snp233	2	97	200	0.43	172	-0.209655584325171	-0.166330534364694	0.345810087854166	0.464247210455776	0.358280094351883	1.37706134274726	0.720133713116036	0.387457555320663
snp234	2	98	200	0.44	176	-0.456302107801324	-0.0815661799583973	0.344102422990423	0.459579793486936	0.17747990906984	2.16284774337125	0.85913144495618	0.0964283358212525
snp235	2	99	200	0.4425	177	-0.143587335831226	-0.0820492295079787	0.326846587386554	0.433158142764595	0.189420956014601	0.881790832185338	0.849762901248262	0.677885058355305
snp236	2	100	200	0.4575	183	-0.359185279599706	0.0763221970780131	0.329724449677275	0.468238992520073	0.16299837966771	1.3585163064844	0.870519710448115	0.397411394166738
snp237	2	101	200	0.4675	187	-0.00491086891357888	0.122716815884563	0.328948707862242	0.469435609832848	0.261413521501402	0.358015553412853	0.793773630823869	0.937922863677523
snp238	2	102	200	0.46	184	-0.267320880278982	0.635206619260457	0.329962147460297	0.462862429979619	1.3723443038754	1.39524861784303	0.169956279739212	0.377811701069687
snp239	2	103	200	0.4775	191	0.119150973661758	0.202259526219013	0.316105650965025	0.462975067232535	0.436869154591916	1.02257249933065	0.662206242872731	0.5928420587589
snp240	2	104	200	0.4675	187	-0.519625398177533	0.00832702284309561	0.297899433884125	0.415482780734088	0.0200418001159595	2.40950679555643	0.984010027582647	0.0548659962270345
snp241	2	105	200	0.46	184	0.0969553160204504	-0.153801798161449	0.348545064498954	0.461146374350454	0.333520562485363	0.3383007360649	0.738741370490531	0.944382792961869
snp242	2	106	200	0.4575	183	0.409475078813143	-0.567847183883888	0.337798787532371	0.451358305454728	1.25808515545494	1.32560394104668	0.208360961272627	0.415358654504611
snp243	2	107	200	0.4675	187	0.534848385042611	-0.284891952804778	0.320040839570622	0.446067029963556	0.638675207239714	1.84841550187591	0.52303424463076	0.181169914525215
snp244	2	108	200	0.48	192	0.492380591207862	-0.809195097973815	0.311658375401983	0.458377387985658	1.76534689359313	1.83642404000729	0.0775054828507438	0.185217100196463
snp245	2	109	200	0.46	184	-0.36904183153832	0.617257794747297	0.360585858257358	0.456482040631037	1.35220608875216	1.35236541031079	0.176309396446529	0.400738533099528
snp246	2	110	200	0.475	190	0.144008900225668	0.215545101792927	0.316917337389868	0.440843463129705	0.488937956032501	1.25737357843436	0.624885622863118	0.45362057970742
snp247	2	111	200	0.4575	183	0.0568184857115277	-0.0961503525994999	0.315910635290119	0.455705625191144	0.210992244300627	0.217122484846402	0.832893323283351	0.976704541485619
snp248	2	112	200	0.4525	181	-0.401541845856074	0.00583817949629717	0.328771153662601	0.455992193387851	0.012803244399694	1.70102545230202	0.98978476805142	0.23533534202189
snp249	2	113	200	0.4425	177	0.134058748007643	-0.689792586302343	0.341349109210137	0.454114548788119	1.51898367524927	1.91079806470639	0.128766605154342	0.161125031528934
snp250	2	114	200	0.4525	181	0.20129051572476	-0.132711220351163	0.33931354452127	0.455430408940606	0.291397363342222	0.64180763308368	0.770747430846066	0.813866835639949
snp251	2	115	200	0.455	182	0.194727484370765	-0.241101950602211	0.325760556763201	0.448444736862391	0.537640272665739	0.616101764757206	0.590825421116382	0.827132240999445
snp252	2	116	200	0.47	188	0.259499311796329	-0.353238448683166	0.327991080520966	0.453605306058304	0.778735266023899	0.850532940855005	0.436135677424496	0.696489095697062
snp253	2	117	200	0.4125	165	-0.152707667861042	-0.667972877529677	0.352051921119404	0.441062616602103	1.51446269165967	2.85516314372076	0.129908529344628	0.0169755995150771
snp254	2	118	200	0.4875	195	0.288427904270173	-0.122750498594589	0.359260939665523	0.461775888917532	0.265822667533234	0.970806826466269	0.790375784927736	0.624232148369194
snp255	2	119	200	0.4425	177	0.0702406912148621	-0.0911759213461149	0.346818032128399	0.499360893770033	0.182585225402339	0.210329352877133	0.855123477881541	0.978123617825022
snp256	2	120	200	0.4675	187	0.547306444239453	-0.156690767653984	0.336016281452956	0.459978014841577	0.340648384484095	2.07286561946014	0.733368300072388	0.116672322220042
snp257	2	121	200	0.465	186	-0.223730763338989	0.370508431061761	0.354360024020042	0.473344358663986	0.782746058509117	0.788374389954933	0.433776249360686	0.732884552596379
snp258	2	122	200	0.4825	193	0.0587703669039392	0.322243801436465	0.333224830795237	0.448322214682235	0.718777234058917	1.26806739534207	0.472278186946288	0.447536375040126
snp259	2	123	200	0.4725	189	-0.0893471927223875	0.164260057100721	0.34504103012008	0.493517793004242	0.332835126573257	0.33529230185029	0.739258741323477	0.945340155032827
snp260	2	124	200	0.4425	177	-0.681479609683952	0.344180590944532	0.339738690211878	0.470106685138262	0.732132943064416	2.25201033528752	0.464087428351436	0.0792002934397783
snp261	2	125	200	0.4675	187	-0.613229982642761	0.931349993914069	0.35161064551695	0.477979973027212	1.94851258728584	2.00887254274949	0.0513536601754144	0.132949696181239
snp262	2	126	200	0.47	188	0.506819237552362	-0.265758026659888	0.351085486725463	0.451955853917413	0.58801766667337	1.59196833420802	0.556520434721284	0.281624237267373
snp263	2	127	200	0.4425	177	0.317134795070129	-0.184510764541928	0.352284995952378	0.482913544739336	0.3820782551078	0.965491361294108	0.702403320375619	0.627452828588024
snp264	2	128	200	0.44	176	0.0639380771210375	0.0837223100594314	0.341190344616537	0.464943505074713	0.180069856112901	0.498716653737993	0.857097727095828	0.883062631663127
snp265	2	129	200	0.47	188	-0.229340073717455	0.0440344790225598	0.310245995568463	0.449368796936539	0.0979918483943567	0.930126528784995	0.921938766254098	0.648840938239806
snp266	2	130	200	0.46	184	-0.232641312591857	0.889697910571982	0.322100512291144	0.438636010885881	2.02832847393246	2.26144147935755	0.0425267347487051	0.0775324452162799
snp267	2	131	200	0.455	182	-0.0503383500182722	0.305879660447613	0.324762720017972	0.45178204767531	0.677051383563264	0.802624928755658	0.498373353297027	0.724623269012235
snp268	2	132	200	0.4675	187	-0.429573710905602	0.390924500736799	0.378374694268734	0.470997308596399	0.829993067055476	1.13582275740142	0.406542703477738	0.524638057665813
snp269	2	133	200	0.465	186	-0.851280836238569	1.13738060142016	0.347428831900454	0.477502489894944	2.38193648303362	2.60992427438457	0.0172218676519763	0.0331785280088845
snp270	2	134	200	0.4425	177	-0.273072102806282	0.407723859137245	0.324354040449838	0.449882343451318	0.906289977973685	0.951564889493419	0.364782388711656	0.635884796607917
snp271	2	135	200	0.4525	181	-0.43224162772356	0.704784039183676	0.339012305692024	0.471956700561051	1.49332351536877	1.52301380593171	0.13535252300497	0.31355342256236
snp272	2	136	200	0.4775	191	0.0546545120954949	0.556301016393156	0.325348187962644	0.450469160214805	1.23493696245018	1.93675155612566	0.216853965753878	0.153277803464596
snp273	2	137	200	0.47	188	0.385690060626506	-0.560199209855843	0.328990101899632	0.439804756458017	1.27374522814948	1.31884820905899	0.202753721942991	0.419085509776666
snp274	3	1	200	0.47	188	-0.0028323955394531	0.327739573803733	0.329905894239534	0.485961546454323	0.674414624356575	0.932574915506084	0.500047747673267	0.64736306751432
snp275	3	2	200	0.4525	181	0.311257387798685	-0.167446624365221	0.339509079152369	0.463473603808958	0.361286215631477	1.03031543728671	0.717885497152487	0.588149006862532
snp276	3	3	200	0.4825	193	0.371492863801134	-0.513689499087215	0.330433980616112	0.468373585485896	1.09675164229065	1.19959732891925	0.272749974621532	0.486987474581683
snp277	3	4	200	0.445	178	-0.287604802879369	-0.496522226634355	0.366212318151369	0.502472408429857	0.988158191980938	2.41172378833699	0.323075179971704	0.054573557106877
snp278	3	5	200	0.475	190	0.351383134620593	-0.436075209093648	0.307834724608224	0.453440619873867	0.961703010230867	1.17147780590458	0.336198809827699	0.503495691045304
snp279	3	6	200	0.465	186	-0.457168609638141	0.713214846851036	0.348289758611225	0.477724416075832	1.49294200348726	1.53846613792545	0.135452368898299	0.306223813177327
snp280	3	7	200	0.48	192	-0.319858504194021	0.0268116397032153	0.336542866132258	0.484284259312355	0.0553634341559763	1.29638842348029	0.955848926453544	0.431576078512738
snp281	3	8	200	0.4525	181	-0.325691908551329	0.186702329929464	0.346413746213735	0.488960851305	0.381834924884414	1.0107373768975	0.702583811696293	0.600018361023237
snp282	3	9	200	0.4875	195	0.453878490845533	-0.283442630859897	0.359204650889456	0.492901707367858	0.575048993791292	1.35282790779344	0.565258162474276	0.400487920469913
snp283	3	10	200	0.45	180	0.0107979548437201	-0.202958936060373	0.320523699766652	0.456406865527813	0.444688613142707	0.589695554711724	0.656544799369714	0.840405787340325
snp284	3	11	200	0.4375	175	-0.214255767382419	-0.103286562699178	0.355665535382445	0.472331448322217	0.218673905932085	1.21521684723941	0.826904077095505	0.477889381414514
snp285	3	12	200	0.44	176	0.109933040141515	-0.0318467709578477	0.367263686316019	0.486425052783841	0.0654710746816732	0.387259870296677	0.947798935969827	0.92775730649637
snp286	3	13	200	0.47	188	-0.0288642670807031	0.00674325878411826	0.345756025092637	0.457965450080969	0.014724383210406	0.110534449223385	0.988252066477212	0.993909689355317
snp287	3	14	200	0.455	182	0.212942468747992	-0.463703070209205	0.325215763893937	0.449850049800353	1.03079475130657	1.0379517033958	0.302637080132959	0.583522732415035
snp288	3	15	200	0.4725	189	-0.647008780465581	0.773274274778923	0.333668511683531	0.456615664831273	1.69349046547639	1.97281938293014	0.0903621481969131	0.142843142146526
snp289	3	16	200	0.4475	179	-0.257431024723869	0.230385639515291	0.345157907701751	0.462366149284555	0.498275316806345	0.751731133713109	0.618290002919172	0.753859062130859
snp290	3	17	200	0.45	180	-0.38686263161793	0.57964516946011	0.34716731055974	0.486206409165276	1.19217920318091	1.24552509160031	0.233190986152043	0.460396880907118
snp291	3	18	200	0.48	192	0.0121676258132758	0.275178499018781	0.326030659644976	0.444463761073332	0.619124714136995	0.915972415688639	0.535834203388653	0.657373628665503
snp292	3	19	200	0.4625	185	0.240585659356762	0.418117316218417	0.331841891471865	0.459459104099834	0.910020745018398	2.24081003248826	0.362811569460291	0.0812182908140687
snp293	3	20	200	0.47	188	0.0645122499178437	0.318715528163847	0.332399822795435	0.456911355875794	0.697543460159669	1.20881521679722	0.485462751139481	0.481611688962632
snp294	3	21	200	0.4675	187	0.277732076368871	-0.0713600140996086	0.322472929317345	0.433041120982127	0.164788078180118	1.14599971944977	0.869110787988655	0.518581707946074
snp295	3	22	200	0.47	188	-0.253723064296567	1.00704369907083	0.341609227052309	0.45461800046316	2.21514259893992	2.65164031752882	0.0267502783113841	0.0297300135330978
snp296	3	23	200	0.465	186	0.301859216861427	-0.314210185024993	0.350135800914917	0.478670856764262	0.656422217030306	0.862393262055981	0.511552499445991	0.68945002170017
snp297	3	24	200	0.4775	191	-0.161319883667383	0.782089652316653	0.380671062626418	0.514518269559703	1.52004253024081	1.82881115458683	0.128500286888844	0.187819267885654
snp298	3	25	200	0.4525	181	0.300697232815638	-0.452179563317282	0.331967276270771	0.448509370597383	1.00818309038897	1.03433219730441	0.313366574139886	0.585715239348569
snp299	3	26	200	0.4475	179	0.0413468598602851	-0.0280830225477	0.347505183751646	0.472685940863134	0.0594115883718052	0.125286610907719	0.952624283178887	0.9921823505847
snp300	3	27	200	0.475	190	-0.241005458127684	0.473896391003242	0.339206468947795	0.463398966702466	1.02265310252087	1.02268016416556	0.30647189246839	0.592776789910671
snp301	3	28	200	0.455	182	-0.491345811994062	1.54107035429817	0.292865560328482	0.428358206312236	3.59762070993187	3.74421350105916	0.000321141467964503	0.000903199254293092
snp302	3	29	200	0.4575	183	-0.155728684852977	0.210684329707338	0.334560037937277	0.464043839289743	0.454018159210578	0.500240419348699	0.649815756730314	0.882390798793527
snp303	3	30	200	0.4475	179	0.213861186669629	-0.156443675025718	0.31678658295574	0.456874480707118	0.342421565729794	0.693550363449374	0.732033661251199	0.786229886132319
snp304	3	31	200	0.4825	193	0.492999322317227	-0.416784460950589	0.32705681378978	0.452472808930094	0.921125983097432	1.52513654617259	0.356984656097367	0.312540648759127
snp305	3	32	200	0.46	184	0.734974496385639	-0.837530343919313	0.313648662615379	0.425794145208559	1.96698417144529	2.3830704355418	0.0491850356220086	0.0584541641665045
snp306	3	33	200	0.4575	183	0.320214138572875	-0.436188552666333	0.331185847370708	0.469049846250281	0.929940721979442	1.0240372075551	0.352401777189255	0.591954147154586
snp307	3	34	200	0.47	188	0.331452592210029	-0.15341068032062	0.314432797068456	0.470422019527465	0.326112881524381	1.16882305408771	0.744338951289408	0.505062211662429
snp308	3	35	200	0.4525	181	-0.244982414837914	0.110080112842596	0.321638460422136	0.435821717519238	0.252580604448048	0.87763681033071	0.800592319541369	0.680366819767226
snp309	3	36	200	0.4525	181	-0.083323151445775	0.177271534703069	0.336935287281375	0.47445353090434	0.373633081337128	0.374432892144558	0.708677318267329	0.932300589511768
snp310	3	37	200	0.4375	175	0.225738422965979	-0.251166098130089	0.317360309817816	0.438694335994845	0.572530980051314	0.716601327876118	0.566962303843141	0.773554825621192
snp311	3	38	200	0.48	192	-0.286421029333481	0.378970471873093	0.352923852846688	0.481399289935891	0.787226902481641	0.861407637569767	0.431149051425322	0.690035965365049
snp312	3	39	200	0.4575	183	0.211828081630366	-0.583971285998072	0.336417552068996	0.437796286994779	1.33388816521652	1.45211645341336	0.182240510725419	0.348428896402698
snp313	3	40	200	0.4575	183	-0.148271436482234	0.328600037619432	0.318163778907539	0.440068376836183	0.746702228371557	0.756489732342218	0.455243324352765	0.751158680267522
snp314	3	41	200	0.4575	183	-0.23220847904724	0.804020819816538	0.35306339650431	0.452328502784949	1.77751526792198	2.09672609852077	0.0754835010530202	0.111010535683213
snp315	3	42	200	0.47	188	0.0577962545413137	0.11634813268009	0.323962012976349	0.444834054688779	0.261554014252553	0.573440708052077	0.793665301307408	0.848388066036469
snp316	3	43	200	0.46	184	-0.050649739604977	-0.121329843680301	0.348379458989374	0.476991017920492	0.254365049072108	0.539671434442332	0.799213549926439	0.864483873146944
snp317	3	44	200	0.475	190	0.194280570788362	-0.439373717064795	0.354874646091979	0.458662910782368	0.957944727458625	0.989307247116762	0.338090630747688	0.613015894344101
snp318	3	45	200	0.4225	169	0.418304180906454	-0.81602673791749	0.327061389974548	0.454275850921138	1.79632427359462	1.79773939211461	0.07244295956413	0.198705100385294
snp319	3	46	200	0.45	180	0.0117011896529581	0.455267426560144	0.346063222375182	0.471587187372863	0.965393969026949	1.47353580936205	0.334347521071686	0.337680907270308
snp320	3	47	200	0.47	188	0.380852153215248	-0.886693827705572	0.322597647955991	0.427672087659699	2.07330301249662	2.13946975887888	0.0381440885277021	0.101401699807434
snp321	3	48	200	0.4425	177	-0.323514985533224	0.28473211570863	0.341358737557555	0.467732149432178	0.608750362903836	0.956458752795838	0.542689919238662	0.632922895129204
snp322	3	49	200	0.47	188	-0.0807217421350565	0.173804730873521	0.318653443145478	0.428238525169116	0.405859633494871	0.407605934523952	0.684845739252663	0.920285529507762
snp323	3	50	200	0.44	176	0.241011406555214	-0.0245835232423304	0.345726336827822	0.459255878788992	0.0535290333292075	0.971750083109474	0.957310398552419	0.623660510710722
snp324	3	51	200	0.48	192	-0.274894542638933	0.600619780177048	0.326993289031263	0.455433051074754	1.31878830216576	1.3245315340836	0.187239896094812	0.415949303642594
snp325	3	52	200	0.455	182	-0.538326225820006	0.772052296445832	0.323362985776211	0.453352190806519	1.70298569655601	1.81825315544003	0.0885707451894228	0.19147035842513
snp326	3	53	200	0.455	182	-0.216655188912793	0.0539193374395949	0.29967088485138	0.463789665780249	0.116258169204535	0.859501241070657	0.90744793688355	0.691168806703626
snp327	3	54	200	0.4325	173	-0.819534034998615	1.11192437229013	0.343320991588202	0.480194741238656	2.31556965705608	2.52621857522269	0.0205817771764531	0.0411352383147155
snp328	3	55	200	0.48	192	0.260639521531984	-0.0548992993816604	0.36618742535509	0.505019288717026	0.108707331795443	0.902351484502627	0.913434626390708	0.665564916272128
snp329	3	56	200	0.4675	187	0.22681314528759	-0.0730263013633433	0.350022840118268	0.451575332507294	0.161714549282126	0.784361726443387	0.871530646684092	0.735200771214937
snp330	3	57	200	0.49	196	0.0713958431073568	0.427419067462772	0.340564756774435	0.471740636937499	0.906046742628621	1.5836654798265	0.364911112324681	0.285361587158029
snp331	3	58	200	0.475	190	0.177282256980266	-0.477022181524634	0.343297766112362	0.454564344443001	1.04940518840991	1.10764525579544	0.293991671275824	0.541485491350602
snp332	3	59	200	0.45	180	0.536660451985887	-0.396149552489854	0.318906720728398	0.444963824399086	0.89029608873226	1.7566541696462	0.3733069207557	0.21375667664913
snp333	3	60	200	0.485	194	-0.727661581600972	0.947987283073704	0.360106970731014	0.473441457425677	2.00233263945315	2.14163624821434	0.0452489678461767	0.100932539622373
snp334	3	61	200	0.45	180	-0.446553599691464	0.215952688050964	0.348220105547647	0.481982515620583	0.44805087539931	1.43391991580826	0.654116480162037	0.357699095106488
snp335	3	62	200	0.465	186	0.29749974778601	-0.298027842770421	0.338711297629575	0.453139513249129	0.657695553039466	0.878716218251017	0.510733780437402	0.679722198359109
snp336	3	63	200	0.4725	189	0.0204296404533329	0.187765824622805	0.315729044812192	0.438336735169209	0.428359773566143	0.644990304234474	0.668389206839075	0.812201963456644
snp337	3	64	200	0.485	194	0.157431370928163	0.406335121513526	0.349247342310684	0.494714967302212	0.821351987245019	1.6045501587723	0.411445803433908	0.27601761136476
snp338	3	65	200	0.4475	179	0.0650488234332624	0.264427363184691	0.323113637567007	0.446986745899624	0.591577637615391	1.06055609385448	0.554133452139468	0.569845724188995
snp339	3	66	200	0.465	186	0.553112816917232	-0.544770312944996	0.341882317870945	0.466446241874236	1.16791660868795	1.6180553838498	0.242840404003178	0.270076071707373
snp340	3	67	200	0.465	186	-0.264736436301021	0.363958026169483	0.385538199208322	0.504006060896833	0.722130256770826	0.757748585270401	0.470214397430808	0.750443090743844
snp341	3	68	200	0.4725	189	0.151400655087109	-0.295772130580014	0.332866354393754	0.4713579971197	0.627489365593395	0.627539364364122	0.530338504871933	0.821270434818513
snp342	3	69	200	0.445	178	-0.217048223981314	0.246910159947777	0.341666988955846	0.472671452636302	0.522371635880797	0.640283942833887	0.601411600806708	0.814662172678996
snp343	3	70	200	0.4325	173	-0.0256782572851667	0.3054197334004	0.352448308609211	0.488055305464829	0.62578918819357	0.824631214346744	0.531453224346557	0.711764400973826
snp344	3	71	200	0.46	184	0.425472666906628	-0.64511136875815	0.380605950086543	0.489083248557738	1.31902159941181	1.32694017668015	0.187161891565817	0.414623202799784
snp345	3	72	200	0.45	180	0.407767589790017	-0.770231057974456	0.34687988736611	0.486724457594216	1.58247864054656	1.58328670548466	0.113540344620022	0.285532792701246
snp346	3	73	200	0.465	186	-0.346840000304284	0.482434349137679	0.320725156038108	0.464668426417923	1.03823354828886	1.15738436856341	0.299161337421734	0.511826648563361
snp347	3	74	200	0.4575	183	-0.355273994453598	0.282117444914548	0.333895117697954	0.442370791545411	0.637739765613771	1.08014847908894	0.523643095264523	0.558020059434805
snp348	3	75	200	0.4625	185	-0.368815266648253	0.750236752772564	0.341966565424119	0.509337792790232	1.47296502123404	1.4772574562982	0.140760467806592	0.335831814609469
snp349	3	76	200	0.45	180	0.314120613759302	-0.642302897455086	0.346794356347537	0.481803101485252	1.33312321044647	1.33456575321639	0.182491373647943	0.410436982931958
snp350	3	77	200	0.4725	189	-0.505811428360284	0.518392736067272	0.333011948650016	0.428438177835096	1.2099592493991	1.52317265091096	0.226294530106654	0.313477571967591
snp351	3	78	200	0.4625	185	-0.418347098907111	0.250571837692121	0.335616368089377	0.458156488322777	0.546913214324251	1.36874963048347	0.584438356795586	0.391904231877495
snp352	3	79	200	0.455	182	0.108895414299099	-0.232055644625676	0.320761068781128	0.43816039002865	0.529613470105098	0.530864749140119	0.596379953111569	0.86856861626107
snp353	3	80	200	0.4675	187	-0.436383171550693	0.664999662181705	0.330066647278683	0.44955836488908	1.479228758975	1.51569737379932	0.139079185718272	0.317058409661459
snp354	3	81	200	0.4325	173	0.0854608609213549	-0.0565254238914303	0.305773296191408	0.435166479651332	0.129893791306537	0.294324919496997	0.896650456492224	0.957611056149457
snp355	3	82	200	0.4625	185	-0.606175304523765	0.633379237497923	0.348698126810868	0.458280394227264	1.38207797120779	1.74152077798915	0.166947761544117	0.219490284351084
snp356	3	83	200	0.4275	171	0.259145450206105	-0.396912558967483	0.346813315369185	0.458668308500542	0.865358586175383	0.87987695255576	0.386842004123856	0.679028807596226
snp357	3	84	200	0.4675	187	0.00219519323248662	-0.208034658494327	0.356133631260582	0.477318438528639	0.435840398572504	0.621510303789399	0.662952530786619	0.824368591871448
snp358	3	85	200	0.4425	177	-0.0622417848385812	0.3235107248161	0.362950144180448	0.481499705358948	0.671881459563779	0.822488516684339	0.501659164462258	0.713021517615888
snp359	3	86	200	0.4525	181	0.500621576299188	-0.00114108019912462	0.342651397859468	0.481785193796293	0.0023684418156011	2.01678905147004	0.998110258608928	0.130847986357159
snp360	3	87	200	0.465	186	0.238134835388945	-0.329490006339713	0.338528505349966	0.469100108603574	0.702387401530444	0.75555436434092	0.482437599954748	0.751690056624326
snp361	3	88	200	0.475	190	-0.0500633276978154	0.280519685146616	0.322697433018041	0.420958897570404	0.666382601165236	0.80246186053739	0.505166580593086	0.724718106173258
snp362	3	89	200	0.4325	173	-0.0455598331696123	0.0402595035968275	0.362858708376439	0.481027961285171	0.0836947263715511	0.126577686625931	0.933299150181136	0.992021046814173
snp363	3	90	200	0.4525	181	0.0826397244873594	0.218538214738772	0.362751862832221	0.4772929046073	0.457870235717369	0.98236188307942	0.647045671864166	0.61722760416482
snp364	3	91	200	0.43	172	0.198530854981036	-0.0363290862175522	0.338251591210624	0.45643138913686	0.0795937507414922	0.749536604497505	0.936560365634625	0.755101908466264
snp365	3	92	200	0.4825	193	-0.457626748354788	0.337088872042476	0.343100231308444	0.466878779325387	0.722005126318977	1.38220660980431	0.470291325789285	0.384716893752238
snp366	3	93	200	0.445	178	0.00274130980170792	-0.0149850994852843	0.320976997715665	0.461697794084728	0.0324565108979799	0.0372514332610703	0.974107997017733	0.999306406007592
snp367	3	94	200	0.4525	181	0.134639109457202	-0.0212644203466678	0.337073407256467	0.45510599843981	0.0467241047570595	0.539617749894431	0.962733118505592	0.864508918105436
snp368	3	95	200	0.4575	183	-0.216055157499461	0.407749665994062	0.34662726156542	0.484557751710101	0.841488273699125	0.842714746706881	0.400074451568544	0.701114496521556
snp369	3	96	200	0.46	184	0.123751347410439	-0.229323859367641	0.364513330418174	0.471815933891678	0.486045177567679	0.486824093684742	0.626935135064878	0.888252837949974
snp370	3	97	200	0.4775	191	-0.330899194857301	-0.125114288841638	0.338780336845113	0.471893761193776	0.265132322421744	1.7336489492089	0.790907528365332	0.222513091802158
snp371	3	98	200	0.465	186	0.169926011932641	-0.538714875403541	0.361537575486601	0.479725077959832	1.12296584054888	1.28493998001149	0.261452002486077	0.438000434710714
snp372	3	99	200	0.45	180	-0.315514513696964	0.211108714392572	0.352649595835605	0.460303613897507	0.458629278629948	0.966695757791752	0.646500407623444	0.626723174343793
snp373	3	100	200	0.455	182	-0.224186245761501	0.243053502664735	0.357430236467567	0.473429056741214	0.513389491421928	0.631430457251315	0.607678894953156	0.81926128953196
snp374	3	101	200	0.4725	189	-0.0359111283717686	0.136453825842078	0.367086363787679	0.473730671675321	0.288040935495092	0.331602150013902	0.773315403898803	0.946504084521509
snp375	3	102	200	0.455	182	0.189030729344766	-0.633055058589099	0.347999860497002	0.468887272781702	1.35012207696204	1.50826887385084	0.176976827882709	0.320639609656967
snp376	3	103	200	0.45	180	-0.571828166156138	0.96252339139826	0.330820822459483	0.450966589774185	2.13435632089781	2.15555885754191	0.0328136241928167	0.097957948027361
snp377	3	104	200	0.465	186	0.131601732501217	0.375542582899609	0.295392613664253	0.424533120601528	0.884601376607546	1.73525703401212	0.376371663953792	0.221893334667755
snp378	3	105	200	0.4675	187	-0.438386951402964	0.182647025507755	0.360737278301921	0.468754223626332	0.389643476905185	1.43266270994807	0.696800198167944	0.358344229287124
snp379	3	106	200	0.4775	191	0.501196440986605	-0.686825936781743	0.320056138388497	0.443708807749431	1.54792044869572	1.6744630856246	0.12164145067993	0.246125597952335
snp380	3	107	200	0.43	172	0.40678054062774	-0.47699211582709	0.386866169194928	0.508313678743018	0.938381428189417	1.07045916268419	0.348048426632713	0.563864440843846
snp381	3	108	200	0.4575	183	0.174227830469651	-0.0368348221158528	0.303110518062902	0.460075608723783	0.0800625406289848	0.705281404954818	0.936187515319631	0.779805359073919
snp382	3	109	200	0.455	182	0.272804616020166	-0.786089024882243	0.284762042054992	0.467718287033276	1.68068909571268	1.68426575781288	0.0928233197258792	0.24210698312843
snp383	3	110	200	0.44	176	-0.073362820265162	0.340938970603336	0.32949204201271	0.440349825728458	0.774245726200369	0.916310432175642	0.438785492291165	0.657170090695041
snp384	3	111	200	0.455	182	0.773869946252585	-0.258727733143657	0.349571286660638	0.464578732369416	0.556908259282791	2.79484044106402	0.577590111295469	0.0201295469558351
snp385	3	112	200	0.45	180	-0.48362275098961	0.416007880413068	0.339519218289564	0.456674314481596	0.910950905757221	1.45275712224716	0.362321241815381	0.348104823322617
snp386	3	113	200	0.4425	177	-0.25328965086049	0.175833703723232	0.333952480685573	0.459394755983315	0.382750785534909	0.796721288776372	0.701904555120813	0.728052290325485
snp387	3	114	200	0.4525	181	-0.407793418813555	1.13188060265962	0.339174769458319	0.468616017840222	2.41536900056529	2.55456532210543	0.015719275791719	0.038277156665119
snp388	3	115	200	0.47	188	0.263321529882052	-0.739073648122346	0.302434277690252	0.43082711585855	1.71547616414423	1.76549974762585	0.0862579618420014	0.21045263155314
snp389	3	116	200	0.4575	183	-0.800268348928885	0.365924535932458	0.34190155131556	0.463318982135972	0.789789648258075	2.67713295746942	0.429650625541507	0.0277777361797986
snp390	3	117	200	0.4775	191	-0.660460733413936	0.747598891295136	0.344844627205763	0.473565296664278	1.57866063362563	1.93288810408906	0.114413918919525	0.154427860894117
snp391	3	118	200	0.4575	183	0.219221433605385	-0.598307720415222	0.32016095288863	0.440398391430607	1.35856018563478	1.42436871975406	0.174285998774111	0.362615177214197
snp392	3	119	200	0.455	182	-0.335157785343677	0.22425367754431	0.371367350597698	0.483016379183497	0.464277583968052	0.959516145336226	0.64244888192238	0.631071811797971
snp393	3	120	200	0.445	178	0.171841349529129	0.082316318189924	0.355232523535825	0.465945044615237	0.176665293774931	0.998788968523565	0.859771303571572	0.607265187073774
snp394	3	121	200	0.4825	193	0.569869607699088	-0.434879601351399	0.354188066446383	0.471680466221386	0.921979247593614	1.67750459063892	0.356539400448799	0.244874161772298
snp395	3	122	200	0.4375	175	-0.0304793788070641	-0.163098167206187	0.340866337283374	0.460995221471864	0.353795787048394	0.610949472638187	0.723491931009041	0.829750995139365
snp396	3	123	200	0.455	182	0.335050456024414	-0.395555731582917	0.387060309820282	0.490211772858181	0.806907857958263	0.892670695280353	0.41971957124314	0.671372949389142
snp397	3	124	200	0.48	192	0.30897998009692	-0.120072526614501	0.36464780951639	0.482669130962748	0.248767776748018	1.01599036899394	0.803540418073387	0.59683283394372
snp398	3	125	200	0.46	184	-0.184437136951911	-0.0727806266672896	0.344071149370975	0.471063537610243	0.1545027811673	0.99807646571091	0.877213318496208	0.607697340794382
snp399	3	126	200	0.47	188	0.421162236166033	-0.461651758270706	0.342757728860743	0.45931340713778	1.00509097077636	1.23565780849795	0.314853047454563	0.466067358180261
snp400	3	127	200	0.4425	177	0.393615063747012	-0.436273328904907	0.328352212672767	0.44404700565472	0.982493572412786	1.21049332932047	0.325856747975339	0.480635039667827
snp401	3	128	200	0.4775	191	-0.238609048290976	-0.211776630808523	0.323234604750863	0.448692520766845	0.471986095169544	1.52351753482224	0.636936713583382	0.313312921249877
snp402	3	129	200	0.4825	193	0.296613997005481	-0.541681983908173	0.326306209651098	0.466981906725768	1.15996353628808	1.1629764502867	0.246063652353579	0.508516756130498
snp403	3	130	200	0.4725	189	-0.330967079256517	0.495521190976017	0.33976630604172	0.473427034640859	1.04666855654308	1.09254913226054	0.295252470662413	0.550553136613905
snp404	3	131	200	0.4625	185	0.0914751679733136	0.0383979027302532	0.325560424122145	0.461567056086127	0.0831903018726023	0.488705135441356	0.933700223994516	0.887438234749021
snp405	3	132	200	0.4525	181	0.188942330989122	-0.399466091949362	0.302813088072732	0.447813889100527	0.89203595884827	0.893863806820486	0.372373658804357	0.670657803099881
snp406	3	133	200	0.4725	189	0.150091618264937	0.341359337432728	0.332573783272511	0.459004325077033	0.743695252491224	1.58674733253876	0.457060862249544	0.283970889265931
snp407	3	134	200	0.4675	187	-0.0947285184663788	0.135160970950385	0.331392743005572	0.464107565990017	0.291227682664609	0.312066351137536	0.770877191996599	0.952473776345433
snp408	3	135	200	0.4675	187	0.539728791219973	-0.643743493775832	0.349140233989591	0.48189508728042	1.33585817902566	1.57962630655312	0.181595632557254	0.287190467309755
snp409	3	136	200	0.47	188	0.45445964763328	-0.447116456639989	0.319630911587619	0.454448450974959	0.983866169376878	1.42208601753129	0.325181319590249	0.363795158679718
snp410	3	137	200	0.4825	193	-0.312538580458554	0.180695932307757	0.349866321559828	0.464401231434962	0.38909442972281	0.995949568928939	0.69720629390039	0.608987356893788
snp411	4	1	200	0.46	184	-0.313528133988343	-0.070224148219358	0.337192647394058	0.466397444001849	0.150567180679231	1.50417496455789	0.880317152208512	0.32262288969806
snp412	4	2	200	0.445	178	-0.299466516712796	0.73670950807906	0.343014311112511	0.458921670011823	1.60530555913841	1.66471503696056	0.108426576373184	0.250164124845011
snp413	4	3	200	0.475	190	-0.37046436371169	0.407199132804544	0.353308440890654	0.443626775509095	0.917886735617462	1.06284585222146	0.358678166694712	0.568462089704217
snp414	4	4	200	0.46	184	0.414060067473075	-0.267289677970704	0.359402834823611	0.464982629802181	0.574837984989714	1.2360566804312	0.565400874455854	0.465837667467619
snp415	4	5	200	0.4825	193	-0.171790661847335	0.339131406145219	0.330309960454306	0.438963201907223	0.772573656907342	0.776619872872565	0.439774739799017	0.739656630380716
snp416	4	6	200	0.445	178	-0.131358383575861	-0.0525586473386869	0.338920675826996	0.460373289238151	0.114165284058212	0.705445102399347	0.909106771243821	0.77971532314008
snp417	4	7	200	0.4375	175	-0.471591142131862	0.207352368353701	0.352374133766226	0.464635561757832	0.446268829637652	1.54007654515875	0.655403069230239	0.305465669196479
snp418	4	8	200	0.475	190	0.143394835613033	-0.188978633292392	0.326641421678747	0.447625277604312	0.422180432489881	0.462266622163043	0.672893322894264	0.898664762066036
snp419	4	9	200	0.4525	181	-0.325570591873353	-0.147700698110535	0.324402745099744	0.452147911062978	0.326664559310464	1.78748469045773	0.743921608470144	0.202391617222707
snp420	4	10	200	0.4675	187	-0.00149436706563526	-0.114435600719915	0.310305905564155	0.441255056605696	0.259341165629234	0.366852328453114	0.795372020008709	0.934923739131793
snp421	4	11	200	0.4725	189	0.758378478590063	-0.868079298346751	0.327203805398139	0.474976037470983	1.82762756405323	2.35002450781872	0.0676054660556747	0.0632090625282934
snp422	4	12	200	0.49	196	-0.288455635103007	-0.394851752609366	0.324901202212997	0.447202685973441	0.882936898623225	2.35999968812154	0.377270365960987	0.0617414815271869
snp423	4	13	200	0.48	192	0.415641810749372	0.0503717096699713	0.372244136906664	0.491910852165676	0.102400078079607	1.76265787482248	0.918439121700512	0.211510340204128
snp424	4	14	200	0.465	186	-0.0567425455479328	0.602069597246694	0.349367395624101	0.47103790185977	1.27817654347894	1.73159278046433	0.201187184827697	0.223307221964341
snp425	4	15	200	0.46	184	-0.0891051470836994	0.199568707934582	0.322732249364239	0.466016957422961	0.428243446414873	0.429491958290215	0.668473888071792	0.911893865600517
snp426	4	16	200	0.465	186	0.0106146248177337	0.136436050156517	0.33583497740077	0.465714527540609	0.292960691771892	0.460822793691949	0.769552197518812	0.899263824108687
snp427	4	17	200	0.4675	187	-0.399842527670552	0.498318489471789	0.363395604845771	0.478715114890041	1.04094998042051	1.14733133550249	0.297898763468998	0.517790480309522
snp428	4	18	200	0.455	182	-0.2262317401928	-0.186176165419894	0.34479475164308	0.473452264821224	0.393231122234031	1.40277078532548	0.69414878517301	0.373856614756626
snp429	4	19	200	0.455	182	-0.42655275359386	1.05348564998155	0.366473565758226	0.475674177434127	2.21472112626387	2.37888000001382	0.0267792118679424	0.0590402994195837
snp430	4	20	200	0.485	194	0.104261523588279	-0.131628240738895	0.32181926910706	0.468297490069982	0.281078253738291	0.336069759644855	0.77865038007694	0.945093474397412
snp431	4	21	200	0.4625	185	-0.29913037020937	-0.109894640433768	0.322212920177129	0.460319738489164	0.238735451133288	1.50021301783848	0.811310725420431	0.324548741415923
snp432	4	22	200	0.4625	185	0.00480879381743358	-0.457126567848388	0.342567399716364	0.499322766253199	0.915493141397414	1.27223161172098	0.359932801428691	0.44517552475643
snp433	4	23	200	0.4375	175	0.384576469115099	-0.160531984268758	0.334115543157952	0.443923243558389	0.361621038317278	1.37443050675267	0.717635240906556	0.388862445302569
snp434	4	24	200	0.425	170	0.126951105507489	0.126937732794165	0.312257533753181	0.454686165171467	0.279176589299336	0.828026167948417	0.780109308698581	0.70977045261065
snp435	4	25	200	0.4725	189	-0.540458204333223	0.789043773440507	0.373437071273765	0.491762418899774	1.60452231222923	1.63848540790206	0.108598970329393	0.261239618065749
snp436	4	26	200	0.4425	177	0.422150879257881	-0.116533427662768	0.324325308716646	0.465242806224627	0.250478730898428	1.60665147615436	0.802217150851974	0.275087931115265
snp437	4	27	200	0.4475	179	-0.637026028431021	0.570975742066484	0.332962339615046	0.446273085959384	1.27943127208538	1.91342928986266	0.200745227404388	0.160316414873423
snp438	4	28	200	0.465	186	-0.0813132601393256	0.38388044876755	0.30181306943484	0.445235437317542	0.862196529279781	0.967020953058147	0.38857937927278	0.626526152422107
snp439	4	29	200	0.4375	175	-0.0855191726124064	-0.14570929721268	0.317451010774482	0.42636090174707	0.341751076648015	0.827989626045367	0.73253823021316	0.709791928448984
snp440	4	30	200	0.465	186	0.317560953325487	-0.148883053646258	0.343828852731843	0.469641387580159	0.317014338138685	1.05250880481813	0.751232722703619	0.574711333976543
snp441	4	31	200	0.475	190	-0.113014857190663	0.0104966674652027	0.329901028580537	0.454930534198711	0.0230731214463125	0.486168980714036	0.98159194595563	0.888535978299716
snp442	4	32	200	0.46	184	0.106561083649532	-0.164372352765931	0.355119037424431	0.484076980573821	0.339558292094546	0.348467155231978	0.734189191778503	0.941091714572932
snp443	4	33	200	0.4825	193	-0.0781019985838182	0.296536389669735	0.350502797032013	0.490259560901959	0.604855903522166	0.681438564056572	0.545274744991119	0.792803993878497
snp444	4	34	200	0.445	178	-0.196109288867057	0.35413314899198	0.369745252183827	0.48997653607545	0.722755321772078	0.723465808235573	0.469830220772675	0.769740843365984
snp445	4	35	200	0.47	188	0.159514920147899	-0.750445847359154	0.339694398947694	0.434399132207422	1.72754914022439	2.14545048111746	0.0840690878781257	0.10011068216059
snp446	4	36	200	0.4675	187	-0.342708514643097	0.506921951173258	0.303542469103708	0.434992411659287	1.16535814783434	1.24813613404025	0.243874050882367	0.458900483237041
snp447	4	37	200	0.4725	189	-0.574524005501507	0.763504374674116	0.301928405642621	0.457742259668122	1.66797877746241	2.0055227654215	0.0953199397958053	0.1338466173459
snp448	4	38	200	0.4625	185	0.686075043336593	-0.518510940366998	0.305253910772467	0.426166477155479	1.21668636122646	2.31277940136357	0.223723570221735	0.0689430636381026
snp449	4	39	200	0.4625	185	0.157143599926769	-0.102722272465284	0.362661481248533	0.471057835986586	0.218067219389616	0.461294821808877	0.827376737908792	0.899068136170737
snp450	4	40	200	0.46	184	-0.320176739083435	0.656142443334426	0.342197830275172	0.464302772759442	1.41317795591623	1.41917996465213	0.157603406425216	0.365300167726031
snp451	4	41	200	0.4475	179	0.829887809139956	-0.701303954610042	0.329658816201538	0.472144607006	1.4853583927543	2.56285451483277	0.137448911219409	0.0374738608857703
snp452	4	42	200	0.4375	175	-0.00393727661241758	-0.343058081376779	0.332493912561196	0.46015360474652	0.745529488062482	1.09657278731013	0.455951691563712	0.548133757419855
snp453	4	43	200	0.45	180	-0.253829040997429	0.121979632386283	0.32297977610354	0.46026865149526	0.265018336551951	0.863994500560441	0.790995336195034	0.688497736431968
snp454	4	44	200	0.47	188	0.209248885785236	-0.664393569942082	0.300082391511464	0.429310604742655	1.54758247898475	1.60330010336695	0.121722852500301	0.276571580539919
snp455	4	45	200	0.4725	189	0.110573635530445	-0.703508247190365	0.328517316320512	0.465129836358702	1.51249864488983	1.79280400715555	0.130407057112331	0.200473521352482
snp456	4	46	200	0.435	174	0.0764358367153261	0.378280235635969	0.296146681136927	0.427250444024438	0.885382896440786	1.45143659265991	0.375950153900262	0.348772967544675
snp457	4	47	200	0.4525	181	0.396529669530767	-0.814889292365662	0.323354385695709	0.472969886585939	1.7229200324947	1.72491973505065	0.0849029871655514	0.225897472040568
snp458	4	48	200	0.47	188	0.0748792262757645	-0.0685264886182939	0.351679578043174	0.481819739033299	0.142224328035589	0.213866692807275	0.886902816123421	0.977390043276838
snp459	4	49	200	0.4875	195	-0.662756190421858	0.429428126897831	0.319257574862197	0.432373788995865	0.993187232498818	2.19675794961275	0.320618719133463	0.0895576484233402
snp460	4	50	200	0.465	186	0.376674562723866	-0.467876428213672	0.358892303253223	0.456442392895767	1.02505033602459	1.10909402864545	0.305339437456397	0.540616684768936
snp461	4	51	200	0.4625	185	-0.490786940011862	0.532784926892425	0.375440231816336	0.501790161404178	1.0617683802359	1.31263098702273	0.288340847687075	0.422527792177684
snp462	4	52	200	0.4475	179	-0.347884096642825	-0.303509006183423	0.32342562519245	0.444957839049979	0.682107335902744	2.31523735362853	0.495171082278673	0.0685520476982853
snp463	4	53	200	0.445	178	0.332081497076063	-0.254001313280289	0.361562141257383	0.470940421272791	0.539349144407292	0.947629015325233	0.589645964735816	0.638265859125015
snp464	4	54	200	0.4775	191	-0.394532478237929	0.10334619325987	0.376573024149868	0.470646359241745	0.219583539170197	1.43029870568137	0.826195512378082	0.359558929785647
snp465	4	55	200	0.46	184	0.098931579623626	-0.276946197697222	0.323472694802394	0.4744186086583	0.583759137274255	0.601020743813536	0.559382373902704	0.834758375014708
snp466	4	56	200	0.455	182	0.018027018624088	-0.208472772593935	0.350153540952055	0.465193007618861	0.448142532625382	0.608695428348931	0.654050333850205	0.83089232755863
snp467	4	57	200	0.46	184	-0.616581618501045	0.944049074315001	0.333588763829657	0.454932793139138	2.07513964381607	2.1524482221254	0.0379735944740109	0.0986165013914015
snp468	4	58	200	0.48	192	-0.0680400231321721	0.421208174880755	0.340365944975049	0.438343510711526	0.960908886724577	1.25212531785876	0.336597982098741	0.456617642942492
snp469	4	59	200	0.4775	191	-0.141410469561451	-0.18201512103506	0.31683880898728	0.432251454852699	0.421086196452678	1.14030261313183	0.673692140783346	0.521970072688381
snp470	4	60	200	0.455	182	0.194577605120321	0.0153078094300088	0.33156892477764	0.454591422141659	0.0336737753605007	0.904662941264629	0.973137291339684	0.664176389033378
snp471	4	61	200	0.475	190	0.135282826136142	-0.373998777862957	0.334200003728307	0.464520937961552	0.805127922767418	0.838108103030342	0.4207458640936	0.703834105504865
snp472	4	62	200	0.465	186	0.416689831506155	-0.131542185314603	0.332745828897876	0.43533556207552	0.302162737837126	1.55684394366137	0.76252800824857	0.297636739072696
snp473	4	63	200	0.4425	177	0.249830724228635	-0.418136900045632	0.323171379700243	0.44292676587746	0.944031682567843	0.950055548941102	0.345153458299665	0.636798007720236
snp474	4	64	200	0.4625	185	0.172115910103082	0.0700726570520829	0.370352474363966	0.465462518348026	0.150544145425023	0.953406897663537	0.880335324554322	0.634770123253065
snp475	4	65	200	0.455	182	0.227967403188991	-1.14636740056787	0.342759639763686	0.471519754250578	2.43121818382748	2.83291498181959	0.0150481497408919	0.0180844351504152
snp476	4	66	200	0.4425	177	0.257315009344212	-0.544209007470597	0.3620344359412	0.512851826098827	1.06114277024282	1.06229526791204	0.288625023141029	0.568794757041312
snp477	4	67	200	0.47	188	0.345001298747049	-0.144866026423927	0.347227003206713	0.465694715601277	0.311075091837546	1.17799861677333	0.755743536234444	0.499653525100343
snp478	4	68	200	0.4575	183	0.571507679699251	-0.15089272876494	0.354132477767447	0.470884976313348	0.320444984136698	2.08886690720411	0.748631029437121	0.112851500656817
snp479	4	69	200	0.4525	181	0.636484247463491	-0.356844287902735	0.372141498567261	0.489331729037451	0.729248210829639	1.91716727154231	0.46584984543335	0.159172752392055
snp480	4	70	200	0.455	182	-0.369031196946756	0.248207984746754	0.296713689913417	0.420473969613537	0.59030523334152	1.31370846865541	0.554986031445253	0.421930373481624
snp481	4	71	200	0.4625	185	-0.0748327611996624	0.341179567156182	0.322884137678743	0.467195480121513	0.730271549432467	0.814584510765073	0.46522421515505	0.717649520161832
snp482	4	72	200	0.47	188	0.325990532626836	-0.802622736167897	0.361522148949718	0.482018881170814	1.66512717140528	1.76381174940601	0.0958873868705429	0.211080448919792
snp483	4	73	200	0.4725	189	-0.225016414573259	0.524007388581556	0.364908074126565	0.481428087312836	1.08844374142436	1.12148995482911	0.276399259848189	0.533194044875105
snp484	4	74	200	0.45	180	-0.505642897917379	0.47218834619754	0.337778988023974	0.468871212087086	1.00707472334607	1.49975494710276	0.313898866943018	0.324771815083837
snp485	4	75	200	0.4675	187	-0.477410107933874	0.656559532833011	0.305912765424509	0.426192143361104	1.54052472120942	1.67756397453218	0.123432501635822	0.244849768986513
snp486	4	76	200	0.4525	181	0.141050284908426	-0.519649264287161	0.305600683708547	0.431741645104927	1.20361162787729	1.32579462301339	0.228739723079351	0.415253670528542
snp487	4	77	200	0.475	190	-0.357422854173593	0.355788928993502	0.342848716323978	0.453217369056591	0.785029333130163	1.04408861149081	0.432436370438038	0.579806695668889
snp488	4	78	200	0.4625	185	0.200741701930049	-0.230474284688715	0.326709561989116	0.463245227918441	0.497521120129688	0.622490484836583	0.618821613106363	0.823866149778963
snp489	4	79	200	0.45	180	0.0440192405988833	0.0307052248028727	0.36980378480359	0.493060062948133	0.0622748162146377	0.253575240665376	0.950343983290757	0.968361122017917
snp490	4	80	200	0.47	188	0.199133223181086	0.0591174992653138	0.350441163721025	0.498750106399461	0.118531301561198	0.951677493391315	0.905646694848903	0.63581666122483
snp491	4	81	200	0.455	182	0.632423293177451	-0.462593624293101	0.326414522268545	0.453551476644313	1.01993632060398	1.99228584914321	0.307758662565252	0.137435377750356
snp492	4	82	200	0.4425	177	-0.0578333357862862	-0.0903157696087366	0.330854918665724	0.453444492239605	0.199177123450455	0.498425437343999	0.842124193734569	0.883190854655777
snp493	4	83	200	0.4425	177	-0.583579919844425	0.795382792790723	0.319774114198287	0.447028312207972	1.77926715393517	1.94272174278554	0.0751959732726973	0.151512994573919
snp494	4	84	200	0.4825	193	0.369317034502234	0.126330938399381	0.341245303274047	0.449676893623625	0.280937135509388	1.98468291947041	0.778758617159089	0.139528953760435
snp495	4	85	200	0.465	186	-0.390154894550398	0.408465109922724	0.325858767077967	0.450936048253263	0.905816049759044	1.19877748403401	0.365033224495662	0.487466490611729
snp496	4	86	200	0.4875	195	0.0799946139650668	-0.257861745895306	0.361737588866437	0.486090859332214	0.530480548944191	0.585543936033378	0.595778791613195	0.842458521580712
snp497	4	87	200	0.46	184	0.283958824899198	-0.572349696915083	0.339586822835819	0.469628358539251	1.21872899391199	1.22046059491334	0.222947069537142	0.474847285017304
snp498	4	88	200	0.45	180	-0.163024546963011	0.56249767332228	0.33756510300035	0.468042645501478	1.20180859314561	1.34555912125109	0.229437695359811	0.404434827394287
snp499	4	89	200	0.415	166	-0.230921386903783	0.132133525086526	0.350360502578949	0.469871638197151	0.28121196161894	0.723774947313157	0.778547830661318	0.769568672108365
snp500	4	90	200	0.465	186	0.0187667206329722	0.181529698278063	0.355406289481974	0.474382946748444	0.3826648903008	0.624721847517823	0.701968250011355	0.822720544247207
snp501	4	91	200	0.44	176	-0.470305346456005	0.523673917985758	0.35935078263437	0.463132946669111	1.13072050207627	1.32345270309073	0.258172749307919	0.416543855058962
snp502	4	92	200	0.4475	179	0.0977173145674292	0.0934160630211923	0.338617712840848	0.462785769011739	0.20185595425866	0.675936090260686	0.840029336609626	0.795770223257674
snp503	4	93	200	0.4475	179	0.0902257581825785	0.4312600472264	0.33682045958483	0.464623349759812	0.928192798423371	1.64248308255704	0.353307569398858	0.259531982266229
snp504	4	94	200	0.4675	187	0.432575639193747	-0.642239452877062	0.354825177263124	0.467879054591825	1.37266126058442	1.40622841680276	0.169857677703517	0.372045477769803
snp505	4	95	200	0.4925	197	-0.387143004021175	0.231067246206322	0.326291722727235	0.49287980311866	0.468810539089371	1.26088062833442	0.639205066072218	0.451621888341491
snp506	4	96	200	0.4525	181	-0.399924057782483	0.56222949154586	0.334671271413015	0.448034019264909	1.25488125314303	1.31857991543291	0.209521870381674	0.419233809543098
snp507	4	97	200	0.4575	183	0.00525737241240548	-0.196984570070941	0.324632604090063	0.46026627039936	0.427979590813862	0.587535411521625	0.66866597939419	0.841475037655914
snp508	4	98	200	0.455	182	0.905782788161367	-1.12169705788328	0.352654765364043	0.453469298058362	2.47358986084856	2.68711535065718	0.013376315980977	0.0270438825180086
snp509	4	99	200	0.4575	183	-0.227627653607752	0.334709565544836	0.315827735565208	0.434860292827693	0.769694476744188	0.804617118684135	0.441481147192373	0.723464100148437
snp510	4	100	200	0.485	194	0.0504539417012392	-0.370873907584976	0.371940817648081	0.479548905341592	0.773380782343346	1.05162929898202	0.439297059902052	0.575243360979089
snp511	4	101	200	0.4475	179	-0.307131432140337	0.200092957335165	0.321340453544647	0.438859352836727	0.455938687512961	1.00331305776953	0.648434068442626	0.604521195944131
snp512	4	102	200	0.4275	171	-0.0978438542258653	0.124508312090145	0.350279455886322	0.468260045186776	0.265895656419889	0.293220392176756	0.790319570396178	0.957921832130033
snp513	4	103	200	0.4825	193	-0.0586999043191734	0.370539681682913	0.371031427322527	0.489140484547062	0.757532229265438	0.965182849171211	0.448731064670368	0.627639723288737
snp514	4	104	200	0.445	178	-0.157866858909344	0.510508163884322	0.31275007416556	0.46748309588527	1.09203555888492	1.1317601932671	0.274817471880771	0.527060167287301
snp515	4	105	200	0.465	186	0.0633613646208893	-0.353753021823639	0.365176085618757	0.487685249076992	0.725371584424919	0.927606146540367	0.468224100663294	0.650361718061565
snp516	4	106	200	0.4625	185	0.00792056746823563	0.0346380000774088	0.321615061675484	0.452357600156731	0.0765721634065782	0.136212158098053	0.938963904301734	0.9907660214534
snp517	4	107	200	0.4525	181	-0.414132645251427	0.414761711495861	0.335891187335431	0.457704290983529	0.906178333186713	1.23297882584084	0.364841469202236	0.467611062096488
snp518	4	108	200	0.48	192	0.0337090245869071	-0.621680419628711	0.326464182920197	0.438407199325901	1.41804336376002	2.0143645036973	0.156178104866015	0.131488987400129
snp519	4	109	200	0.475	190	0.304338703944247	-0.277502084217527	0.372094128133906	0.511068065750772	0.542984590144307	0.827371113687248	0.58714041241908	0.71015538563679
snp520	4	110	200	0.4475	179	-0.448921354294106	-0.269326482616361	0.324108941706755	0.435012293489308	0.619123842354081	2.74223611248469	0.535834777654049	0.023285383140136
snp521	4	111	200	0.4475	179	0.0851408885299895	-0.581895046788732	0.333302028547687	0.441364170063975	1.31840118944043	1.70111662924109	0.187369382841106	0.235298844705375
snp522	4	112	200	0.4525	181	0.175507118760654	-0.121992690087913	0.355706912376928	0.473748606987996	0.257505116191307	0.516398662200522	0.796788866293091	0.875172920114612
snp523	4	113	200	0.465	186	-0.0661955216549295	0.245399811222253	0.33616778505615	0.458917624019597	0.534736079806282	0.593144812390857	0.592832368841526	0.838693140098358
snp524	4	114	200	0.4525	181	0.751896584251357	-0.796883348228496	0.355438901486501	0.469964740516317	1.69562369158379	2.12440771666094	0.0899571681199228	0.10471068913841
snp525	4	115	200	0.45	180	-0.204779739978458	-0.328303150243398	0.31822023880993	0.428384291872143	0.766375323447632	1.87744969066535	0.443453011362294	0.171630963111979
snp526	4	116	200	0.4475	179	0.133390661431185	0.17624121050608	0.361098608575671	0.477643468666204	0.368980677152824	1.06827552391988	0.71214212753391	0.565182665959716
snp527	4	117	200	0.47	188	-0.138945988098308	-0.232948581496514	0.360093277242617	0.500634739484327	0.465306466220182	1.18006950989694	0.641712004838452	0.498435032478638
snp528	4	118	200	0.455	182	-0.43063690497932	0.255417706236785	0.329622272713949	0.44676954030395	0.571699015252959	1.41109143188831	0.567525901697474	0.369505551416936
snp529	4	119	200	0.4525	181	-0.101887868850871	0.293401998322051	0.37563518762236	0.480970033884571	0.610021368592093	0.685616676975776	0.541847652475475	0.790543090111183
snp530	4	120	200	0.44	176	-0.311473190667398	0.0891656894450162	0.309757606223759	0.441846253209934	0.201802524740775	1.22892606310128	0.840071107700272	0.469949689189753
snp531	4	121	200	0.4775	191	0.130645511094024	-0.269687777519271	0.33926606472246	0.444305743684656	0.606986925900919	0.615325832429033	0.54385958866645	0.827527499691722
snp532	4	122	200	0.4675	187	0.897170698207921	-0.892216829799455	0.324563483389651	0.441720921154288	2.01986545592622	2.76443020670433	0.0433973453056557	0.0219050695232203
snp533	4	123	200	0.47	188	0.49789836843199	-0.315852458520297	0.334190202660011	0.471619343704752	0.669719049348472	1.56549162404373	0.503036905859269	0.293645502649045
snp534	4	124	200	0.4575	183	-0.541224672678679	1.01058429896481	0.338414144741028	0.455731502340661	2.21749932531412	2.21803191627845	0.026588989106916	0.0854492376702495
snp535	4	125	200	0.4675	187	0.699531555901273	-0.446274966675	0.362465586376317	0.462141944488269	0.965666440792692	2.06149292292648	0.3342111173056	0.119447714892272
snp536	4	126	200	0.4375	175	0.275432149795366	-0.168171621726365	0.350634444578941	0.445834425370438	0.377206451894408	0.846511122575078	0.70602018592681	0.698869995593258
snp537	4	127	200	0.435	174	-0.226538556780283	0.893299053149728	0.326776373580103	0.459100351866234	1.94575989654219	2.14856814547822	0.0516835880012247	0.0994428135850019
snp538	4	128	200	0.4525	181	-0.559687770906733	1.29880832718041	0.304940875453667	0.44867187532893	2.89478435934551	2.89963210785234	0.00379419081868948	0.0149367123491585
snp539	4	129	200	0.4475	179	0.332701966700994	-0.559297216097996	0.364372738620181	0.470514649114848	1.18869246079834	1.18880937512059	0.234560708439206	0.493301926614115
snp540	4	130	200	0.4675	187	0.209440700820874	-0.0991019887214729	0.358667074074175	0.464833586703917	0.213198855582261	0.675474981436881	0.831171860862149	0.796018203028016
snp541	4	131	200	0.48	192	0.0500250118560612	0.406380962211395	0.316764651980229	0.44491727339758	0.913385446036057	1.38625037346659	0.361039857286124	0.382569459411802
snp542	4	132	200	0.465	186	-0.379846361431969	0.214547342766774	0.327149236449647	0.453839875801472	0.472737972589754	1.25537870275517	0.63640013180002	0.454758921335843
snp543	4	133	200	0.44	176	-0.409619016070244	0.203195365498008	0.321815471742557	0.445911931461498	0.455684970868632	1.44024123898365	0.648616530911928	0.354464381549874
snp544	4	134	200	0.4575	183	-0.484649381943982	0.576012277832801	0.317336312393514	0.454254933527193	1.26803747261519	1.55967558926408	0.204784568928443	0.296326328174134
snp545	4	135	200	0.49	196	0.215760626300167	-0.0208462361859343	0.303950242943097	0.433416005687216	0.0480975227319557	0.919447026778079	0.961638520496034	0.65528081008992
snp546	4	136	200	0.455	182	0.32177407758802	-0.0643886519022803	0.361424848841404	0.469277085432496	0.137208173808313	1.23419752363345	0.890866250253193	0.466908597264692
snp547	4	137	200	0.4625	185	-0.604672106025666	0.42298569795817	0.294054107462139	0.44598405180913	0.948432340220087	2.11310571931954	0.342909402060423	0.107248373101003
snp548	5	1	200	0.4825	193	0.0490842119968078	-0.606592291641661	0.325247330680006	0.437784560631632	1.38559544166307	1.85382769932182	0.165870470912573	0.179363901171187
snp549	5	2	200	0.44	176	-0.0172535224176646	0.672432317007041	0.299176946405235	0.443649217980349	1.51568466652143	1.97386254763581	0.129599106685997	0.142549399173513
snp550	5	3	200	0.4475	179	0.212862338212623	-0.302684583681327	0.320982487712788	0.431773226991364	0.70102675376716	0.735557688538346	0.483286319128524	0.76298068956415
snp551	5	4	200	0.4525	181	-0.178039111594671	-0.858154147597082	0.316432687605253	0.456039181635212	1.88175530120025	3.32206441424592	0.0598692473615409	0.0040136429401094
snp552	5	5	200	0.4225	169	-0.0726578184260626	0.327008885657209	0.324029694140402	0.444703391188396	0.735341560547428	0.8716924952122	0.462131502963408	0.683913450922538
snp553	5	6	200	0.47	188	-0.473350449221266	0.420056644139604	0.335507105696343	0.455357965533828	0.922475669547497	1.4188762709879	0.356280515647094	0.365457627704298
snp554	5	7	200	0.4725	189	-0.0145811737602206	0.232598626933322	0.33654061495198	0.461190835887998	0.504343557662992	0.684708355116222	0.614019973673496	0.791035236221118
snp555	5	8	200	0.4725	189	0.00448705953553764	0.0799545292934558	0.331743848429223	0.461083762154282	0.173405649593669	0.257911326314304	0.862332584644907	0.967287877556087
snp556	5	9	200	0.46	184	-0.119142876407216	-0.477100325146173	0.304476911534645	0.430019975415693	1.10948409939554	1.93721973039207	0.267221400132439	0.153138866980597
snp557	5	10	200	0.465	186	-0.120083376725504	0.389472125840255	0.313834258470504	0.436898552514708	0.891447507890619	0.969723840971522	0.372689140471701	0.624888425817383
snp558	5	11	200	0.4775	191	0.137353956150256	0.0991273358284916	0.332573211311193	0.472626458977569	0.209737169694082	0.827836569774225	0.833872813478127	0.709881877058655
snp559	5	12	200	0.465	186	-0.389044654004049	0.20305763658794	0.344191334533232	0.4655198563766	0.43619543571879	1.26783123713406	0.662694939220752	0.447670403893389
snp560	5	13	200	0.475	190	-0.00810562386882341	0.105881308664269	0.343966281732936	0.470583006187634	0.225000281081233	0.307696660892446	0.82197905559777	0.953764381534233
snp561	5	14	200	0.4475	179	0.373740384254671	0.167202588417024	0.359990445390161	0.500490640070793	0.334077353361442	1.89677856951885	0.738321188685703	0.165483386830405
snp562	5	15	200	0.4675	187	0.612617168786889	-0.878818328009994	0.387857365687399	0.490995530180681	1.78987032262106	1.81758637985265	0.0734747607808287	0.191702588891017
snp563	5	16	200	0.4725	189	-0.213878167066939	0.25743458270751	0.344568735917944	0.467056190995605	0.551185462628698	0.640201397304459	0.581506544532241	0.814705228036495
snp564	5	17	200	0.4775	191	0.253227558947726	-0.0406998162849916	0.323630602256868	0.462239872585664	0.0880491249214963	1.00053610337821	0.929837631685135	0.606205496608123
snp565	5	18	200	0.4575	183	-0.154257529247633	0.376679227024453	0.326623915009262	0.442356728120731	0.851528196767129	0.875749402763727	0.394476006949876	0.681493539155089
snp566	5	19	200	0.4625	185	0.378797456787281	-0.852753884535613	0.31755186076028	0.442454392783817	1.92732606669422	1.94404462955373	0.0539390070363088	0.151123973743659
snp567	5	20	200	0.4775	191	0.897019358866778	-0.838589637413779	0.336389876818748	0.475885220466113	1.76216785340047	2.66937243495492	0.0780409417334513	0.028360027766428
snp568	5	21	200	0.4525	181	-0.312031457461052	0.130864972584182	0.336475570560445	0.45366680758911	0.288460540632515	1.07216110019963	0.772994231349109	0.562837281867277
snp569	5	22	200	0.455	182	-0.124619846227531	0.392138064008717	0.319285824618349	0.463027856670712	0.846899508008633	0.883357259716446	0.397051136741539	0.676948537717919
snp570	5	23	200	0.4575	183	-0.265063511789209	0.0365729913657536	0.344401610378374	0.459682915386892	0.0795613457484536	1.0657437309473	0.936586139341819	0.566711541404953
snp571	5	24	200	0.4775	191	-0.18321298499248	0.172701647052811	0.35669466857912	0.506610281963568	0.340896450785479	0.51417175754364	0.73318153682098	0.876177749599348
snp572	5	25	200	0.4575	183	0.0680114085946742	0.421224494413093	0.315981064858746	0.446934277030783	0.942475249854422	1.55757241578543	0.345949376840522	0.29729929652073
snp573	5	26	200	0.465	186	0.372317338368932	-0.155914905731271	0.331009684284232	0.466733161915246	0.334055769878173	1.30564733119227	0.738337475189424	0.426408497983294
snp574	5	27	200	0.4675	187	0.157020313085179	-0.707978961300812	0.333342483014708	0.481139876407312	1.47146182641796	1.6880943687353	0.141166263808157	0.240549040678594
snp575	5	28	200	0.4775	191	0.11576218023919	-0.603679844443652	0.340005618485143	0.448741601929353	1.34527274014298	1.66190113583748	0.178537173352806	0.251337733462842
snp576	5	29	200	0.455	182	-0.557664302575031	0.608153569052629	0.347791838854603	0.456293490176774	1.33281228451675	1.6137517548519	0.182593413338252	0.271960793901376
snp577	5	30	200	0.4725	189	0.682249658898377	-0.995670173439552	0.355934154673152	0.47426722195871	2.09938643730736	2.17437099199857	0.0357828492962058	0.0940485062921442
snp578	5	31	200	0.48	192	0.19663281280028	-0.330098699139663	0.343867551025143	0.480376481837796	0.68716665286525	0.702840494636773	0.491977715872055	0.78114664549413
snp579	5	32	200	0.4775	191	-0.906877356291549	1.22118606814897	0.322235433486858	0.46865164836128	2.6057436742601	2.97886922712973	0.00916750387469616	0.0118333798975754
snp580	5	33	200	0.48	192	-0.330794544209208	0.760018279140221	0.327816395716381	0.443247224399273	1.71465998500107	1.7633452975431	0.0864075840225262	0.211254160305763
snp581	5	34	200	0.465	186	0.118690293908988	-0.355863571686056	0.322596095207733	0.429867349699465	0.827845082756001	0.886934851620271	0.407758239363849	0.674808241248431
snp582	5	35	200	0.45	180	-0.125639238980427	0.310076161030082	0.327073521933187	0.436652621272083	0.710120919752523	0.738256499202052	0.477629154573082	0.761464802257796
snp583	5	36	200	0.47	188	-0.650024113229321	0.889252049551268	0.344364239414056	0.471258475529222	1.88697306409745	2.04245831287862	0.0591639486765202	0.124205481012198
snp584	5	37	200	0.475	190	-0.383550865774867	-0.364232738109681	0.348118462977858	0.466090584923956	0.781463410528033	2.64463183450804	0.434529988748011	0.0302869373480632
snp585	5	38	200	0.445	178	-0.121561220941447	0.5270664202833	0.319690246966382	0.459321610676244	1.14748883577961	1.2871092314461	0.251179644619303	0.436780242984548
snp586	5	39	200	0.4675	187	-0.66842491726717	-0.279239973505974	0.306830626360753	0.43219122222006	0.646102833999235	3.68910367816059	0.518212760147274	0.00110850504900611
snp587	5	40	200	0.46	184	0.801284012805544	-0.818807413925586	0.341469239770113	0.462809075164782	1.76921209601184	2.34832643079629	0.076858486344477	0.0634617121763639
snp588	5	41	200	0.45	180	0.211907046857474	-0.489068411402104	0.335262827122768	0.450333205613126	1.0860145450217	1.12321977243323	0.277472557247418	0.532159869293587
snp589	5	42	200	0.4525	181	0.569934099669978	-0.497440615801374	0.336212089660517	0.438898035105699	1.13338537886499	1.70523145133222	0.257052451416889	0.233655574611896
snp590	5	43	200	0.4725	189	0.0605388092110401	-0.16533605184718	0.297887841797404	0.434195585513324	0.380787040134719	0.388488033321228	0.703361276568611	0.927315453730764
snp591	5	44	200	0.4375	175	0.431752897405682	-0.864592654546804	0.370453132319722	0.498394674030346	1.73475500361017	1.74585137667926	0.0827842092342302	0.217839110319337
snp592	5	45	200	0.4575	183	-0.663427162125843	0.110683038355994	0.410448835735136	0.504060751703114	0.219582734783494	2.40864902435118	0.826196138897894	0.0549794906121696
snp593	5	46	200	0.4675	187	-0.0559846490897647	0.296693980002429	0.348321919297426	0.468557308506776	0.633207453209833	0.758588599696823	0.526598179204837	0.749965306295051
snp594	5	47	200	0.4675	187	-0.0873741806156392	0.0148000820865215	0.330733075404784	0.451937328529579	0.0327480850822281	0.351512799021291	0.973875478084788	0.940089097215625
snp595	5	48	200	0.465	186	0.286872731386227	-0.758155705228082	0.313679084859217	0.433285961091534	1.74978137606429	1.79265346318534	0.0801560455188213	0.200527633350484
snp596	5	49	200	0.4825	193	0.388201261678083	-0.131899740188838	0.366046401499392	0.474490566512296	0.277981796684297	1.33394936507894	0.781026332396236	0.410774673576538
snp597	5	50	200	0.46	184	0.129786844234974	0.160157284227753	0.321073614636569	0.449029288668485	0.356674471508686	1.01826998792826	0.721335518959734	0.595450579141156
snp598	5	51	200	0.47	188	0.209036384434358	-0.235426473917787	0.318528054895939	0.468743419725435	0.502250194905535	0.660564210230589	0.615491538564118	0.803986711504867
snp599	5	52	200	0.465	186	-0.30155666608898	0.314927983534653	0.375596515471931	0.483174096699236	0.651789873848903	0.805006732487533	0.514536734955217	0.723237282086586
snp600	5	53	200	0.4575	183	0.535928262988176	-0.647527370692986	0.346829334185801	0.467986906610479	1.3836442036015	1.58484217923321	0.166467426143019	0.284830114323632
snp601	5	54	200	0.4825	193	0.233184236126197	-0.717684378372748	0.333237182235791	0.445126741214245	1.6123146778713	1.75963053740201	0.106893480899018	0.212641035546213
snp602	5	55	200	0.475	190	-0.383935498514671	0.198075469850936	0.364819029603063	0.484489431248649	0.408833417357415	1.15150261109028	0.682661914280203	0.515313857620577
snp603	5	56	200	0.4175	167	0.0398651016580708	-0.158173522762844	0.338324571332795	0.466311225297642	0.339201619394608	0.379575347024955	0.734457849408988	0.930494864459309
snp604	5	57	200	0.46	184	0.190387454008965	-0.560887401091506	0.341831804012301	0.449748067935001	1.24711464279724	1.34536013492152	0.212355464620063	0.404543120447169
snp605	5	58	200	0.4625	185	-0.279601046381755	0.227557832795813	0.335630123778589	0.475196609111601	0.478870910340125	0.850609511155014	0.632030466663662	0.696443735888327
snp606	5	59	200	0.4725	189	0.15215075911072	-0.26616990768916	0.346803352101349	0.471704228317956	0.564272889048063	0.565397946395039	0.57256842907675	0.852282342708814
snp607	5	60	200	0.46	184	-0.474362981813524	0.300675594641741	0.329071992595441	0.457040963841456	0.657874497976166	1.52022337507672	0.510618778816965	0.314887591865142
snp608	5	61	200	0.46	184	0.0211244273480759	-0.380708117638911	0.305749925853582	0.465875167790667	0.817189118373392	1.03610957928147	0.413820360115742	0.584638524167681
snp609	5	62	200	0.4625	185	-0.296441088924242	0.253466845954549	0.368784542672706	0.453185966703026	0.559299856080156	0.812090968959951	0.575957093563308	0.719106456066018
snp610	5	63	200	0.4375	175	0.380645763817968	-0.167282712680922	0.308918461478944	0.457936060650236	0.365297095064741	1.39209904040047	0.714889646607932	0.379473744443489
snp611	5	64	200	0.4725	189	0.110362995079146	-0.71012261672442	0.309319324572548	0.441866906331765	1.60709617884631	1.9761910162574	0.10803327141456	0.141895349792956
snp612	5	65	200	0.4675	187	0.114743836650462	0.0963054764452009	0.314976797726673	0.446566462776671	0.215657655629557	0.756950021909817	0.829254610390015	0.750897089548525
snp613	5	66	200	0.47	188	0.102268753255567	0.15053908437489	0.333318539049237	0.476453804111271	0.315957356360478	0.813002019145019	0.752034875979187	0.718574319660807
snp614	5	67	200	0.4375	175	-0.114390970927502	0.126903325421276	0.330968770744143	0.428949536814102	0.295846747763882	0.349820988085696	0.767347120545807	0.940646981903328
snp615	5	68	200	0.4575	183	0.0515876973302437	-0.127250184009998	0.341211550852461	0.473034039770531	0.26900851378841	0.276150707766358	0.787923131035597	0.962588174929377
snp616	5	69	200	0.4525	181	0.555532466158013	-0.784129887733996	0.325494463092319	0.435892339433604	1.79890724565816	1.8762132836038	0.0720333542549259	0.172029699977792
snp617	5	70	200	0.4525	181	0.301700357857269	0.616663191274952	0.304493727705426	0.439191654990007	1.40408676774376	2.90902566549505	0.160293013416663	0.0145347177870641
snp618	5	71	200	0.4675	187	-0.166594019115295	0.580743507419604	0.326706012556642	0.467941278134781	1.24106065131603	1.32491368638017	0.214583344151922	0.415738784351428
snp619	5	72	200	0.455	182	0.180999168763997	-0.584252079626689	0.328169208240856	0.448179660966809	1.30361132043865	1.42471812698964	0.192366138917428	0.362434731951808
snp620	5	73	200	0.455	182	-0.355096717426606	0.464648276262494	0.325299043097516	0.450613740696448	1.03114537862151	1.15278566639981	0.302472650471505	0.514552650130538
snp621	5	74	200	0.4525	181	-0.0311155106391416	-0.462382217812685	0.331291187605935	0.474075268712678	0.975335032912085	1.47669847222577	0.329394098233044	0.33610919424683
snp622	5	75	200	0.475	190	0.014165716544284	-0.39355402115645	0.374147269500521	0.495444994379075	0.794344529910285	1.14539857988695	0.426994887130715	0.5189389911983
snp623	5	76	200	0.4625	185	-0.0292616484823744	-0.290590044354148	0.343127703861711	0.460241023560884	0.631386663678638	1.04372617636168	0.527787733856476	0.58002610628914
snp624	5	77	200	0.4575	183	0.072109073836024	-0.418590468154661	0.33442807539694	0.463949918704547	0.90223201099692	1.08258797194552	0.36693363351469	0.556549947986146
snp625	5	78	200	0.48	192	-0.370980846195346	0.0726965445948219	0.32883622272555	0.443594049339333	0.163880793042857	1.51490452446271	0.869824987595999	0.317439554240539
snp626	5	79	200	0.435	174	-0.367919664054157	0.328827960620657	0.328487003514684	0.459208169544787	0.716076024837764	1.12628758135879	0.473944406879777	0.530326800383358
snp627	5	80	200	0.49	196	0.376890004139325	-0.395349956174557	0.327388738613933	0.449423947689098	0.87968155281314	1.15245419999295	0.379031845464234	0.5147492749924
snp628	5	81	200	0.43	172	-0.261713283804466	0.895639586951265	0.319682637893801	0.457652028209025	1.95703183149053	2.06717969699031	0.0503437260234852	0.118053667354131
snp629	5	82	200	0.46	184	-0.0935620978820505	0.219784722501888	0.335742627460709	0.454174659900475	0.483921147318192	0.497090453993703	0.628441831578185	0.88377792874903
snp630	5	83	200	0.44	176	-0.248811154025412	0.327473294348736	0.347636289585289	0.46700820827541	0.701215286039713	0.763374700340527	0.483168671671082	0.747238799746551
snp631	5	84	200	0.455	182	0.242228785174101	-0.490844184276939	0.340889500814868	0.480946592813961	1.02057939823436	1.02058071631397	0.307453754274083	0.594049577524781
snp632	5	85	200	0.4675	187	0.0387462361990663	-0.124351313745483	0.33460127263039	0.452638014636384	0.274725740491278	0.298908013614648	0.783526953751078	0.956310143838805
snp633	5	86	200	0.455	182	-0.338425395786716	-0.189831957556199	0.314998563360692	0.429084655224162	0.442411433839384	1.98054395775194	0.658191506625568	0.140678633593401
snp634	5	87	200	0.4625	185	-0.44021631366922	-0.0152386582304892	0.333670431948712	0.469240964273126	0.0324751234242614	1.8680590565504	0.974093154194822	0.174676022753703
snp635	5	88	200	0.485	194	-0.12146687414723	-0.174607034661501	0.34751579702877	0.452718189151993	0.38568592746089	1.09179307010899	0.699729286246784	0.55100794319623
snp636	5	89	200	0.475	190	-0.409362965664396	0.0188932265107589	0.32429434518844	0.470164311688363	0.0401843058715222	1.74093114900306	0.967946189624247	0.219715745761717
snp637	5	90	200	0.455	182	0.204480094162599	0.136563453535367	0.331274630471764	0.458059512453742	0.29813473974991	1.25228179926283	0.765600328011952	0.456528179046445
snp638	5	91	200	0.47	188	-0.134737436380942	0.397156970747197	0.318739847366474	0.45654495962018	0.869918640822601	0.88944021492951	0.384344867665191	0.673308305519121
snp639	5	92	200	0.4725	189	-0.00358610906804804	0.225892233526516	0.366413038069605	0.477608781781748	0.472964991731961	0.716414289762816	0.636238155711206	0.773658499952233
snp640	5	93	200	0.4425	177	0.0881321964692456	0.344300164470259	0.336371447440061	0.472482917146779	0.728703942460846	1.30138860178612	0.466182780685008	0.42878221494382
snp641	5	94	200	0.4625	185	-0.412276891817492	0.0217810561145194	0.352409001344135	0.452628618316573	0.0481212526850998	1.67188517216043	0.961619608631341	0.247189503852183
snp642	5	95	200	0.4575	183	0.449232477748352	-0.997362266883634	0.33580028341894	0.452628263979183	2.20349091352701	2.24127121075747	0.0275601667076903	0.0811343935104752
snp643	5	96	200	0.455	182	0.233535824177245	-0.381588545394594	0.340529155886985	0.465141364886839	0.820371126286367	0.831426541771167	0.412004570395516	0.707770742906028
snp644	5	97	200	0.4825	193	0.154317118467053	-0.3812436654533	0.323417017285573	0.451721679069384	0.843979120591954	0.858772047924983	0.398681073170363	0.691601943415583
snp645	5	98	200	0.4725	189	0.353557951187177	-0.640551595041929	0.355646647219968	0.477024107123959	1.34280759709168	1.34372488548589	0.179334282790896	0.40543355270884
snp646	5	99	200	0.49	196	-0.387481874368081	0.463558731099804	0.351170823552159	0.484804893560484	0.956175849825598	1.12761505621223	0.338983398933798	0.529534024879407
snp647	5	100	200	0.4625	185	0.107817027024629	0.0806992599512981	0.317809574038889	0.43893737739484	0.183851419604	0.693130839268846	0.854130016594769	0.78645861255762
snp648	5	101	200	0.4725	189	-0.282756612795894	-0.0039209221408173	0.349905761978212	0.48083559383663	0.00815439245986744	1.22162281245706	0.993493808257536	0.474173899514124
snp649	5	102	200	0.4425	177	-0.0243808482493568	0.0878542170414404	0.343837007376569	0.473844488813406	0.185407278369837	0.209532280637592	0.852909600080209	0.97828730096985
snp650	5	103	200	0.46	184	0.0147287292049886	0.0905073412820168	0.311068353354998	0.450010117972454	0.201122902946722	0.333274223279182	0.840602473926228	0.945978106009575
snp651	5	104	200	0.4575	183	0.157381199824708	-0.319904469941179	0.32230634464309	0.452257711135099	0.70734995128832	0.707766354800047	0.47934903095026	0.778437474336601
snp652	5	105	200	0.455	182	-0.0305203240237438	0.350395493442175	0.341710789809622	0.468425158542408	0.748028766286798	0.962039151268595	0.454442806545173	0.629543916214091
snp653	5	106	200	0.47	188	-0.327529835755758	0.326730130257654	0.324941997878453	0.455485476027355	0.717322829055546	1.00808116654063	0.47317492414789	0.601629290920258
snp654	5	107	200	0.425	170	0.141675376997735	-0.72061895858013	0.377363439237623	0.499822531017206	1.44174964884751	1.81084660816179	0.149373011855223	0.194061003339264
snp655	5	108	200	0.445	178	0.217764788655916	0.0239164072312256	0.309211453445083	0.441417756814692	0.054180890691413	1.01340948075818	0.956791045337668	0.598397884346529
snp656	5	109	200	0.4475	179	0.445316633500098	-0.653941063863019	0.379647978233289	0.50512231874267	1.29461922310379	1.33082172267745	0.19545161768463	0.412490035948674
snp657	5	110	200	0.48	192	0.396613033052105	-0.625074425976128	0.373683942976501	0.474197385270837	1.31817349777059	1.31991629202664	0.187445575131166	0.418495346336815
snp658	5	111	200	0.455	182	-0.136978515965482	-0.273351620731613	0.304755233485053	0.426106637097685	0.641509887274877	1.46658525046066	0.521191459134367	0.341148931276405
snp659	5	112	200	0.455	182	-0.0395708924051562	0.512045408906459	0.330670366194309	0.462828440117666	1.10633955159774	1.44818097066357	0.268579578722175	0.350423077411467
snp660	5	113	200	0.4475	179	-0.100945782095143	0.173023395017906	0.349704684362935	0.479801856696573	0.360614267333538	0.362568504647081	0.718387822238877	0.936385563711487
snp661	5	114	200	0.47	188	-0.19159119098083	0.72242979421424	0.349846782819593	0.449894439155921	1.60577622512881	1.87440484891764	0.108323086208981	0.172614107435101
snp662	5	115	200	0.4275	171	0.683448653465655	-0.599785454188057	0.339395489244688	0.489963977411168	1.224141940714	2.03860458182751	0.220898686770624	0.1251860409522
snp663	5	116	200	0.4675	187	-0.332211626703328	0.55317293158695	0.337020574751072	0.458954426371625	1.20528945751802	1.21338732322125	0.228091578037061	0.478952238175083
snp664	5	117	200	0.4575	183	-0.896123619008384	0.545365389852489	0.306142199949569	0.437910225079706	1.24538172122659	3.08856643098538	0.212991469021151	0.00848359229399506
snp665	5	118	200	0.46	184	-0.395024212804966	0.248136532315075	0.339141515834281	0.463936482639972	0.534850225408197	1.24196589463992	0.592753429349745	0.462439453604638
snp666	5	119	200	0.46	184	0.171993391645547	-0.511654979686653	0.34537365305943	0.482129097561552	1.06124061433843	1.13214088903485	0.288580566244862	0.526833090822664
snp667	5	120	200	0.455	182	0.28478859656881	-0.292628997472058	0.334865124330167	0.465747051200015	0.628300268822075	0.851794887828531	0.529807255571416	0.695741381875165
snp668	5	121	200	0.45	180	-0.510929678099043	0.110706761724844	0.338754570789241	0.485809478162955	0.22788102476607	1.9371607602196	0.819738734686929	0.153156362019291
snp669	5	122	200	0.4625	185	-0.169302674469104	0.143554887921938	0.317308717946836	0.433675288334609	0.331019294350883	0.539233563069951	0.740629911578459	0.864688097698436
snp670	5	123	200	0.4725	189	0.181776186495237	-0.197336257121986	0.369574168711381	0.484599106266632	0.407215478877523	0.494426807332037	0.683849733903188	0.88494575122463
snp671	5	124	200	0.47	188	-0.287582804241538	0.463103807366408	0.372981031933384	0.486714659990113	0.951489333351528	0.953776956345236	0.34135603074723	0.6345461619349
snp672	5	125	200	0.475	190	0.00828886726551344	-0.283614143275171	0.332036729491529	0.448350643542204	0.632572178405883	0.871790194708967	0.527013060127287	0.683855205389744
snp673	5	126	200	0.435	174	-0.201503721280015	0.135255023515832	0.322606533788556	0.441191905791257	0.306567327596953	0.656292040236632	0.75917272564041	0.806251443054288
snp674	5	127	200	0.45	180	-0.0657471027094847	0.169182196860464	0.353102508038588	0.487879221983411	0.34677065395955	0.362378575387489	0.728763625446987	0.936450030768321
snp675	5	128	200	0.47	188	-0.37657156057891	-0.11034740915816	0.334123554273302	0.49169450684358	0.224422700726377	1.75269535210652	0.822428408513299	0.215246693145334
snp676	5	129	200	0.435	174	0.140428127231357	0.288532696829592	0.370760436657568	0.470284211191384	0.613528351501837	1.48982603069377	0.539527042236886	0.329627911736281
snp677	5	130	200	0.4675	187	-0.5406021412693	0.514369661070612	0.330481880102961	0.444847945228123	1.15628197587119	1.63643872136832	0.247565838337166	0.26211659781301
snp678	5	131	200	0.46	184	-0.125778510734302	0.173575783066978	0.352457723135874	0.466258165331368	0.37227398032508	0.389300137867214	0.709688869345338	0.927022632744498
snp679	5	132	200	0.4575	183	0.423861020926167	-0.471334370538895	0.325539188657629	0.459933966685107	1.02478704483592	1.31356308310065	0.305463680551078	0.422010962986554
snp680	5	133	200	0.4525	181	0.522435381285668	-0.479387213227131	0.350565902978195	0.471378760686534	1.01698942168912	1.49462674464529	0.309158461702626	0.327274977094508
snp681	5	134	200	0.4525	181	-0.293527449175235	-0.0844352420032379	0.300645561234863	0.427243226513049	0.197628041273719	1.50225494296668	0.84333609372787	0.323555390596578
snp682	5	135	200	0.4675	187	0.185525842045055	0.0750522415320739	0.32863041293162	0.474504066718706	0.158169859430449	0.958663730744602	0.874322953444454	0.631587950625767
snp683	5	136	200	0.465	186	-0.325723234799031	0.478311419455988	0.302573983278575	0.420969582008845	1.13621373110501	1.19490537478841	0.255867125202607	0.489730799633778
snp684	5	137	200	0.4475	179	0.429290025460512	-0.934850233859627	0.341115530004332	0.461745992349698	2.02459847913878	2.04320997954416	0.0429086105599148	0.124014906083072
snp685	6	1	200	0.485	194	0.467364600072257	-0.248931271374111	0.324647331645146	0.43904053169091	0.566989271845546	1.59858558990739	0.57072147041423	0.278666948241577
snp686	6	2	200	0.47	188	-0.254106327421724	0.266519298359004	0.314762435614578	0.456569883233864	0.583742616729908	0.80746762975795	0.559393490406388	0.721803753528547
snp687	6	3	200	0.49	196	-0.0772765617803804	0.247141988582396	0.339872169817911	0.455036570599239	0.543125551990106	0.584787724317377	0.587043360750908	0.842831399769739
snp688	6	4	200	0.465	186	-0.735489823349029	0.750023280828111	0.322477715323543	0.451859817040142	1.65985832894161	2.28079829597891	0.0969429562394337	0.0741978256259879
snp689	6	5	200	0.455	182	0.0967184459488472	-0.191408978646256	0.319317481182821	0.446894812999683	0.428308794549361	0.428330844875194	0.668426316881943	0.912348115327565
snp690	6	6	200	0.4875	195	0.614561663450656	-0.348923297281089	0.33641019424957	0.463309862365229	0.753110014753002	2.01741797682551	0.451383806851341	0.130682096861045
snp691	6	7	200	0.48	192	0.220617720178495	-0.156250246345814	0.308564204570384	0.446106090441611	0.350253560069394	0.741346167151409	0.72614841415757	0.759726279007711
snp692	6	8	200	0.4775	191	-0.270696802342364	0.0300008848827759	0.315853283259508	0.435305143711464	0.0689192060240427	1.15496426455604	0.945053930671431	0.513260776763012
snp693	6	9	200	0.4675	187	-0.431642951984056	0.398705651830034	0.36806225923705	0.476501356171796	0.836735607707874	1.17483427202825	0.402741199338474	0.501516995227327
snp694	6	10	200	0.4625	185	0.382411251388187	-0.740922655676411	0.32082569837393	0.447754332718126	1.65475262110494	1.65532140414334	0.0979746882187206	0.254095658268122
snp695	6	11	200	0.44	176	-0.316724220052136	0.189980408608492	0.336840905614822	0.441077091795426	0.430719282733926	1.0187560455001	0.666672496316664	0.595155870735408
snp696	6	12	200	0.47	188	0.00526846558803562	0.313583094659202	0.332371992451492	0.46663258177678	0.672012857450253	1.00739883568304	0.501575511053546	0.602043120760816
snp697	6	13	200	0.4725	189	-0.014373113457473	0.186188096512942	0.329318738050508	0.459464300568139	0.405228646235878	0.53586544161916	0.685309450144165	0.866255061268539
snp698	6	14	200	0.4475	179	-0.337132357233454	0.590089448758489	0.302913625806676	0.435397525140377	1.35528893639953	1.37460518142583	0.175325518527987	0.388769093181554
snp699	6	15	200	0.455	182	-0.231370422429058	0.463166775609061	0.328385180553874	0.473981282032835	0.977183684601652	0.97915812481822	0.328478223767622	0.619170056216909
snp700	6	16	200	0.465	186	0.127851511529899	-0.53022360568191	0.347100932919162	0.48632731119964	1.09026080475306	1.25017073478049	0.275598275499771	0.457735655427708
snp701	6	17	200	0.455	182	0.246275854423773	-0.632228593747565	0.307824157065693	0.421153723790358	1.5011824852397	1.5321261525259	0.133308368809265	0.309219074716435
snp702	6	18	200	0.45	180	-0.0851521669562703	0.0138791640911586	0.325001495004015	0.477842575550063	0.0290454739726399	0.32080459426568	0.976828322892403	0.949843738362569
snp703	6	19	200	0.4525	181	0.0824148008659331	-0.0722396324338029	0.33503550698591	0.476672437629393	0.151549841633529	0.247923920061045	0.879541996888155	0.969734326632319
snp704	6	20	200	0.46	184	0.079720156041197	-0.211995354357415	0.372208441304079	0.479186378997908	0.442406887275776	0.486443805597475	0.65819479606581	0.888417234203038
snp705	6	21	200	0.445	178	0.58831347766877	-0.660014572879816	0.32732144315453	0.469180942443646	1.40673781301143	1.81356826221704	0.159505148726762	0.193106211873411
snp706	6	22	200	0.4325	173	0.315556008381065	-0.0678370768288227	0.349612427339002	0.475925426064472	0.142537198295501	1.16259535003785	0.886655699322758	0.508742149163117
snp707	6	23	200	0.485	194	-0.491170470228194	0.982718619648009	0.320632798454098	0.462132164300364	2.12648825501202	2.12919544962844	0.0334626261718215	0.10364987652609
snp708	6	24	200	0.45	180	-0.0447651080375418	-0.0891087211932836	0.33657212328981	0.441890291947075	0.201653493677467	0.448920590198729	0.840187622268506	0.904145619402922
snp709	6	25	200	0.465	186	-0.360244628020716	0.540582202294445	0.327996954897085	0.449027019134899	1.20389682415089	1.2515515653766	0.228629459447336	0.456945724277451
snp710	6	26	200	0.4675	187	-0.375287804870924	0.274521783286094	0.328356911112426	0.439241242921912	0.624990908093981	1.18504399656603	0.531977025331726	0.495511539493706
snp711	6	27	200	0.46	184	-0.273412604073781	0.174561382252473	0.341954774021718	0.454892558039277	0.383742004936034	0.855884255378013	0.701169676299842	0.693316323061343
snp712	6	28	200	0.4375	175	-0.316413102753598	-0.212144431419588	0.356141635649875	0.466951607448602	0.454317809459386	1.92354454912243	0.649600099484454	0.157235308374192
snp713	6	29	200	0.4425	177	-0.423303103088778	0.180781487760936	0.332890848870756	0.439181660835076	0.411632597356619	1.52277844575093	0.680608735262118	0.313665829379489
snp714	6	30	200	0.465	186	0.351058278695085	-0.256846843273485	0.3366052291357	0.447165936389069	0.574388213349972	1.08766763235694	0.565705127130129	0.553490639062972
snp715	6	31	200	0.46	184	-0.119688427886477	-0.149925439095234	0.346496090878522	0.485214091243007	0.308988221490352	0.91024047648169	0.757330486609544	0.660823256777951
snp716	6	32	200	0.49	196	0.432376133166441	-0.307157345540573	0.395161719749959	0.489757823415365	0.627161692688411	1.1634529281994	0.530553250854841	0.508234990788875
snp717	6	33	200	0.4375	175	-0.0223076129241895	-0.907646198888094	0.371040392547175	0.486094418049344	1.86722201528337	2.94211236914286	0.0618705904581277	0.0131937427439137
snp718	6	34	200	0.4375	175	0.035347496239437	-0.345737598168774	0.32138240404595	0.439438137838451	0.786771944441191	1.03403005283572	0.431415379734755	0.585898287620504
snp719	6	35	200	0.4425	177	-0.125051838029886	-0.433823501089243	0.354581498669616	0.486855405541734	0.891072577506905	1.70902364192243	0.372890235340262	0.232147831773537
snp720	6	36	200	0.4625	185	0.433427534414277	0.147509191839672	0.325585128719953	0.475986698948872	0.309901919875951	2.16981110415921	0.756635542785812	0.09498463722627
snp721	6	37	200	0.465	186	-0.313597128291578	-0.153638108286101	0.344960116495099	0.455963344856205	0.336952761706215	1.62149088734906	0.736152510476351	0.268577343475219
snp722	6	38	200	0.4825	193	-0.554520184917417	0.399670597843039	0.336651958024446	0.447049659415545	0.894018347683237	1.69182565251198	0.371312074450395	0.239036978024957
snp723	6	39	200	0.4325	173	-0.0589748893900904	0.0637947379203864	0.308045832966774	0.428701172498865	0.148809338562178	0.19227130077494	0.881704081583685	0.981685657205483
snp724	6	40	200	0.455	182	0.406707360995812	-0.117731150335288	0.340352262256978	0.445324773247515	0.264371437224876	1.5403567904287	0.791493718579354	0.305333846924647
snp725	6	41	200	0.46	184	-0.189854887756228	-0.494295541204172	0.311579051375778	0.440952288715737	1.12097284412288	2.21057433403852	0.262299421786988	0.0868720056390895
snp726	6	42	200	0.44	176	0.273262488715068	-0.0714356952813254	0.367382122181957	0.5012566238357	0.142513219545484	0.931824059551978	0.886674638259575	0.647816346315265
snp727	6	43	200	0.485	194	0.300823664269405	-0.669686291321759	0.33538064961922	0.460373011125482	1.45466018888589	1.47534521459179	0.145763359166678	0.336781222409394
snp728	6	44	200	0.4475	179	-0.249892005168389	0.192222288240635	0.33461444677383	0.44617724403013	0.430820466109774	0.769328445011656	0.666598917160765	0.743837168123079
snp729	6	45	200	0.465	186	0.331287478427298	-1.06745874092472	0.297299809631646	0.427386204833197	2.4976443527028	2.6410494515229	0.0125021552048489	0.030575045700921
snp730	6	46	200	0.4575	183	0.187529773849333	-0.676497558852986	0.320644408651372	0.450959502903142	1.50012928987614	1.64732363826288	0.133580915157297	0.257473729719438
snp731	6	47	200	0.4425	177	0.0607441133620082	-0.338383000770514	0.317128305808466	0.445279629420713	0.759933709994174	0.904013016341511	0.447294210380376	0.664566874638868
snp732	6	48	200	0.4475	179	-0.137154652465407	0.409162551180244	0.339976500571608	0.46505275027403	0.87981965688655	0.969158870521432	0.37895701420964	0.625230774526613
snp733	6	49	200	0.4575	183	0.638795928195159	-0.647998907893526	0.339966028423701	0.468534541009865	1.38303337571836	1.88072737095809	0.166654632361256	0.1705771278247
snp734	6	50	200	0.455	182	-0.736055058031234	0.762408530457709	0.323005947227763	0.437791952984022	1.74148593929394	2.28994972813399	0.08159843580844	0.0726621343097553
snp735	6	51	200	0.445	178	-0.104651590198832	-0.0661398767147756	0.3468160901883	0.467431356671576	0.141496448132482	0.608160190978062	0.887477765793805	0.831162954450927
snp736	6	52	200	0.46	184	-0.33203676851306	0.123986409297087	0.365635554575028	0.466990482336637	0.265500934144756	1.14593326866817	0.790623590328451	0.51862119963824
snp737	6	53	200	0.4525	181	0.437207244933138	-0.737001423044199	0.354445394652368	0.465094009976911	1.58462892927988	1.58604954724694	0.113050668080537	0.284285409292167
snp738	6	54	200	0.455	182	-0.292914378413957	0.347934593886864	0.345945189020187	0.454720342161083	0.765161708476216	0.874651317895407	0.444175257994402	0.682148799434225
snp739	6	55	200	0.4575	183	-0.447546869974817	0.566587490423123	0.335329814417898	0.454751741819617	1.24592703736771	1.39000307549894	0.212791182902035	0.380581750352345
snp740	6	56	200	0.4275	171	0.0862001818852068	-0.0177391112132111	0.330986020930987	0.454349344311565	0.0390428894314562	0.333647131222644	0.968856193843477	0.945860480817533
snp741	6	57	200	0.4525	181	-0.226352321207948	0.320529639651877	0.372021954860068	0.475030887139851	0.674755365028531	0.690339556730093	0.499831202780606	0.787978596107607
snp742	6	58	200	0.4575	183	0.0542086590041894	-0.0145660704219664	0.329936385827014	0.466124528538274	0.0312493111393307	0.206647522353835	0.975070714494235	0.978874732437815
snp743	6	59	200	0.465	186	-0.0744669501113774	0.331550153317519	0.33404435630684	0.457941296917711	0.724001428892962	0.854936755724077	0.469064857837008	0.693878484529519
snp744	6	60	200	0.425	170	-0.505511022779524	0.574421306192067	0.333094438344256	0.438780439403031	1.30913152594855	1.54170185223923	0.190489801890163	0.304701612595969
snp745	6	61	200	0.4625	185	0.366574927273522	-0.157151065436966	0.323905633254744	0.445628127654399	0.352650687164079	1.35200749935062	0.724350332921556	0.400932522400665
snp746	6	62	200	0.455	182	0.0604579883855303	-0.274059274181525	0.386871603653862	0.496496098185759	0.551986763205112	0.69464161772819	0.580957422258862	0.78563459340213
snp747	6	63	200	0.4625	185	-0.021831081179174	-0.202056560263025	0.343128524308642	0.456889304160533	0.442244014957353	0.731730323379138	0.658312638604494	0.765126091631116
snp748	6	64	200	0.435	174	0.0505737225785703	0.269851538703792	0.33420642873164	0.460388852587219	0.586138298499896	1.05689845779784	0.557782581311587	0.572056695190794
snp749	6	65	200	0.465	186	-0.0716959321210578	0.22921539302153	0.330068389084288	0.464135894315255	0.493854054015136	0.515418872478208	0.621409255145039	0.875615416194545
snp750	6	66	200	0.47	188	0.0961641324210602	0.339907338303747	0.342835730921968	0.460056897845702	0.738837608772791	1.4985719772493	0.460005611686211	0.325348297624474
snp751	6	67	200	0.4375	175	0.711858168635629	-1.08568095239145	0.359800620291202	0.464762413291639	2.33599129650398	2.36177311923452	0.0194916951511519	0.0614835184130903
snp752	6	68	200	0.4525	181	0.28080294878118	-0.827713138478742	0.327991051056822	0.466797149449662	1.77317522065974	1.86679091729123	0.0761996767222376	0.175090172832019
snp753	6	69	200	0.475	190	0.201297490122885	-0.501149268364838	0.351215468089579	0.466131472197059	1.07512429058421	1.11391069608974	0.282319085591732	0.537730098995077
snp754	6	70	200	0.4475	179	-0.465395972633247	0.45423265740772	0.318153199659763	0.452788940520133	1.00318849856608	1.46333812926173	0.315769921243384	0.34277561132735
snp755	6	71	200	0.46	184	-0.622399337369125	0.492179734356174	0.325589179357946	0.45232100281988	1.08812045270462	1.95438287189178	0.276541935727565	0.148109086619004
snp756	6	72	200	0.4325	173	0.156380226501285	-0.0328849097663926	0.330418392186507	0.445098163271284	0.073882375799312	0.618015796659508	0.941103979591715	0.826155916432278
snp757	6	73	200	0.47	188	0.391408376933022	-0.96698789404698	0.309612448604646	0.421379477058916	2.29481487991827	2.35745668295762	0.0217437355309644	0.0621129357854949
snp758	6	74	200	0.4625	185	0.389382632651507	-0.37448773777905	0.32475716862503	0.45609429994897	0.821075242161433	1.20101675766815	0.411603411215602	0.486158475917617
snp759	6	75	200	0.475	190	0.0836882922215555	0.557212058886083	0.34025182132536	0.449469932226175	1.23970930853211	2.18042399372116	0.21508293290741	0.0928170993248725
snp760	6	76	200	0.46	184	-0.608487618444891	0.358886123502437	0.319276557341372	0.449115129533392	0.799096044426965	2.05408889776346	0.424234723102088	0.121281547194658
snp761	6	77	200	0.4525	181	-0.000980363385243324	-0.168160162931011	0.378422848704788	0.49721731957559	0.338202545065299	0.53807010004371	0.735210558063459	0.865230168858338
snp762	6	78	200	0.4475	179	-0.535025766696166	0.823042844650035	0.35512440399512	0.466792985959928	1.76318597195179	1.78407107905045	0.0778691289467557	0.203629154910291
snp763	6	79	200	0.46	184	-0.765045250856453	1.09040829799249	0.363018201686453	0.473625014850443	2.30226078395967	2.37356538155625	0.0213204699527163	0.0597906305383918
snp764	6	80	200	0.4575	183	-0.566305958151783	0.6214148460028	0.329070659409589	0.446598864480042	1.39143848188304	1.73283314227351	0.164092502203708	0.222827945651129
snp765	6	81	200	0.4575	183	-0.0572437980887325	0.167828326530547	0.329880341253982	0.451451753901753	0.37175251858047	0.396607570451017	0.710077118631727	0.924364520463976
snp766	6	82	200	0.4725	189	0.26655714405257	-0.66831243241033	0.346475859881701	0.471818181708356	1.41646180312617	1.46077065126629	0.156640339991528	0.34406473788084
snp767	6	83	200	0.4375	175	0.29906787057483	0.0576437077576345	0.343465026091923	0.475957333339292	0.121111082275399	1.35752972908182	0.903603051406883	0.397944200740704
snp768	6	84	200	0.48	192	-0.171883398964329	0.226704734506236	0.348011448002833	0.4618050219822	0.490910067485092	0.525984988328192	0.623490056221264	0.870811186062508
snp769	6	85	200	0.43	172	0.191232702305506	0.496777243618677	0.310705677366534	0.441820813628162	1.12438624051959	2.30390325074007	0.260849206668835	0.070370221568622
snp770	6	86	200	0.4825	193	-0.0382723799385946	-0.375052208985625	0.358987252303559	0.47603178150086	0.787872204253128	1.26758233122948	0.430771461194786	0.447811683968622
snp771	6	87	200	0.45	180	-0.599236359846332	0.515247768886636	0.325877603572087	0.445847130042527	1.15566016728086	1.86889332948019	0.247820187099791	0.174403946545649
snp772	6	88	200	0.4675	187	0.139407707647362	-0.279290874974697	0.335001132006228	0.449633958980649	0.621151648794208	0.624403253218798	0.534499849106989	0.822884267170854
snp773	6	89	200	0.44	176	0.392690577005766	-0.284887621075497	0.369932667317034	0.494889410506358	0.575659157434804	1.11521770958243	0.564845586788316	0.536947330717989
snp774	6	90	200	0.49	196	-0.551096510959899	0.956316201283837	0.360892412081627	0.491000178601687	1.94769012917127	1.94956697339088	0.0514520519129086	0.149507952756851
snp775	6	91	200	0.4375	175	-0.436934811657435	0.162318674649288	0.333902571384263	0.446829158060192	0.363267865852708	1.54886106758186	0.7164047954174	0.301349275470394
snp776	6	92	200	0.4725	189	0.185440626391714	-0.515790412610816	0.323883644939621	0.449859209441384	1.1465596386285	1.21355846626751	0.251563665640304	0.478852780924532
snp777	6	93	200	0.4525	181	-0.597710943598977	0.498375114371017	0.377026907335596	0.493004426664931	1.0108937920546	1.60422601287367	0.31206726558819	0.276161193261437
snp778	6	94	200	0.48	192	-0.0569452392291027	0.328597128569818	0.363671580143092	0.467316174008383	0.703158047690264	0.91187424814729	0.481957260421323	0.659840379656541
snp779	6	95	200	0.4775	191	-0.485705961912048	0.319684560111612	0.367753802922707	0.472479361159147	0.676610634012289	1.42693151089149	0.498653030289302	0.361292727986122
snp780	6	96	200	0.415	166	0.132352502592555	-0.271960427437911	0.340308440970886	0.461120480568835	0.589781714103052	0.594918307300401	0.555337003557776	0.837810032119066
snp781	6	97	200	0.465	186	-0.344861325916893	0.275982327019933	0.338607046204023	0.449826324498973	0.613530849550275	1.03048783429214	0.539525391025546	0.588044538436331
snp782	6	98	200	0.47	188	-0.00716109106556198	-0.365999587522138	0.330047787272926	0.455492427249659	0.803525076656283	1.11510192755219	0.42167130862629	0.537016663399663
snp783	6	99	200	0.445	178	-0.0453979713452918	0.661946518860937	0.322296733158916	0.454274833315204	1.45714988001908	1.87428396245855	0.145075012118851	0.17265322326427
snp784	6	100	200	0.47	188	0.586978128996035	-0.777284844829904	0.314589765535232	0.455758985202614	1.70547344115301	1.94272121828048	0.0881061614960973	0.151513148960776
snp785	6	101	200	0.445	178	-0.0115411904733087	0.0296430606258837	0.346889525064337	0.447139432370228	0.0662948925545432	0.07025621639676	0.947143049432336	0.997535074957961
snp786	6	102	200	0.4125	165	0.402664919661427	-0.473397831754619	0.317583633601417	0.461892392255745	1.02490935051492	1.28030338647403	0.305405962197464	0.440612981987994
snp787	6	103	200	0.4825	193	0.156238882745352	-0.237517456261606	0.313831205509262	0.437847197167755	0.542466544945368	0.564527593203707	0.587497148276851	0.852701527604847
snp788	6	104	200	0.42	168	-0.241114683819875	0.241616625374179	0.326392943543749	0.457923331063546	0.527635542860447	0.738740970089618	0.597752318820818	0.761192413245454
snp789	6	105	200	0.4325	173	0.561182311435754	-0.522070552874438	0.323958067114875	0.450072141820855	1.15997082326024	1.73560285232336	0.246060685402548	0.221760206787773
snp790	6	106	200	0.46	184	-0.4081289649231	0.600363685375218	0.355076770710832	0.47311375571018	1.26896265037576	1.2986101083746	0.204454385495078	0.430333793797673
snp791	6	107	200	0.4525	181	0.0607950023810047	-0.325899730452103	0.328206705998743	0.435702595156514	0.747986663552079	0.897346912752309	0.45446820183134	0.668568953666791
snp792	6	108	200	0.4575	183	-0.626065664359006	0.608576234112346	0.324403762093755	0.474529858723665	1.28248248856083	1.93027248022529	0.199673444007772	0.155210049102475
snp793	6	109	200	0.47	188	0.32571264336083	-0.417318068598078	0.344483994629411	0.456619740176081	0.913929100912616	0.998629394225086	0.360754101238619	0.607361973616762
snp794	6	110	200	0.4675	187	0.141971954361491	0.369088752644436	0.380198105806793	0.524566725925141	0.703606870972422	1.39893504541508	0.481677631223956	0.375870868039433
snp795	6	111	200	0.43	172	-0.238130913443253	0.303922420761435	0.342950008402115	0.460933499846002	0.659362838376849	0.733327837078615	0.509662799504449	0.764231245454105
snp796	6	112	200	0.4675	187	0.610688841900399	-1.08489146777321	0.336886316581176	0.460426448780367	2.35627529792653	2.35969635887427	0.0184592317402188	0.0617856925756558
snp797	6	113	200	0.455	182	-0.0637662321839872	-0.124970581557173	0.368442928920213	0.479656106190199	0.260542042401558	0.591205298254228	0.794445689598792	0.839656959299251
snp798	6	114	200	0.475	190	-0.0505711209287702	0.514966965272214	0.337869226853878	0.458622065046056	1.12285693280043	1.48645246010268	0.261498260967799	0.331286917752583
snp799	6	115	200	0.4625	185	-0.309282088257076	1.20737253946289	0.327637121356461	0.467480508710087	2.58272273809741	2.82929746887892	0.00980240644536307	0.0182705997205811
snp800	6	116	200	0.425	170	0.0690571348225023	0.170334677728417	0.361550673530055	0.487063095580449	0.349717889271459	0.786337639311067	0.726550426754009	0.734060784226526
snp801	6	117	200	0.48	192	-0.0182724841921363	0.490423413582954	0.385287716610359	0.475249126057235	1.03192912241966	1.65053674729805	0.302105322068774	0.256113191714236
snp802	6	118	200	0.4375	175	-0.378026765715434	0.265664742105421	0.3547346579252	0.483138647923038	0.549872677848243	1.11875090904716	0.582406705333325	0.534832428852529
snp803	6	119	200	0.475	190	0.0490740611238044	-0.417846960730564	0.31907588823981	0.44592886518037	0.937026044639546	1.16799362556677	0.34874516101106	0.505551910356956
snp804	6	120	200	0.455	182	-0.211217988118553	-0.0211748150849903	0.336898132244694	0.448559457522988	0.0472062615777199	0.986363869387617	0.962348837070252	0.614800876644584
snp805	6	121	200	0.455	182	0.259546209516275	-0.0193743317513441	0.347588474446392	0.491935168277857	0.0393839127606363	1.00916868344217	0.968584305715887	0.600969727567104
snp806	6	122	200	0.455	182	-0.169020746961227	0.437957843110759	0.35472159180506	0.481577938681678	0.909422562648262	0.954092843239298	0.36312711643963	0.6343549794357
snp807	6	123	200	0.4375	175	-0.356053275745037	0.576917671252643	0.324758110025402	0.435018113204305	1.32619229807034	1.33747386960534	0.184776009788373	0.408845405547613
snp808	6	124	200	0.475	190	0.177064839156466	-0.349769760697749	0.333695872835275	0.466221242238402	0.750222703320957	0.750280049728857	0.453120587343393	0.75468104457456
snp809	6	125	200	0.48	192	-0.250963658676697	-0.591696660241545	0.343927966745527	0.490797623095476	1.20558175589706	2.46747466170222	0.227978797218706	0.0476336610347978
snp810	6	126	200	0.47	188	0.400618854445548	-0.540487306178957	0.311171977553997	0.439388360873015	1.23009017604624	1.36389230613636	0.218663338424637	0.394513818522601
snp811	6	127	200	0.48	192	-0.0229773148722191	-0.408805381627106	0.359562119355005	0.491298887204576	0.832090998522617	1.26550844733186	0.405357582329542	0.44898948279465
snp812	6	128	200	0.4525	181	-0.0673957679003324	-0.220081800799734	0.338761793945339	0.470430652510822	0.467830486013391	0.934161735522739	0.639905817546731	0.646404975823953
snp813	6	129	200	0.46	184	-0.0577155324232243	-0.0596144626623793	0.390665975816869	0.487920061341589	0.122180798425182	0.384463415149719	0.902755833149205	0.928758938477782
snp814	6	130	200	0.48	192	-0.42208272740155	1.10719698796621	0.31355745392715	0.457332015283557	2.4209916449425	2.4515379320104	0.0154782330285811	0.0495378073525414
snp815	6	131	200	0.455	182	0.0612977413008038	-0.661331833277114	0.32839201908697	0.446567484138476	1.48092249607686	2.00306579553518	0.138627227595173	0.134507369365251
snp816	6	132	200	0.47	188	0.256926814096959	-0.0370836949281783	0.313429830951275	0.473761594670941	0.0782750128868833	1.03057818800262	0.937609293293925	0.587989786699296
snp817	6	133	200	0.475	190	0.435528154025648	-0.861534924284856	0.359790004090355	0.472086974442709	1.82494957693312	1.84605614244431	0.0680086387897134	0.181961229280813
snp818	6	134	200	0.465	186	0.132425024885426	-0.0257093684380623	0.349474448818196	0.476980803558049	0.0539002162063602	0.501021462396254	0.957014664410167	0.882045838805647
snp819	6	135	200	0.4575	183	-0.269577091817543	0.406031391349593	0.337948509470379	0.4543246903376	0.893703115822033	0.918319155766883	0.371480757849186	0.655960283101043
snp820	6	136	200	0.4525	181	-0.0807644924064585	-0.0985203159258242	0.371114000439621	0.483506657662604	0.203762066901202	0.58656261525814	0.83853943712572	0.841955723693714
snp821	6	137	200	0.44	176	-0.0248636668830037	-0.108398874768191	0.365007267826297	0.470299667679941	0.230488946128622	0.423133030959212	0.817711851998547	0.914369263470076
snp822	7	1	200	0.4625	185	0.0331161679573786	0.0602485661642573	0.314989228185643	0.454736675120073	0.132491108504386	0.305279194517425	0.894595855413195	0.954471310560524
snp823	7	2	200	0.45	180	0.00125631888065523	-0.182369049409327	0.323333123334533	0.445137535497095	0.409691465820045	0.571654980672815	0.682032291215764	0.849255913753794
snp824	7	3	200	0.45	180	0.338557608800107	-0.364883573316601	0.3399572022651	0.45777491297124	0.797080755142922	1.00114424122038	0.425404132448669	0.60583664263317
snp825	7	4	200	0.4625	185	0.16151043583616	-0.138657649276126	0.317116989768901	0.472914514414369	0.293198125770853	0.511790045850619	0.769370716592131	0.877248893791012
snp826	7	5	200	0.4675	187	0.386870402672094	-0.279382921717835	0.307690420744312	0.433359652562788	0.64469066297619	1.29757149899865	0.519127668271224	0.430914365089634
snp827	7	6	200	0.4825	193	0.544931344191363	-0.706621635168171	0.345095519648407	0.487368713471607	1.44987073572037	1.65445302403955	0.147094569381048	0.254461074304595
snp828	7	7	200	0.455	182	0.33416658051705	-0.101393317102817	0.338254144026244	0.478620248139398	0.211845022221638	1.17837153833424	0.832227942913254	0.499434040243283
snp829	7	8	200	0.445	178	0.71279247285868	0.0306035402584273	0.321228076804531	0.451950390578819	0.0677143794902641	3.19599177620154	0.946013002407674	0.00605311830884896
snp830	7	9	200	0.47	188	0.224295391589074	-0.335195666745993	0.34239894894337	0.461847304929125	0.725771620118975	0.749223662301903	0.467978787564859	0.755279010192114
snp831	7	10	200	0.4675	187	0.554422207031642	-0.511793953028768	0.328586902287111	0.437699827304702	1.16928068302043	1.68908756273122	0.242290563297063	0.240145954367434
snp832	7	11	200	0.47	188	-0.10361064963089	0.486493282225405	0.398100615877137	0.49006964827257	0.992702331067082	1.26125948310042	0.320855038612461	0.451406171918535
snp833	7	12	200	0.4475	179	-0.689104476808758	0.6965733997158	0.360048820365668	0.475357016947917	1.46536892247479	1.92069963325664	0.142820291577914	0.158097469498625
snp834	7	13	200	0.4525	181	0.147090394341257	-0.506309459415901	0.310960175434538	0.441980123926744	1.14554802808241	1.22607847954038	0.251982212103169	0.471595232771973
snp835	7	14	200	0.465	186	-0.223702810282332	-0.566239202728446	0.327890056152134	0.450317996667919	1.25742077136218	2.52228718656276	0.208601311666902	0.041545489241614
snp836	7	15	200	0.475	190	0.0469307661286087	-0.175721961922672	0.335946718434744	0.442442595358408	0.397163301558535	0.467724087156313	0.691247042456416	0.896387115420308
snp837	7	16	200	0.4475	179	-0.457444497591005	0.664308098243236	0.329743949027142	0.467250040234221	1.42174005573169	1.5380043132161	0.155101727243742	0.306441430342023
snp838	7	17	200	0.44	176	0.00724609305067351	0.105347020310623	0.346899540500393	0.467192157618825	0.225489701812533	0.362626666103654	0.821598335864754	0.936365816293807
snp839	7	18	200	0.4575	183	-0.347949962645725	0.423859215314686	0.397050583969391	0.503788117304665	0.841344209510916	0.915815056861787	0.400155130458387	0.657468378786321
snp840	7	19	200	0.4225	169	0.340082342374839	-0.73127891609881	0.342737489173918	0.480597635916628	1.52160323199274	1.52637823837296	0.12810852724322	0.311949094452913
snp841	7	20	200	0.47	188	0.709061391623515	-1.12748088908065	0.34923995943696	0.462974894766458	2.43529595627296	2.4480177193377	0.0148796139356504	0.0499668558131435
snp842	7	21	200	0.465	186	0.0758129009774723	0.289260942217937	0.316997635112703	0.449325774707175	0.643766635480566	1.16041363664329	0.519726772255	0.510032972162856
snp843	7	22	200	0.4525	181	0.0649357479233464	-0.0298849270512477	0.319002150358758	0.436730365076321	0.0684287822442234	0.233050474989193	0.945444310604689	0.973209154085289
snp844	7	23	200	0.4825	193	-0.15754861765311	0.62318617617241	0.330053262555672	0.439327008323454	1.41850185480422	1.65898815546556	0.156044297550959	0.25255635930941
snp845	7	24	200	0.45	180	-0.384948249207662	0.296815424440446	0.320438529122434	0.448495291902606	0.661802765378642	1.23607656201035	0.508097633627499	0.465826219667933
snp846	7	25	200	0.46	184	0.358751328733272	-0.445440498034536	0.322132338902975	0.427299386453797	1.04245527177395	1.15563695426264	0.297200652393844	0.512862046577705
snp847	7	26	200	0.4175	167	-0.246826432319274	0.387448189360885	0.317947581111656	0.438150330042668	0.884281404793544	0.910040850966819	0.376544323768614	0.660943330877967
snp848	7	27	200	0.445	178	0.047171974014105	-0.282340355335029	0.341570446857689	0.451645345036756	0.625137308372018	0.804742878224628	0.531880943467753	0.723390892044433
snp849	7	28	200	0.4575	183	0.347712958786098	-0.762813093313308	0.328921943252906	0.459879403312921	1.65872419555667	1.66735753900847	0.097171381505941	0.249065197001186
snp850	7	29	200	0.4425	177	0.497039007590958	-0.534876808738271	0.321094366966194	0.458506265128089	1.16656379512905	1.55428998748833	0.243386571473485	0.298821557141918
snp851	7	30	200	0.475	190	-0.0126065084110868	-0.448496582750745	0.328833353075645	0.462930450838987	0.968820655322883	1.42907103350139	0.332634678969685	0.36019057615446
snp852	7	31	200	0.4675	187	-0.192313334950948	0.450597347564468	0.358971854344648	0.47449570780555	0.949634190893724	0.990649282858169	0.342298159146717	0.612201990667727
snp853	7	32	200	0.45	180	-0.699870672045916	0.180313704043156	0.346538749194979	0.48502788254502	0.371759460707745	2.53398241238789	0.7100719494436	0.0403350914576041
snp854	7	33	200	0.47	188	0.400145419417745	-0.510581828322218	0.33636288714485	0.454594423982922	1.12315902128487	1.24004361823276	0.261369963034981	0.463543944857062
snp855	7	34	200	0.475	190	0.549482307472072	-0.775275560064761	0.321905909373399	0.459675211975846	1.6865724752317	1.84353782570803	0.0916855882716683	0.182808548394732
snp856	7	35	200	0.465	186	0.236907754855314	-0.567583981273611	0.363606095564355	0.470756459407315	1.2056849564809	1.26834721611453	0.227938987651591	0.447377585648509
snp857	7	36	200	0.46	184	0.175686784840298	-0.814850539610206	0.321769416429014	0.438124432746744	1.85986098629936	2.18754575703595	0.0629051962721226	0.0913846077958633
snp858	7	37	200	0.45	180	-0.030752655127975	-0.224770351207482	0.361064847652419	0.463539634948467	0.484899961645072	0.860088063320659	0.627747309610378	0.69082016776952
snp859	7	38	200	0.45	180	0.139995797264823	0.488251843425379	0.328773529343913	0.444066476531675	1.09950169451837	2.01825726744644	0.271549295266617	0.130460967209759
snp860	7	39	200	0.4725	189	0.266534270887351	-0.307830174275054	0.35072997998245	0.478774206081707	0.642954800749061	0.776158241087081	0.520253428954024	0.739921775168202
snp861	7	40	200	0.4725	189	0.0393894775140927	-0.237112435999511	0.336888477708849	0.471236610600534	0.503170659209478	0.616936970905017	0.614844291582535	0.826706443067621
snp862	7	41	200	0.4675	187	-0.548618462485753	0.653635346969192	0.314777907453808	0.438296531145261	1.49130851038509	1.79215121933674	0.135880515601276	0.200708234226548
snp863	7	42	200	0.47	188	0.151676613152281	-0.29188772184387	0.375363205531663	0.482904528428855	0.604441881697685	0.610250732512554	0.545549897958965	0.830105084589825
snp864	7	43	200	0.4525	181	0.15512104209333	-0.625143313231631	0.354846356751674	0.48818247733972	1.28055254387306	1.46635779500885	0.200350877781588	0.341262742851214
snp865	7	44	200	0.4475	179	-0.0843639959841879	-0.402317622258381	0.330807358418043	0.469347413019887	0.857185127898711	1.41686521501008	0.391342580318053	0.366501187059744
snp866	7	45	200	0.445	178	0.383317416784401	-0.360997211218661	0.314475053957345	0.444185450149142	0.812717325831926	1.22015363884823	0.416380145279703	0.475025186949098
snp867	7	46	200	0.4725	189	0.285465190801089	-0.22884890912019	0.345036911167272	0.442148912551159	0.517583335894129	0.836009331654886	0.604749010939978	0.705071684422495
snp868	7	47	200	0.4425	177	-0.0349849233773485	-0.0639002251256062	0.395990994320624	0.48394640219901	0.132039880522407	0.352623743880074	0.894952747790985	0.939721473535952
snp869	7	48	200	0.4675	187	-0.472089454023446	-0.0117247959523383	0.336837725431832	0.450936168442922	0.0260010102822844	2.07136958061868	0.979256532635771	0.117034563912495
snp870	7	49	200	0.4575	183	-0.391333521065636	-0.00748931093033367	0.312588115337954	0.430996110310697	0.0173767483073914	1.84614753328682	0.986136058518134	0.181930531953712
snp871	7	50	200	0.4725	189	-0.105908404614796	0.275974691130937	0.349286341465602	0.478355575900533	0.576923746757626	0.599363363788334	0.5639909681038	0.835589160979525
snp872	7	51	200	0.475	190	-0.465863791500761	0.247833206671357	0.331966934178144	0.436200192287875	0.56816390972106	1.58330210254479	0.569923674990608	0.28552583204507
snp873	7	52	200	0.4425	177	-0.520326057740763	0.64317122096956	0.351720213264251	0.494329796500411	1.30109741618423	1.52153915591986	0.193225112084248	0.314258085760646
snp874	7	53	200	0.47	188	-0.49540505519403	0.920031160788516	0.332689625475255	0.4819084842265	1.90914082424848	1.92503712517046	0.0562439275798195	0.156784352834384
snp875	7	54	200	0.4375	175	-0.368194528450128	-0.305845487661953	0.334733702777547	0.435498470510666	0.702288316428111	2.70605342631402	0.482499378028847	0.0256974741751632
snp876	7	55	200	0.475	190	-0.00909181737920353	0.210206739731908	0.35756398794239	0.45761329205901	0.459354532264769	0.678362781908566	0.645979593463045	0.794463661247993
snp877	7	56	200	0.4675	187	0.265197116162285	-0.22457905003774	0.340968171569279	0.468192409684893	0.47967255639383	0.787479960251623	0.63146024503331	0.733401231706703
snp878	7	57	200	0.49	196	-0.259803391273636	0.576945433502024	0.329615864751861	0.46533846636661	1.23984040693401	1.24326955563119	0.215034429405504	0.461690930218589
snp879	7	58	200	0.4575	183	0.221706358222687	0.0325812833976769	0.349809286585915	0.460627312816486	0.0707324174905304	1.04040202927516	0.943610720016715	0.582038785766952
snp880	7	59	200	0.45	180	0.507882892596152	-0.585544034242462	0.330180727435499	0.454137549358402	1.28935393047703	1.5588293307811	0.197275069828427	0.296717597927525
snp881	7	60	200	0.46	184	0.0774387929839854	0.30051311223185	0.338160418296602	0.460833098192723	0.652108352048475	1.21879837146206	0.514331276500334	0.475810917819685
snp882	7	61	200	0.4575	183	0.0815642728855106	0.230553737805236	0.326151211445768	0.440887014342755	0.522931568190844	1.07687837342963	0.601021875483776	0.559991588679896
snp883	7	62	200	0.4525	181	0.143064796832108	-0.337765547590336	0.344955067119905	0.467883354881069	0.72190118341823	0.740283493125444	0.470355233638216	0.760324604961185
snp884	7	63	200	0.4525	181	-0.105887107099744	-0.353138731971113	0.370969196003772	0.502138220386327	0.703269971561656	1.38360960265367	0.481887520522122	0.383971185765928
snp885	7	64	200	0.44	176	0.236201918703391	-0.657115649965091	0.310645358201716	0.449060969176732	1.46331054148346	1.50265091527855	0.143382424563065	0.323362955114236
snp886	7	65	200	0.475	190	0.625815483339977	-1.25370489130977	0.334381787879213	0.448265225136217	2.7967926598116	2.80576461928607	0.00516126434338598	0.0195230873043708
snp887	7	66	200	0.4575	183	-0.408123060041334	0.258772715067121	0.334821212468788	0.463868516479647	0.557857896955321	1.31358048091697	0.576941423732321	0.422001318761809
snp888	7	67	200	0.45	180	-0.0974567350015763	-0.00665370493028591	0.362225484360087	0.501649695546337	0.013263647898838	0.398000290129293	0.989417450410538	0.923853180552623
snp889	7	68	200	0.4425	177	-0.265618757760958	-0.153241050902874	0.329092740645225	0.457891668412426	0.334666606698005	1.46256956548599	0.73787659423132	0.34316123583615
snp890	7	69	200	0.47	188	0.10984914273776	0.437548698013445	0.326759700384774	0.445030330386117	0.983188488824612	1.81166614768846	0.325514679147257	0.193773153618745
snp891	7	70	200	0.4575	183	-0.723719143359938	0.863622917395295	0.338273135475158	0.444887968741171	1.94121436872962	2.19423075418975	0.0522322809817735	0.0900559350348477
snp892	7	71	200	0.4525	181	0.266548863591587	-0.659144707618957	0.329729712013308	0.444931909698934	1.48145074167634	1.5431699074883	0.138486501827372	0.304012432603925
snp893	7	72	200	0.4825	193	0.548924228205939	-0.323847666953679	0.332732684087692	0.467965605409564	0.692033053733185	1.81141062138488	0.488916571654437	0.193862871143052
snp894	7	73	200	0.455	182	0.106626264940843	0.105727962307661	0.316881471797921	0.421464125237525	0.250858746869797	0.81835405280626	0.801923319927484	0.715444194688526
snp895	7	74	200	0.4475	179	0.253446819297286	-0.10457224753005	0.316561705641845	0.427311689002062	0.244721242646712	0.945601859085513	0.806672278825385	0.639491827248779
snp896	7	75	200	0.4625	185	0.11535981102924	-0.685495616735566	0.345299427897404	0.467814989229181	1.46531349468955	1.78047567077822	0.142835406420675	0.204938200326061
snp897	7	76	200	0.4675	187	-0.330883237018682	0.0353210534194373	0.3340223107707	0.45854444639588	0.0770286363667856	1.3616152931262	0.938600764113407	0.395739899395095
snp898	7	77	200	0.4725	189	-0.345445737626444	0.665433874229793	0.362550823479122	0.477130564183677	1.39465782362588	1.39787642618471	0.163119049085632	0.376427711523848
snp899	7	78	200	0.475	190	-0.119646551372808	0.431342538549283	0.349792837674873	0.46635262652988	0.924927863618768	1.05338534140196	0.355003431720112	0.57418115079042
snp900	7	79	200	0.4575	183	0.463773668407914	-0.852800287018143	0.32885628652698	0.461830791230915	1.84656437641409	1.85035519807738	0.0648103011597728	0.180521177806105
snp901	7	80	200	0.465	186	-0.44508305292277	0.601231851402901	0.317661657857296	0.419690279799417	1.43256082006533	1.52194105635252	0.151983385304323	0.314065948044825
snp902	7	81	200	0.4875	195	-0.235006240338965	-0.110066645480141	0.346630051966195	0.487820590650156	0.225629355524839	1.19327240319633	0.82148970712935	0.490686663824407
snp903	7	82	200	0.4475	179	-0.256435495297201	0.0743656272841358	0.319183398463907	0.460009921879612	0.161660920225972	0.996587030486199	0.871572880794543	0.608600722318931
snp904	7	83	200	0.4925	197	-0.102089360747429	-0.0197013428694461	0.370765860048457	0.495036291144322	0.0397977748740494	0.461236571624746	0.968254350220886	0.89909229338779
snp905	7	84	200	0.47	188	-0.29331010594225	0.508539700618517	0.347683673817633	0.478264477145132	1.06330226249314	1.06978384464824	0.287644899489341	0.564272077361643
snp906	7	85	200	0.4525	181	0.25191248922186	-0.376749587438139	0.30212626013345	0.435269832884536	0.865554097653441	0.929146145769864	0.386734737194366	0.649432561221794
snp907	7	86	200	0.4725	189	0.139193514445177	-0.405054769318426	0.337720904727891	0.460922164125837	0.878792127704758	0.944501089361655	0.379513995449123	0.640157426543111
snp908	7	87	200	0.445	178	0.125698309674808	-0.386593498810913	0.349871788991237	0.495818903740799	0.779707058150034	0.822476238684995	0.435563323389758	0.7130287180559
snp909	7	88	200	0.4375	175	0.0263727166559394	0.296873618309468	0.336987323932863	0.492323695620659	0.603004935472806	0.910841616937414	0.546505405904501	0.660461645513504
snp910	7	89	200	0.46	184	-0.242557878969504	0.244608541061027	0.321025529387757	0.438453634947616	0.557889184999575	0.755776678354938	0.57692005704044	0.751563787033353
snp911	7	90	200	0.4625	185	0.736007989490657	-0.999994581156261	0.311137657632499	0.439457487604567	2.27552063478795	2.51479770874837	0.022874716267988	0.0423365814079451
snp912	7	91	200	0.455	182	-0.676923208140545	0.616272303382491	0.32752073179661	0.46321914277204	1.33041199397446	2.07874157210763	0.183382564947903	0.115257875912555
snp913	7	92	200	0.485	194	-0.142137063281436	0.257408715723704	0.319548130191057	0.424734533212939	0.606046119623274	0.60616792157586	0.544484128259802	0.832168966059338
snp914	7	93	200	0.485	194	0.365003144595916	-0.518574423002377	0.352734400726997	0.474504346225585	1.09287602342812	1.15246467595812	0.274448236772169	0.514743060397609
snp915	7	94	200	0.455	182	-0.570286220345781	0.912745979631024	0.318044010298575	0.443894300340303	2.05622369769399	2.10206339244451	0.0397609590800417	0.109773595943555
snp916	7	95	200	0.4575	183	0.160045026644755	-0.483730033346154	0.348075836046296	0.482909728315416	1.00169867157905	1.08855507760277	0.3164891484801	0.552956424748654
snp917	7	96	200	0.4625	185	0.523774852702263	-0.511817107388893	0.371371052914627	0.469782448846565	1.08947686029041	1.41039133163175	0.275943653612394	0.369870677699581
snp918	7	97	200	0.465	186	0.364920687984856	-0.0812704079880585	0.314606093705156	0.445998149635294	0.182221401713249	1.44510852396939	0.855408978026629	0.351984083046443
snp919	7	98	200	0.435	174	-0.205723038306075	-0.0497582534068228	0.319724390980044	0.450455534220738	0.110462075891468	1.04854146246273	0.912042924821493	0.577111610222363
snp920	7	99	200	0.49	196	-0.132064481716391	0.001615141779854	0.3312117201456	0.443895738621363	0.00363856112894946	0.58956884354935	0.997096854657527	0.840468578907863
snp921	7	100	200	0.4575	183	0.292910186531597	-0.245726873896323	0.323511226807943	0.475641137431513	0.516622416688475	0.912398310035649	0.605419764139305	0.659525040863906
snp922	7	101	200	0.45	180	-0.496582718076191	0.0690323938702782	0.346447024129773	0.478301329305295	0.144328250081478	1.88940467286677	0.88524127150466	0.167809644753935
snp923	7	102	200	0.4425	177	0.0107464739229475	-0.00910577184323146	0.346164611004457	0.451054937636632	0.0201877223447381	0.0312770430136454	0.983893622040763	0.999510992893129
snp924	7	103	200	0.4675	187	-0.159962380113275	-0.248676549040927	0.312512573300709	0.451616666080973	0.550636342097126	1.33192551100214	0.581882990751211	0.411884304483348
snp925	7	104	200	0.425	170	-0.481059426437585	0.384335610125579	0.334680193109991	0.466026913120407	0.824706898475365	1.46370847161295	0.40953801425191	0.342589875687967
snp926	7	105	200	0.475	190	0.0722479443523548	-0.284453440446203	0.326179613814076	0.46244580639338	0.615106541163513	0.678893111700844	0.538484362544448	0.794177787908646
snp927	7	106	200	0.4775	191	-0.356919116635473	0.888106313436032	0.357646636581973	0.45776416548611	1.94009575322029	2.07783800966363	0.0523680540404833	0.115474517946462
snp928	7	107	200	0.4675	187	0.224354640626444	-0.280534394380665	0.350522100833468	0.463055920294173	0.605832648036214	0.670440779448684	0.544625887640735	0.798719531396948
snp929	7	108	200	0.44	176	0.0703324829937697	-0.15909915647941	0.357531213590827	0.468295570300672	0.339740895642596	0.348164970994708	0.734051661359532	0.9411907749817
snp930	7	109	200	0.4375	175	-0.386163911842037	0.495996962010114	0.33309499233085	0.462439930400893	1.07256516879961	1.21196317156184	0.283466259657601	0.479780119402501
snp931	7	110	200	0.4825	193	-0.0377484993042673	-0.425128866238832	0.35082934408799	0.453354555489557	0.937740364778631	1.5751944488191	0.348377854659788	0.289205209378253
snp932	7	111	200	0.4825	193	0.523053001065231	-0.674420589300061	0.38288971635662	0.510898636217126	1.32006731177384	1.44012277236339	0.186812545328542	0.354524863116121
snp933	7	112	200	0.4525	181	0.13389927639699	0.0903360727469466	0.349120784036808	0.496252003476139	0.182036691266054	0.765518947751418	0.855553931468432	0.746014956774922
snp934	7	113	200	0.4725	189	-0.174343285885029	0.519806492326806	0.328583074056523	0.453314609467	1.14667932925874	1.20795142164873	0.251514176618684	0.482114655599445
snp935	7	114	200	0.475	190	-0.6697197454867	0.837677405744819	0.309087346762644	0.449104585898781	1.86521677143064	2.23597442970929	0.062151025636724	0.0821021705365101
snp936	7	115	200	0.48	192	-0.121931436214178	-0.0235528966386763	0.319073846921544	0.466096501686781	0.0505322321738942	0.594501528040932	0.959698264645463	0.838017719763169
snp937	7	116	200	0.4375	175	-0.282491992029852	-0.26737336613019	0.317939324163569	0.458142906368696	0.583602544999394	1.82203774706373	0.559487747534962	0.190155945844882
snp938	7	117	200	0.4425	177	-0.183863164986765	0.450706501044939	0.333839634860712	0.454071148802836	0.992590042845118	1.01568350000827	0.320909779143093	0.597018912958095
snp939	7	118	200	0.46	184	-0.0775104013484915	0.147900252810613	0.321399148839935	0.451054380032942	0.327898939369154	0.328277578873327	0.742988075701645	0.947542882574884
snp940	7	119	200	0.45	180	-0.0584368995769027	-0.11415588636613	0.361488090962208	0.471309631701689	0.242209958565803	0.572575796231178	0.808617478941357	0.848808632736696
snp941	7	120	200	0.4475	179	-0.718279877624229	0.456227956244636	0.363707248734806	0.471614165902779	0.967375429385818	2.1078642962733	0.333356388451559	0.108441334752778
snp942	7	121	200	0.445	178	-0.148988171489159	0.0312172802433815	0.361131763002707	0.492133511152526	0.0634325432752462	0.521946657929077	0.94942207363584	0.872655727264049
snp943	7	122	200	0.4475	179	0.355930980978421	-0.157770469267949	0.343816402142205	0.476173046603503	0.331330112851432	1.20711967221678	0.740395147886071	0.482599118901015
snp944	7	123	200	0.46	184	0.061625027349798	-0.0440190781040528	0.364279369303402	0.490574475496873	0.0897296543189872	0.178812556979676	0.92850205024843	0.984140147975936
snp945	7	124	200	0.47	188	-0.364697360003818	0.056609511825649	0.349001364301484	0.450667066146748	0.125612710752677	1.53797170892012	0.900038500930836	0.306456797237833
snp946	7	125	200	0.465	186	-0.171780439414986	0.491070964995331	0.318651886133822	0.4381231614125	1.1208514140456	1.17717392847385	0.262351114935478	0.500138995126401
snp947	7	126	200	0.46	184	-0.205368262828152	-0.179778160495057	0.354559243245566	0.475558705903952	0.37803568363517	1.37517440129964	0.705404085829487	0.388464955842399
snp948	7	127	200	0.47	188	0.347972281631294	-0.129101552507432	0.334789405277187	0.466784686961785	0.276576237639093	1.20983511694978	0.782105512797457	0.481018039653535
snp949	7	128	200	0.4525	181	-0.0127917026867233	-0.07156839376938	0.337449209328787	0.456013098854104	0.156943723654477	0.27148301474924	0.875289200325957	0.963819238726443
snp950	7	129	200	0.4425	177	-0.424976135283254	0.591428553972576	0.327184717894111	0.446569299933676	1.32438247335949	1.40787359522132	0.185376052415533	0.371185244354368
snp951	7	130	200	0.4525	181	0.256333118419171	-0.896496043661599	0.363055870219287	0.489591655325822	1.83110972972973	2.11109427422766	0.0670841665675555	0.107704973429576
snp952	7	131	200	0.44	176	0.152293944406427	-0.321177088426668	0.333776820703707	0.462764448496226	0.694040109326348	0.69635594737251	0.487657055708172	0.784698428348054
snp953	7	132	200	0.46	184	-0.19578772117788	0.159605082313481	0.307299530096513	0.44921211015061	0.355300043580681	0.646682075550389	0.72236482281703	0.811315030414489
snp954	7	133	200	0.4725	189	0.187306509425316	-0.309800838020716	0.381268002579293	0.482844408717115	0.641616289694305	0.641849066829802	0.521122353562354	0.813845192479753
snp955	7	134	200	0.4625	185	-0.232052523408427	0.125986646261586	0.348919066580805	0.470873476461289	0.267559445497762	0.742943479868517	0.789038450870275	0.75882620468603
snp956	7	135	200	0.4675	187	0.025886470916919	-0.424713579279265	0.334963821672156	0.442135585648269	0.960595783432678	1.34586866527437	0.336755449626575	0.404266392039695
snp957	7	136	200	0.45	180	0.11855596396894	-0.308823735215213	0.327416014460128	0.465215529239236	0.663829377579529	0.678291310812562	0.506799520835218	0.794502178397611
snp958	7	137	200	0.4675	187	-0.202659660807548	-0.443384120209058	0.349857346892348	0.479714055956326	0.924267518751681	2.10286098384714	0.355347049668107	0.109589670223754
snp959	8	1	200	0.4675	187	-0.173968331745291	0.330271216017204	0.321725724094579	0.428482792315548	0.770792251031595	0.77102088914123	0.440830081048175	0.742868224676043
snp960	8	2	200	0.4625	185	0.163535408968624	0.222628852653158	0.33221865175434	0.452416364652923	0.492088416881096	1.35807405803907	0.622656840337977	0.397650192470458
snp961	8	3	200	0.435	174	-0.163594207193747	0.520271424149829	0.301379695403159	0.436224426383702	1.19266916908545	1.26079708828031	0.232998964768612	0.451669460427132
snp962	8	4	200	0.4625	185	-0.490906652083355	0.535666322702824	0.332032052677135	0.467264253485302	1.14638840593372	1.48385071286401	0.251634477799466	0.332569483085015
snp963	8	5	200	0.485	194	-0.545702679569144	0.347533712590886	0.323757165264929	0.443560013821399	0.783510013891426	1.81025314649067	0.433327675539022	0.194269632391341
snp964	8	6	200	0.4675	187	0.0610599923426704	-0.233316524335575	0.32430970751415	0.448287583799468	0.520461714237314	0.577887119319396	0.602741805824452	0.84621927611274
snp965	8	7	200	0.4625	185	0.130234627188748	-0.123356504202299	0.318343940673927	0.46910519508296	0.262961283514424	0.40910090130819	0.792580420456447	0.919723889837734
snp966	8	8	200	0.45	180	-0.312662456993965	0.911903439841091	0.316717431608151	0.452064759458265	2.01719647630547	2.09643563162678	0.0436750136632187	0.111078160282322
snp967	8	9	200	0.455	182	0.527674991500294	-1.18561127162333	0.321322673878816	0.455220399593066	2.60447746340714	2.61831068453007	0.00920144721372648	0.0324590682988503
snp968	8	10	200	0.4775	191	0.326229649924269	-0.182192441593615	0.319128207715671	0.456677072573145	0.398952460142244	1.11338375989136	0.689928233608541	0.538045742933399
snp969	8	11	200	0.4125	165	0.534331079114807	-0.562179840506764	0.349106285909618	0.467074472159793	1.20361928132616	1.53087896946277	0.228736763580508	0.309810267384428
snp970	8	12	200	0.46	184	-0.43377862378655	1.20530271746281	0.367599344329795	0.498686017645273	2.41695711292265	2.56898974353527	0.0156508610317292	0.0368885471594466
snp971	8	13	200	0.4575	183	-0.585062011269524	0.852727803393549	0.346139381942626	0.501157548438097	1.70151643141195	1.84797307097038	0.0888460550222849	0.181318117435587
snp972	8	14	200	0.4525	181	0.0943370969248336	-0.354655102602892	0.333190562646357	0.46598712233329	0.761083484082271	0.858098261441749	0.446607204591861	0.692002083075231
snp973	8	15	200	0.47	188	0.675161524801074	-0.509091707327266	0.360101957656386	0.464929603440679	1.09498664649394	1.9570282604293	0.273522486720325	0.147344808028412
snp974	8	16	200	0.4675	187	-0.238790398033388	-0.0923465898992027	0.355284661819014	0.477548812815093	0.193376231750699	1.1673248992848	0.84666432842569	0.505946821916037
snp975	8	17	200	0.4675	187	-0.3828762545189	0.637416455445353	0.314685050683581	0.433412826519899	1.47069125887092	1.49152171563171	0.14137463121414	0.328795759066188
snp976	8	18	200	0.4775	191	0.119280336915513	0.0869227663135085	0.34861522739643	0.494801017940247	0.175672165500689	0.671993139391065	0.860551503910183	0.797887722786068
snp977	8	19	200	0.465	186	0.0449772585648039	0.110249302315218	0.333112115570156	0.462308879841942	0.238475415728356	0.501158122344648	0.811512380792763	0.881985439340367
snp978	8	20	200	0.47	188	-0.19181175631573	0.283264230453847	0.361869371211939	0.486751702330188	0.581948104336971	0.595193480255029	0.56060163711451	0.837672857580313
snp979	8	21	200	0.4675	187	0.607256841869236	-0.464576840374662	0.343059680775671	0.46195605129753	1.00567324330912	1.80689133395125	0.314572778228064	0.195454405568704
snp980	8	22	200	0.4825	193	-0.386512370915515	0.129796254329003	0.364026445439591	0.474710365064482	0.27342199345357	1.29697744299893	0.784528848338316	0.43124657882648
snp981	8	23	200	0.455	182	-0.321847970069105	0.290737613583487	0.357649022966853	0.466891898001553	0.622708628759542	0.904089201769633	0.533476011361955	0.664521103825541
snp982	8	24	200	0.4525	181	0.47478557529189	-0.785778605971782	0.339114272093585	0.480786034636232	1.63436237611667	1.67824046642242	0.102182783389767	0.244572000812231
snp983	8	25	200	0.45	180	-0.270813403170674	0.727547555393606	0.358525443249452	0.470600015568236	1.54599985406952	1.65512800757551	0.122104603064699	0.25417701106355
snp984	8	26	200	0.4525	181	0.660503562749879	-0.305231600947891	0.334777248763446	0.446759016792115	0.683213073436235	2.29356450138434	0.494472212809747	0.0720626743876893
snp985	8	27	200	0.445	178	0.691709927016383	-0.211585832307832	0.339387054200071	0.452755283922162	0.467329349477473	2.59029010781044	0.640264261295374	0.0349163031000839
snp986	8	28	200	0.4775	191	-0.229064532886256	0.237471783579573	0.319662093229431	0.462458468714161	0.513498615864575	0.71718819754443	0.607602578759261	0.773229441155234
snp987	8	29	200	0.4675	187	-0.203548645917967	-0.380217492812282	0.320840566241941	0.43027041189469	0.883671017809473	2.00472178133247	0.37687382985621	0.134061757240223
snp988	8	30	200	0.4525	181	0.0407132055520973	0.00804014433484949	0.312874936333591	0.48194439076598	0.0166827220917975	0.19062784350454	0.986689731017615	0.981994582584193
snp989	8	31	200	0.4475	179	-0.376797941006915	-0.320984455062493	0.316039852893612	0.463348459632842	0.692749589190047	2.40175236907473	0.488466712970637	0.0558990875876924
snp990	8	32	200	0.4775	191	0.144536209390477	-0.342912752849545	0.323302367962885	0.455057248517861	0.753559588307679	0.764770125273329	0.451113717871603	0.746442514060115
snp991	8	33	200	0.485	194	0.16514844414233	-0.393005362864564	0.333046511458861	0.475184819679602	0.827057907972632	0.836446569459232	0.408204240260536	0.704813935852234
snp992	8	34	200	0.465	186	0.527957713645126	-0.732830349199604	0.325364682433013	0.446679349781264	1.64061837548225	1.75384335111164	0.100876658145184	0.214813890754939
snp993	8	35	200	0.4575	183	0.506996913508438	-0.503993020558382	0.328173288975818	0.45142428152388	1.11645084499452	1.54588606642446	0.264229199742175	0.302739716170808
snp994	8	36	200	0.4525	181	0.239553043666932	-0.0977096758597003	0.364384276010432	0.476013824374034	0.205266466763208	0.799646038965915	0.837363941849788	0.726354643458757
snp995	8	37	200	0.4475	179	0.0613803572596746	0.299146613286936	0.312690938557548	0.434304381747041	0.688794831135673	1.19694582161034	0.490952388854936	0.488537204386731
snp996	8	38	200	0.48	192	0.285301048016195	-0.29989621321868	0.343318347203662	0.461427977456496	0.649930710469229	0.837640973473773	0.515736979826107	0.704109637248824
snp997	8	39	200	0.4625	185	-0.594191649614091	1.02799113465318	0.324935579678275	0.436261807925641	2.35636289030461	2.36372591239861	0.0184548790991718	0.061200489295438
snp998	8	40	200	0.45	180	-0.211103426813051	-0.0878282632398535	0.340695829466051	0.46961329955721	0.187022521131035	1.12137038681329	0.851642975172552	0.533265544154649
snp999	8	41	200	0.445	178	-0.433320600407909	0.486371465631355	0.333724042471124	0.438850823351473	1.10828427281273	1.31780064010413	0.267739065436898	0.419664681680118
snp1000	8	42	200	0.475	190	0.0983034520003177	0.10500711945528	0.342471276399161	0.469018522695434	0.223886934895038	0.720362754522427	0.822845282142588	0.771467102496663
snp1001	8	43	200	0.4525	181	-0.133215124459465	0.0492251973623103	0.351634674988147	0.481124730321566	0.102312756464233	0.456268227687643	0.918508430249454	0.901143877377646
snp1002	8	44	200	0.4525	181	0.033366718111722	-0.262451717340245	0.354696237481526	0.481144939200173	0.545473299119658	0.707137173978227	0.585428039662174	0.778784045723578
snp1003	8	45	200	0.46	184	0.458047350933355	-0.378688879239063	0.312800137931785	0.447979546736359	0.845326269910991	1.48390563220847	0.39792869765023	0.332542381899405
snp1004	8	46	200	0.445	178	-0.426273249081116	0.247844874623934	0.348907595698359	0.45434551587783	0.545498669982644	1.33964003247406	0.585410595020106	0.407661662042585
snp1005	8	47	200	0.46	184	-0.293485274857065	0.564114337123488	0.335427276805813	0.447065559322362	1.26181568980295	1.26249625220288	0.207015115107212	0.450702233617214
snp1006	8	48	200	0.4475	179	0.146995112182639	-0.796532864312111	0.319538561935791	0.453914511534393	1.75480810608929	2.00149837408893	0.079292136591775	0.134930173088196
snp1007	8	49	200	0.47	188	0.738671580877126	-1.18687011745478	0.335707637303919	0.453294576584198	2.61831969488459	2.64937398256205	0.00883639759466766	0.0299091373064057
snp1008	8	50	200	0.4275	171	-0.340091521277629	0.458080391959288	0.306526809537312	0.42246009388431	1.08431636168867	1.18427550104138	0.278224553220615	0.495962861443075
snp1009	8	51	200	0.475	190	0.224788576597894	-1.12361493470051	0.318204901339159	0.413776935389562	2.71550886141745	3.3338495969517	0.00661740054621023	0.00385927256647005
snp1010	8	52	200	0.46	184	0.0985144053850564	0.303336891965946	0.344185311787869	0.479744881910024	0.632287916774142	1.23358905361263	0.527198757777647	0.467259277831479
snp1011	8	53	200	0.4675	187	-0.0182961835741959	0.57439733283923	0.326461227785134	0.450224836735278	1.27580107975465	1.79348792700831	0.202025845794583	0.200227817708184
snp1012	8	54	200	0.46	184	-0.189481145950229	-0.251993598979022	0.327516466752042	0.482467481428006	0.522301727430772	1.3412686897301	0.601460266647943	0.406772650039789
snp1013	8	55	200	0.4475	179	0.0673285661403236	-0.0485346279176785	0.334174890120746	0.466038899986343	0.104142868586937	0.209286185046215	0.917055971582487	0.978337718000756
snp1014	8	56	200	0.4675	187	0.260457988005213	-0.405076698113991	0.330328776407859	0.477515073619577	0.848301384589808	0.891071951621495	0.396270146699733	0.672330925182695
snp1015	8	57	200	0.475	190	0.441118038893963	-0.198858755127101	0.336414511208721	0.447172217428305	0.444702840151254	1.58428180486962	0.656534516558664	0.285083140951202
snp1016	8	58	200	0.46	184	0.0150134073404662	0.265336641930459	0.345470755410389	0.477772777646486	0.555361574256093	0.827867347075795	0.578647370077576	0.709863790173676
snp1017	8	59	200	0.45	180	-0.322478852561478	0.414188104163728	0.35256251902716	0.466740406866775	0.887405714333091	0.965456443475247	0.374860508073343	0.627473981786709
snp1018	8	60	200	0.4775	191	-0.270908193821247	-0.17086346675409	0.354378483222613	0.471482774210811	0.362395990055182	1.54629566784314	0.717056135623431	0.302548057550091
snp1019	8	61	200	0.465	186	0.212663779535414	-0.026747402377692	0.368767986830201	0.47725861628336	0.0560438333957944	0.833295328093013	0.955306888012163	0.706670657983118
snp1020	8	62	200	0.45	180	0.0345978738868291	-0.274001392541678	0.338844986962507	0.460994452971603	0.594370259284998	0.775559144982458	0.55226449572858	0.740265781052723
snp1021	8	63	200	0.465	186	-0.165394972790255	-0.0274193661912363	0.320034838217287	0.443823707404748	0.0617798592859553	0.787363359332733	0.950738142805805	0.733468571364044
snp1022	8	64	200	0.4575	183	0.215310003722108	-0.647950983410383	0.306153595797178	0.440494435046293	1.47096292678995	1.53069228182999	0.14130114315613	0.309898817225982
snp1023	8	65	200	0.465	186	-0.280601877311416	1.02249735219501	0.303741441952555	0.424433548358024	2.40908701998386	2.66290971282155	0.0159924842734657	0.0288529202498223
snp1024	8	66	200	0.485	194	-0.169108734607598	0.0269365956218868	0.36901523924799	0.479844930433018	0.05613604294533	0.642320616411947	0.955233431077925	0.813598817932708
snp1025	8	67	200	0.46	184	-0.00557951329365805	-0.0208701432322523	0.344518796111026	0.460512253536276	0.045319409140561	0.0849160280458089	0.963852717074579	0.996401125618345
snp1026	8	68	200	0.4475	179	0.0674991923885237	0.31782280859927	0.36047733065403	0.491931154508322	0.646071723017683	1.18991500425634	0.518232907141817	0.492653664115969
snp1027	8	69	200	0.475	190	-0.0344493818762161	0.202473732394835	0.386397465489894	0.518159638191171	0.390755507514335	0.50491211525058	0.695977965190488	0.880321478219197
snp1028	8	70	200	0.4775	191	-0.407764185459214	0.278504650183713	0.331264244548511	0.456201389833898	0.610486194014263	1.29123524165624	0.541539786143461	0.434463116699414
snp1029	8	71	200	0.4775	191	-0.42867421291874	0.776384040691325	0.332218852841641	0.453256174672807	1.71290339563885	1.71436520060572	0.0867303134869859	0.230034951048378
snp1030	8	72	200	0.46	184	-0.236217984100788	0.323822764612376	0.329289173978982	0.463605315482719	0.698488032379876	0.767208999876445	0.48487203961426	0.745049347347632
snp1031	8	73	200	0.4175	167	0.165761693371817	-0.718875339927801	0.3177105026403	0.448809614773982	1.60173783329001	1.76952929591587	0.109213595239143	0.208959053066852
snp1032	8	74	200	0.49	196	0.43084693578748	-0.810768295097598	0.346057336702004	0.48281507482671	1.67925223832043	1.67946274141213	0.0931028950421999	0.244070649151639
snp1033	8	75	200	0.46	184	-0.0634854637370515	0.283699613089998	0.31310848720829	0.437941320403294	0.647802798851552	0.744698733006098	0.517112504917738	0.757836131952386
snp1034	8	76	200	0.48	192	0.313766980342522	-0.609752653226118	0.352955731697713	0.48721551922997	1.25150498939323	1.25245469097191	0.210750294468086	0.456429340400468
snp1035	8	77	200	0.47	188	0.108102848214284	0.126268348638042	0.314259099405065	0.452941210805048	0.278774255081836	0.738350282477139	0.78041807297555	0.761412079871823
snp1036	8	78	200	0.465	186	0.791940768630774	-0.815503919542237	0.3331165188908	0.445361860486934	1.83110407938976	2.38152452359818	0.0670850097668947	0.0586698373549342
snp1037	8	79	200	0.47	188	-0.357483074771681	1.17949556090567	0.352354304103798	0.449291725489208	2.62523321483693	2.99506888167975	0.0086589636064869	0.0112744203738036
snp1038	8	80	200	0.445	178	0.242210468773639	-0.298494701706664	0.334574422060806	0.45179978183978	0.660679162993749	0.750790777256001	0.508818089400047	0.754391816355852
snp1039	8	81	200	0.46	184	-0.254140563910239	-0.494807698533528	0.297849982305669	0.434492663766844	1.13881715342161	2.50558203193352	0.254779425725068	0.0433273735820941
snp1040	8	82	200	0.4775	191	0.113215815323239	-0.312460549286057	0.325237328412332	0.450248760467169	0.693973147115061	0.714320637788768	0.487699049193579	0.774818100053742
snp1041	8	83	200	0.4175	167	0.277112446374243	0.337246277382906	0.325198343009999	0.463242725068069	0.728012031561533	1.97213110034457	0.466606221244342	0.143037200603538
snp1042	8	84	200	0.475	190	0.616410858162131	-0.901584931504924	0.35089250950605	0.47469650779074	1.8992870533237	1.97662374241829	0.0575267441757132	0.14177404664235
snp1043	8	85	200	0.4325	173	-0.136664871066325	-0.0028799240798672	0.318303300718271	0.446465872418417	0.00645049097317837	0.617183365497721	0.994853288534371	0.826580759935941
snp1044	8	86	200	0.45	180	0.139863138992319	0.37149606910553	0.351773615737633	0.449453402444384	0.826550799449113	1.88222941387267	0.408491713839089	0.170095746933429
snp1045	8	87	200	0.4625	185	-0.220452721329639	0.0490343348169452	0.347306497456	0.493155508537047	0.099429761947517	0.822030190728448	0.920797053224617	0.713290279544534
snp1046	8	88	200	0.4475	179	0.260447319765594	-0.182893359426927	0.334102554586154	0.466641968276975	0.391935084840827	0.804176154355804	0.695106178752593	0.723720765778667
snp1047	8	89	200	0.465	186	0.631693963153594	-0.814600001392131	0.355070448885359	0.465555182330626	1.74973887588179	1.88227756400196	0.0801633822013455	0.170080331727062
snp1048	8	90	200	0.4575	183	0.278376322884157	-0.0926597177160767	0.304284029481574	0.450085637033082	0.205871305573935	1.06883804507194	0.836891440150522	0.564843044769463
snp1049	8	91	200	0.45	180	0.478870249320046	-0.006463706380752	0.335222267696244	0.494339927675864	0.0130754285035018	1.98599149793758	0.989567614737328	0.139166932255254
snp1050	8	92	200	0.47	188	-0.15807474346217	0.0251180497604961	0.321405062122524	0.44967067045754	0.0558587682290652	0.627480287548239	0.955454317702661	0.821300880931107
snp1051	8	93	200	0.475	190	-0.203373597169656	0.391281571155086	0.366249775109677	0.48170829235939	0.812279085416202	0.817661207451258	0.416631508662326	0.715849789604898
snp1052	8	94	200	0.46	184	0.432477229594705	-0.00431884398159332	0.317579125055677	0.470727704661188	0.00917482429614348	1.85548392731705	0.992679652047483	0.178813788510684
snp1053	8	95	200	0.44	176	0.137141390309693	-0.223341677053897	0.34585960944278	0.453187099156148	0.492824437124906	0.493824265225831	0.622136642296775	0.88520926662513
snp1054	8	96	200	0.465	186	0.110987347578635	-0.220322687905538	0.328825133456993	0.463990570527987	0.474843028932305	0.474843047539777	0.634898860897547	0.893384732072489
snp1055	8	97	200	0.465	186	-0.952980503339987	1.0544055103271	0.3195072233266	0.44351726892931	2.37737194060679	3.00728193921911	0.0174364962673637	0.0108686548867346
snp1056	8	98	200	0.48	192	-0.270119457687504	-0.242143220241156	0.327235061537968	0.423417003207893	0.571878829632797	1.90086169391403	0.567404067332731	0.16420533531724
snp1057	8	99	200	0.4675	187	-0.01574701797375	0.296066964345512	0.330332112469451	0.423839455989042	0.698535636930335	1.00697922027097	0.484842279245224	0.602297617247911
snp1058	8	100	200	0.4775	191	0.115994507772406	0.365490433007558	0.337061324217297	0.459569346154244	0.795288972308631	1.53090548838241	0.426445426844621	0.309797690083948
snp1059	8	101	200	0.4325	173	-0.501163725144669	0.463115924230391	0.339848289554817	0.455867190161379	1.01590097779672	1.47602526477518	0.309676543199882	0.336443418503658
snp1060	8	102	200	0.47	188	-0.0340050386853769	0.474944291454326	0.305490179379055	0.475152952173639	0.99956085568161	1.21232828870957	0.317523074664197	0.47956782760523
snp1061	8	103	200	0.455	182	-0.0984455908502825	0.0937770999149235	0.362916800134099	0.490468518248374	0.191199019765494	0.271360089336473	0.848369671563053	0.963851396712372
snp1062	8	104	200	0.445	178	-0.00918009625205921	-0.58426634839389	0.334183659572913	0.453566526641768	1.28816020159122	1.93450969331061	0.19769020264266	0.153944385215712
snp1063	8	105	200	0.46	184	-0.393936283327971	0.162615849241858	0.334763991925194	0.473841051599584	0.343186494063574	1.36603871181912	0.731458164563579	0.393359675393258
snp1064	8	106	200	0.4475	179	0.112546161764095	-0.493282756699883	0.31084063185817	0.452548900800806	1.09000984385775	1.20709720837048	0.275708807852902	0.482612205380189
snp1065	8	107	200	0.4425	177	0.111326886925081	0.0610406215295642	0.326186170230341	0.461683685103879	0.132213078995482	0.597106208788254	0.894815756394713	0.836718226364144
snp1066	8	108	200	0.4575	183	-0.0590787580549612	0.546609635786095	0.331661658912743	0.462792036325145	1.18111288199018	1.52672942703763	0.237557883132361	0.311781900743342
snp1067	8	109	200	0.455	182	0.38788564181322	-0.944804964866608	0.34063996201395	0.458162603576186	2.06216080817582	2.12270190837773	0.0391924286252147	0.105090678588226
snp1068	8	110	200	0.495	198	0.0603974401868095	-0.781735370228321	0.34637576527329	0.484162864742011	1.61461241073264	2.17264865025675	0.106394656115441	0.0944012392063216
snp1069	8	111	200	0.4625	185	-0.457017946466399	0.762767192046591	0.308727597274258	0.447174346115586	1.705748996275	1.76051601419192	0.0880548229668811	0.212309891745968
snp1070	8	112	200	0.47	188	0.607733637868492	-0.603905837641203	0.343971684428549	0.456375929030687	1.3232640006318	1.76697161041516	0.185747598944627	0.209906237512348
snp1071	8	113	200	0.445	178	0.293769791509901	-0.375258874880361	0.333180628898383	0.462415768097244	0.811518336462621	0.917357111806595	0.417068067121757	0.656539752244491
snp1072	8	114	200	0.45	180	-0.453468222675259	0.471380703489775	0.363563432898624	0.46529991483607	1.01306853592666	1.2492622184336	0.311027425841456	0.458255658074948
snp1073	8	115	200	0.4575	183	-0.229976581645589	0.384349974516566	0.37777195487026	0.509784946888056	0.753945319222942	0.75828238962957	0.450882056365796	0.750139498902149
snp1074	8	116	200	0.445	178	0.0897967884478802	0.118848905197333	0.350633840066221	0.467575560353783	0.254181174711971	0.747582807725623	0.799355593510051	0.756207078308504
snp1075	8	117	200	0.4675	187	-0.238379303155684	0.426033273287991	0.313709846089476	0.441187607693975	0.965651042455173	0.972823689582318	0.334218825005337	0.623009840168588
snp1076	8	118	200	0.475	190	-0.0512349145695896	-0.0819172837964017	0.35760988171554	0.488660029696756	0.167636554696803	0.423143777567838	0.866869211635714	0.914365105565595
snp1077	8	119	200	0.45	180	-0.142662692315418	-0.188659963080325	0.309305168804142	0.443425765205396	0.425460083477416	1.08652709827162	0.670501314166906	0.55417732199814
snp1078	8	120	200	0.43	172	-0.710903497977265	1.20863472929189	0.323463044454516	0.463168798346071	2.60949082409653	2.6527884585266	0.00906770778833892	0.029639619890431
snp1079	8	121	200	0.4525	181	0.0378809014340383	-0.16813204867623	0.341308231810073	0.492545584232819	0.341353275835595	0.388432270601758	0.732837645373273	0.927335541079639
snp1080	8	122	200	0.4675	187	-0.120664165206398	0.291146232315222	0.344909480663846	0.451286014179288	0.645147917656395	0.673970799507713	0.518831333819918	0.796826496763389
snp1081	8	123	200	0.46	184	0.771793530907284	-1.07324442218919	0.349079059087854	0.482554258809898	2.22409066461477	2.38396914595325	0.0261423448645537	0.0583290838638518
snp1082	8	124	200	0.4575	183	0.140128945558345	0.116234680952165	0.322366863023921	0.456060348525961	0.254866886208917	0.865550128946203	0.798825912811798	0.687572147685536
snp1083	8	125	200	0.4525	181	0.58158026455626	-0.982615101044697	0.343005270958484	0.447068088986467	2.19790927881332	2.19994170498561	0.0279555715476608	0.088933022150922
snp1084	8	126	200	0.44	176	-0.155029482677564	0.088121383074575	0.357734475308379	0.463248163225438	0.190225002644406	0.480232868013741	0.849132819541396	0.891088255916823
snp1085	8	127	200	0.4425	177	0.186750558586913	-0.272155062364929	0.330152267560208	0.457683131526988	0.594636427733149	0.627747004586714	0.552086524677122	0.82116341056863
snp1086	8	128	200	0.475	190	-0.151132644639084	0.640238088078677	0.349315691601311	0.466597690372819	1.37214157139766	1.63154361368011	0.170019370262661	0.264221560979843
snp1087	8	129	200	0.45	180	0.123077937181637	-0.410435867016474	0.369829899991709	0.48178276714653	0.851910643146031	0.964904590879941	0.394263689169141	0.627808286904006
snp1088	8	130	200	0.465	186	-0.364019751992013	0.186751867914312	0.353282693415663	0.46433307887323	0.402193762218043	1.13874711367377	0.687541432561215	0.522896100925915
snp1089	8	131	200	0.4775	191	-0.402411309571453	-0.0645264943533984	0.312538862177429	0.443370266474189	0.145536359184688	1.99888076722412	0.884287410853323	0.135638480967392
snp1090	8	132	200	0.4425	177	0.163769675362036	-0.456990977240207	0.315854548306168	0.484999267080965	0.942250861512989	0.949867284259049	0.346064219475603	0.636911905525013
snp1091	8	133	200	0.46	184	-0.404228045935498	0.342054142199259	0.364306047236521	0.510482592649263	0.670060345102254	1.12402522211152	0.502819322517869	0.531678471105546
snp1092	8	134	200	0.45	180	-0.320476307746177	0.312249585610952	0.352238852825206	0.471460498948456	0.662302751359642	0.91049685039087	0.507777213903418	0.660669042081068
snp1093	8	135	200	0.4525	181	-0.387609141693158	0.454056943270677	0.340521722865309	0.457131195456371	0.993274901786949	1.16717983538385	0.320576005151347	0.506032499213088
snp1094	8	136	200	0.455	182	0.516140668088259	-0.416195605496675	0.347490315847759	0.470764261404645	0.884084964850241	1.51434756632012	0.376650348825023	0.317707453932063
snp1095	8	137	200	0.47	188	0.0270293693220885	0.330354264570582	0.310980596683046	0.445085997633112	0.742225696443714	1.14529788150173	0.457950602084212	0.518998846331788
snp1096	9	1	200	0.4525	181	-0.0565586028014264	-0.139826134530802	0.336092939053959	0.475467483721645	0.294081381625376	0.629778050121399	0.768695717477117	0.820115416985364
snp1097	9	2	200	0.4825	193	0.124884670824475	-0.0284046312094987	0.360837393307754	0.482164218458374	0.0589106991396354	0.449059292873539	0.953023236172573	0.904089314487865
snp1098	9	3	200	0.465	186	0.232007732842967	0.105934810222412	0.326838020022127	0.449213898388344	0.235822646188101	1.25293284615161	0.813570294575805	0.456156029297289
snp1099	9	4	200	0.475	190	-0.698559883255143	0.695945227819528	0.31663683355595	0.433156740697212	1.60668220630558	2.20639342758156	0.10812409889292	0.0876778498624272
snp1100	9	5	200	0.4575	183	-0.0651746776658214	0.00180441005757914	0.339632502293722	0.449260313031668	0.00401640208413412	0.288894507308192	0.996795383402966	0.959128692933661
snp1101	9	6	200	0.4475	179	0.223949964766187	-0.695358737793573	0.330220058694193	0.460444321861769	1.51019071096794	1.61597136431766	0.130994768248283	0.270987732908481
snp1102	9	7	200	0.46	184	-0.560009847020204	-0.356314519427748	0.323992104173511	0.439694859555096	0.810367716803156	3.3015891116128	0.417728866474567	0.00429525080347862
snp1103	9	8	200	0.445	178	-0.0456532352249479	-0.59709989159109	0.327253064502141	0.446341551420799	1.33776452066897	2.11067363985856	0.180973210887703	0.107800648258364
snp1104	9	9	200	0.475	190	-0.291137335597579	0.437679761169644	0.31489107774981	0.450061330549816	0.972489150834073	1.03052457946004	0.330807259620208	0.588022271890734
snp1105	9	10	200	0.4475	179	0.159067249200022	-0.26137873894874	0.355418705097162	0.490835546112096	0.532517950297443	0.538299120261918	0.594367312816942	0.865123531350108
snp1106	9	11	200	0.4275	171	0.106761374739245	-0.338625956652668	0.342067132876726	0.474786521434851	0.713217291066535	0.761327037881237	0.475711308202671	0.748406178275327
snp1107	9	12	200	0.445	178	-0.0593971218612506	-0.181861401726267	0.370003175183638	0.4848178528491	0.375112840126519	0.756160237706976	0.707576548078574	0.751345896111861
snp1108	9	13	200	0.455	182	-0.584895301331685	0.569545578400308	0.333770971612637	0.452472211005412	1.25874156367471	1.75268317692164	0.208123693475782	0.215251286411509
snp1109	9	14	200	0.4825	193	-0.216130044396759	0.126290886049319	0.343083093937787	0.482485677407408	0.261750538851084	0.67822853638247	0.793513774084832	0.794536006939057
snp1110	9	15	200	0.4525	181	-0.202237594130065	0.177490320963602	0.327855558423422	0.451462438195507	0.393145267351653	0.620232722567531	0.694212191815405	0.825022751813663
snp1111	9	16	200	0.455	182	0.31684611255117	-0.387962329057631	0.32895596616818	0.445192956760174	0.871447589559748	1.00195385387362	0.3835098108551	0.605345588940969
snp1112	9	17	200	0.4525	181	-0.731462417779706	0.680824337969379	0.340826905476179	0.466626657314423	1.45903438497862	2.14895305425647	0.144555643995643	0.0993606007421001
snp1113	9	18	200	0.4575	183	0.00808885955697688	0.661941174010378	0.343871002274479	0.459563797669004	1.44036840449111	2.07193034434153	0.149763197739985	0.116898683082452
snp1114	9	19	200	0.465	186	-0.234336858896457	0.0370467544394184	0.346778625662191	0.454708384118807	0.0814736559371176	0.947065105165673	0.935065274731017	0.638606923732489
snp1115	9	20	200	0.4475	179	-0.0541117174705683	0.401041780295986	0.320290936385659	0.449851917014267	0.891497324181164	1.06710996572344	0.372662426434557	0.565886449890746
snp1116	9	21	200	0.4375	175	-0.305134552728736	0.353563807697617	0.335862313058009	0.46729669899585	0.756615247780206	0.920646438805865	0.449280403590057	0.654558096645765
snp1117	9	22	200	0.445	178	-0.200163784950642	0.721595470134816	0.342075271649768	0.451031166452232	1.59987939594245	1.85885395561541	0.109625340986084	0.177698139431746
snp1118	9	23	200	0.4675	187	-0.501323586401194	1.02049064196891	0.333714317036072	0.449684885795499	2.2693461003557	2.2853903967003	0.0232472871548308	0.0734239844829166
snp1119	9	24	200	0.4625	185	-0.488231408431312	0.784268596358249	0.331672297016046	0.471060687406398	1.66489927375671	1.71145030239809	0.0959328531415224	0.231186376570238
snp1120	9	25	200	0.4725	189	0.478584905135115	-0.604415155860197	0.350597197492972	0.469932115319999	1.28617546270193	1.42081848512144	0.198381832471902	0.364451212644709
snp1121	9	26	200	0.4875	195	0.112719998428223	-0.335980873211343	0.31666512525538	0.450880765614402	0.74516568200356	0.780596944992276	0.456171566311093	0.737369765683433
snp1122	9	27	200	0.445	178	0.102883222189567	0.312624212365329	0.337205742964493	0.45604147237242	0.685517066548782	1.24976590341565	0.493017694905059	0.45796734035911
snp1123	9	28	200	0.445	178	-0.415959861404482	-0.451870058252548	0.311044462662952	0.429791682456745	1.05136994664392	3.21751192447049	0.293088713201002	0.00564948158977885
snp1124	9	29	200	0.475	190	-0.533189182956425	0.435468837859813	0.356169327309554	0.486791545691542	0.89456943472833	1.52016115912191	0.371017297008856	0.314917375409219
snp1125	9	30	200	0.455	182	-0.422612193142231	0.185023658287443	0.326807635629378	0.449651230271183	0.41148260214001	1.48294537742985	0.680718695873348	0.333016414900774
snp1126	9	31	200	0.46	184	0.171919249498945	0.606369333779835	0.351571179268213	0.487868837917922	1.24289416878446	2.44270747781852	0.213906834784338	0.0506199297784616
snp1127	9	32	200	0.4525	181	-0.0797453839922384	0.321071043309428	0.3713787260729	0.479011811985341	0.670277924835919	0.818281040566222	0.502680636753428	0.715486941750868
snp1128	9	33	200	0.48	192	-0.10998036980167	0.15447111870609	0.309297588323925	0.43025191194413	0.359024828055032	0.38658993335678	0.719576515734651	0.927997826542595
snp1129	9	34	200	0.425	170	0.601606912105144	-0.0624286016575619	0.330651322609327	0.451551477382812	0.138253565284289	2.44585364017315	0.890040022538746	0.0502321502238538
snp1130	9	35	200	0.4575	183	-0.00848284554255318	0.0809540430849934	0.335005369007117	0.45307886664655	0.178675389748748	0.244637462529909	0.858192594328748	0.970519538629286
snp1131	9	36	200	0.4775	191	0.347916344458439	0.206498345113443	0.333778293048557	0.468589909747808	0.440680306634385	1.96261498568746	0.65944445557071	0.145740331663445
snp1132	9	37	200	0.4425	177	-0.00432341186936519	-0.206041935522755	0.333492315938501	0.462771106496246	0.445235090588842	0.606013551432884	0.656149870311355	0.832246829355629
snp1133	9	38	200	0.4825	193	-0.0293418660339259	-0.0159148551869063	0.372538027620414	0.486322938842433	0.0327248704837727	0.158615187809416	0.973893990732034	0.987499400888822
snp1134	9	39	200	0.45	180	-0.0520480852232774	-0.186236138227699	0.356586358827516	0.482311652789386	0.386132363069868	0.773693092415757	0.699398642704623	0.741336603846598
snp1135	9	40	200	0.49	196	-0.123222334580582	0.0314545102066503	0.342453869258648	0.469735963427156	0.066962107770418	0.454804719645758	0.946611869081824	0.901744853450113
snp1136	9	41	200	0.4475	179	-0.30417989466154	0.484256302813031	0.313973829468701	0.427647757384256	1.13237189825343	1.15284641871801	0.257478114219712	0.514516614055946
snp1137	9	42	200	0.4825	193	0.118934367549188	0.28852441371972	0.314474092246705	0.457231934727123	0.631024195394209	1.29635522736431	0.528024704312719	0.431594651577217
snp1138	9	43	200	0.44	176	0.0670637104185895	0.278604504790598	0.32510708983799	0.439859927100002	0.633393695641788	1.13892075464202	0.526476580896183	0.522792709372135
snp1139	9	44	200	0.44	176	-0.221806631695132	-0.19056194880574	0.319921479543066	0.442691598276168	0.430462085903108	1.46869127890592	0.666859540740045	0.340096106081975
snp1140	9	45	200	0.4725	189	0.394696452190242	-0.706257957551981	0.362223786087593	0.491410964130318	1.43720431391247	1.44032940733905	0.150659947596491	0.354419371830838
snp1141	9	46	200	0.4675	187	-0.166206864463303	-0.154628022436367	0.348221758625138	0.473454323545745	0.326595438559611	1.08291251357405	0.743973894020891	0.55635441206816
snp1142	9	47	200	0.4525	181	-0.211816203711801	0.469200040073908	0.347007831817119	0.467401466659546	1.00384802689477	1.02286027171991	0.315451871078452	0.592667605359505
snp1143	9	48	200	0.4425	177	0.209455092780211	-0.429275910406196	0.352902953728939	0.4697784766667	0.913783691096516	0.927651942045163	0.360830517686911	0.650334090475938
snp1144	9	49	200	0.43	172	0.0260286541048019	0.412280063376469	0.352981442462901	0.475230190330524	0.867537609699686	1.39156066819267	0.385647514147021	0.379758199223617
snp1145	9	50	200	0.4225	169	-0.29225226309498	0.314052144694522	0.36670595916432	0.489864811820898	0.641099619968916	0.799129528646312	0.521457961111573	0.726654611431973
snp1146	9	51	200	0.47	188	-0.222860084889157	0.399281785430379	0.306656489855487	0.439974612552885	0.907510965493229	0.916316675814423	0.364136653419031	0.657166330949722
snp1147	9	52	200	0.465	186	0.170005799329948	-0.91845157108459	0.344299605995391	0.457494349065668	2.00756921470249	2.48555235628011	0.0446890886871502	0.0455481505878115
snp1148	9	53	200	0.455	182	0.300701655748372	-0.655432464885429	0.350487445275012	0.491003090648737	1.334884601275	1.33973727515827	0.181914118389805	0.407608557411066
snp1149	9	54	200	0.46	184	-0.213355362012008	0.0608656917072641	0.322193997120479	0.434974268882777	0.139929407464944	0.831814994035212	0.888715766071482	0.707542138054347
snp1150	9	55	200	0.4575	183	0.308182108510687	-0.617062226686462	0.326678390207531	0.472233860041573	1.30668780640198	1.30821547963931	0.191318761588064	0.424979702261071
snp1151	9	56	200	0.4725	189	0.322623682128726	-0.123282253106185	0.325502418432723	0.460869572210856	0.267499224378781	1.15831541886894	0.78908481127642	0.511275188287489
snp1152	9	57	200	0.4675	187	0.0330816882124062	0.125159749673457	0.341920802200249	0.450016559765135	0.278122542287728	0.519869811567529	0.780918291894605	0.873600317555289
snp1153	9	58	200	0.4725	189	0.296957051544489	-0.0178385984102943	0.352867407464492	0.494767305142517	0.0360545214384284	1.13659847904872	0.971238885364277	0.52417585422925
snp1154	9	59	200	0.48	192	0.0643253843134772	-0.494168389092721	0.326675897056171	0.460578157139517	1.07293057960417	1.32288123411026	0.283302264506649	0.416858943339637
snp1155	9	60	200	0.465	186	0.202610151019155	-0.333847204416751	0.339430211382618	0.468150881111525	0.713118821060643	0.721452007018946	0.475772233976584	0.77086154561564
snp1156	9	61	200	0.4375	175	0.0339552878667258	0.229210318640364	0.337589217183809	0.446266479981401	0.513617600519574	0.905877594807085	0.607519371697856	0.663446468871713
snp1157	9	62	200	0.4275	171	0.223238943162297	-0.153523968052695	0.332065922094184	0.466296318481642	0.329241218443672	0.699688119445862	0.741973370221413	0.782875396048512
snp1158	9	63	200	0.455	182	-0.051198936119523	0.384779607958788	0.321202356815885	0.447686966074189	0.859483605995855	1.0626224445229	0.390073760928372	0.568597071696685
snp1159	9	64	200	0.4625	185	0.81190252548224	-0.563185516455669	0.349042892376098	0.490761012447773	1.14757591204457	2.44357780473222	0.251143678487363	0.0505124093143621
snp1160	9	65	200	0.485	194	0.091823575830891	0.289507639576672	0.3254738928763	0.446245416033679	0.648763279519768	1.24086459601408	0.516491395643855	0.463072118827051
snp1161	9	66	200	0.47	188	0.253573661212933	0.0249294161899218	0.32707334453116	0.438431099651745	0.0568605106018341	1.16784794850687	0.954656311367051	0.505637931905746
snp1162	9	67	200	0.4575	183	0.194998713279183	0.319332033458928	0.34831816106513	0.450437352385215	0.708937728560829	1.8543648666502	0.478363120902154	0.179185350838954
snp1163	9	68	200	0.49	196	-0.00805537435329065	0.0146828657881333	0.34345411514236	0.460555423118847	0.031880779274516	0.0318821778124824	0.974567126764736	0.999491892499326
snp1164	9	69	200	0.475	190	0.138812759453766	-0.166724967686782	0.350364321383594	0.466870196861831	0.357112038436936	0.405556110508736	0.721007932534002	0.921052833152706
snp1165	9	70	200	0.4625	185	0.33348528234939	-0.729290494685244	0.330684267687009	0.44782571532255	1.6285141065648	1.65395009272968	0.10341592055363	0.254672861219236
snp1166	9	71	200	0.4775	191	0.279980562145415	-0.339433965598595	0.316692312987441	0.441906525136867	0.768112590085573	0.910543688770669	0.442420297730902	0.660640866934862
snp1167	9	72	200	0.475	190	-0.436583561629629	-0.0531574970790989	0.350275578835055	0.463398615156329	0.114712248462732	1.95855405105879	0.908673205151915	0.146905319395681
snp1168	9	73	200	0.475	190	-0.302166056015172	0.0933645511299044	0.347646736110255	0.464223464034018	0.201119844995734	1.08808662588515	0.840604864967199	0.553238408060036
snp1169	9	74	200	0.465	186	0.0263125267806414	-0.0456514863538222	0.34510942654985	0.484926892247385	0.0941409665738503	0.0948599578908316	0.92499717824552	0.995510900458513
snp1170	9	75	200	0.455	182	0.853070315640471	-1.29129902295123	0.338994914139869	0.459680595539125	2.80912232424509	2.89467901713862	0.00496767674657287	0.0151525975522233
snp1171	9	76	200	0.4775	191	0.348099091574317	-1.00067479799229	0.313922940748208	0.442067692474042	2.26362345638062	2.36583019465939	0.0235972839080837	0.0608967023107586
snp1172	9	77	200	0.48	192	-0.0862821019917819	-0.197420352649658	0.329972519409588	0.457580577747944	0.431443907915177	0.91755171240718	0.666145629662476	0.656422545951978
snp1173	9	78	200	0.46	184	-0.00250515548440671	-0.24542074641649	0.350894727053333	0.464360451625213	0.528513454488949	0.762335316212361	0.597143011224916	0.747831519885996
snp1174	9	79	200	0.4825	193	0.537250915417713	-0.652745528666885	0.369005659459644	0.498951208900832	1.30823518817572	1.50288849144907	0.190793550350936	0.323247527943808
snp1175	9	80	200	0.4725	189	-0.376390871649796	0.857393793716821	0.370514253640296	0.496137082701662	1.72813890275642	1.78333999116185	0.083963324304803	0.203894869810685
snp1176	9	81	200	0.46	184	-0.394927872422776	0.0294139410578945	0.337085773016481	0.445141807939893	0.0660776870050055	1.63999999365399	0.947315975209899	0.260591823724787
snp1177	9	82	200	0.46	184	0.402333503937324	-0.107044646127948	0.330020154975729	0.448463985588833	0.238691733489811	1.55397503081212	0.811344627227514	0.298967861439266
snp1178	9	83	200	0.4725	189	0.305251890239339	0.4894026779198	0.302524716817927	0.438561485849808	1.11592717032932	2.74801368972929	0.264453310486349	0.0229189862173212
snp1179	9	84	200	0.45	180	0.166663230627128	-0.321802706205393	0.376034070658173	0.501244330012367	0.64200767357798	0.642996413329883	0.520868200622371	0.813245543281143
snp1180	9	85	200	0.44	176	0.155819893161618	-0.363451913053928	0.30553296462669	0.431016085588816	0.843244429166516	0.852858087674562	0.399091755013008	0.695111191213811
snp1181	9	86	200	0.4425	177	-0.00149324596171417	0.235335741501358	0.341750782525155	0.462217213035361	0.509145343064828	0.725167669753671	0.610650350999826	0.768792578577297
snp1182	9	87	200	0.4925	197	0.316049228084768	-0.215555782834353	0.371052290449053	0.480372805723623	0.448726031669599	0.910889595027517	0.653629303552546	0.660432782918739
snp1183	9	88	200	0.4625	185	-0.297834630899817	0.272424609410915	0.34853734161103	0.454618723775983	0.599237548221076	0.85674897097953	0.549014487079754	0.692803132915656
snp1184	9	89	200	0.465	186	-0.102059323512537	-0.320310157291863	0.337834556220957	0.450172794148767	0.711527132370446	1.36023385485824	0.476757643569098	0.396484603393492
snp1185	9	90	200	0.4575	183	-0.0871332666399912	0.0598864128874134	0.318367265753945	0.430406113373332	0.139139317557668	0.29110534548517	0.889340059470349	0.958513951463378
snp1186	9	91	200	0.49	196	-0.427633006399971	0.494234671511662	0.333833341978026	0.456963451803766	1.08156280236587	1.30112923729796	0.279446840602835	0.428926953516279
snp1187	9	92	200	0.4175	167	0.765705515648914	-0.97805992065401	0.321079510553834	0.463432978852171	2.1104668102742	2.4549191795646	0.0348181670461046	0.0491285921363745
snp1188	9	93	200	0.485	194	0.23041533625984	-0.487149823533586	0.321563297164352	0.449105150348834	1.08471217298488	1.08735067139768	0.278049154703877	0.553681459034012
snp1189	9	94	200	0.4325	173	-0.0447085989535148	-0.839008530817646	0.337609704095398	0.470682715099352	1.78253524912328	2.72970313140167	0.074661988324407	0.0240976827926192
snp1190	9	95	200	0.465	186	0.465504711596538	-0.142601479280881	0.338623819727073	0.470758869512273	0.302918305986719	1.67772163019979	0.761952120233038	0.24478501726004
snp1191	9	96	200	0.4925	197	0.0293134483027126	0.256151243164832	0.3391563627699	0.456712643759092	0.560858663899717	0.915831880063825	0.574893891148156	0.657458249194316
snp1192	9	97	200	0.4175	167	-0.533226991960937	0.489491179536049	0.324768914292473	0.450737112283156	1.08597931298932	1.64636099096013	0.277488144752893	0.257882233833826
snp1193	9	98	200	0.47	188	0.503954894150253	-0.593692318791224	0.32898432905641	0.451901252954862	1.31376559571196	1.56032419408514	0.18892509876717	0.296026649882586
snp1194	9	99	200	0.49	196	0.453330911541674	-0.751669463845312	0.316491626464965	0.452813559664993	1.65999769176838	1.70958382537061	0.0969149168876074	0.231925651120705
snp1195	9	100	200	0.455	182	0.298570162382065	0.341167731955826	0.318176972305727	0.432433296570616	0.788948803576031	2.31829088537086	0.430141929850282	0.0680688004078871
snp1196	9	101	200	0.485	194	-0.44499341132205	0.204974605234126	0.359349682363783	0.469105798797795	0.436947498324315	1.45762552386798	0.662149423906927	0.345647405102908
snp1197	9	102	200	0.465	186	-0.432079809497185	0.39797602683477	0.357969614981253	0.471989899105505	0.843187592762042	1.20957186517664	0.399123536344933	0.481171247411405
snp1198	9	103	200	0.4425	177	0.149581304571592	-0.750476934975604	0.385576479298512	0.517662042574863	1.44974302392873	1.74110358083855	0.147130193209452	0.219649795496268
snp1199	9	104	200	0.44	176	0.8362507631651	-1.15637006818037	0.346921455742739	0.509910566437119	2.26778997003384	2.55428063065821	0.0233420110275437	0.0383050027937945
snp1200	9	105	200	0.465	186	-0.150107260351512	-0.206294661012116	0.326423181122403	0.443480320626475	0.465172075100643	1.18626578854953	0.641808234650704	0.494794249429363
snp1201	9	106	200	0.4475	179	0.05113751199602	0.255998167439734	0.336444086303412	0.468023829012646	0.546976781032269	0.970167664454842	0.584394684055689	0.624619478802178
snp1202	9	107	200	0.475	190	-0.378480580807713	0.813506440081174	0.309060609847171	0.433179836270035	1.8779877823631	1.88404708505953	0.060382836482167	0.1695145170764
snp1203	9	108	200	0.4825	193	-0.297056667004094	0.212317884754807	0.379946098196414	0.508538404023646	0.417506098015234	0.821242817457512	0.676308264890871	0.713751881018615
snp1204	9	109	200	0.4625	185	0.341504698828978	-0.561480043161358	0.348566161589396	0.466943892185876	1.2024571957306	1.21272455208186	0.229186440679686	0.479337460295189
snp1205	9	110	200	0.4775	191	0.000901720150188059	0.15168832185825	0.327686883195773	0.452234301218571	0.335419762387588	0.47894978611081	0.737308462323337	0.891636760233382
snp1206	9	111	200	0.44	176	-0.293190708926271	0.709749188014757	0.336050297331185	0.470058033703835	1.50991821674075	1.54668194480491	0.13106429376545	0.302367377482127
snp1207	9	112	200	0.4725	189	0.252281035292572	-0.347557421691353	0.339507194975231	0.487097108501588	0.713527991903939	0.79155742620948	0.475519098131579	0.731044036575331
snp1208	9	113	200	0.4725	189	0.0787387526044506	0.193800224629578	0.323306907208634	0.452866668660421	0.42794102114611	0.871818800385703	0.668694060579596	0.683838151239945
snp1209	9	114	200	0.4875	195	-0.53009567103086	0.433361153936661	0.328808767702268	0.445625732149647	0.972477850069782	1.62250189054802	0.330812878975429	0.268137279570679
snp1210	9	115	200	0.415	166	-0.0322953717854399	0.241018260993406	0.335475787624286	0.445484515868495	0.541025001786042	0.691950581402274	0.588490350013229	0.78710170823102
snp1211	9	116	200	0.4825	193	-0.329605695142489	-0.270959883356044	0.328372668524328	0.454121292257079	0.596668528818184	2.08759466979775	0.550728708205454	0.113151714712828
snp1212	9	117	200	0.4575	183	0.0689985220851481	-0.443047477912383	0.320902961421012	0.446238227871471	0.992849671409131	1.21318658293831	0.320783219422085	0.479068903865375
snp1213	9	118	200	0.47	188	0.0238075218011794	-0.00632083471908383	0.300760827295107	0.420059634005593	0.01504746994804	0.0998708398553357	0.987994309118488	0.995025322571577
snp1214	9	119	200	0.4775	191	-0.251420638306129	-0.267562185591326	0.365740927096557	0.473313469643744	0.565295946030685	1.7477911261663	0.571872485656423	0.217102234349352
snp1215	9	120	200	0.455	182	0.665172308049096	-1.17168276763812	0.332093028420877	0.458675628997329	2.55449100315059	2.56910585975037	0.0106343177916805	0.0368775446479193
snp1216	9	121	200	0.4425	177	0.94225748388249	-0.627250856184879	0.32177092795249	0.435895562987707	1.438993441194	3.089257379719	0.15015238105085	0.00846550524287071
snp1217	9	122	200	0.47	188	0.314541626392422	-0.739574321122744	0.327190951169774	0.456129606582167	1.62141266528271	1.65790528455571	0.10492916631173	0.253010328676688
snp1218	9	123	200	0.465	186	0.434209657641587	-0.0797833796481403	0.3425026730827	0.46059557392662	0.173217860015414	1.76493818524062	0.86248018557818	0.210661352591852
snp1219	9	124	200	0.4775	191	0.338688940151427	-0.0124873662001564	0.34492702142501	0.475041855970081	0.0262868756578429	1.39008399999172	0.979028523003186	0.380538941663944
snp1220	9	125	200	0.48	192	-0.284604706983298	0.198985959649287	0.319274872600616	0.490727136803708	0.40549206417513	0.923560637413864	0.685115850559475	0.652801533978718
snp1221	9	126	200	0.465	186	-0.00256444250850335	-0.0976571606199129	0.340537137575792	0.468894485864568	0.208271079238325	0.305481783701034	0.835017311925343	0.954412262316721
snp1222	9	127	200	0.445	178	-0.268935510458116	0.341073336535387	0.32229315865756	0.452306759905131	0.754075257701046	0.872899028800156	0.450804033340239	0.683194042021637
snp1223	9	128	200	0.455	182	0.101130789195778	0.184940431454528	0.328964595680455	0.47266846544306	0.391268817311881	0.885818907190216	0.695598545506049	0.675476056255555
snp1224	9	129	200	0.4825	193	0.21069289653394	-0.167922696460611	0.315311946682508	0.460129568216358	0.364946545625279	0.679704351006153	0.715151308562701	0.793740257879378
snp1225	9	130	200	0.4675	187	0.294087910376309	-0.626062312664742	0.322235081136217	0.446282965802492	1.40283712495944	1.41063177700869	0.160665413589654	0.369745256965379
snp1226	9	131	200	0.44	176	0.220681206750772	-0.769940339242287	0.336018418947582	0.462244336808299	1.66565661909146	1.83785234915998	0.0957818270356706	0.184731727373077
snp1227	9	132	200	0.4475	179	0.165076179072518	-0.704186377068933	0.340228458520729	0.457123432415525	1.54047315699368	1.87216035974005	0.123445061019572	0.173341402150321
snp1228	9	133	200	0.4475	179	-0.103903767804508	0.502976584038498	0.357878790903062	0.493643376335916	1.01890678200092	1.20210079922764	0.308247223656307	0.485525647457125
snp1229	9	134	200	0.4575	183	-0.159215033132584	0.779403494855783	0.369530099407898	0.496980682047093	1.56827724499345	1.85796051595008	0.11681644401608	0.177993430012258
snp1230	9	135	200	0.48	192	0.134544586980945	0.219761703566618	0.331381285958946	0.447767631507648	0.49079408180237	1.25528057116662	0.623572096269898	0.454814945397231
snp1231	9	136	200	0.465	186	0.185980535906968	-0.529453908785403	0.319313141972477	0.464040746320211	1.1409642644184	1.16886403138257	0.2538847943287	0.505038021758562
snp1232	9	137	200	0.475	190	0.264775979703137	-0.0759464833239817	0.334166451628645	0.466836539770427	0.162683245320363	0.987960925214745	0.870767839535808	0.613832373844779
snp1233	10	1	200	0.445	178	-0.241401893875367	-0.388624444245244	0.333321422267202	0.456647171460858	0.851038763695826	2.0963942401395	0.394747820019682	0.111087799367053
snp1234	10	2	200	0.4575	183	-0.860243955557159	0.935621819320339	0.316314164313012	0.434174524806931	2.15494407401354	2.7416585806612	0.0311662108772196	0.0233222861959858
snp1235	10	3	200	0.47	188	-0.143790861657845	0.188278040310795	0.3345943101362	0.462880054187346	0.406753409674013	0.454784456055403	0.684189108716978	0.901753163762677
snp1236	10	4	200	0.4575	183	0.256868944103986	-0.847840873217395	0.357901096638683	0.471598167028837	1.7978035804485	2.01927636565572	0.0722081397699225	0.130192842941243
snp1237	10	5	200	0.42	168	0.288159650647087	-0.379362367832729	0.318976159729608	0.456909132269306	0.830279679350181	0.944170380482542	0.406380674392084	0.640357379064374
snp1238	10	6	200	0.4625	185	0.143199758365683	-0.276980938785672	0.348318721819335	0.484063849199518	0.57219918249154	0.572199958634974	0.567187041280194	0.848991252237606
snp1239	10	7	200	0.4725	189	-0.602891932949013	1.04104474990886	0.35727102875552	0.493354896514146	2.11013361226266	2.13170082968993	0.0348468488271669	0.103098110638556
snp1240	10	8	200	0.43	172	0.245580995647244	-0.551662605283396	0.343953616421123	0.451869353040456	1.22084536508499	1.25488147285859	0.222144573796854	0.455042819593769
snp1241	10	9	200	0.465	186	0.141336986483374	-0.541953963493717	0.310534979489724	0.442367699976657	1.22512101024174	1.34019128333369	0.22052963010372	0.407360662225848
snp1242	10	10	200	0.4325	173	0.131012691463046	-0.463625424534285	0.361809491604305	0.469153284463426	0.988217369221951	1.11231409827527	0.323046203385602	0.538686598756935
snp1243	10	11	200	0.4575	183	0.0150700862000788	-0.0101736462727553	0.32775229681326	0.431979622112604	0.0235512180482053	0.0484688874462236	0.981210583703161	0.998826073066825
snp1244	10	12	200	0.465	186	-0.702116284143321	0.724381869353041	0.311098322580294	0.451697613885344	1.60368761553147	2.25859382367816	0.108782927092726	0.0780330339180421
snp1245	10	13	200	0.46	184	0.178480849175164	0.0402316435316919	0.340465811719744	0.46306673711551	0.0868808754917248	0.852565933656321	0.930766201177117	0.69528438113807
snp1246	10	14	200	0.4475	179	-0.214436905882367	0.158187522648287	0.373143617731818	0.480848036942162	0.328976122382121	0.593760474265715	0.742173736010799	0.838386765973224
snp1247	10	15	200	0.4675	187	-0.267827968154713	0.0272615584539951	0.344001706915963	0.485683761876888	0.0561302653987131	1.03295203339864	0.955238033636283	0.586551414396187
snp1248	10	16	200	0.455	182	-0.241458203092738	-0.276189598988835	0.328690312478897	0.437438213489079	0.631379679397237	1.89617005013218	0.527792299449456	0.16567447174589
snp1249	10	17	200	0.4575	183	0.236206418596257	-0.337874490850495	0.37927378308386	0.471377858312352	0.716780571875328	0.723978937129746	0.4735095012866	0.769455043275384
snp1250	10	18	200	0.455	182	-0.0313546323061421	0.205658080415895	0.305773270846594	0.445999072182608	0.46111773149988	0.536014761205881	0.64471414091603	0.866185740807731
snp1251	10	19	200	0.4675	187	0.349888056292716	-0.45168778441881	0.334945057081986	0.446895207269225	1.01072416323028	1.10468977233855	0.312148468728191	0.543258644964064
snp1252	10	20	200	0.46	184	-0.457514961471575	1.07631410746156	0.333059438838246	0.449404836767049	2.39497668784432	2.45876649537966	0.0166214220241462	0.0486664041857091
snp1253	10	21	200	0.4725	189	0.0647553262595787	0.227762109925832	0.30963869270294	0.448776720397239	0.507517657609838	0.923769961539662	0.611791650068802	0.652675329985425
snp1254	10	22	200	0.46	184	0.28884947477367	0.127501318891137	0.324363526145151	0.467064626919913	0.272984318534146	1.48332067575273	0.784865269926257	0.332831103769052
snp1255	10	23	200	0.4625	185	-0.390190850400758	-0.574572236053093	0.341106039377581	0.456660127064156	1.258205396094	3.44011385865653	0.208317483973593	0.00269275167616479
snp1256	10	24	200	0.435	174	-0.254352102040063	0.994274400171615	0.307827550235813	0.457534332715459	2.173114297829	2.33787403749486	0.0297717158626995	0.0650351420931863
snp1257	10	25	200	0.4575	183	-0.0465368620599221	0.237094885025184	0.32862518977434	0.461687090172267	0.51354020953178	0.582458524349888	0.607573491347974	0.843977902759139
snp1258	10	26	200	0.4575	183	0.00947910623365721	-0.23289440965198	0.339987181969287	0.462536989023246	0.503515211061911	0.704148186631685	0.614602088590974	0.780428357024103
snp1259	10	27	200	0.4675	187	-0.396453510534804	-0.244320494026933	0.33179664108213	0.468964256412775	0.520978924696312	2.26627726818273	0.60238145297719	0.0766882843921454
snp1260	10	28	200	0.475	190	-0.146129098695318	0.37742888962509	0.345053316512526	0.469214726182201	0.804384151998101	0.840002251987712	0.421175150959691	0.702716393558065
snp1261	10	29	200	0.4275	171	0.356014769298614	-0.675172858319752	0.343038970210177	0.477514148129432	1.41393267815123	1.41399414324415	0.157381670059407	0.367993605043136
snp1262	10	30	200	0.465	186	-0.0571373493382212	0.199379545161298	0.340020610228904	0.444434101191761	0.44861441691053	0.495288805596831	0.653709831915144	0.884568343450951
snp1263	10	31	200	0.4625	185	0.14660914523141	-0.308508825991474	0.313334658622991	0.45224913492029	0.682165652004729	0.682330828859402	0.495134211040413	0.792321781422626
snp1264	10	32	200	0.4725	189	0.0232907117175649	0.161833597658222	0.338078160201217	0.478410983103196	0.338273165487327	0.571394227136011	0.73515734384684	0.849382485298428
snp1265	10	33	200	0.46	184	0.504613131196917	-0.400058255594611	0.312828772473437	0.453789070682951	0.881595175909647	1.63082874827694	0.377995764798923	0.264529843785073
snp1266	10	34	200	0.4625	185	0.194670215618165	-0.0434340546029047	0.355564853993879	0.456070119082179	0.0952354753920599	0.712775703560582	0.924127792743943	0.775672718871962
snp1267	10	35	200	0.4575	183	0.411657802260165	-0.769215469080499	0.374003805183381	0.494546643437229	1.55539518726535	1.55601822484768	0.119851979623529	0.298019500103389
snp1268	10	36	200	0.4625	185	-0.0533419057442808	0.226051189884587	0.352141297608017	0.459181653718162	0.492291423348837	0.59541906288489	0.62251334234819	0.837560373413362
snp1269	10	37	200	0.4625	185	-0.0853949702221398	0.178803762375712	0.351322506667321	0.466622350515466	0.383187308062274	0.390638584600342	0.701580887872004	0.926538896553396
snp1270	10	38	200	0.475	190	0.270511356605145	-0.0149048137353296	0.365244012580104	0.470028920189292	0.0317104184340977	1.08958780042593	0.974702986357233	0.552334859324833
snp1271	10	39	200	0.4525	181	0.00803506757650339	0.152120455796104	0.346324317844047	0.447101333902764	0.34023708779448	0.535095741902729	0.733677990395178	0.866612169901004
snp1272	10	40	200	0.46	184	-1.22510815170698	0.72250236088775	0.332497209567953	0.445540237461406	1.62163212239688	4.05136945071169	0.104882140433653	0.000272793021569275
snp1273	10	41	200	0.4425	177	-0.610069331609914	0.559394289800076	0.302453703386691	0.47738919260155	1.17177828587119	2.01974092529565	0.241286082770628	0.130070755611267
snp1274	10	42	200	0.4675	187	0.13743734972917	-0.00702162717804145	0.322516575434537	0.455478653161998	0.0154159303170331	0.598425478027083	0.98770035438188	0.836058638696365
snp1275	10	43	200	0.47	188	0.0217484175049622	-0.075273211241553	0.367013952252977	0.489720784125151	0.153706384702505	0.171689116663498	0.87784125034749	0.98536950478757
snp1276	10	44	200	0.4525	181	-0.31305863462889	-0.616440747472202	0.314641203884486	0.462409770946205	1.33310493463581	2.83381281494186	0.182497370234774	0.0180384888395674
snp1277	10	45	200	0.465	186	0.0811944771934098	0.323299678317126	0.340306879973057	0.466559851038202	0.692943633271723	1.22598891294245	0.48834492570583	0.471647022274183
snp1278	10	46	200	0.44	176	0.0751342625303628	0.330849323336856	0.313385405106016	0.447805372617405	0.738823925677922	1.29857676223977	0.460013921476028	0.430352428976315
snp1279	10	47	200	0.4675	187	-0.158740281783973	0.366474075139699	0.333007650773462	0.470367574218562	0.779122744055082	0.788608834406454	0.435907413482232	0.732749085923656
snp1280	10	48	200	0.4675	187	0.0368457038288813	0.457956581964081	0.332656582105264	0.479825874946683	0.954422439212908	1.45119904453435	0.339869852282659	0.348893230484821
snp1281	10	49	200	0.4425	177	0.425790556222001	-0.721835292596653	0.356241930968341	0.469423769376772	1.53770503260837	1.53863155092305	0.124120752590648	0.306145890364961
snp1282	10	50	200	0.49	196	0.188808642249828	-0.201677388956135	0.31599258742441	0.438243867786832	0.460194434606973	0.598909885973277	0.645376665357201	0.835816217360302
snp1283	10	51	200	0.425	170	-0.168448931998289	0.429422767901834	0.353617225760267	0.460066078452996	0.933393675416795	1.00374496533349	0.350616744674098	0.604259234027137
snp1284	10	52	200	0.4725	189	0.0501332403782249	0.599833812495111	0.306666487784682	0.424118498268564	1.41430712158015	2.19575893472754	0.157271746870245	0.0897543621261536
snp1285	10	53	200	0.4325	173	-0.536031651908167	0.817340786312118	0.342513170090907	0.439473284764558	1.85981904850029	1.8726640468596	0.0629111314307093	0.173177999221835
snp1286	10	54	200	0.44	176	-1.15646091602032	1.43540392856199	0.342665882911588	0.483451718802036	2.9690740000239	3.45552282566836	0.00298698654917966	0.00255342674756813
snp1287	10	55	200	0.4775	191	-0.763813349453603	0.934951306040831	0.36797026118984	0.46751653040676	1.99982512966415	2.16386401067878	0.0455191500355893	0.0962165663885417
snp1288	10	56	200	0.4775	191	0.326723795382813	-0.200024376058985	0.312250051884415	0.449056922126124	0.445432118297922	1.11145309858285	0.656007505620535	0.539202547299689
snp1289	10	57	200	0.4775	191	-0.31918784517113	0.0896839768426038	0.33862086354885	0.465099293128103	0.192827592231799	1.15688200951051	0.847093993527781	0.512124258008521
snp1290	10	58	200	0.4625	185	-0.201024386668678	0.508235008153563	0.299732226057112	0.434099919010961	1.17077885964943	1.18624685019596	0.241687677422564	0.494805365473982
snp1291	10	59	200	0.47	188	-0.244509526634395	0.97899138468953	0.342153510394494	0.455469165329884	2.1494130870099	2.55422658166707	0.0316016689490818	0.0383102913495101
snp1292	10	60	200	0.4675	187	0.0555029827499798	0.12639219928091	0.365063366132228	0.469015067432124	0.269484304572372	0.634372097350638	0.787557018759263	0.81773743423531
snp1293	10	61	200	0.47	188	-0.44347366351616	0.55927307575851	0.366665565316515	0.474701406634497	1.17815761222113	1.28016477727927	0.238733777557403	0.440691176675394
snp1294	10	62	200	0.4725	189	0.258102828096573	0.287690474624799	0.341297859153553	0.487548980438133	0.590075020495924	1.74409109530829	0.555140354899126	0.21850926242872
snp1295	10	63	200	0.4875	195	-0.299448370843335	0.20464476017002	0.333992971251068	0.456066672116187	0.448716761565697	0.942938950822236	0.653635991638913	0.641101856307773
snp1296	10	64	200	0.455	182	-0.363580121495311	0.266563966596082	0.327052892071793	0.442835033612309	0.601948685996357	1.15457544007636	0.547208295018651	0.513491284027551
snp1297	10	65	200	0.455	182	0.504726868136407	-0.506675342735959	0.335114996403692	0.481329467631564	1.05265805816775	1.50646902616485	0.292497737788193	0.321510697096191
snp1298	10	66	200	0.455	182	-0.205889211227052	0.757802104102424	0.329307305314332	0.452183453155452	1.67587314134183	1.90754830749918	0.0937630436731128	0.162127815101987
snp1299	10	67	200	0.475	190	-0.157339064428999	0.316482016007206	0.32063919117453	0.445580629376386	0.710268793439562	0.710397678798393	0.477537467745403	0.776986400749095
snp1300	10	68	200	0.465	186	-0.53733404784552	0.416916235162281	0.329494816319621	0.469865772134233	0.887309227204519	1.64778598037393	0.374912439110174	0.257277677912625
snp1301	10	69	200	0.4675	187	-0.321293801218243	0.387873657115111	0.395614418162315	0.496784080982176	0.780769094589863	0.845526665891294	0.434938314161569	0.699452305176319
snp1302	10	70	200	0.4575	183	0.21376134398399	-0.00391967255137776	0.313669704887513	0.460993302367227	0.0085026670262887	0.908055200927142	0.993215934996897	0.662137444856989
snp1303	10	71	200	0.4375	175	0.0747857877968238	-0.347731038855045	0.353819933368366	0.462766217501917	0.751418374340614	0.916490555093477	0.45240090803333	0.657061624043174
snp1304	10	72	200	0.4575	183	-0.724232105892542	0.728656361517441	0.328575943527104	0.445544508954176	1.63542888953521	2.20467007783807	0.10195917036694	0.0880117389662117
snp1305	10	73	200	0.4375	175	0.360576660011453	-0.457889932234597	0.363814039336952	0.462226351162826	0.990618408238042	1.0517583984623	0.321871945536719	0.575165263689749
snp1306	10	74	200	0.4475	179	0.399372403293036	0.189404374275429	0.340008350327524	0.45388352975247	0.417297306158526	2.23399576147438	0.676460958660531	0.0824660544816899
snp1307	10	75	200	0.485	194	-0.0483307313879689	-0.197740151740525	0.304186288796071	0.422806456562775	0.467684796840763	0.829362556210681	0.640010014765612	0.708984847150074
snp1308	10	76	200	0.4725	189	-0.122076958088134	0.624882691095608	0.335232343773149	0.462636246355703	1.3506998122563	1.62252696457297	0.176791612460037	0.268126371172411
snp1309	10	77	200	0.4675	187	-0.0630161853638525	0.306926952121301	0.324680803337117	0.447589058201807	0.685733814303644	0.815576975212547	0.492880979451929	0.717069220466264
snp1310	10	78	200	0.455	182	-0.615467322081742	0.78564699226867	0.348061993291714	0.465866124193706	1.68642223906798	1.8643201299007	0.0917145009577066	0.17589909479668
snp1311	10	79	200	0.465	186	0.507900265408556	-0.00176295694675344	0.340487777782195	0.471713727917457	0.00373734500909401	2.1394991874396	0.997018037060736	0.101395315559794
snp1312	10	80	200	0.47	188	0.145211552840913	-0.0386345029043782	0.357072318368438	0.496747877282204	0.0777748726693196	0.516385621358315	0.938007134595253	0.875178813713817
snp1313	10	81	200	0.4425	177	-0.179320775152776	0.753401498626879	0.317595693913635	0.441778279046896	1.70538375098995	1.93679204860507	0.0881228768283628	0.153265783171369
snp1314	10	82	200	0.4125	165	0.101423201219221	-0.0563719036439094	0.360008346351879	0.478995905549821	0.117687652422002	0.319679477979047	0.906315150725084	0.950186037777159
snp1315	10	83	200	0.45	180	-0.348743065136053	0.124889260593674	0.369346970613671	0.471356218693796	0.264957277830688	1.19852265622643	0.791042373237225	0.487615409686364
snp1316	10	84	200	0.4825	193	-0.32973903793404	0.81994609437454	0.320986854329238	0.448649913498881	1.82758553987013	1.86890050602263	0.0676117776040693	0.174401607417578
snp1317	10	85	200	0.47	188	0.372990054737156	0.0568606170188315	0.34246892669177	0.448628057880871	0.12674333675744	1.85149131566337	0.899143544628454	0.1801419647325
snp1318	10	86	200	0.4575	183	0.00474741446851615	0.328349880284323	0.362834441351935	0.501024940003204	0.655356358671933	0.972230758867146	0.512238342601466	0.623369196949442
snp1319	10	87	200	0.4675	187	-0.311085694168137	0.131760218759513	0.320673420309413	0.451965619596002	0.291527083138071	1.08884404161083	0.77064823360118	0.552782494788851
snp1320	10	88	200	0.4375	175	-0.34333815568489	0.343196840245382	0.32726271177426	0.445728184528051	0.769968900684995	1.05218033818523	0.441318340693606	0.574910023078573
snp1321	10	89	200	0.455	182	-0.0509443041602424	-0.00509983097051259	0.341363709767001	0.488654038757157	0.0104364858693965	0.21874352327361	0.991673040218452	0.976359554420931
snp1322	10	90	200	0.4475	179	0.0626814772468393	0.317092613311753	0.361110423036509	0.500732548340802	0.633257443244806	1.09421961787375	0.526565539135135	0.549548478516515
snp1323	10	91	200	0.465	186	-0.00834088997487682	0.00741350062525059	0.328708385658887	0.456077305836138	0.0162549211074189	0.0255070831474107	0.98703102052978	0.9996747472608
snp1324	10	92	200	0.4475	179	0.674622409303223	-0.811335145135045	0.333549060345491	0.465514248356071	1.74287929531742	2.06167337054892	0.0813547013865902	0.1194032876775
snp1325	10	93	200	0.4775	191	-0.219336096549291	0.712339935715756	0.338496691100335	0.456302492228002	1.56111340141403	1.73157604932199	0.118496996614144	0.223313691577627
snp1326	10	94	200	0.445	178	0.0355667023006211	0.244318206641298	0.351495424003989	0.451020281164015	0.54170115368371	0.917555507212672	0.588024394858776	0.656420260333693
snp1327	10	95	200	0.4375	175	0.662734108995519	-0.608243714231412	0.340582092977102	0.467662278324835	1.30060460811622	1.94962837656436	0.193393828916413	0.149490056009164
snp1328	10	96	200	0.4725	189	-0.0700314054918309	0.664666617533066	0.328192127608231	0.447445807493274	1.48546842187823	1.88997065920667	0.137419782423168	0.16763026200722
snp1329	10	97	200	0.46	184	0.197462854747613	0.224948214457397	0.325750625977566	0.464609046039494	0.484166669536337	1.38947365053219	0.628267589281973	0.38086187105165
snp1330	10	98	200	0.465	186	0.0148887452611913	0.0768888874324026	0.334176037997373	0.465127032804292	0.165307285987728	0.289410046874348	0.868702124328551	0.958985726813216
snp1331	10	99	200	0.4525	181	0.271892050426697	0.0960069104719581	0.316094557677178	0.432987393073084	0.22173142222585	1.56124720134278	0.82452296751873	0.295600496034291
snp1332	10	100	200	0.475	190	-0.100486305098754	0.298835221986924	0.324672846164989	0.441612401281861	0.676691191459976	0.708404710282648	0.49860190644626	0.778085692105007
snp1333	10	101	200	0.4675	187	-0.118637512036893	0.365384139303755	0.305515635197728	0.446975896120002	0.817458262236267	0.848009989684675	0.413666592006742	0.697983042238246
snp1334	10	102	200	0.4475	179	0.304070842907519	-0.577131602833718	0.324075864581502	0.444983485578946	1.29697308223212	1.29698416797472	0.194640448688783	0.431242817439277
snp1335	10	103	200	0.4425	177	-0.20485716519961	0.706594532673065	0.338215351368206	0.494223005082473	1.42970789584178	1.55190739350636	0.152800873136234	0.299929365911423
snp1336	10	104	200	0.44	176	0.0637391494880517	0.0707675396037376	0.34869592811107	0.471841806639027	0.149981495085866	0.456532623460883	0.880779214892068	0.90103514259715
snp1337	10	105	200	0.4775	191	0.0664732396880175	-0.389951658282184	0.334543349716367	0.459343295741058	0.848932948184375	1.05174652031757	0.395918603805464	0.575172449198311
snp1338	10	106	200	0.4725	189	0.182428495921024	0.314190715246772	0.339227426825784	0.448573191413339	0.700422408786484	1.74730475005171	0.483663545840659	0.217286842219117
snp1339	10	107	200	0.4525	181	-0.206306571333978	0.160505574242446	0.330338438257422	0.449855022996197	0.356794002595371	0.634085174625405	0.721246026402175	0.8178862552253
snp1340	10	108	200	0.4575	183	-0.272841807815013	0.27393930178584	0.318743779849604	0.458135080168137	0.597944391608921	0.856000370927238	0.549877038291033	0.693247419015966
snp1341	10	109	200	0.47	188	-0.30070947196894	0.410797336604925	0.342621964782699	0.451044743450135	0.910768482662388	0.95890352631385	0.362417372122979	0.631442757626636
snp1342	10	110	200	0.445	178	0.121868509933249	-0.697582935834875	0.327540665548921	0.438287001241243	1.59161219442808	2.01365467734981	0.111471868381218	0.131677098100661
snp1343	10	111	200	0.4525	181	-0.134084765486395	0.164251423769333	0.339401468147356	0.453404133805157	0.362262739845061	0.409698238462473	0.717155699160342	0.919498999251809
snp1344	10	112	200	0.4725	189	0.231045440390312	-0.584510644813862	0.320631803501634	0.440374891036962	1.3273023887386	1.38378358618579	0.184408673992863	0.383878759506878
snp1345	10	113	200	0.47	188	-0.689234085590976	1.09895136381147	0.325725458962053	0.441970511636237	2.48648119021108	2.52195071633235	0.0129013389582934	0.0415807604530809
snp1346	10	114	200	0.4275	171	0.640417192722719	-0.80864074635933	0.376501029073092	0.482612651204369	1.67554817376078	1.79255590220694	0.0938267275218308	0.20056270634755
snp1347	10	115	200	0.4325	173	-0.210182245147097	0.064634560230902	0.37010339032787	0.490643929377794	0.131734148454395	0.716788141169618	0.895194574326779	0.773451262765483
snp1348	10	116	200	0.4575	183	-0.154580114982828	-0.317293340160332	0.347073281820438	0.460368319737948	0.6892162786982	1.55381630022708	0.490687174156961	0.299041611186766
snp1349	10	117	200	0.4825	193	0.136881626990833	0.33327442796745	0.346680769399046	0.469928039235212	0.709203112267657	1.51957995897627	0.478198442425856	0.315195680256862
snp1350	10	118	200	0.4575	183	-0.0368919205167063	-0.16197280432334	0.332871995691139	0.477862003526009	0.338953093420671	0.587680174655106	0.734645066579231	0.841403461513585
snp1351	10	119	200	0.455	182	-0.256059211134075	0.265087310886893	0.340007440625762	0.45722927262951	0.57976889660276	0.754310869640303	0.56207047510206	0.752396040525362
snp1352	10	120	200	0.4525	181	-0.679062154276603	0.196380135069635	0.330336999480985	0.46921681279961	0.418527490304368	2.50825342175017	0.675561491667212	0.0430381815669056
snp1353	10	121	200	0.445	178	-0.391859252226385	0.729026584736575	0.377281674763073	0.493242861363022	1.47802764488469	1.47856644092429	0.139400378931543	0.335182754490943
snp1354	10	122	200	0.46	184	-0.229126590847678	0.120565353191007	0.379567968290578	0.507525556727434	0.237555235579508	0.685244357087867	0.812226073459756	0.790744861988882
snp1355	10	123	200	0.45	180	-0.458387085236789	0.998331508601923	0.345624559361074	0.468619823418109	2.13036550891104	2.1504104036856	0.0331414490389536	0.0990498072189694
snp1356	10	124	200	0.45	180	-0.424867424940175	0.999152260106495	0.345223082649735	0.455415247559938	2.19393677629337	2.27777036248437	0.0282399550597227	0.0747116746350754
snp1357	10	125	200	0.4625	185	0.0566900659915677	-0.223173689513393	0.353678893690025	0.481857071011431	0.463153293662259	0.526715209221894	0.643254492022083	0.870476552493897
snp1358	10	126	200	0.49	196	0.34618454783571	-1.32581640414953	0.336269525001822	0.464536431127367	2.85406335286115	3.23178344809011	0.00431639226911923	0.00539538064469073
snp1359	10	127	200	0.465	186	-0.126797579374699	-0.240745738014621	0.341793527673064	0.474999529407338	0.506833634793286	1.16416845413907	0.612271554191429	0.5078119410093
snp1360	10	128	200	0.4675	187	-0.133079761398134	-0.100107417704635	0.352783140085636	0.457671095351787	0.218732226529814	0.884048558189829	0.826858643652297	0.676535114476387
snp1361	10	129	200	0.4725	189	0.0287677632035072	0.0467262432445447	0.329487866214719	0.457003896330642	0.102244737123069	0.255856027532148	0.91856241870674	0.967798713998525
snp1362	10	130	200	0.46	184	-0.718562191720003	0.879942299991697	0.343457717750165	0.447521978739889	1.96625493672824	2.1839215484498	0.0492691693999951	0.0921113907877085
snp1363	10	131	200	0.4725	189	0.390101776131292	0.0636925133610664	0.352254480054973	0.477063342437646	0.133509552495938	1.77479541936515	0.893790410103684	0.207018029536454
snp1364	10	132	200	0.47	188	-0.445886416698146	0.747519635597393	0.314697441085681	0.459257707847362	1.62766922105929	1.67887272677411	0.103595042812885	0.244312577954268
snp1365	10	133	200	0.48	192	0.14035054007615	0.256836804832495	0.337431332273081	0.458348721840757	0.560352396753768	1.35489500388293	0.575239094561129	0.399368697144187
snp1366	10	134	200	0.445	178	0.047336616569483	0.039361562422137	0.368943425637206	0.496722996933428	0.0792424805477899	0.28160561490074	0.936839756215327	0.961124946617178
snp1367	10	135	200	0.455	182	0.00608590541067386	0.365802584528873	0.339948748935231	0.467781642035318	0.781994314563662	1.09271558106597	0.434217914879896	0.550453018078037
snp1368	10	136	200	0.4575	183	0.342700802509307	-0.0165510841708119	0.348809201097624	0.467937242986779	0.0353703074907408	1.39582341266658	0.9717844610806	0.377508762110345
snp1369	10	137	200	0.465	186	0.302718675984143	-0.225515725726099	0.362109689404865	0.482839787758554	0.467061189743686	0.870472810924374	0.640456100157443	0.684640458047824
snp1370	11	1	200	0.4225	169	-0.317236976830253	-0.0356002520205109	0.298872744092489	0.441506081538835	0.0806336617072837	1.52299455630043	0.935733295185073	0.313562615227122
snp1371	11	2	200	0.465	186	-0.134861285937588	0.0787065768912929	0.376011058748169	0.480243195732682	0.1638889995541	0.406601981870102	0.869818527091498	0.920661739134363
snp1372	11	3	200	0.4575	183	-0.422274453696709	0.918724828166871	0.314102537713896	0.470830255781227	1.95128672570643	1.95134556480322	0.0510229472482323	0.148990198565704
snp1373	11	4	200	0.465	186	-0.247660170216351	-0.550195166400613	0.317261468057398	0.455010847812743	1.20919131718601	2.47545229152766	0.226589352742413	0.0467036936720653
snp1374	11	5	200	0.4375	175	-0.228015982937255	0.615828154145537	0.335667281957071	0.452182745893679	1.36190104496012	1.43907388943486	0.173229116380584	0.35506058942739
snp1375	11	6	200	0.42	168	0.212435436427151	-0.160824124565179	0.336599345974945	0.44997518932889	0.357406649031112	0.658274538775653	0.720787399832624	0.805201530699821
snp1376	11	7	200	0.485	194	0.300725096899026	-0.471416534900155	0.351353117882632	0.454041939130841	1.03826649979201	1.04182476229527	0.299146000486754	0.581177292738858
snp1377	11	8	200	0.445	178	-0.41515589436703	0.334266586668961	0.350542257624787	0.457718124838091	0.730289163854286	1.22030783127091	0.465213450458565	0.474935819209411
snp1378	11	9	200	0.47	188	0.137754951385343	0.40965821487229	0.335210894948448	0.459181228723078	0.892149306737767	1.83171060688759	0.372312909491452	0.186825197188948
snp1379	11	10	200	0.46	184	0.482777472970953	-0.78328650624419	0.323882904908518	0.454332942148229	1.72403634775098	1.76575553933626	0.0847012816470558	0.210357605677732
snp1380	11	11	200	0.4325	173	-0.158532070051358	0.469368649622364	0.336122968858619	0.45372065849738	1.03448816101256	1.11981613029911	0.300908008618605	0.534195136380739
snp1381	11	12	200	0.445	178	0.426558704163816	-0.183348675915593	0.337409371177411	0.477202959826474	0.38421529485539	1.46847689218738	0.700818883064897	0.340203200472483
snp1382	11	13	200	0.4675	187	-0.0978364251321895	0.439268214993447	0.313556019429906	0.432349484757058	1.01600263324074	1.15269154887802	0.309628132604294	0.51460847846871
snp1383	11	14	200	0.4725	189	0.641597163485064	-1.00396408766051	0.306397103956482	0.426457520740723	2.3541948232422	2.43628570377376	0.0185628791379645	0.0514191804713925
snp1384	11	15	200	0.465	186	-0.4463686073952	0.176158945949724	0.331833397145921	0.440000155927902	0.400361098914222	1.63935305600359	0.688890572096453	0.260868397981813
snp1385	11	16	200	0.485	194	-0.898306892227581	0.864742244916136	0.319771410801594	0.451396736984281	1.91570335818854	2.81784986983686	0.0554028647488162	0.018870810958164
snp1386	11	17	200	0.4425	177	-0.292554008005153	0.312337099542331	0.321538396398361	0.450692475590596	0.693016006386701	0.913006084164053	0.488299506592167	0.659159292708067
snp1387	11	18	200	0.46	184	0.0773029576366178	-0.136394622513952	0.326497776226858	0.443933164386591	0.307241344994842	0.307923878009772	0.758659677635374	0.95369767781293
snp1388	11	19	200	0.4675	187	0.112908301702874	0.37664706317044	0.326216174199894	0.442991023414483	0.850236332707879	1.60223181512038	0.395193705601328	0.27704553647698
snp1389	11	20	200	0.485	194	0.0246050097123806	-0.0215548737375835	0.343351660115641	0.459985042094191	0.0468599449222302	0.0727894838635865	0.962624852324105	0.997354351432582
snp1390	11	21	200	0.4675	187	-0.0882501220442201	-0.456306934316107	0.33006787262	0.442266336689568	1.03174692817824	1.79836751857115	0.302190687153285	0.198480808544206
snp1391	11	22	200	0.485	194	0.439559904551186	-0.440983766827995	0.344259972591624	0.499008100466753	0.88372065787212	1.27683242317292	0.376847025948076	0.442572706997416
snp1392	11	23	200	0.485	194	0.421101974113487	0.198700651786047	0.369991830823156	0.502445403688857	0.395467149917633	2.08876141924129	0.692498160531408	0.112876369632378
snp1393	11	24	200	0.445	178	-0.258708058055279	0.208331198454263	0.356752457174242	0.47073196302102	0.442568626777019	0.733237583479676	0.658077781553624	0.764281825024331
snp1394	11	25	200	0.47	188	0.0299988554743754	-0.331259784646935	0.339620753283041	0.454503046279883	0.728839525627612	1.00469306339436	0.46609983054075	0.603684193749199
snp1395	11	26	200	0.4525	181	0.335415440319165	-0.392776232526089	0.335487716533461	0.453296371576887	0.866488807664032	1.02316181659243	0.386222161502218	0.592484805239933
snp1396	11	27	200	0.4525	181	0.187516391276966	-0.731661131828178	0.319589219836662	0.458429938206875	1.59601516142256	1.74485704586741	0.110485408377416	0.218217489502149
snp1397	11	28	200	0.4525	181	0.243514840185186	-0.433397211283204	0.354475025119354	0.464593566189894	0.932852374253631	0.933065682691682	0.350896195169552	0.647066774086691
snp1398	11	29	200	0.4675	187	0.185081172458434	-0.136432357769421	0.335317027466466	0.448372366457918	0.304283599917671	0.574209099785423	0.760911838527675	0.848014075264941
snp1399	11	30	200	0.465	186	-0.779156706911884	1.18654407936246	0.339543001073518	0.445695750336689	2.66222883764567	2.69469882192433	0.00776250853984498	0.0264976065101659
snp1400	11	31	200	0.4575	183	0.567526329037498	-0.652969689880497	0.338277387095688	0.468415394027663	1.39399707653915	1.6976856199546	0.163318487460346	0.236674799978201
snp1401	11	32	200	0.4625	185	0.114482704157852	0.167900987436292	0.381309714270043	0.483729413037657	0.347096915984354	0.951050735240674	0.728518510337838	0.636195895992761
snp1402	11	33	200	0.47	188	-0.314639018073265	-0.124079262502062	0.356937724133081	0.472535825060164	0.262581704754903	1.70625248035393	0.792873002852519	0.233248991405323
snp1403	11	34	200	0.4825	193	-0.415217850381881	0.923419338058676	0.310499071766088	0.440226992975936	2.09759817728658	2.10669008578509	0.035940656252376	0.108709992824449
snp1404	11	35	200	0.4725	189	0.0657576777920822	0.0478408911044214	0.36596727224929	0.485617654471546	0.0985155516153595	0.403808488709709	0.921522923625107	0.921704461228214
snp1405	11	36	200	0.445	178	-0.0273887435142	-0.0102306889506888	0.325871611239047	0.453018579523947	0.0225833760757444	0.146413914729016	0.98198260441665	0.989338721405578
snp1406	11	37	200	0.47	188	0.434070017082938	-0.263799245287563	0.319534701120403	0.449649869361549	0.586677019749004	1.46231078636793	0.557420644391712	0.343291129432963
snp1407	11	38	200	0.46	184	0.309804231698019	-0.0046373937892169	0.333158662712441	0.458770551340909	0.0101083074658183	1.33871902240824	0.99193487488364	0.408164781259058
snp1408	11	39	200	0.455	182	-0.00297996311863666	0.498343045937236	0.330906313096018	0.46198521864777	1.07869911378525	1.49707483465177	0.280721880880429	0.326078695250216
snp1409	11	40	200	0.4625	185	0.0881861617240908	-0.143566003527611	0.323832875736269	0.457611216565551	0.313729205776681	0.322490937295017	0.753726716872278	0.949328674775918
snp1410	11	41	200	0.46	184	-0.587575943732883	0.694641887053207	0.326708832465255	0.463848371578679	1.49756241396092	1.83556987783671	0.134246978241398	0.185507792781967
snp1411	11	42	200	0.4825	193	0.347435549388251	-0.267638856123174	0.333072320883337	0.460467985898084	0.581232277421368	1.0652124496229	0.561083916439158	0.567032429833855
snp1412	11	43	200	0.4475	179	-0.587320657291346	0.892187380454857	0.327831282729976	0.467398320840506	1.90883736777331	2.0370490009421	0.0562830747118455	0.125583510911311
snp1413	11	44	200	0.465	186	-0.047821469514347	0.641920916866794	0.352559474479632	0.483623295704692	1.32731595555472	1.68006445886588	0.184404187996401	0.243824081062344
snp1414	11	45	200	0.44	176	-0.590052148224265	0.0255294812750664	0.328996707524357	0.455726167186766	0.0560193447584147	2.52575297074118	0.955326396470012	0.0411836463530476
snp1415	11	46	200	0.4525	181	0.452228933803331	-0.624961211832187	0.346923256246216	0.457587914455213	1.36577298501479	1.43034446080938	0.17201022813348	0.359535399384298
snp1416	11	47	200	0.47	188	0.305562073552233	-0.372032809492375	0.350941231325967	0.497605733555963	0.747645745224386	0.889868089056014	0.454673864448999	0.673052052759819
snp1417	11	48	200	0.4475	179	-0.0754593654620875	-0.56261114074512	0.333276500139001	0.45949696086325	1.2244066635134	2.00906384469885	0.22079885683406	0.132898610833447
snp1418	11	49	200	0.4625	185	0.231582473031954	0.100028428508206	0.319406297712522	0.451863252246946	0.221368805741122	1.21655569482756	0.824805279330477	0.477112064652468
snp1419	11	50	200	0.455	182	-0.0854178305129035	0.321372818978672	0.316682839600327	0.457675759355564	0.702184488492869	0.765530939678819	0.482564117800725	0.746008108299868
snp1420	11	51	200	0.455	182	0.0354265820925873	-0.035594588208482	0.355957669960895	0.469880294196482	0.0757524600374027	0.0995247532580188	0.939616038783192	0.995059655588434
snp1421	11	52	200	0.455	182	-0.157712857161582	0.00319957738199039	0.324725910750823	0.458044739824079	0.00698529445664905	0.674856100699706	0.994426586725584	0.796350886305027
snp1422	11	53	200	0.475	190	-0.191136504229427	0.371001482206564	0.321248592169011	0.443330794571299	0.836850240835002	0.836873951811775	0.402676752912211	0.704561957886471
snp1423	11	54	200	0.4775	191	-0.400110997963656	0.395519558877528	0.335730644199604	0.474361105316324	0.833794243340797	1.19201420189731	0.404396939828234	0.491423533774684
snp1424	11	55	200	0.44	176	0.0329823001120236	-0.339555393544727	0.344966937773664	0.458785418408118	0.740118102974824	1.02171364296898	0.459228335107283	0.593362727942891
snp1425	11	56	200	0.44	176	0.339831379790965	-0.689052946800838	0.317876306417538	0.440560223118388	1.56403803757761	1.56479877821248	0.117808635837617	0.293964105819094
snp1426	11	57	200	0.4525	181	-0.408552941624232	-0.00741664106417739	0.327331739025323	0.438012159279675	0.0169325004044963	1.79260581078601	0.986490464906715	0.200544763774882
snp1427	11	58	200	0.4575	183	-0.328988710091175	0.1511570299725	0.363129794412985	0.465574271757535	0.324667919045193	1.10544017631022	0.745432417290183	0.542808337103483
snp1428	11	59	200	0.4575	183	-0.233272159437639	0.718163716573764	0.333436727422466	0.461902520268569	1.55479497309561	1.67928151496471	0.119994906744322	0.244144942539669
snp1429	11	60	200	0.4725	189	0.625457254090926	-0.666075517664229	0.3306880753846	0.458804448749113	1.45176342443981	1.89575383065582	0.146567397095676	0.165805263082523
snp1430	11	61	200	0.465	186	-0.163393884398177	0.0661405719283749	0.334783942865091	0.452925341502524	0.146029744568855	0.567277550254827	0.883897907346257	0.851375578857803
snp1431	11	62	200	0.4475	179	-0.354245124146507	0.644059540341602	0.354890773420321	0.469675480248582	1.37128627621933	1.37282409190094	0.170285732127126	0.389721462533509
snp1432	11	63	200	0.4525	181	-0.115040277655328	0.262020467873673	0.379610958563035	0.497650926352638	0.526514578791328	0.550083009203778	0.598530725350713	0.859593514949718
snp1433	11	64	200	0.465	186	0.303813061422598	0.249436389865036	0.341122300406282	0.464350463503031	0.537172694915181	1.95021846714174	0.591148330398262	0.149318146972012
snp1434	11	65	200	0.4725	189	-0.0652816151176601	0.523958540966246	0.351976595212073	0.457307260955456	1.14574725944988	1.58881727483214	0.251899743208658	0.28303911753025
snp1435	11	66	200	0.4775	191	0.422369663209454	-0.19381046968845	0.339812527339573	0.468926392359813	0.413306806454471	1.39961988058444	0.679381843686595	0.375510853126079
snp1436	11	67	200	0.48	192	0.218572758425793	-0.297345604787933	0.34567764176224	0.488436361719875	0.608770411238272	0.672950451994981	0.542676628597404	0.797374235317656
snp1437	11	68	200	0.4525	181	-0.0376287986805412	0.209183805979401	0.354746383709632	0.47652732634703	0.438975467751167	0.553450996218602	0.660679312200531	0.85799757777203
snp1438	11	69	200	0.4525	181	-0.0497912946552905	-0.207868029117783	0.330480189713296	0.447879831107645	0.464115628077529	0.867228480187909	0.642564905499259	0.686573071756137
snp1439	11	70	200	0.4725	189	-0.275644979758905	0.179885495719543	0.355426071634846	0.462654614014097	0.388811632415844	0.822125202817817	0.697415495175128	0.713234568528453
snp1440	11	71	200	0.4675	187	-0.271742430721292	0.0212185887273408	0.353968284510082	0.457049611391909	0.0464251324111649	1.07294181550702	0.962971405338083	0.562366183203942
snp1441	11	72	200	0.4625	185	-0.275097463709072	0.226114942035697	0.343344981583623	0.472353708556047	0.478698352399762	0.81437119648958	0.632153238095761	0.717774215244319
snp1442	11	73	200	0.4725	189	0.476912106547137	-0.792865821206922	0.365234762297458	0.499194964502135	1.58828890030506	1.60675309410333	0.11222102626545	0.27504302123261
snp1443	11	74	200	0.435	174	-0.22633071164693	0.56352563511049	0.327904915481288	0.455831932656348	1.23625747723851	1.2630916490313	0.216362871844245	0.450363494411245
snp1444	11	75	200	0.4375	175	-0.297842121078845	0.209643286903084	0.385972915761221	0.500665713327306	0.418729066765616	0.822727299143523	0.675414150229666	0.712881476589641
snp1445	11	76	200	0.4675	187	0.138837275404045	-0.452922582885555	0.40650370780347	0.547019560543306	0.827982426141594	0.936526855964834	0.40768045252046	0.644976578033739
snp1446	11	77	200	0.46	184	-0.646030908718487	0.811347429231122	0.334966374548065	0.464647646706232	1.74615632938756	1.99684457977358	0.0807837909131759	0.136191385265769
snp1447	11	78	200	0.4625	185	-0.301760050281704	0.0939071034464279	0.363908766942948	0.484322354706745	0.193893803442726	1.05375875564289	0.846259035764059	0.573955301556789
snp1448	11	79	200	0.4575	183	-0.414716047475101	0.349671176651299	0.365352396392135	0.493559657409914	0.708467905351688	1.14492890360022	0.478654736145779	0.519218180855342
snp1449	11	80	200	0.475	190	-0.0964881206466904	0.685686153837121	0.332686095631484	0.448070898132662	1.53030727211859	1.95206325381851	0.12594068909564	0.148781651580936
snp1450	11	81	200	0.4825	193	-0.0524342452958699	-0.073071356181993	0.314401566355375	0.464062767971213	0.157460070544866	0.407774099967262	0.874882274376672	0.920222437472153
snp1451	11	82	200	0.4375	175	-0.205341665079215	-0.248556641038816	0.347312785957542	0.470196059580555	0.528623402885478	1.57092765847734	0.597066722321939	0.291152861032858
snp1452	11	83	200	0.4475	179	-0.172077992867418	0.0983979921726394	0.349934985306944	0.455474477120556	0.21603404167605	0.53359175989898	0.828961212620756	0.867308896961402
snp1453	11	84	200	0.4675	187	-0.279380775444772	0.765002196705436	0.3214086454707	0.437029327513158	1.75045963404459	1.81054176488343	0.0800390336335351	0.194168150303096
snp1454	11	85	200	0.4525	181	0.0530171231239222	0.0714548126858695	0.318420108340471	0.44498846199996	0.160576776226337	0.422421266115659	0.872426747391722	0.914644454961658
snp1455	11	86	200	0.45	180	0.0895691501091797	0.092268146178661	0.369670759702715	0.482179127064957	0.191356574765691	0.615604207420666	0.848246239654854	0.827385731492386
snp1456	11	87	200	0.47	188	-0.0955065456105664	0.519510354644296	0.313695754024913	0.445605934984345	1.1658515155606	1.35549593652115	0.243674484658549	0.399043591187731
snp1457	11	88	200	0.4675	187	-0.0572080127185666	0.0250118830422503	0.317174817012008	0.429291091160742	0.0582632240856006	0.200493627920366	0.953538960658126	0.980101787986954
snp1458	11	89	200	0.4675	187	0.198774293001566	-0.475561009305186	0.324558690689059	0.430840102474367	1.10379931342041	1.14325261054815	0.269680202762932	0.520214909252291
snp1459	11	90	200	0.465	186	0.102533985241113	-0.0818330655585009	0.32410994686836	0.444504094917065	0.184099688831369	0.323282869595755	0.853935250583828	0.949085958130137
snp1460	11	91	200	0.4275	171	0.61248594957656	-0.582727064810815	0.36831695728332	0.478333760366759	1.2182436472057	1.66297755841247	0.223131397704875	0.250888369980201
snp1461	11	92	200	0.465	186	-0.172592551961457	0.0182369084488858	0.373296166088269	0.479561507140838	0.0380282991385502	0.656419678364669	0.969665118892398	0.80618390133585
snp1462	11	93	200	0.47	188	-0.0472934054340081	0.28349567927872	0.345944450857485	0.448813908105289	0.631655289996525	0.792817012785482	0.527612149334363	0.730314943898405
snp1463	11	94	200	0.4775	191	0.227954400169404	-0.316042949706203	0.342082492235212	0.468720856818094	0.67426687997555	0.721050366225683	0.500141656515392	0.771084884140786
snp1464	11	95	200	0.46	184	-0.0657511140955079	-0.31075259657453	0.331734606768726	0.478674480387916	0.649193991546608	1.10509296013437	0.516212994865632	0.54301668869841
snp1465	11	96	200	0.4725	189	-0.00169187367172356	0.457234946267385	0.318480780714421	0.44895361941386	1.01844584049536	1.42617792402761	0.308466126738128	0.361681338400741
snp1466	11	97	200	0.46	184	0.381514410556285	-0.661053198928355	0.345682436714312	0.457376431768847	1.44531539671122	1.44532300061195	0.148369315078275	0.3518749971988
snp1467	11	98	200	0.435	174	0.231899568562407	-0.72518086366273	0.297304966254581	0.419904706149688	1.72701294613311	1.82196905076762	0.0841653384559172	0.190179748181557
snp1468	11	99	200	0.4725	189	0.254518317636309	-0.300402251321548	0.356205160643141	0.481878249876742	0.623398651834538	0.727286183655274	0.533022583696069	0.767610683823349
snp1469	11	100	200	0.44	176	0.289488155687182	-0.181109092740417	0.341405400709182	0.474907547881626	0.381356526229732	0.887326709337184	0.702938715004398	0.674573699075026
snp1470	11	101	200	0.4525	181	0.529008164728304	-0.365417585450333	0.334770112162885	0.465279639591061	0.785371966354475	1.66197936745686	0.432235512240647	0.251305057590661
snp1471	11	102	200	0.4875	195	-0.110523536263894	-0.165269677835092	0.334082410905178	0.448683792939117	0.36834331980767	0.984810391160636	0.712617255076093	0.615742911965523
snp1472	11	103	200	0.4625	185	-0.0492766336439556	0.0404268757919437	0.327885611186877	0.459234722102643	0.0880309650952479	0.152530047099847	0.929852065084596	0.988434690714403
snp1473	11	104	200	0.45	180	-0.51820464695493	1.2155991718321	0.404233729401851	0.52856393232098	2.29981483317311	2.39918713137633	0.0214587127328531	0.0562443635946007
snp1474	11	105	200	0.4775	191	-0.013818074823586	0.429880897671038	0.332512889775733	0.4763626409626	0.902423617440623	1.23034316252827	0.366831879894709	0.469131508092847
snp1475	11	106	200	0.47	188	0.159904625476521	-0.588465960327377	0.355733758636301	0.481876456995485	1.22119674407104	1.40338996283072	0.222011536726303	0.373531965692866
snp1476	11	107	200	0.4625	185	0.487789842550415	-0.545258796091388	0.341036123072634	0.461924574093494	1.18040655698267	1.44837260366478	0.237838555315454	0.350325835316804
snp1477	11	108	200	0.4525	181	0.250434275850331	0.613985067108864	0.337330717378692	0.460325573602038	1.33380611966536	2.85619174353574	0.182267404884888	0.0169258094111537
snp1478	11	109	200	0.4425	177	-0.0446683533057539	-0.212169563509298	0.320217990623215	0.466444601396152	0.454865514305958	0.777528631746497	0.649205994083506	0.739134489131226
snp1479	11	110	200	0.48	192	-0.324450382934622	0.824418515171027	0.336657226753108	0.441098034598477	1.86901425648264	1.9632361815046	0.0616208309523262	0.145562729865668
snp1480	11	111	200	0.465	186	-0.447169011176754	0.61183283715352	0.344601097491526	0.465400017165313	1.31463862180347	1.39417728889719	0.188631383587337	0.378376647903107
snp1481	11	112	200	0.4225	169	-0.632533540324089	0.97126432594568	0.331109613733011	0.45046749784302	2.15612520458501	2.20852130413063	0.0310738898952875	0.0872669754843138
snp1482	11	113	200	0.4775	191	-0.0458083448287565	-0.199417083171441	0.333052091142313	0.460573081947767	0.432975983590062	0.788479170668351	0.66503221750554	0.732824010096771
snp1483	11	114	200	0.4625	185	0.101946345409108	-0.422638351291122	0.344700257411103	0.481534489415835	0.877690717032207	1.01005364223429	0.38011158353953	0.600433022384218
snp1484	11	115	200	0.435	174	0.476398601507588	-0.367996235968446	0.388483115232847	0.505175977830901	0.728451573545776	1.27230706792914	0.466337202487745	0.445132789681311
snp1485	11	116	200	0.485	194	-0.037229130316402	0.162370355640389	0.345832256188674	0.464273509053228	0.34972995976338	0.414533443583338	0.726541367207853	0.917668570444408
snp1486	11	117	200	0.4625	185	-0.171019375994658	-0.414719925842039	0.312607829332412	0.445094273514912	0.93175749615243	1.87735832224601	0.351461865078122	0.171660406429372
snp1487	11	118	200	0.4475	179	0.190790317009545	0.140095684565821	0.32954071765696	0.464846608442098	0.301380459750675	1.13191125485168	0.763124392908747	0.526970059878218
snp1488	11	119	200	0.465	186	0.259120159448324	0.00483028554869003	0.321481136436368	0.433347362948637	0.0111464519267481	1.1679313226428	0.991106602257946	0.505588699432583
snp1489	11	120	200	0.465	186	0.373813513756456	-0.533877298092422	0.354835433395982	0.480021947210751	1.11219351780602	1.16434593331644	0.266054954396437	0.507707021952582
snp1490	11	121	200	0.4275	171	0.283485228088072	-0.226805776149386	0.322017516875581	0.455003209043148	0.498470717660098	0.890412396340746	0.618152303398762	0.67272603141852
snp1491	11	122	200	0.475	190	-0.21184546504332	0.109903138821622	0.327221700672394	0.431743431853798	0.254556597073696	0.718812222938672	0.799065585493199	0.772328341986854
snp1492	11	123	200	0.47	188	-0.361888817709993	0.00839593278218786	0.349234177272488	0.459696818986959	0.0182640654348884	1.52912876302564	0.985428194310831	0.310640996100617
snp1493	11	124	200	0.4775	191	0.267022023597119	0.0163048524348481	0.345066771316342	0.4590802806042	0.0355163423996107	1.17034289678179	0.971668015245886	0.504165219569978
snp1494	11	125	200	0.47	188	0.00966189296975218	0.0403954995298091	0.307180546629476	0.466602028995202	0.0865737759794965	0.148182015400573	0.931010311354022	0.98908109392217
snp1495	11	126	200	0.45	180	0.439749931646044	-0.331644911176256	0.321819677385357	0.458326690554835	0.723599384480047	1.40511239272351	0.469311719396644	0.372629586628851
snp1496	11	127	200	0.475	190	-0.531871044883537	0.146426416607556	0.327408807666435	0.453910778074323	0.322588543124613	2.01014157107684	0.747006871502876	0.132611090245265
snp1497	11	128	200	0.48	192	0.200912267126303	0.0382718185869072	0.339613173518574	0.479054594883959	0.0798903068577764	0.939665409326933	0.936324499195006	0.643080389027892
snp1498	11	129	200	0.45	180	0.059392746985598	0.0265739238130239	0.323560526887722	0.448961936762985	0.0591897032622004	0.31667549551116	0.952801010871059	0.951094659365155
snp1499	11	130	200	0.45	180	0.308699911521772	-0.673665434512186	0.351461096374559	0.465431998856716	1.447398193865	1.47156237750528	0.147785431325329	0.338663626831109
snp1500	11	131	200	0.445	178	0.225475089331259	0.0706232140004563	0.315326789721089	0.430928769258942	0.163886050406673	1.22356428780331	0.869820848781124	0.473049718364029
snp1501	11	132	200	0.4775	191	0.0238105160388805	0.272600545092103	0.326869565194944	0.444496698702381	0.613279121955024	0.952225112208914	0.539691795819709	0.635485292280206
snp1502	11	133	200	0.4675	187	-0.68642873393841	1.19862652548883	0.32783716077387	0.457699190382341	2.61880848967102	2.64234498326508	0.00882374689536206	0.0304705844412736
snp1503	11	134	200	0.465	186	-0.170649211150556	0.19723568422812	0.323153513221954	0.459008798406728	0.429699136297056	0.535283768618275	0.667414511786344	0.8665249671304
snp1504	11	135	200	0.4475	179	-0.285168607034091	-0.114737476939065	0.344179942883007	0.457617909170731	0.250727680538084	1.45323215304883	0.802024658141141	0.347864638282991
snp1505	11	136	200	0.435	174	-0.0522840787787045	-0.275914378978806	0.34864769324748	0.475520651099447	0.580236375309604	1.05956375336544	0.561755226697711	0.570445483318474
snp1506	11	137	200	0.4525	181	-0.377595750274992	0.499051981022607	0.346480419507685	0.456871991097509	1.09232343139218	1.168157159756	0.274690964794795	0.505455348921321
snp1507	12	1	200	0.48	192	-0.12297278593235	-0.121034511390612	0.339699376159725	0.449080602972943	0.26951623069301	0.837477594818529	0.787532453875012	0.704205993717945
snp1508	12	2	200	0.465	186	0.190470734062747	-0.0766673784908976	0.372937120734806	0.473392714222939	0.161953017415456	0.659698419577592	0.871342852002496	0.80444634980716
snp1509	12	3	200	0.4825	193	-0.205079199220268	0.0863213794720791	0.345379233828974	0.48181131284278	0.179160134208486	0.683055566880253	0.857811965491427	0.791929858394316
snp1510	12	4	200	0.485	194	0.35488131154868	-0.589290016217119	0.336477233969708	0.45015053415807	1.3090954503015	1.31649962178754	0.19050202022435	0.420384450909029
snp1511	12	5	200	0.47	188	-0.579150195115309	0.0333982670769915	0.340712731664536	0.447265654697319	0.0746721030918264	2.46065882079366	0.940475604194665	0.048440409035017
snp1512	12	6	200	0.4475	179	0.22708813398463	-0.0348184030814321	0.325717024655007	0.455335291679314	0.0764676134657144	0.931722439258759	0.939047079221769	0.647877689051663
snp1513	12	7	200	0.4675	187	0.0761580488443494	0.319979971096724	0.341971763254844	0.462991277002503	0.691114470165264	1.26781182951378	0.489493607494146	0.447681419137771
snp1514	12	8	200	0.465	186	0.188463029323773	-0.653370358414522	0.36771732583793	0.465585158056762	1.40333158630213	1.68948191307403	0.160517983399572	0.239986029607746
snp1515	12	9	200	0.4775	191	0.506110385265535	-0.308093744635166	0.362062844605375	0.477498688617605	0.645224273865801	1.51830353537416	0.518781857931182	0.315807378562376
snp1516	12	10	200	0.45	180	0.794631376351718	-0.221587158779059	0.326968430928707	0.460342236993668	0.481353091183129	2.99865843589918	0.630265569844796	0.0111537868872438
snp1517	12	11	200	0.44	176	-0.471976589674127	1.11019278537134	0.315032939632415	0.426870228335132	2.60077351775335	2.6685230072723	0.00930138383012535	0.0284243950989781
snp1518	12	12	200	0.47	188	0.0996231354472493	0.123072201765574	0.347495016196031	0.473506398826875	0.259916660198234	0.70285564483868	0.794928059843956	0.781138327662271
snp1519	12	13	200	0.46	184	-0.132455542588865	-0.390325152712275	0.34000484372973	0.468407192706317	0.833303072177635	1.69817600733014	0.404673824100727	0.236477816185019
snp1520	12	14	200	0.46	184	0.100514407733863	0.149739515565767	0.338410431100187	0.453871220849919	0.32991630375983	0.869191910196811	0.741463203984296	0.685403688260989
snp1521	12	15	200	0.455	182	-0.46820122011569	0.639861387062612	0.360641607709808	0.482627363813883	1.32578762630907	1.40928391267291	0.184910052733567	0.370448600761179
snp1522	12	16	200	0.47	188	-0.181415000445682	-0.0544032136744866	0.346888419794203	0.470149770719536	0.115714644699764	0.909123718492566	0.90787869943106	0.661494924769372
snp1523	12	17	200	0.4525	181	-0.553440433547668	0.12995052757239	0.356311721103303	0.452944640729758	0.28690156784507	2.09811534057253	0.774187689968767	0.110687541205222
snp1524	12	18	200	0.4625	185	0.0743556859139965	-0.805418782716427	0.35724287642903	0.482879403108621	1.66795017043883	2.28892742614617	0.0953256189832761	0.0728323990356953
snp1525	12	19	200	0.4625	185	-0.235805835506971	0.0463936006480251	0.322886692788779	0.461605273026472	0.100504919157118	0.923598215692966	0.919943477691469	0.652778877898815
snp1526	12	20	200	0.465	186	0.129107737428624	0.105423073686442	0.347623296274863	0.46684282024506	0.225821345246569	0.833917802595253	0.821340374755751	0.706304062525408
snp1527	12	21	200	0.4625	185	-0.25351948287846	0.03931667718236	0.315560296435498	0.460901831328794	0.0853037990085846	1.00616263107037	0.932019871372042	0.602792882269183
snp1528	12	22	200	0.4775	191	-0.00810362276062109	0.55858866742768	0.342289409594664	0.454510819484988	1.22898871375741	1.8447107561599	0.219076037616839	0.182413555449488
snp1529	12	23	200	0.445	178	-0.349135375735006	0.72701879693139	0.361042374174484	0.486386710167062	1.49473409066147	1.51355804396432	0.134983853487343	0.318087436571298
snp1530	12	24	200	0.475	190	0.127978806556508	-0.049596743824835	0.339600533535621	0.462382704606064	0.107263406115265	0.455334842636677	0.91458001469817	0.90152734009624
snp1531	12	25	200	0.46	184	0.0861955107213238	-0.167641482888566	0.327066237557031	0.427141384475943	0.392473052205523	0.395175385872977	0.694708718665441	0.924888774207209
snp1532	12	26	200	0.4525	181	-0.162940190345945	0.573931581536433	0.321377443212501	0.441059273592942	1.30125725928194	1.43954780885547	0.193170411734095	0.354818479017422
snp1533	12	27	200	0.4275	171	-0.243259322261418	0.461645171732596	0.359285605385709	0.465095296706158	0.992581896660758	0.997183635567205	0.320913750646975	0.608238866570414
snp1534	12	28	200	0.475	190	-0.0876703531489543	0.124245222371869	0.333469005507362	0.44907997328334	0.276666139136599	0.289844181346138	0.782036474346825	0.958865154295746
snp1535	12	29	200	0.47	188	0.250749576833015	-0.681395410616298	0.371539979722892	0.48465888470251	1.40592782289455	1.52961885398493	0.159745558468019	0.310408247884553
snp1536	12	30	200	0.4525	181	0.114928018678175	-0.124904973207748	0.321138100172908	0.465680894646549	0.268220093724375	0.358921016251879	0.788529908934989	0.937618482346273
snp1537	12	31	200	0.4575	183	0.519198932523801	-0.960952065969105	0.374044955496134	0.48753834777224	1.97102867981582	1.97877835578013	0.0487205954550503	0.141171207069937
snp1538	12	32	200	0.4375	175	0.193193245081735	-0.23946996892787	0.334398149302511	0.456066138646979	0.525077282953544	0.59933634080809	0.599529467504794	0.835602694474348
snp1539	12	33	200	0.465	186	-0.0304187150200027	-0.175322440361728	0.341960203760059	0.458080326918684	0.382732962013561	0.639314324387647	0.701917771831438	0.815167714146087
snp1540	12	34	200	0.45	180	-0.0184329543015235	-0.0567222426865863	0.308657747909726	0.44656496200163	0.127019017417625	0.239952912240605	0.898925346740222	0.971621746407767
snp1541	12	35	200	0.49	196	-0.321840316336841	0.560645920379657	0.357644174378349	0.47020994202756	1.19233106378426	1.19681159346348	0.233131458823344	0.488615696543835
snp1542	12	36	200	0.485	194	0.0929295977638877	0.0202950661400486	0.330658084761143	0.461506247553873	0.0439757126747879	0.432253340178553	0.964923763611759	0.910809535893478
snp1543	12	37	200	0.465	186	0.178162825300307	-0.386242184141894	0.329126760176422	0.460537437961736	0.838677059244823	0.840813223936796	0.401650555108668	0.70223762240809
snp1544	12	38	200	0.485	194	0.258056426500559	-0.132366503390628	0.306627427220709	0.448803201303121	0.294932172957537	0.906641027134079	0.768045694056291	0.662987610472266
snp1545	12	39	200	0.445	178	0.12748357939897	0.343493032906975	0.335990224982369	0.472575289282697	0.726853563224495	1.4901948247296	0.467315666543692	0.32944682866264
snp1546	12	40	200	0.455	182	-0.0137351766308705	0.0156184933301008	0.345980975461045	0.480195659482689	0.0325252696930381	0.040156267718046	0.974053164386638	0.99919406202409
snp1547	12	41	200	0.48	192	-0.0138249663239084	-0.137757935997149	0.359106515123095	0.472836626605356	0.291343623242887	0.49997292093685	0.770788527212789	0.882508850936601
snp1548	12	42	200	0.46	184	-0.0984062900884285	0.314522755061565	0.338810989471762	0.476571735763185	0.659969384373764	0.707467528964142	0.509273476433744	0.778602095633114
snp1549	12	43	200	0.4725	189	0.183470267883612	-0.0357356722165673	0.337649366644139	0.45313886856634	0.078862518083318	0.709083652898645	0.937141976588177	0.777711369961609
snp1550	12	44	200	0.4825	193	0.513935285864839	-0.778973322740329	0.325588079974879	0.441527200864896	1.76427029006235	1.81220052875803	0.0776864834880472	0.193585621072924
snp1551	12	45	200	0.465	186	-0.436728500330662	0.568398234078139	0.347131762829854	0.445655016966819	1.27542204718512	1.34940922625671	0.202159899211942	0.402342070740014
snp1552	12	46	200	0.49	196	0.253807525786805	0.02234959561586	0.305943562130647	0.432743147815898	0.0516463304587511	1.20508207536528	0.958810502207827	0.483786587616063
snp1553	12	47	200	0.4825	193	0.287439620733076	-0.354579057851574	0.361476304388873	0.487601057981028	0.727190911602514	0.820261390634709	0.467109012907371	0.71432704558019
snp1554	12	48	200	0.4475	179	0.0782539787635686	-0.289516412905943	0.335676584291975	0.451810740411205	0.6407913469309	0.716176659343319	0.521658255648127	0.773790198354229
snp1555	12	49	200	0.4625	185	-0.738076555322492	0.428434888464555	0.349020468871863	0.493917796790948	0.867421443908593	2.23123416145856	0.385711136615555	0.0829760770014355
snp1556	12	50	200	0.455	182	-0.144613743393534	0.305477103673661	0.31341657055659	0.442812718303037	0.689856210192701	0.692440187984	0.490284615968915	0.7868350019696
snp1557	12	51	200	0.4575	183	0.371428481799388	-0.287307087298416	0.313910795861444	0.440353993079873	0.652445740957101	1.2121715998596	0.514113664803269	0.47965892827145
snp1558	12	52	200	0.415	166	0.0336870318913658	0.032193534012762	0.390307721810464	0.52323999235862	0.0615272809473957	0.197272879898849	0.950939288504716	0.980729796091867
snp1559	12	53	200	0.4775	191	0.230660108252207	-0.122077526285001	0.346921895002119	0.458499975602896	0.266254160917845	0.764327445772097	0.790043473488069	0.746695190341756
snp1560	12	54	200	0.47	188	-0.114625312507682	0.292286681457286	0.334779198397709	0.476790803484759	0.613029192931212	0.619819673848504	0.539857037083075	0.825234068045642
snp1561	12	55	200	0.46	184	0.253314551837611	-0.333293555618004	0.33570720092161	0.462009229194861	0.72140021141749	0.794500644131353	0.47066331656532	0.729339727678906
snp1562	12	56	200	0.4675	187	-0.570251399501455	0.579547136075545	0.341100750096393	0.481238948546153	1.20428144443916	1.671881415459	0.228480816082567	0.247191056396579
snp1563	12	57	200	0.4525	181	-0.0923805075801802	0.414881315984687	0.374781570743146	0.504286851758025	0.822708969187566	0.983042461634697	0.410673513592524	0.616814936637171
snp1564	12	58	200	0.45	180	-0.115349191313222	-0.115661561607048	0.319337004125352	0.460627512435827	0.251095643409189	0.771867561616557	0.801740164088042	0.742383170852992
snp1565	12	59	200	0.4625	185	-0.67280584825228	0.552878250006403	0.32240918142468	0.436592410914915	1.26634874126145	2.10545338309181	0.20538825383381	0.108993506253204
snp1566	12	60	200	0.46	184	0.128134424466379	0.379729412431941	0.321513906367052	0.458907594744621	0.827463778722726	1.54736513096948	0.407974243976342	0.302047972685651
snp1567	12	61	200	0.465	186	0.167609884572673	-0.652254555264774	0.338728759125294	0.449200315586608	1.45203494439446	1.70830049565911	0.146491889091637	0.232434853844818
snp1568	12	62	200	0.4425	177	0.250781205711237	-0.595677185966359	0.331746858487117	0.454046931846604	1.31192866680928	1.34301279166254	0.189544204045049	0.405821577895368
snp1569	12	63	200	0.4525	181	0.135215336159735	0.15769210071691	0.349996361048722	0.465896522118933	0.338470225104309	1.0621104124327	0.735008861325328	0.568906453141294
snp1570	12	64	200	0.4675	187	0.0686824147875033	-0.192838797680858	0.338174418898959	0.468149102270255	0.411917478311292	0.429321340737928	0.680399909403195	0.911960677324147
snp1571	12	65	200	0.44	176	0.471668173320522	0.320369705156376	0.357027971512748	0.452344272918275	0.708243089029354	2.98084857682736	0.478794312056305	0.0117637898886434
snp1572	12	66	200	0.4625	185	-0.0214357746338262	-0.0825959197496927	0.321249083347221	0.434677203600474	0.19001668149501	0.354178090715193	0.849296058732419	0.939205419140441
snp1573	12	67	200	0.4425	177	0.0560302990026421	-0.254019871239391	0.334917982432864	0.452836622111938	0.560952579441773	0.673530066872532	0.574829864653384	0.797063144588179
snp1574	12	68	200	0.435	174	-0.234983369592846	0.497691594856731	0.333566064842544	0.454990302107765	1.09385099539738	1.10694308334559	0.274020334217204	0.541906666238345
snp1575	12	69	200	0.4475	179	-0.437883211873006	0.184333404123052	0.367582499754362	0.47444465279925	0.388524568746797	1.42409609169876	0.697627876047966	0.362756002844649
snp1576	12	70	200	0.4675	187	-0.528843349080067	-0.0176251763040918	0.365382944859524	0.479539852355179	0.0367543515257985	2.32586952198423	0.970680871639347	0.0668813906876256
snp1577	12	71	200	0.465	186	-0.038928744281002	0.360411039349843	0.331918624386783	0.4485736532886	0.803460115652322	1.04429149020077	0.421708840690831	0.579683880148886
snp1578	12	72	200	0.4775	191	0.212254187717616	-0.00140247086426737	0.363479638428437	0.476282337937106	0.00294462076914674	0.887810856743384	0.997650535946164	0.674283887501288
snp1579	12	73	200	0.44	176	-0.251412886183805	0.449135538341075	0.387545185009123	0.510257912447327	0.880212785308721	0.880283983248314	0.378744048598279	0.678785609619898
snp1580	12	74	200	0.47	188	0.565529462131983	-0.122425990875692	0.332356043657482	0.472280062713796	0.259223288343389	2.180310459586	0.795462963573143	0.0928400786806189
snp1581	12	75	200	0.47	188	-0.741163707130828	0.940225517695857	0.315721260214434	0.470113531598139	1.99999671249535	2.39991044623691	0.045500618888632	0.0561468288958446
snp1582	12	76	200	0.4525	181	-0.2142436713759	-0.259786835059926	0.322086787948001	0.449469766554935	0.57798511577569	1.6769812173081	0.563274168229532	0.245089212613349
snp1583	12	77	200	0.485	194	-0.441631363166559	0.270244295097014	0.330511865004607	0.468859584621917	0.576386414953927	1.42062991117571	0.564354024754952	0.364548866421196
snp1584	12	78	200	0.445	178	0.531535714760821	-0.606153202246637	0.314364573122397	0.430572139397778	1.4077854714298	1.71339780121852	0.159194603700667	0.230416667174383
snp1585	12	79	200	0.4625	185	-0.127428512190268	0.269509629600212	0.362508228076487	0.474256351678265	0.56827837654992	0.58269261883692	0.569845959384348	0.843862810817104
snp1586	12	80	200	0.46	184	-0.386097720563634	0.665885621761185	0.327480817166762	0.481510405162956	1.38291013988749	1.41729656858165	0.166692420794248	0.366277226936097
snp1587	12	81	200	0.47	188	0.145971774617442	-0.819002300492734	0.346509295027986	0.476643683538168	1.71826949307962	2.09513942964082	0.0857474711235687	0.111380321443454
snp1588	12	82	200	0.45	180	-0.30510230194244	-0.114103708281474	0.337301810761002	0.455664749775656	0.250411532464717	1.57349568257496	0.802269112047731	0.289979707803562
snp1589	12	83	200	0.46	184	0.574443524748289	-0.0930844392514025	0.348842231358555	0.467766911266029	0.198997485733794	2.19487467657112	0.842264711356814	0.0899287649214738
snp1590	12	84	200	0.4575	183	-0.652228129573587	0.53475349693864	0.322748730137378	0.422000497284349	1.26718688811951	2.05021271839576	0.205088473001021	0.122250129009429
snp1591	12	85	200	0.41	164	0.351593151187122	-0.380035778714633	0.32479204517991	0.451683809161648	0.84137569469227	1.09003149703964	0.400137497278206	0.552067845209583
snp1592	12	86	200	0.46	184	0.0846590195349336	-0.326775585358003	0.300795940527596	0.435653384242786	0.750081595087286	0.826123379254805	0.453205563587312	0.710888332215622
snp1593	12	87	200	0.4725	189	-0.461657160309443	0.209419951035077	0.318946464855345	0.440211673732051	0.475725573698774	1.648273802687	0.634269899078958	0.257070923736655
snp1594	12	88	200	0.47	188	-0.373228048172474	0.765465303037638	0.35430971449575	0.450512239170714	1.6990999055801	1.74616118611079	0.0893003611925352	0.217721306645322
snp1595	12	89	200	0.44	176	0.368433414562288	0.152495156178271	0.306350949792303	0.457990592500578	0.33296569553026	1.92325414536252	0.739160178041527	0.157323158638398
snp1596	12	90	200	0.4825	193	0.0738322547289122	-0.28364730408174	0.328664814661406	0.434899457912554	0.652213514919519	0.76337927453415	0.51426344260463	0.747236190517149
snp1597	12	91	200	0.43	172	0.429581131413349	0.304149890032708	0.363775099789302	0.464717817031313	0.654482954786763	2.64789160217566	0.512800705202936	0.0300267998299038
snp1598	12	92	200	0.455	182	0.315915647787505	-0.476372482375357	0.344368076212702	0.451627548144278	1.05479057761812	1.07336389016156	0.291521114888782	0.562111516772814
snp1599	12	93	200	0.4425	177	0.459102010061364	-0.0987340163388006	0.333891854000541	0.461903152792862	0.213754800636915	1.81691899036357	0.830738274098163	0.191935229778442
snp1600	12	94	200	0.45	180	-0.0607395207098741	0.452897985568817	0.368013486286711	0.488626483432115	0.926879735186802	1.27372432717343	0.353988979895234	0.444330408143262
snp1601	12	95	200	0.465	186	0.188852843272018	0.132872455084286	0.341354497431934	0.465131871590346	0.285666201780537	1.12065802834564	0.775133793468953	0.533691560879153
snp1602	12	96	200	0.47	188	-0.111764612157513	0.211549838478491	0.301117391992814	0.439238474396208	0.481628661444775	0.485398597182121	0.630069761853621	0.888868566084057
snp1603	12	97	200	0.465	186	0.401438970103764	-0.300009372933866	0.310378418261234	0.438687082544117	0.683880116081821	1.31460061543885	0.494050870898773	0.421435984273777
snp1604	12	98	200	0.46	184	0.31235224240469	-0.236018400795747	0.31469356546483	0.452507964954228	0.521578445187415	1.01177334269984	0.601963874265729	0.599390095356815
snp1605	12	99	200	0.4925	197	0.190764634506638	-0.048555396160847	0.359057946654139	0.476077908268413	0.101990441727179	0.653667230503077	0.918764261917344	0.807638740230528
snp1606	12	100	200	0.4775	191	-0.405334385315551	0.317252929695942	0.339528397766431	0.460447628219314	0.689009803184028	1.22327876677352	0.490817098471461	0.473214989442894
snp1607	12	101	200	0.4675	187	0.452995358987456	-0.399209698642357	0.342153172326057	0.471417419046595	0.846828484721093	1.32663069724745	0.397090728744399	0.41479348735395
snp1608	12	102	200	0.46	184	0.0403865295023133	-0.303366801994044	0.364405972982979	0.481008433068156	0.630689154572595	0.864565772965995	0.528243791759902	0.68815788188433
snp1609	12	103	200	0.4725	189	-0.313528989566012	-0.0388815121904933	0.331911499743256	0.474094228262567	0.0820122032132389	1.36707377999904	0.934637009386603	0.392803669759545
snp1610	12	104	200	0.4425	177	-0.735373874249138	0.509652660870605	0.343287347303017	0.460739462273699	1.10616238156707	2.25478370640501	0.268656242009724	0.0787068741332275
snp1611	12	105	200	0.45	180	0.103634612712442	-0.0891240405237443	0.343490703274609	0.462822793407574	0.192566230084652	0.306456411282792	0.847298694363922	0.954127693360652
snp1612	12	106	200	0.465	186	-0.287696263428175	0.389518257976979	0.324953836118023	0.439254834442761	0.886770565590068	0.953883035645205	0.375202437777382	0.634481960775415
snp1613	12	107	200	0.455	182	0.348989332993121	-0.386482081315267	0.326030967533851	0.451473483513559	0.856046025798678	1.07918361081907	0.391972321623768	0.558601671635804
snp1614	12	108	200	0.465	186	-0.239870587137219	0.700517077282757	0.309223821658891	0.448730123795893	1.56110998601331	1.59127585545485	0.11849780232416	0.281934804616163
snp1615	12	109	200	0.4975	199	-0.306260963133999	0.607274155753261	0.332293312582361	0.452992896827482	1.34058207094699	1.34376749189821	0.180056181570664	0.405410341408755
snp1616	12	110	200	0.485	194	-0.162099474976211	0.237622283438229	0.320222057259322	0.445569603829857	0.533300030782545	0.567508930438623	0.593825906367096	0.85126381458409
snp1617	12	111	200	0.4675	187	-0.272843682577511	-0.256195593512071	0.350796189300212	0.461558188280206	0.555066728350485	1.84113459933472	0.578849019394512	0.18361973702566
snp1618	12	112	200	0.485	194	-0.0832560791630916	0.455682368746062	0.317604426685501	0.442106072281222	1.03070823342188	1.23625979586038	0.302677662573739	0.465720718319142
snp1619	12	113	200	0.4525	181	-0.0911049039911785	0.203847632524791	0.329581174239006	0.443745164009623	0.459379952860444	0.466675393616512	0.645961341745013	0.896826407311045
snp1620	12	114	200	0.4875	195	-0.412621632311594	0.438998671488031	0.330282937024429	0.452834200825892	0.969446810084955	1.26398996741184	0.332322306554397	0.449852593959593
snp1621	12	115	200	0.4825	193	-0.0105170504097156	-0.199773687913818	0.353354893550304	0.483429168517369	0.413242933864551	0.600313465571135	0.679428635155815	0.835113088081995
snp1622	12	116	200	0.4225	169	-0.354085926888949	1.04679813590415	0.292054623774484	0.447525456142304	2.33908065236694	2.36668854006176	0.0193312597949611	0.0607731424982547
snp1623	12	117	200	0.45	180	-0.0356817692428727	0.738925879597096	0.339949446041725	0.458781039250003	1.61062863627726	2.31854125555432	0.107260688439725	0.0680293005035895
snp1624	12	118	200	0.4625	185	-0.371709886141244	0.626271757266627	0.345246666633593	0.470140620074807	1.33209454900318	1.33978559071968	0.182829121337062	0.407582173222695
snp1625	12	119	200	0.4725	189	0.074457647903541	-0.188437053395406	0.330633525524902	0.439352548114557	0.428897144682709	0.450759521680062	0.667998078238489	0.903397996775068
snp1626	12	120	200	0.43	172	-0.0208997090181919	0.190277083242143	0.373188014952247	0.507677089814071	0.374799428731025	0.502002837406481	0.707809639159533	0.881611827802503
snp1627	12	121	200	0.4775	191	-0.0525819396459508	0.124650325936735	0.323850241537492	0.456055485089649	0.2733227206164	0.27657458113635	0.784605151503033	0.962475421292848
snp1628	12	122	200	0.4775	191	0.464141476332203	-0.924102481073883	0.36396466917502	0.459612957034105	2.01061015998579	2.05843221576521	0.0443666500563817	0.120203204987134
snp1629	12	123	200	0.4575	183	-0.314323409660748	1.06814564791505	0.338248437196899	0.465911468313376	2.29259359461959	2.51200190449994	0.0218714135004022	0.0426351271668565
snp1630	12	124	200	0.455	182	0.751657176818586	-1.28606544780218	0.339153411387511	0.449884876111085	2.85865454940216	2.86970408448869	0.00425441810072571	0.0162835356207448
snp1631	12	125	200	0.465	186	-0.295591774600051	0.294449306210958	0.363195774473507	0.449455400821722	0.655124636777371	0.818484016440202	0.51238751109758	0.715368100719858
snp1632	12	126	200	0.475	190	-0.228548025389864	0.169432419817075	0.315624827486709	0.443504160802765	0.382031184353251	0.751162254132258	0.702438234017179	0.754181392713747
snp1633	12	127	200	0.4475	179	0.143994038166595	-0.630719544711903	0.323828131344983	0.444636925845939	1.41850464513701	1.64802727238183	0.15604348347876	0.257175397774911
snp1634	12	128	200	0.4625	185	-0.580758232317334	0.687691987695053	0.346963051533076	0.472161870108656	1.45647505915037	1.70357207558765	0.145261339391672	0.234317344724623
snp1635	12	129	200	0.4825	193	-0.2405760331116	-0.0385129230733547	0.358190320929712	0.469156182592824	0.0820897698939197	1.08549919089409	0.934575328109939	0.55479630716673
snp1636	12	130	200	0.4675	187	-0.205718227978888	0.580353049392084	0.365872022671665	0.48126317432981	1.20589540265628	1.29860403200905	0.227857823506142	0.43033718949382
snp1637	12	131	200	0.4425	177	-0.421487838169258	0.664084977931704	0.31719910079141	0.452731003456712	1.4668422813133	1.52717452352278	0.142418964828948	0.311570072985453
snp1638	12	132	200	0.46	184	0.117352351125646	0.393851696470232	0.355736066205985	0.480253199307478	0.820091770420612	1.57822715117291	0.412163793327062	0.287825619421
snp1639	12	133	200	0.46	184	-0.405701883519788	0.361374312073276	0.340842636897647	0.461533371363253	0.78298631149004	1.20133981412296	0.433635150417363	0.485969859498069
snp1640	12	134	200	0.475	190	0.092560497598733	-0.368511286149227	0.34616857675563	0.462199234480209	0.797299646252458	0.935546988510941	0.42527702574399	0.645568416839403
snp1641	12	135	200	0.4625	185	0.726026184545237	-1.29868716504114	0.35810222332431	0.500778969747683	2.59333407250604	2.60575496806809	0.00950503920958532	0.0335412425385201
snp1642	12	136	200	0.47	188	0.620295676654546	-0.138960063765789	0.360248509002067	0.474660412217496	0.292756800839155	2.32537185521061	0.769708050125322	0.066958842961158
snp1643	12	137	200	0.43	172	0.136640962471094	0.0571386176698679	0.3471300211459	0.467307581788363	0.122271967964229	0.711770613683767	0.902683631719894	0.77622822065763
snp1644	13	1	200	0.4325	173	0.134419957944141	-0.0401751959794837	0.33506583240746	0.469694227452664	0.0855347875944091	0.48418912982997	0.931836240297607	0.889389900193519
snp1645	13	2	200	0.45	180	0.191887341501932	-0.513921848452518	0.375364020086232	0.483708530428504	1.06246182592076	1.14672397733656	0.288026079227302	0.518151328151048
snp1646	13	3	200	0.4625	185	0.294934995144936	-0.0746345571475995	0.314395394303871	0.434644754525198	0.171713925845325	1.18005077274417	0.863662437193068	0.498446053481111
snp1647	13	4	200	0.45	180	-0.38742827674236	0.488033274487977	0.335952892723243	0.447839558906453	1.08975025716726	1.2103298408672	0.275823171138787	0.480730161138742
snp1648	13	5	200	0.4575	183	-0.168718824173016	0.280022199910965	0.33702949013572	0.446613790490258	0.626989595649471	0.628669695581309	0.530666055239846	0.820687567535826
snp1649	13	6	200	0.45	180	0.0103384798010012	-0.0357452335449239	0.347687887665678	0.463408647577526	0.0771354477992211	0.0866838029128627	0.938515793727699	0.996250008003867
snp1650	13	7	200	0.4725	189	0.331434149670751	-0.542982667882527	0.330934347007124	0.475564765431964	1.14176387182369	1.1760476989095	0.253552183357875	0.500802185566621
snp1651	13	8	200	0.4475	179	-0.198772137285363	0.43096147936936	0.352745014869681	0.482012821132681	0.894087170454605	0.900915994692852	0.371275253089029	0.666426905365424
snp1652	13	9	200	0.4375	175	0.838604556456998	-1.39091706336254	0.341577905034191	0.457340768503512	3.04131439651406	3.051763010781	0.00235547736371928	0.00949843019191987
snp1653	13	10	200	0.4525	181	-0.093704629105702	0.354555276101958	0.347677291445089	0.460028214563567	0.770725066153449	0.874761983622276	0.440869911127429	0.682082770594021
snp1654	13	11	200	0.455	182	0.11210750234215	-0.171084782903934	0.319624956873767	0.444766980481259	0.384661610263452	0.403563519890865	0.700488141244103	0.921795613535148
snp1655	13	12	200	0.46	184	-0.345814711136053	0.348251414147484	0.376325075902602	0.484988659281801	0.718060943245962	0.9193456103995	0.472719710731126	0.655341912530325
snp1656	13	13	200	0.45	180	-0.464503459930615	0.54113859576419	0.352575053589097	0.467968827860683	1.15635607234354	1.34381460792515	0.247535541608882	0.405384674032324
snp1657	13	14	200	0.4675	187	-0.153844578500612	0.0997368620333626	0.329556148706664	0.450379095571384	0.221450913273026	0.492742389510432	0.824741353261909	0.885681803441786
snp1658	13	15	200	0.45	180	-0.302742717639571	0.865867373008891	0.332831399581233	0.43817455403911	1.97607863128356	2.11859639806126	0.0481458722055909	0.106009629046011
snp1659	13	16	200	0.4575	183	0.792032083133955	-0.951334589254294	0.327152595633288	0.4619561120973	2.05936140759172	2.47534593970902	0.0394596298784107	0.0467159906544111
snp1660	13	17	200	0.4725	189	-0.0428670369407759	0.331005176609495	0.352226902924366	0.479272996722195	0.690640154720335	0.913994635558584	0.489791706452983	0.658564312832399
snp1661	13	18	200	0.455	182	0.308323744027446	-0.675084983048273	0.295704525416009	0.441774091267931	1.52812262283358	1.52841156306449	0.12648209556157	0.310981780209436
snp1662	13	19	200	0.465	186	0.156224064761405	0.0699127111676498	0.370313313589376	0.498411144637076	0.140271163516132	0.818120086051149	0.888445747219286	0.715581172630919
snp1663	13	20	200	0.48	192	0.102101981348587	-0.38739963971129	0.368285917642745	0.481577947393447	0.804438080705523	0.901675171480119	0.421144015947913	0.665971063601224
snp1664	13	21	200	0.46	184	-0.259396953819259	-0.233548474361475	0.318660598442439	0.424057858261848	0.550746719607452	1.82587307614459	0.581807312980449	0.188830357737601
snp1665	13	22	200	0.4775	191	-0.0965146918144876	0.217408690705801	0.323915624214635	0.453385281457635	0.479523044962623	0.483605282987205	0.631566577905173	0.889641207777264
snp1666	13	23	200	0.45	180	-0.310594441295569	0.358060440417521	0.331869010153282	0.456603260161748	0.784182838052188	0.954868665713348	0.432932833790052	0.633885408621248
snp1667	13	24	200	0.43	172	-0.064080429887113	0.557133737296298	0.340182789211128	0.466277966693361	1.1948532358225	1.53247357050944	0.232144376563685	0.309054506204946
snp1668	13	25	200	0.4775	191	-0.189452571488514	0.306606679989867	0.352072176118526	0.487455641615322	0.628994012611772	0.643272003988939	0.529352976031751	0.813101414966285
snp1669	13	26	200	0.4625	185	-0.0736507244473689	-0.212373220425289	0.342662489929518	0.442189401274423	0.480276595986276	0.990262536797929	0.63103072834969	0.612436542573141
snp1670	13	27	200	0.445	178	-0.329026967677387	0.64219069011815	0.364400334689276	0.477168140463626	1.34583731741643	1.35256136820183	0.178354987606106	0.400632341092197
snp1671	13	28	200	0.45	180	0.210823822923774	-0.576117665794066	0.345640932091192	0.475554730459007	1.21146448325305	1.27703040318383	0.225717438723975	0.442460835707014
snp1672	13	29	200	0.4625	185	0.252678379016048	0.467961333826337	0.323085119573756	0.448828872836593	1.04262751829852	2.40364002080977	0.297120839178204	0.055646133930759
snp1673	13	30	200	0.47	188	0.287246504676514	-0.163114500138773	0.344169434616529	0.462519614612803	0.352665043784843	0.916030787281582	0.724339568611091	0.657338480841298
snp1674	13	31	200	0.4625	185	-0.348389097860946	0.585197994756595	0.316795209710035	0.426636698291721	1.37165414297402	1.38218183842681	0.170171130250754	0.38473006624365
snp1675	13	32	200	0.4525	181	0.0308795808970244	0.362060584198274	0.350955890682103	0.473847533275164	0.764086670865974	1.1962323564438	0.44481559491602	0.488954458717395
snp1676	13	33	200	0.45	180	0.428458452194377	-1.24608207561953	0.303316967200717	0.421737935161407	2.95463597587594	3.07769447912133	0.00313038171871601	0.00877277894449406
snp1677	13	34	200	0.4825	193	0.110138925997414	0.244588040084527	0.355667367985561	0.482809938766477	0.506592802769182	1.10372024158801	0.612440559343075	0.543840547749826
snp1678	13	35	200	0.4575	183	-0.613412486084995	0.425906972524696	0.296540188879254	0.423384574836824	1.00595769859789	2.14997983351388	0.31443591907043	0.0991415509713319
snp1679	13	36	200	0.47	188	-0.551899360746696	0.386556690763519	0.311461946546546	0.423609315388994	0.912531138293193	1.85026765173375	0.361489185542644	0.180550422439198
snp1680	13	37	200	0.455	182	-0.0179941040910048	-0.369995748552461	0.329981415738878	0.449972482746711	0.822263055496065	1.26587838157206	0.410927198364461	0.448779304652159
snp1681	13	38	200	0.4625	185	-0.355053395103222	0.428262326811893	0.315786628094819	0.436498784185492	0.981130629289224	1.15918132953118	0.326528327774343	0.510762446065538
snp1682	13	39	200	0.4525	181	0.365359533969034	0.145604440856046	0.31171673075219	0.450362913974603	0.32330468681588	1.93399514858263	0.74646450487763	0.154097676079417
snp1683	13	40	200	0.47	188	0.145158709857539	-0.52337674160447	0.341689833737573	0.451568006462465	1.15902086532779	1.35212687370114	0.246447680124986	0.400867816254646
snp1684	13	41	200	0.4725	189	0.16905361872947	-0.00855438095864358	0.336736157221861	0.465371784849291	0.0183818212387197	0.715022669812349	0.985334254543598	0.774429453971222
snp1685	13	42	200	0.42	168	0.253866392195043	0.0567077179401426	0.348077032988043	0.471702570245539	0.120219226091187	1.24710810391353	0.904309488011224	0.459489443459362
snp1686	13	43	200	0.475	190	0.945344477848436	-0.85032222006273	0.322989117105434	0.466075202722047	1.82443136879315	2.93426050093818	0.0680868832466235	0.0135016639755795
snp1687	13	44	200	0.4675	187	-0.393096675431674	0.969507946259763	0.317545827477217	0.452459118396885	2.14275258656482	2.18497547003674	0.0321329703358485	0.0918995724168873
snp1688	13	45	200	0.46	184	0.284240921127259	0.233653741880145	0.344974035188078	0.482663229493518	0.484092691554997	1.7157841615667	0.628320087822664	0.229475813108336
snp1689	13	46	200	0.4575	183	-0.140875622669814	0.160112381051986	0.322077812570335	0.448156555969359	0.357268858213319	0.441564688927388	0.720890541167782	0.907111696320291
snp1690	13	47	200	0.47	188	0.362214170141966	-0.332001790181258	0.336252635579337	0.466571967338291	0.711576805771827	1.07980489720715	0.476726874031814	0.558227157014473
snp1691	13	48	200	0.4675	187	-0.559537215611182	0.294163162939789	0.310603356101137	0.432978563186957	0.679394288656207	1.97549982597953	0.496888067710091	0.142089266548883
snp1692	13	49	200	0.465	186	-0.389278098069829	0.0880143157041449	0.348965113921748	0.49738130499007	0.176955415937682	1.40304615062095	0.859543409760783	0.373712217239178
snp1693	13	50	200	0.4625	185	-0.54446586012578	0.770055156394919	0.321624426698794	0.441742531648669	1.74322167603134	1.85810129057578	0.0812949005604428	0.177946879497271
snp1694	13	51	200	0.4575	183	0.0855112298123573	-0.10716936037436	0.318715860057893	0.440886019882829	0.243077247953658	0.279725650569273	0.807945556203469	0.961632209723761
snp1695	13	52	200	0.4675	187	-0.289654811550078	0.665286006736421	0.316607706763604	0.450976434188522	1.47521235324308	1.4898773187833	0.140155461317882	0.329602725287233
snp1696	13	53	200	0.4525	181	0.000157874538861975	-0.785337269808692	0.3521068233339	0.467676567526265	1.67923159794527	2.45155288222649	0.0931069160439134	0.0495359917690183
snp1697	13	54	200	0.4775	191	0.40688277199737	-0.608215220917736	0.317594430068005	0.470354039115831	1.29310087792816	1.40632296192858	0.195976171548112	0.371996015189037
snp1698	13	55	200	0.48	192	0.358738341250347	-0.723343938377562	0.33973065791096	0.463666290902314	1.5600528927171	1.56273160879356	0.118747382384493	0.294915902203378
snp1699	13	56	200	0.455	182	-0.232289621584228	0.288990380668053	0.313216345466571	0.464287972855861	0.62243779198168	0.760084183918737	0.533654036771092	0.749114090483728
snp1700	13	57	200	0.4725	189	0.166494494662394	-0.433146795970752	0.349537238151436	0.455661226160675	0.950589541314222	1.01782382438834	0.341812779884046	0.595721103404456
snp1701	13	58	200	0.4425	177	0.366995097697467	-0.0788806109008053	0.332190040443146	0.459184855066884	0.17178399947297	1.39860069020835	0.863607345094356	0.376046698439927
snp1702	13	59	200	0.465	186	-0.0362501495633108	0.350870293724784	0.346133847737098	0.456686143447875	0.768296342594927	1.00989616799126	0.442311147042482	0.600528525868949
snp1703	13	60	200	0.48	192	-0.343095928788779	-0.0228385157108127	0.326953752126249	0.461418953512367	0.0494962669759525	1.54546961117617	0.960523812077038	0.302934654170635
snp1704	13	61	200	0.46	184	-0.0722053053205295	0.0233284616214664	0.338687990091537	0.46345126074618	0.0503363861475021	0.260354393815271	0.959854328556091	0.966675701645571
snp1705	13	62	200	0.45	180	0.386677862568724	-0.289368899482022	0.377012529039378	0.492238094709056	0.587863683433639	1.07226473488313	0.556623794437205	0.562774743737602
snp1706	13	63	200	0.4525	181	0.0744661769089471	0.0111831335005785	0.326446708228176	0.449072904513314	0.0249027126512972	0.36102093095864	0.980132563523528	0.936909996523248
snp1707	13	64	200	0.4275	171	0.105665991186403	-0.386113546088803	0.321319723843483	0.462450802186877	0.834928914087544	0.91778167855491	0.403757733812409	0.656284034224573
snp1708	13	65	200	0.48	192	-0.143041651115615	0.493820529338326	0.325007776337765	0.476279656554774	1.03682893556789	1.08222941439705	0.299815587731571	0.556765990174008
snp1709	13	66	200	0.455	182	-0.257575395146855	-0.295396129162014	0.334913185411745	0.466109791862835	0.633747958783373	1.92267809410152	0.526245320895309	0.157497526316159
snp1710	13	67	200	0.4675	187	-0.685549545566678	0.39057130511531	0.320526997804766	0.450713058514193	0.866563099819773	2.36313646857869	0.386181439016941	0.0612858077186857
snp1711	13	68	200	0.47	188	-0.031231034187632	0.0275195681835725	0.335924699584156	0.464896788805813	0.0591950059587685	0.0933907524423871	0.952796787336894	0.995648578667404
snp1712	13	69	200	0.435	174	0.258407037348412	-0.40816781407083	0.340204954639937	0.477681180869905	0.854477485019435	0.879520114332134	0.392840479263589	0.679241995030408
snp1713	13	70	200	0.45	180	-0.291108853286955	0.0293131971627462	0.383566298420221	0.488499538158014	0.0600066015891796	1.13419910456322	0.952150376859367	0.52560578552955
snp1714	13	71	200	0.435	174	0.0355636331020607	-0.0725722321610658	0.325260880170913	0.441389055843956	0.164417833202286	0.165546515666125	0.869402225747892	0.98639063191507
snp1715	13	72	200	0.44	176	-0.113996493295881	0.00780904950944322	0.320542868432034	0.482272877251403	0.0161921805637277	0.449757756036949	0.987081073653405	0.903805569636997
snp1716	13	73	200	0.4675	187	-0.206140454880865	-0.0493021291971321	0.345301577127679	0.477757139126586	0.103194960701716	0.951554687574701	0.917808239337996	0.63589096963937
snp1717	13	74	200	0.445	178	-0.300017933443813	0.58094509611213	0.372373002447851	0.508987976687451	1.141372925728	1.14512213430599	0.253714766437858	0.519103314417469
snp1718	13	75	200	0.415	166	-0.214629469036002	0.293914376666661	0.321290644143891	0.442634303017381	0.664011746633924	0.720720206510417	0.506682792910677	0.771268429799128
snp1719	13	76	200	0.46	184	0.0346518799179279	-0.144951858397311	0.339044088591689	0.468916376114008	0.309120913196832	0.349355373443753	0.757229551308787	0.940800106649812
snp1720	13	77	200	0.4275	171	0.0508076025230688	0.108871738082406	0.353511276455987	0.483897055522686	0.224989461787088	0.511449795786465	0.821987472386222	0.877401617440147
snp1721	13	78	200	0.48	192	-0.252791479627729	0.125785081656464	0.34385148456035	0.478443592065086	0.262904726372324	0.824861355053788	0.792624013311254	0.711629315435395
snp1722	13	79	200	0.485	194	0.37335100376291	-0.0771214333122245	0.328789514374558	0.443782107610897	0.173782205252501	1.4589035544826	0.862036629742985	0.345003819623023
snp1723	13	80	200	0.4675	187	-0.972763345713195	1.46314599324175	0.338168640320469	0.461062300160865	3.17342361917524	3.30815016273835	0.00150652535532673	0.00420311757361888
snp1724	13	81	200	0.48	192	0.324710641992725	-0.466658822694107	0.316840802443975	0.433823117870377	1.07568915410714	1.12874944533667	0.282066299665336	0.528856761937391
snp1725	13	82	200	0.46	184	0.24948966691211	-0.408648875418921	0.379240351891792	0.487575531897875	0.838124246777244	0.838141671641303	0.401960926507708	0.703814303630267
snp1726	13	83	200	0.48	192	-0.254656320041192	0.620885982844234	0.353684857633589	0.465951120747418	1.33251312251012	1.41980819550583	0.182691632268035	0.364974549213571
snp1727	13	84	200	0.46	184	-0.293541018408465	0.238045236050278	0.34395888999262	0.445910345365229	0.533841025498755	0.870233821298439	0.593451527088863	0.684782881781304
snp1728	13	85	200	0.4875	195	0.0864931444303442	-0.444728251243489	0.326251257517934	0.444331849217214	1.00089213057082	1.19754460357143	0.316878961485477	0.488187103025662
snp1729	13	86	200	0.465	186	-0.128826680290674	0.444149690977916	0.339541055932823	0.462190231461513	0.960967283045879	1.04728111183576	0.336568618359843	0.577874325660589
snp1730	13	87	200	0.455	182	-0.681622872957794	0.797411037360929	0.337915986206361	0.472712140182567	1.68688503970505	2.04088411176304	0.0916254592588879	0.124605319761709
snp1731	13	88	200	0.45	180	0.254222015205111	-0.619504372779079	0.351365405276874	0.489591688925586	1.26534903837642	1.29970374686834	0.2057462348961	0.429722806240617
snp1732	13	89	200	0.47	188	0.441271225172153	-0.537635936341908	0.304319968051821	0.453248977336839	1.18618234838808	1.48371279564549	0.235550295530045	0.332637546752906
snp1733	13	90	200	0.4475	179	-0.237653972355623	0.575633354598594	0.348514288717061	0.453893801975426	1.26821153338807	1.33480176727702	0.204722419397036	0.410307713946825
snp1734	13	91	200	0.4625	185	-0.202357601447975	0.921154864104634	0.301833013986654	0.436783468861015	2.10895084126398	2.32175174747863	0.034948825074174	0.0675244456789779
snp1735	13	92	200	0.48	192	-0.0647572305393667	-0.645443123223402	0.335629248923559	0.443790285903441	1.45438767752532	2.32859771405763	0.145838854362147	0.0664580965529427
snp1736	13	93	200	0.4675	187	0.446364931975025	-0.055932774641876	0.377443845547183	0.510206723488542	0.109627670641883	1.70433991383694	0.912704664918902	0.234010973143366
snp1737	13	94	200	0.43	172	0.0173310588324899	0.189077742447417	0.326049655493471	0.461855016614952	0.409387655531414	0.610411889195072	0.682255197353161	0.830023440324587
snp1738	13	95	200	0.465	186	0.358758954536676	-0.488044779237462	0.328987396660211	0.445872406385291	1.09458394878944	1.18322210798996	0.273698950809039	0.496581689449097
snp1739	13	96	200	0.435	174	0.354918667971641	-0.578151731959527	0.333702408689655	0.453610193412822	1.27455630485218	1.28809576039848	0.202466331648187	0.436225771996606
snp1740	13	97	200	0.475	190	0.398056082381373	-0.389224778039715	0.336804482570743	0.46350585635026	0.839740798756138	1.1831535838697	0.401053733270759	0.496621952388354
snp1741	13	98	200	0.4475	179	-0.122312248738246	-0.277786805321174	0.333780740529026	0.456542070509432	0.608458285150384	1.31167082579108	0.542883564721501	0.423060460461886
snp1742	13	99	200	0.49	196	0.0103372777576641	-0.0275321267287524	0.353648073470764	0.467406912978313	0.0589039784484957	0.0631502090958068	0.953028589212486	0.99800801219198
snp1743	13	100	200	0.465	186	-0.238441038953731	1.27995780164957	0.343143154082684	0.449882089796769	2.84509615003295	3.53233465744518	0.00443980190473672	0.00195240356871144
snp1744	13	101	200	0.47	188	-0.0120009174827032	0.106360589591529	0.318147503907675	0.432095774112177	0.246150497097703	0.323154104738415	0.805565734288838	0.949125459133726
snp1745	13	102	200	0.4725	189	-0.172779245996161	0.06559175748618	0.325922892684417	0.44937958901139	0.145960695790564	0.610573225887804	0.88395241627572	0.829941691316189
snp1746	13	103	200	0.4675	187	0.461823160928345	-0.167364109852874	0.323023257628338	0.45166493302053	0.370549266983422	1.68492573708683	0.71097327501997	0.241837958579651
snp1747	13	104	200	0.4525	181	-0.966644018086131	0.897953925120125	0.327108603395982	0.456805543606618	1.96572466706622	2.9618006246279	0.0493304238441091	0.0124487947246463
snp1748	13	105	200	0.4625	185	-0.0279323863756086	0.042640137494693	0.363885252727433	0.487150646273733	0.0875296744874545	0.0889995213990575	0.930250499112348	0.996047374863596
snp1749	13	106	200	0.4525	181	0.250490935497417	-0.374168022934619	0.340726254549926	0.478303945795706	0.782280861831808	0.821607226288184	0.434049531643596	0.713538262406865
snp1750	13	107	200	0.475	190	-0.1082931374995	0.109407037639187	0.315936549588229	0.447276886743324	0.244606955740085	0.343295774254976	0.806760777749732	0.942776537402987
snp1751	13	108	200	0.45	180	-0.464697237394235	-0.054342253941666	0.314570575152873	0.439040197688233	0.123775121794782	2.21809477136414	0.901493330247869	0.0854373254617468
snp1752	13	109	200	0.4575	183	-0.732309843546514	0.540869209576429	0.323543984945879	0.429791811589491	1.25844465853396	2.3448702270254	0.208230989654532	0.0639784999211164
snp1753	13	110	200	0.4325	173	0.312434093121357	0.567251935493531	0.338186040365435	0.477591108290221	1.18773554542147	2.71379452917551	0.234937615022319	0.0251640126822285
snp1754	13	111	200	0.4575	183	0.538477659742935	-0.807630924792556	0.323965354025354	0.461566937457475	1.74975904739053	1.8476887359426	0.0801598999846123	0.181413407558407
snp1755	13	112	200	0.46	184	-0.197453800205946	0.198062753490822	0.366539794452234	0.466266805930076	0.424784159995563	0.539320447374776	0.670994025809606	0.864647583939499
snp1756	13	113	200	0.4225	169	0.1649408585144	-0.227082590369831	0.32612173329478	0.458486779040379	0.495287106958938	0.542009597466326	0.620397470600579	0.863391360852423
snp1757	13	114	200	0.4675	187	-0.689202441598015	0.278535580616056	0.37791386433697	0.495633090677897	0.561979387282419	2.25365199033626	0.574130063185851	0.0789079223014782
snp1758	13	115	200	0.475	190	-0.0423011627030141	-0.151428276376091	0.342144305574479	0.470466945798813	0.321868045626413	0.575938030209598	0.747552661911056	0.847171345955905
snp1759	13	116	200	0.46	184	0.0356193893114536	0.00453265751049621	0.292174126995416	0.436528074488894	0.0103834272647945	0.175186184598369	0.991715372566095	0.98477203648383
snp1760	13	117	200	0.4825	193	-0.186270249741597	-0.0492926339005357	0.318332140531582	0.431502536251526	0.114234864825459	1.01586717827236	0.909051614665719	0.59690753403698
snp1761	13	118	200	0.41	164	-0.0604143633696638	-0.777541006837538	0.334979732946742	0.466388524380957	1.66715295550974	2.54843312061974	0.095483994500111	0.0388807626096768
snp1762	13	119	200	0.4775	191	0.054112865513297	0.416694900138883	0.315048926140853	0.431440194778721	0.96582308552081	1.51592603347508	0.334132714670603	0.316948534670075
snp1763	13	120	200	0.4525	181	-0.194397576119652	0.640025418001149	0.364822881390149	0.510551671925877	1.25359577334627	1.36144962778453	0.209988968282341	0.395829172056007
snp1764	13	121	200	0.4625	185	-0.00365845649780246	-0.364640133516647	0.367049772513838	0.471427304088933	0.773481150442358	1.23355891352838	0.43923768002878	0.46727665086551
snp1765	13	122	200	0.45	180	0.00250909190308045	0.0125868787581986	0.356346011219993	0.463642496551826	0.027147810763269	0.0513609833542244	0.978341841321986	0.998681894160062
snp1766	13	123	200	0.47	188	-1.02494776688057	0.855370120223601	0.336864170938848	0.455982907482016	1.875881981952	3.08851351486248	0.0606714873113754	0.0084849789109986
snp1767	13	124	200	0.4525	181	0.523356399745621	-0.504389676735413	0.329425287275805	0.453277944024108	1.11276024652236	1.58872368709915	0.265811412989119	0.283081205583558
snp1768	13	125	200	0.4425	177	-0.537070996767309	0.175989095757395	0.358028938002231	0.454768589016723	0.386986040829929	1.89675669011131	0.698766542201354	0.165490254558615
snp1769	13	126	200	0.4475	179	0.388147863289318	-0.383188336725119	0.344560081214075	0.465519130797482	0.823141975000422	1.12714263168565	0.410427261289831	0.529816130569487
snp1770	13	127	200	0.46	184	-0.0914886213293963	0.566958053094859	0.334016330834543	0.462660019988069	1.225431263997	1.5285835712451	0.22041277340682	0.31090002946624
snp1771	13	128	200	0.4625	185	0.100475291984943	-0.101065763486569	0.339215885498286	0.44339671491412	0.22793530057196	0.296556038084327	0.819696539078674	0.956980042611463
snp1772	13	129	200	0.47	188	0.594294122132677	-0.112010253301801	0.314688555234485	0.435706656762375	0.257077213678856	2.45420083307428	0.797119167393337	0.0492152932912545
snp1773	13	130	200	0.44	176	0.0914866601437753	-0.0509712047751216	0.34146519994987	0.441996111194409	0.115320482429997	0.296867825871787	0.908191104037735	0.956891515375643
snp1774	13	131	200	0.4575	183	-0.421156392289882	0.605161087181484	0.33977501555304	0.45127868164969	1.34099196746734	1.39713451442517	0.17992306057241	0.376818203866599
snp1775	13	132	200	0.4725	189	0.0308840908901274	0.201233186588253	0.36503247608278	0.495146241893565	0.406411620572311	0.708158231410138	0.684440182752443	0.778221539375827
snp1776	13	133	200	0.455	182	0.499513897964973	-0.093150770519954	0.346607103447046	0.475328469617276	0.195971368167694	1.90290590357936	0.844632576339213	0.163568169134125
snp1777	13	134	200	0.46	184	0.0394239041197863	-0.321879395014573	0.325439420745956	0.465768614983925	0.69107145621154	0.849138097830684	0.489520636983646	0.697315194445099
snp1778	13	135	200	0.4675	187	0.643894289012435	-0.510657387720431	0.364115974382256	0.505937145433947	1.00932970098971	1.82037945570893	0.312816540477225	0.190731102844146
snp1779	13	136	200	0.4775	191	-0.255419010143249	0.75683350494427	0.317640762136531	0.444930939096551	1.70101343476147	1.81480450734693	0.0889404644550996	0.19267360260549
snp1780	13	137	200	0.46	184	0.529751449517517	-1.17685600941669	0.305085297282411	0.427005191602962	2.75606955737191	2.77405071124119	0.00585005549345702	0.0213291910160073
snp1781	14	1	200	0.4525	181	0.279159112763447	-0.355189405093401	0.331920370988118	0.468215384507748	0.75860259369056	0.873594798510713	0.448090320683566	0.682779073913635
snp1782	14	2	200	0.4525	181	0.302014126521042	0.0860952599966871	0.323089755295923	0.436911073410636	0.197054424198055	1.52470338560895	0.843784948285982	0.312747161053353
snp1783	14	3	200	0.485	194	0.353842943863593	-0.236432332229641	0.329902579050015	0.45874812246495	0.515385939803395	1.13846513662727	0.606283355623341	0.523064009315323
snp1784	14	4	200	0.475	190	-0.474615585214742	0.74441973797546	0.343929346073906	0.473985627735986	1.57055339743362	1.61196278431355	0.116286422019755	0.272746630266304
snp1785	14	5	200	0.4675	187	0.180467436411068	0.170881319853041	0.315049223068263	0.449963167275598	0.379767350487107	1.24156983658673	0.704118120322644	0.462666942889156
snp1786	14	6	200	0.465	186	-0.299076649141952	-0.445181214252792	0.315279668166742	0.444403757646542	1.00174943751684	2.47081847924791	0.316464623094691	0.0472419987173865
snp1787	14	7	200	0.4475	179	0.526964701647453	-1.14704487602719	0.308847617915403	0.437773193353277	2.62018070873868	2.6246691106446	0.00878831835942003	0.031922506974412
snp1788	14	8	200	0.4675	187	-0.396557463902671	0.859050849152903	0.329435413485032	0.437552304613458	1.96331007766444	1.98184461088359	0.0496101551779301	0.140316593003582
snp1789	14	9	200	0.45	180	-0.00235863243542311	-0.199963749888037	0.325834734985884	0.455715230355027	0.43879101809315	0.643415389351746	0.660812969086776	0.813026413016137
snp1790	14	10	200	0.4425	177	-0.0493941696313917	-0.590259762952899	0.361446803793516	0.465501511673931	1.26800826237995	2.18366285248172	0.204794999977252	0.0921634427361471
snp1791	14	11	200	0.46	184	0.00564205000160321	0.112972195196235	0.312473087993574	0.433001236070477	0.260905017781166	0.401356026447141	0.794165755204431	0.922614925828853
snp1792	14	12	200	0.4725	189	0.0484758764323871	0.000360515057629199	0.324465930706679	0.446556145084148	0.000807323024434618	0.211999335344691	0.999355849493196	0.977778752386832
snp1793	14	13	200	0.4625	185	0.315286466723395	-0.418480196286074	0.342517841284862	0.44761729929842	0.934906217748924	0.991090631269089	0.349836632477165	0.611934321710846
snp1794	14	14	200	0.49	196	0.672479924185971	-0.393833245445346	0.34650508241236	0.467034140936538	0.843264358908744	2.17214623260236	0.399080611217782	0.0945043297658203
snp1795	14	15	200	0.4625	185	-0.236767479097603	-0.0469406063884305	0.350776088572194	0.460029892917613	0.102038165586855	1.11167719607582	0.918726381409918	0.539068249231873
snp1796	14	16	200	0.4625	185	0.0677455830828505	-0.453869106864316	0.33687007374267	0.454029408066518	0.999646936521392	1.30876251657202	0.317481400076929	0.424675614116508
snp1797	14	17	200	0.4775	191	0.479894660058766	-0.787172837578013	0.362430019248539	0.454767811488678	1.73093349549347	1.73193522649005	0.0834636266490588	0.223174832069386
snp1798	14	18	200	0.465	186	0.180163306287392	-0.491798771901605	0.378406790245295	0.47852649962258	1.02773571012158	1.15782463197599	0.304074165111694	0.511565862108002
snp1799	14	19	200	0.4675	187	-0.159504030185223	-0.636416150379252	0.309598995201706	0.436765264473051	1.45711255483441	2.63220135881301	0.145085313327638	0.0312967194551509
snp1800	14	20	200	0.46	184	-0.0768740707084774	-0.43056722824452	0.353256615434343	0.495386991897334	0.869153278723459	1.4749845482463	0.384763298372708	0.336960451949202
snp1801	14	21	200	0.465	186	0.36990715855387	-0.359681612977722	0.335128296183265	0.438133153694808	0.820941327869168	1.10587753906227	0.411679688969167	0.542545912560189
snp1802	14	22	200	0.465	186	0.0611733289835341	0.123137497248787	0.325274934516217	0.442936159122221	0.278002810817731	0.639388377695226	0.781010201055345	0.815129120062092
snp1803	14	23	200	0.4675	187	-0.0180730172622637	-0.473777535597506	0.341345133091245	0.449037950439886	1.05509464207509	1.64766972436443	0.291382042246743	0.257326966298842
snp1804	14	24	200	0.4475	179	0.177458530658541	-0.511553779543537	0.324761769244566	0.452437401583938	1.13066200484893	1.18107911757424	0.258197379097014	0.497841293258672
snp1805	14	25	200	0.46	184	0.26203331658177	-0.530883771673567	0.345441403230814	0.463303991036622	1.14586487909534	1.14843810787711	0.25185106512272	0.517133072585099
snp1806	14	26	200	0.4925	197	0.0342046560385418	-0.438385590829549	0.326052523392226	0.451079004563216	0.971859887945887	1.33168908184595	0.331120257405259	0.412014018241326
snp1807	14	27	200	0.475	190	-0.248580370393859	-0.119180350343863	0.368125279326022	0.467591576825758	0.254881302937315	1.35356196877736	0.798814777542648	0.400090302277164
snp1808	14	28	200	0.4475	179	-0.0367317508594346	0.0412803429291589	0.321365180804685	0.478207166547009	0.0863231373700062	0.114993188044076	0.931209546163393	0.993410092658126
snp1809	14	29	200	0.4425	177	0.0526306006791833	0.474460850877283	0.329909841779664	0.456187997975879	1.04005553189142	1.74639770217702	0.298314101622884	0.217631401274368
snp1810	14	30	200	0.4475	179	-0.0340522359354777	0.311503409867633	0.345170665766872	0.458372433189987	0.679585828710865	0.886088048181745	0.496766745217759	0.675315010624527
snp1811	14	31	200	0.435	174	-0.341175293777785	0.521459859313752	0.329061106840378	0.47360921850139	1.10103401484408	1.15772838556027	0.270881853323247	0.511622870009061
snp1812	14	32	200	0.485	194	0.0260570566177652	-0.167217901973829	0.318716070532244	0.452644649919987	0.369424231576333	0.425116647340717	0.711811539191779	0.913600327212554
snp1813	14	33	200	0.4475	179	0.0359404381956169	0.232772546874865	0.351451485695628	0.459612269521145	0.506454162151466	0.878606534509984	0.612537860485322	0.67978770965225
snp1814	14	34	200	0.4375	175	0.062286956677536	-0.0759024387149492	0.347975544968353	0.46019853967336	0.164934114673252	0.185181961406605	0.868995840477505	0.982999979769636
snp1815	14	35	200	0.455	182	0.142126847205434	-0.3576522544466	0.349620959963187	0.46002391655252	0.777464478644704	0.814758107320637	0.436884783717074	0.717548034376964
snp1816	14	36	200	0.4625	185	0.447610555761302	-0.785452449194375	0.367488356384983	0.488211474548361	1.60883651888967	1.60884339858292	0.107652093299974	0.274120211533715
snp1817	14	37	200	0.4575	183	0.359523068398724	-0.506719707890048	0.339122127722301	0.449607231352535	1.12702748655911	1.17657559046631	0.259730859845595	0.50049130147883
snp1818	14	38	200	0.4725	189	-0.161769173741949	-0.124935163538796	0.32836097973867	0.459775094368548	0.271731037781378	1.02440816787294	0.785828834233106	0.591729279281246
snp1819	14	39	200	0.465	186	0.596443492305111	-0.540008596203921	0.364876808365671	0.485770203211409	1.11165442555748	1.63942913450783	0.266286762037559	0.260835863872199
snp1820	14	40	200	0.4825	193	0.495513817498524	-0.103648123129302	0.340339562310328	0.473320682523275	0.21898076073235	1.88914780403357	0.826665034773658	0.167891101897819
snp1821	14	41	200	0.48	192	0.411372405209836	-0.185653015751573	0.309137121892033	0.444030269766325	0.418108918225945	1.50054493379047	0.675867484808259	0.324387156472804
snp1822	14	42	200	0.4675	187	0.177061785141397	-0.400479283189259	0.319068713472589	0.451754400418485	0.886497802386149	0.894198955466515	0.375349337852195	0.670456881720357
snp1823	14	43	200	0.4775	191	-0.181718686688585	0.130632407644276	0.324086783094908	0.488098407540544	0.267635389966777	0.582119853464219	0.788979987122821	0.844144355323167
snp1824	14	44	200	0.465	186	0.133990406097438	-0.298355054432234	0.367065041381486	0.474325818497086	0.629008674622816	0.649732921392653	0.529343377144617	0.809712174513486
snp1825	14	45	200	0.455	182	0.337351474813426	0.0129844467041499	0.346034215703149	0.468582751991008	0.0277100397933534	1.52334760041116	0.977893416182299	0.313394043332068
snp1826	14	46	200	0.4825	193	0.463471857260471	-0.585313471089254	0.307166686079447	0.434606782856134	1.34676561475343	1.57239007001143	0.178055732338952	0.290484440235918
snp1827	14	47	200	0.44	176	0.00758251726234058	0.176825507566371	0.322748698940412	0.438404628945872	0.403338596108215	0.619512911755278	0.68669915202644	0.825390951806714
snp1828	14	48	200	0.4475	179	-0.202832893010078	-0.357794725393151	0.379938335365856	0.470751594679754	0.760049948713512	1.90947752829854	0.447224728857552	0.16153196736951
snp1829	14	49	200	0.4525	181	-0.102236848762634	-0.0996337486276886	0.31330513858269	0.435729739869908	0.228659509579115	0.70318785447712	0.819133567689291	0.780955913638453
snp1830	14	50	200	0.4675	187	0.300986492643049	-0.431770578353692	0.341347425335599	0.44791142594137	0.963964197712183	0.990585817827667	0.335063875864715	0.612240480755414
snp1831	14	51	200	0.4625	185	0.397494610518089	-0.680961714775301	0.302223520630508	0.435758638253065	1.56270388007738	1.59507063973201	0.118122261357597	0.28023543975474
snp1832	14	52	200	0.455	182	0.0302655012516004	0.0133940902246244	0.323445037962318	0.432320795595852	0.0309818319198913	0.171685920697169	0.975284028744961	0.985370045467384
snp1833	14	53	200	0.48	192	0.25262137946815	-0.186329301204612	0.340322218099175	0.442341266081599	0.421234272025254	0.779596579042641	0.673584020597087	0.737945420537714
snp1834	14	54	200	0.455	182	0.114803285302885	0.27636113092441	0.333423530771835	0.455273647211949	0.60702202426347	1.25967433096373	0.543836296061889	0.452308997446379
snp1835	14	55	200	0.47	188	-0.55120878869572	0.218293986120381	0.296489819360672	0.424420307601056	0.514334451511618	2.09430688292357	0.607018178850679	0.111574733172754
snp1836	14	56	200	0.45	180	0.431035024985688	-0.98967622466986	0.32759059121587	0.447108079358973	2.21350557137947	2.24833420842996	0.0268628095567103	0.0798581489424295
snp1837	14	57	200	0.46	184	-0.437623035078311	0.761515129911722	0.336870470009264	0.449702243767038	1.69337631836726	1.69839429166467	0.0903838596164788	0.236390167966923
snp1838	14	58	200	0.45	180	0.0453008178029068	0.172196655549342	0.35360130105471	0.497415290531321	0.34618287541062	0.640147551357513	0.729205283443909	0.814733312062143
snp1839	14	59	200	0.4325	173	-0.107331961794574	-0.0410763325256205	0.325173741981011	0.461517782567329	0.08900270818845	0.547379872236791	0.929079757840636	0.860869492873082
snp1840	14	60	200	0.4575	183	-0.18537842407263	0.0124999705533365	0.341322989238285	0.467034088174526	0.0267645785818216	0.786013941502802	0.978647505287433	0.734247614267779
snp1841	14	61	200	0.465	186	-0.695851227518758	0.761408140085421	0.347351393028483	0.46525644535741	1.63653431926237	2.01794727387588	0.101727809135989	0.130542608959808
snp1842	14	62	200	0.46	184	-0.578838619172666	0.402081170129	0.378846131750526	0.487399153127063	0.824952541565412	1.62864963350087	0.409398534946493	0.265470962246473
snp1843	14	63	200	0.4475	179	-0.0969798974630923	0.263126787211902	0.359437516477692	0.457633357169252	0.574972919018634	0.632123503285085	0.565309612273225	0.818902654061895
snp1844	14	64	200	0.475	190	0.190248524106671	-0.351507011086254	0.340188880987674	0.462472528460418	0.760060305109213	0.760217939485411	0.447218538635119	0.74903792860299
snp1845	14	65	200	0.4725	189	-0.349003581784462	0.0291838391890646	0.375529396407178	0.501942703999041	0.0581417738649318	1.33651117140071	0.95363569992158	0.409371977576361
snp1846	14	66	200	0.4575	183	-0.000211959316351224	-0.35759629437332	0.30222163964126	0.481830836182798	0.742161496358973	0.947911500055929	0.457989494042858	0.638094998680302
snp1847	14	67	200	0.4425	177	0.30284167638176	-0.335819638982783	0.325219013634048	0.45765839517599	0.733777949935007	0.936416174704712	0.463084081450269	0.645043433222324
snp1848	14	68	200	0.4775	191	-0.200834134694556	-0.591251301359714	0.33886628023696	0.471704005240236	1.25343710206275	2.51195306077601	0.21004667603818	0.0426403585763432
snp1849	14	69	200	0.4775	191	0.00733684963230205	0.0652736193118797	0.338886374372366	0.476527320515505	0.136977706212662	0.222242411552752	0.89104841685771	0.975606602779711
snp1850	14	70	200	0.455	182	-0.14320459005858	0.00421874548567519	0.328854768027984	0.440469687668306	0.00957783385278511	0.610245303655283	0.992358111081094	0.830107834690514
snp1851	14	71	200	0.4525	181	0.373721352221297	-0.53038849692774	0.351574850550049	0.470058404259263	1.12834595046449	1.17672703425312	0.25917384458946	0.500402123611187
snp1852	14	72	200	0.4625	185	0.402996009920078	0.493478118616991	0.313382479069742	0.447637773924278	1.10240499654631	3.04381034041225	0.270285640277403	0.00973146631039726
snp1853	14	73	200	0.4525	181	0.124374124742891	0.124759944260559	0.351316331801094	0.486606236992813	0.2563878856785	0.838198996861625	0.797651341145767	0.703780487362525
snp1854	14	74	200	0.4675	187	0.533388166987928	-0.821574687802681	0.321619004417625	0.437938012411588	1.87600679666633	1.91932048217502	0.0606543466186964	0.15851666382503
snp1855	14	75	200	0.4675	187	-0.258897262454038	0.107048780473642	0.324711313474595	0.426633048576066	0.25091534945764	0.953278804409747	0.801879556818688	0.634847644074687
snp1856	14	76	200	0.4625	185	-0.226593085070114	0.323566572394134	0.343094656465896	0.460802142235165	0.702181137493508	0.734786633812024	0.482566207326032	0.763413313855309
snp1857	14	77	200	0.4575	183	0.0314386093756911	-0.496038653025733	0.318677839939259	0.433896085969754	1.14321992999105	1.53287704144461	0.252947289512425	0.308863449087693
snp1858	14	78	200	0.4625	185	-0.0279696800724449	0.361222525157951	0.328123439982203	0.464159204112408	0.778229801235335	1.00259324388918	0.436433551101798	0.604957781309273
snp1859	14	79	200	0.4575	183	-0.127702618359809	0.602766174801752	0.324821732410446	0.461904959243919	1.30495714050874	1.49965209771977	0.19190744238266	0.324821912915447
snp1860	14	80	200	0.4825	193	-0.518527848970917	0.511117032179208	0.333621558687024	0.462057911440396	1.10617526401805	1.55446276624859	0.268650667134637	0.298741315436786
snp1861	14	81	200	0.465	186	-0.656249849827494	0.50558060767379	0.348293184112605	0.456058322927624	1.10858761315496	1.95785936560727	0.267608124161248	0.147105296228828
snp1862	14	82	200	0.45	180	0.155778310972172	-0.178441571537077	0.360812641532754	0.46640695073613	0.382587719277001	0.440091247358067	0.702025477322372	0.907701087832778
snp1863	14	83	200	0.445	178	0.258360321700244	-0.577345236111854	0.331096822791474	0.451643892899584	1.27831959025342	1.28943790074813	0.201136763146822	0.435471881868954
snp1864	14	84	200	0.4775	191	-0.486795315707686	0.362863177049834	0.334317480499183	0.447584502085422	0.810714346361754	1.5030511921803	0.417529732682864	0.323168492502163
snp1865	14	85	200	0.4325	173	0.0641629586738956	0.467144318006066	0.356414622042615	0.497019892112796	0.939890586713277	1.59035474921979	0.347273686297852	0.282348229298439
snp1866	14	86	200	0.4425	177	0.22248903309211	0.197623917581393	0.324692045665623	0.467470413442173	0.422751711977253	1.39799984268591	0.672476422052079	0.376362772567266
snp1867	14	87	200	0.46	184	0.135547338355143	-0.174964798784002	0.33748369460826	0.452953816228073	0.386275140015386	0.423072126378982	0.699292909861087	0.914392826050016
snp1868	14	88	200	0.48	192	-0.696912880602746	0.703874771571059	0.332457050115467	0.443137845925605	1.58838785277037	2.09899368821523	0.112198662571566	0.110483703163559
snp1869	14	89	200	0.4475	179	0.044718081696746	0.706222702420758	0.347164378067161	0.455851277171553	1.5492392755872	2.51251162381458	0.121324211228562	0.0425805658755714
snp1870	14	90	200	0.465	186	-0.313897186671122	0.204949854538917	0.353910434692305	0.479939115163432	0.427033029948238	0.941578889562994	0.669355270074106	0.641923974147547
snp1871	14	91	200	0.465	186	-0.314014510002543	0.418717552004151	0.347131121134907	0.470879496561134	0.889224430161166	0.964982461650606	0.373882475743533	0.627761114599094
snp1872	14	92	200	0.445	178	-0.330757960452053	0.385553458661959	0.344307368352541	0.461941950612683	0.834636166190562	0.972436288730544	0.403922592640509	0.623244633066814
snp1873	14	93	200	0.44	176	-0.0713539523892331	0.774433791383419	0.33886006167315	0.451702171384549	1.71447878811306	2.34767440315112	0.0864408295012104	0.0635589440043817
snp1874	14	94	200	0.4675	187	0.0437551982365245	-0.0902796838387757	0.338133771204241	0.457941511113467	0.197142389689164	0.197920242272496	0.843716112115048	0.980604352514942
snp1875	14	95	200	0.435	174	0.567679567989643	-0.970439160500724	0.372927453464898	0.483849146768516	2.00566471385141	2.00712811703096	0.0448920323701464	0.133416209940211
snp1876	14	96	200	0.4425	177	0.0766188967412011	0.0345030348023537	0.371617028717121	0.478548587423678	0.0720993347574272	0.395254309877189	0.942522855636123	0.924859925583537
snp1877	14	97	200	0.4575	183	-0.378063561531554	1.13524550073483	0.317245164028062	0.457318777291249	2.48239424468644	2.5685103234844	0.013050279922756	0.0369340037685789
snp1878	14	98	200	0.475	190	-0.25943247413231	0.2218802530048	0.39608020323572	0.499806209932594	0.443932565453165	0.66123695343821	0.657091339170757	0.803629325301533
snp1879	14	99	200	0.485	194	-0.61577263677014	0.777776414396013	0.315146129836437	0.457266987563636	1.70092404557802	2.01779700347254	0.0889572507203056	0.130582198935083
snp1880	14	100	200	0.46	184	-0.370365671691295	0.247333849895556	0.33121996985221	0.455903023520714	0.542514168880739	1.17119479235387	0.587464349335716	0.503662629572443
snp1881	14	101	200	0.4575	183	0.343886842983621	-0.920815860226845	0.336267068648866	0.4796083747128	1.91993282181165	1.99525802680222	0.0548663854416881	0.136623365390856
snp1882	14	102	200	0.4525	181	-0.149942825017674	0.928847494431397	0.367558983846661	0.508783558683045	1.82562403713607	2.24872177118105	0.0679069125379486	0.0797885872164675
snp1883	14	103	200	0.465	186	-0.517460810951	0.513114095252387	0.315083626781439	0.445959178625249	1.15058534468145	1.64229718525934	0.249902865014188	0.259611233601504
snp1884	14	104	200	0.4725	189	0.239628993430477	0.170946516630686	0.353600444557565	0.464840447690676	0.367753102123421	1.44809587525804	0.713057341144244	0.350466262682302
snp1885	14	105	200	0.4825	193	-0.222568733368095	0.688811058853207	0.319351833771809	0.447588846533864	1.53893704945369	1.63853586179916	0.123819665145414	0.261218022475903
snp1886	14	106	200	0.475	190	0.155419858254408	-0.401897312386658	0.341029860397379	0.455469083043669	0.882381104115744	0.92817808634067	0.377570750611945	0.650016663685706
snp1887	14	107	200	0.4375	175	-0.441493842321541	0.216709467698996	0.351579948534773	0.467190228548443	0.463857021094621	1.43855525166906	0.642750187030567	0.35532564289179
snp1888	14	108	200	0.4425	177	0.294713311759072	-0.333117025309464	0.33529215419323	0.456074613955884	0.73040027906856	0.887761163658408	0.465145547841928	0.674313635422175
snp1889	14	109	200	0.465	186	-0.243493339554032	0.466351448091045	0.342586909298415	0.461759698260033	1.00994402466979	1.01048338666975	0.312522108704182	0.600172396601338
snp1890	14	110	200	0.44	176	0.0974548899915598	-0.621947158679923	0.318429099753024	0.430743799261302	1.44389114769968	1.82187789457433	0.148769597109422	0.190211335782583
snp1891	14	111	200	0.4575	183	0.297717492211076	-0.512682608959467	0.338444346413669	0.466937493120201	1.09796839301463	1.10392206997518	0.272218291115143	0.543719403118617
snp1892	14	112	200	0.42	168	-0.759099907578787	1.21557913816299	0.382805666847027	0.513767348406544	2.36601088397914	2.38303412050709	0.0179809157968562	0.0584592230453709
snp1893	14	113	200	0.4475	179	0.115864357862869	-0.0700602500461296	0.334977185604606	0.438638023191602	0.159722245546247	0.379182685854326	0.873099876459385	0.930633488193036
snp1894	14	114	200	0.45	180	-0.0197816908363261	-0.503513068074974	0.323323022230168	0.449762419030232	1.11950898245486	1.62632396950583	0.262923061001452	0.266477670495882
snp1895	14	115	200	0.4825	193	0.480937824320897	-0.257357854451993	0.361043758326967	0.469258928950983	0.548434645723865	1.52816081979292	0.583393492710308	0.31110097359005
snp1896	14	116	200	0.4475	179	-0.410334998959595	0.682653150021205	0.354017101307864	0.482065631055465	1.41610002050252	1.42972723881385	0.156746222110124	0.359852883246769
snp1897	14	117	200	0.48	192	0.147419705343267	0.357782585709232	0.400236461869036	0.50124032156791	0.713794501986724	1.7076691014386	0.475354259907108	0.232685649523982
snp1898	14	118	200	0.475	190	-0.390678691957487	0.432845618456885	0.344251988161316	0.455182632561294	0.95092735858853	1.14541094197222	0.341641252492286	0.518931643286286
snp1899	14	119	200	0.455	182	0.309742056430599	-0.0606843666685186	0.356455779595872	0.48665899484811	0.124695869820425	1.15252653626081	0.900764327286381	0.514706363754502
snp1900	14	120	200	0.48	192	-0.302017342058984	0.424721744361755	0.346211628252124	0.476177319860178	0.891940305948356	0.95452948282018	0.372424929186868	0.634090705106725
snp1901	14	121	200	0.4875	195	0.479677932542472	-0.30662567672159	0.369028552640226	0.502655992770814	0.610010983916382	1.38660503448611	0.541854531521683	0.382381391711542
snp1902	14	122	200	0.48	192	-0.0224609002859799	0.0399849433943896	0.337988129023177	0.461937760199201	0.0865591576171363	0.0866892168287503	0.931021931498735	0.996249540450425
snp1903	14	123	200	0.455	182	-0.054664798364719	-0.114457836608153	0.314801823683855	0.455019302237887	0.251545013684526	0.544555972147377	0.801392764766701	0.862197769722912
snp1904	14	124	200	0.46	184	-0.191823353849288	0.31496330729832	0.362280116291199	0.524451200049627	0.600557892266271	0.618468984940038	0.548134490883169	0.825924476321377
snp1905	14	125	200	0.46	184	-0.0514973886065537	0.341657451211426	0.340372838809334	0.466296963554114	0.73270357286334	0.915107918935994	0.463739244360367	0.657894133690081
snp1906	14	126	200	0.455	182	-0.0461936492281921	-0.74635402171819	0.335036388276359	0.471779160968505	1.58199870504245	2.35859323208036	0.113649866109547	0.0619466952848218
snp1907	14	127	200	0.455	182	-0.170691667838843	-0.19821213351147	0.350705071333279	0.462002905951989	0.429027893456731	1.27130518873671	0.667902925635336	0.445700337651386
snp1908	14	128	200	0.4875	195	-0.0294725815345517	-0.394353866222214	0.318273386895452	0.441947684811153	0.892308931068898	1.28209468456032	0.372227368527572	0.439602930543274
snp1909	14	129	200	0.46	184	-0.0424833014721925	0.63396699806336	0.354166508953505	0.496869599679051	1.27592229122664	1.68452875687811	0.201982990300648	0.241999754721218
snp1910	14	130	200	0.465	186	1.03887672062869	-1.61010101056705	0.330898937765304	0.446239084587697	3.60815774811547	3.69433961873844	0.000308378977334821	0.00108728381095238
snp1911	14	131	200	0.4675	187	-0.1243540885304	0.585139381314061	0.343138688564282	0.468965881658035	1.24772271118166	1.46173188737128	0.212132621209929	0.343581801224531
snp1912	14	132	200	0.4675	187	0.251969366937085	-0.237127105974403	0.328827226115607	0.489794179448304	0.484136226856553	0.767954552923448	0.628289192729269	0.744623097750164
snp1913	14	133	200	0.4575	183	0.0985544176608513	-0.0582381169492999	0.345641273754367	0.444413662020762	0.1310448393609	0.314966046002043	0.895739836543477	0.951608274660695
snp1914	14	134	200	0.475	190	-0.268053048355496	0.735267488154468	0.345709785153265	0.440598262748541	1.66879343456264	1.81958662447759	0.0951583243234796	0.191006514919914
snp1915	14	135	200	0.45	180	-0.509132811698186	0.722434020035681	0.349064665114654	0.470405701277313	1.53576799361493	1.60762687891954	0.124595292203966	0.274657038897633
snp1916	14	136	200	0.475	190	-0.0140353974822856	0.198402548742878	0.339183620206812	0.452934441091839	0.438038114886143	0.583183715798136	0.661358653951677	0.843621265054728
snp1917	14	137	200	0.4775	191	0.162288095858181	-0.493673479914421	0.386672198325589	0.509504395678831	0.968928794533132	1.06531675723647	0.332580717573152	0.566969427407462
snp1918	15	1	200	0.4625	185	-0.159382687796729	0.00997057238062127	0.338734137179664	0.446184762394584	0.0223462861598213	0.69106947093284	0.982171727071487	0.787581432855603
snp1919	15	2	200	0.4775	191	0.131540921177735	-0.0594622427846395	0.331003863368694	0.457025122813604	0.13010716439081	0.453898601928367	0.896481641940351	0.902116174710755
snp1920	15	3	200	0.4675	187	0.542724398931609	-0.832454687160314	0.339397635116703	0.451193424078679	1.84500624950409	1.87135459593738	0.0650366295186446	0.173603031931019
snp1921	15	4	200	0.475	190	-0.0828210934231952	-0.604803383846897	0.33200819875984	0.470162472595688	1.28637102937604	2.16382784132605	0.198313604093632	0.0962240970638097
snp1922	15	5	200	0.4425	177	0.194481100453271	0.201942289488697	0.358009839747568	0.483020869651902	0.418081913591499	1.29086250789308	0.675887228129248	0.434672238269114
snp1923	15	6	200	0.4475	179	-0.506948172534375	0.582466946756063	0.346328443913569	0.473551555930341	1.22999690205166	1.48361930384046	0.2186982649449	0.332683690312501
snp1924	15	7	200	0.4775	191	0.593819057212781	-0.565216259511817	0.33349429353158	0.464060175164183	1.21798053304584	1.78234379403198	0.223231370502235	0.204257321509207
snp1925	15	8	200	0.4825	193	0.0232667858194723	-0.251202475088008	0.322755870060739	0.454102396217022	0.553184649939514	0.713078090248381	0.580136976867579	0.775505517678402
snp1926	15	9	200	0.4125	165	-0.27463547372559	0.438445931401002	0.397608810154511	0.515694310263693	0.850205097622288	0.851807436967073	0.395211068106679	0.695733944877303
snp1927	15	10	200	0.4625	185	0.044636585122335	0.456215702623068	0.345442219050263	0.444984965172842	1.02523846495772	1.74303007729228	0.305250682819936	0.218913867596762
snp1928	15	11	200	0.465	186	0.431652623522031	-0.101609062733216	0.327553222707081	0.429535350036456	0.236555763628285	1.72348940337444	0.813001441683451	0.226455264391426
snp1929	15	12	200	0.46	184	0.204987444466671	0.120606803112427	0.312115210190675	0.434916664450012	0.277310144611139	1.20279220781404	0.781541970642079	0.485122158002468
snp1930	15	13	200	0.4675	187	0.244952865903262	-0.125164292501504	0.343921498689596	0.464692628737268	0.269348564537422	0.799265812301956	0.787661463442871	0.726575470280126
snp1931	15	14	200	0.4575	183	0.0457386192300277	0.0625478423843679	0.350860872278337	0.467164044188352	0.133888391374465	0.366428565543623	0.893490829974186	0.935069008230175
snp1932	15	15	200	0.46	184	0.0849778314083445	0.420157063031944	0.354841476828271	0.471075547635337	0.891910151441761	1.58901998255074	0.372441093044268	0.282947969252733
snp1933	15	16	200	0.4625	185	0.202569383754243	-0.673573952849851	0.333383646716601	0.477859927498433	1.40956358566404	1.50543046836955	0.158668585677837	0.32201393835826
snp1934	15	17	200	0.49	196	0.230490524111217	-0.517624820133851	0.327785232493743	0.45352165035131	1.14134533540545	1.15327987946282	0.25372624318951	0.514259518990429
snp1935	15	18	200	0.4725	189	-0.457255100091685	0.837915617183063	0.364048283116903	0.466557916843764	1.79595198566452	1.81023357390263	0.0725021535608729	0.19427651570929
snp1936	15	19	200	0.475	190	0.295583332732677	0.0228909521255312	0.363999503890294	0.46687720824963	0.0490299199041043	1.33784885763801	0.960895451970985	0.408640377255109
snp1937	15	20	200	0.4525	181	0.0891257366102615	0.387625513959401	0.333036966452756	0.447425337914635	0.86634680942758	1.58225906647821	0.386300003676939	0.285997595160818
snp1938	15	21	200	0.4725	189	0.385457181583799	-0.648031944103927	0.305590918076414	0.434497921608521	1.49145004354658	1.52997238776958	0.135843377752921	0.31024041380432
snp1939	15	22	200	0.46	184	-0.324553778055912	0.273610110490907	0.349467215077127	0.480598696965159	0.569310970293251	0.941545708872184	0.569145123291722	0.641944029249041
snp1940	15	23	200	0.4775	191	0.151905149213777	0.658061629558102	0.313690778154533	0.443440160024176	1.48399195400395	2.53949355360248	0.137811055152453	0.0397751173509011
snp1941	15	24	200	0.48	192	0.270474306222958	-0.387579627912993	0.348132540736952	0.477217263383683	0.812165983193652	0.858540111990693	0.416696395705359	0.691739691871904
snp1942	15	25	200	0.455	182	-0.617349937574643	0.376934587826718	0.316041050808943	0.460502455405173	0.818528942468008	2.07187316872966	0.413055222630137	0.116912531983818
snp1943	15	26	200	0.47	188	-0.162691922459109	0.619959236880014	0.317913583004405	0.456380068715284	1.35842750237802	1.48969194979797	0.174328072381682	0.329693760901301
snp1944	15	27	200	0.4375	175	-0.357707564339273	0.336462135021326	0.310315122599644	0.432240905660674	0.778413450959827	1.15403736781506	0.436325311571753	0.513810312660157
snp1945	15	28	200	0.455	182	-0.00522400289744608	0.371384978905755	0.334897862990709	0.429154283479543	0.865388027575072	1.26168185613316	0.386825850005823	0.451165721720766
snp1946	15	29	200	0.455	182	-0.128794963947184	-0.0231417641254827	0.32843293382131	0.458959294912195	0.0504222583179409	0.601701747802259	0.95978589937148	0.834416586903269
snp1947	15	30	200	0.475	190	0.468865189222712	-0.235233557970218	0.32648578411757	0.43220337267364	0.544265900830544	1.60507106579237	0.58625850842306	0.275786968896038
snp1948	15	31	200	0.475	190	0.607073469756376	-0.666659461491984	0.313615626982942	0.44057345365051	1.51316302870308	1.94634839813257	0.130238252802306	0.150448259672089
snp1949	15	32	200	0.48	192	-0.133772711495856	-0.227546475041272	0.310171033918063	0.445582304522222	0.510672153566018	1.16917800015781	0.609580642662426	0.504852688588512
snp1950	15	33	200	0.48	192	-0.272850210164337	-0.11804127706368	0.309875700095592	0.415797603437881	0.283891191502056	1.55793188588007	0.776493767068277	0.29713286582913
snp1951	15	34	200	0.4775	191	0.111587652717991	-0.224284200404779	0.366312285826123	0.479235110131861	0.468004525676484	0.476051526847814	0.639781353303427	0.892871569045057
snp1952	15	35	200	0.4775	191	0.459605186179811	-0.648160979394254	0.339175564777931	0.455911334130399	1.42168209226592	1.49390518397318	0.155118561070677	0.327628036438506
snp1953	15	36	200	0.47	188	0.349857198768299	-0.337851908415014	0.351023510398252	0.486881054324137	0.693910566891954	0.997738249486725	0.487738296401275	0.607902478403044
snp1954	15	37	200	0.45	180	0.322204906047108	-0.546140881001059	0.323259670511146	0.444781412108685	1.22788602700781	1.23627872985539	0.219489755569146	0.465709817081537
snp1955	15	38	200	0.4225	169	-0.155924901803874	0.0698849570080748	0.34683506751124	0.466242112998302	0.149889842765725	0.522814283051332	0.880851525481515	0.872260302758615
snp1956	15	39	200	0.47	188	-0.56743254122466	0.415069592459486	0.311961107264682	0.455019102593428	0.912202564889593	1.88543680169488	0.361662093994509	0.169071095922147
snp1957	15	40	200	0.4425	177	0.1310667959638	-0.339981649535624	0.334005494532878	0.47755504372256	0.711921387920969	0.720516956425036	0.476513457078924	0.771381402510737
snp1958	15	41	200	0.4625	185	0.0913896517944442	0.103165989964195	0.335922302913462	0.445142138744906	0.231759658285946	0.676168905022375	0.816724691994076	0.795644982858852
snp1959	15	42	200	0.4425	177	-0.316762529937063	0.263334117795669	0.35782744229925	0.474709521229499	0.554726850882688	0.910085206222685	0.579081507388349	0.660916651726067
snp1960	15	43	200	0.42	168	-0.690786696931585	0.497185775699997	0.331259279166241	0.446705109108537	1.11300669180212	2.15887641226341	0.265705555492297	0.0972593962402743
snp1961	15	44	200	0.4675	187	0.0544497708766676	0.689446782095983	0.33388216654108	0.473138718575754	1.45717683847849	2.22866209856708	0.145067572324105	0.0834533592705528
snp1962	15	45	200	0.4525	181	0.265695997577648	0.148258916588765	0.324596522462054	0.453059364522461	0.327239492654643	1.55468275014935	0.743486752909124	0.298639169056213
snp1963	15	46	200	0.46	184	0.52584049397089	-0.989241525946928	0.328940756479392	0.455142898412827	2.17347459313681	2.17374217961018	0.0297446160100989	0.094177165456201
snp1964	15	47	200	0.4625	185	0.15520772984842	-0.0188247308879911	0.329673670566565	0.439866733463518	0.042796441412527	0.642605920348972	0.965863800733789	0.81344970113298
snp1965	15	48	200	0.44	176	-0.0980935480147919	-0.0221887265052312	0.347973160056012	0.494060297083466	0.0449109686332125	0.46287334589924	0.96417827396246	0.898412585222064
snp1966	15	49	200	0.4575	183	-0.134690161257837	0.215951001661042	0.375300276508772	0.505930378594414	0.426839365252194	0.430695054726204	0.669496332098146	0.911422133681147
snp1967	15	50	200	0.4475	179	0.186946863983199	0.0547456182731325	0.359679696333864	0.480374393737874	0.113964480594287	0.921305653880813	0.909265950328207	0.65416082109694
snp1968	15	51	200	0.435	174	0.00407014799281169	-0.241033595548253	0.341672235230438	0.469678755448148	0.513188200982753	0.722202837315807	0.607819678666169	0.770443875055305
snp1969	15	52	200	0.45	180	-0.114010431372736	0.542543286631498	0.384109071425062	0.484060449887728	1.12081721767877	1.39960672263186	0.262365673701254	0.375517768614698
snp1970	15	53	200	0.485	194	-0.450442609221656	0.250771424945525	0.345643421010161	0.460999200882649	0.543973665172059	1.4221394062024	0.586459595091644	0.363767538687109
snp1971	15	54	200	0.455	182	-0.223343244339129	0.582962841424041	0.334078736706106	0.480170772154557	1.21407398207152	1.24104435965865	0.224719474294972	0.462968828914844
snp1972	15	55	200	0.4475	179	-0.369902130861896	-0.040115972507622	0.35345302552877	0.476239175811023	0.0842349276270805	1.64132533834716	0.932869648629212	0.260025797131972
snp1973	15	56	200	0.475	190	-0.33713714286589	0.804826030775716	0.362361512552543	0.48656046538516	1.65411308158508	1.72398584366023	0.0981045386246605	0.226261562084833
snp1974	15	57	200	0.4475	179	0.377699008733327	-0.146070875334672	0.385768457092146	0.490462668984224	0.297822616422965	1.23478916065813	0.765838552006764	0.466567704817958
snp1975	15	58	200	0.4775	191	-0.0325229373207262	-0.174483998626098	0.35627366898521	0.475794573100961	0.36672128790564	0.648843853136087	0.713826925782589	0.81017972527197
snp1976	15	59	200	0.4675	187	-0.104017401607378	-0.363886299710626	0.321055678724548	0.449929790070206	0.808762406360883	1.52328015088847	0.418651824036206	0.313426245219515
snp1977	15	60	200	0.465	186	-0.0095008239137683	-0.522951381012077	0.348166500479998	0.476440255830817	1.09762215642369	1.66371629197027	0.272369513839528	0.250580275157307
snp1978	15	61	200	0.4525	181	0.157642322227143	0.0673270142324566	0.330323034377195	0.451564520613333	0.149097219022013	0.87585753416843	0.881476920263134	0.681429003505708
snp1979	15	62	200	0.4325	173	0.0973286847067184	-0.452988708880194	0.324139151130232	0.442372866375206	1.02399749919559	1.14121523573374	0.30583645611243	0.521426941615132
snp1980	15	63	200	0.445	178	-0.312385213091707	0.556813676152317	0.375964757828628	0.533204498849272	1.04427790341979	1.05709113876305	0.296356833039548	0.571940200398337
snp1981	15	64	200	0.45	180	-0.0105559215482085	0.302327594674436	0.344018737519868	0.467553221533111	0.646616429426155	0.892955472626531	0.517880222159483	0.67120227254093
snp1982	15	65	200	0.445	178	-0.255326629397138	0.415711548625257	0.332133808564839	0.469454854215148	0.885519757422169	0.90650718290583	0.375876368395697	0.663068062078496
snp1983	15	66	200	0.46	184	0.110643886147697	-0.248825755267826	0.35147151553068	0.455446294374514	0.546333911025777	0.561952492123463	0.58483643009189	0.8539391832675
snp1984	15	67	200	0.4625	185	-0.234782312640101	0.929315578420447	0.319428945345955	0.456304593318287	2.03661236820428	2.26936781385357	0.0416889023719066	0.076152670045805
snp1985	15	68	200	0.47	188	0.421252358691784	-0.574696151321972	0.329491267723897	0.449129988237818	1.27957643972253	1.37773973346493	0.200694140265406	0.387095677980832
snp1986	15	69	200	0.47	188	0.35134844479647	-0.708140045052784	0.314722415344477	0.427520105529616	1.65639004082751	1.66080064118407	0.097642856633158	0.251797676524504
snp1987	15	70	200	0.43	172	0.646340989536144	-0.851917668454443	0.347482348879191	0.454497072154225	1.87441838605588	1.99367399446613	0.0608727812849838	0.137055681954234
snp1988	15	71	200	0.4575	183	0.0930226196479241	0.24862289156435	0.346859055638558	0.476770878755831	0.521472477960797	1.11117552424411	0.602037673186437	0.539368902025154
snp1989	15	72	200	0.46	184	-0.71174187030066	0.610101754513393	0.310483519950018	0.421859516545906	1.44622020029031	2.2984714287114	0.148115449653876	0.0712553443445843
snp1990	15	73	200	0.4725	189	-0.0361075701699546	-0.322555393851513	0.327626063514449	0.462536824283448	0.697361543810505	1.14782224127712	0.485576561733632	0.517498864118452
snp1991	15	74	200	0.455	182	0.126394857786565	-0.191134727155228	0.346234482401888	0.468960501624617	0.407571056609418	0.417435078876649	0.683588617085087	0.916561580937569
snp1992	15	75	200	0.445	178	0.0950446299994668	-0.538101345432549	0.327984025407238	0.473594840486473	1.13620609734645	1.33644705084575	0.255870319293448	0.40940706053144
snp1993	15	76	200	0.4875	195	-0.134558396958722	-0.205999880696688	0.356674165431262	0.499175428177654	0.412680330537772	1.04116330704334	0.67984083767947	0.581577804704143
snp1994	15	77	200	0.4725	189	0.248494133775834	-0.393131088234588	0.355558876819846	0.493674787308253	0.79633616773934	0.81605298633425	0.425836668940471	0.716790810015494
snp1995	15	78	200	0.455	182	-0.0243538716180035	0.201839693937937	0.358783676379346	0.4869145293251	0.414527975202755	0.521300031639016	0.678487483611905	0.872950119644732
snp1996	15	79	200	0.465	186	-0.0167564723077656	0.0678727321030926	0.321537826585291	0.446145890655357	0.152131250168846	0.175984025537567	0.879083416994515	0.984634090431235
snp1997	15	80	200	0.4775	191	-0.0839319457314418	0.128082884773137	0.325408271965567	0.451997793613792	0.283370597340962	0.294774925532005	0.776892764975416	0.95748413394103
snp1998	15	81	200	0.4675	187	-0.155646236659394	-0.12471708024878	0.328603267128681	0.43045449970006	0.289733480160349	1.03967250545576	0.772020140923725	0.582480564770175
snp1999	15	82	200	0.4475	179	0.474352369690747	-0.575178872525836	0.323326986063844	0.459707825957744	1.25118355626755	1.50303845169085	0.210867516157118	0.323174681085092
snp2000	15	83	200	0.485	194	-0.315675173260899	0.128959644238202	0.319651053140545	0.456238742889965	0.282658249102936	1.14482644815918	0.777438823925019	0.519279088173444
snp2001	15	84	200	0.465	186	-0.0367713023361083	0.280401905932944	0.345587340870648	0.462485635756585	0.606293221354284	0.786200749161457	0.544320059118988	0.734139797281598
snp2002	15	85	200	0.435	174	-0.255245191127469	0.219706476723233	0.392724071059212	0.521225665477194	0.42151891450335	0.661690768653815	0.673376202438899	0.803388126153986
snp2003	15	86	200	0.445	178	0.548473211996631	-0.86584706594693	0.336468736314569	0.459059499439914	1.88613255363047	1.930749083994	0.0592770944907641	0.155067307765368
snp2004	15	87	200	0.475	190	0.0374420839240329	0.340365894243875	0.322826599533887	0.44792810192752	0.759867248291001	1.18575900302705	0.447333940523325	0.495091736842485
snp2005	15	88	200	0.485	194	-0.120167169306012	0.152549069994831	0.353106024378381	0.460338365916008	0.331384653745469	0.360120835183768	0.740353955206547	0.937214118444937
snp2006	15	89	200	0.46	184	-0.544685082630749	0.628298711026106	0.344086517594415	0.472250395559847	1.3304355421053	1.60794374494793	0.183374810695474	0.27451714980626
snp2007	15	90	200	0.4475	179	-0.653868246932921	0.463865580477374	0.333525945024818	0.450386224135305	1.02992843834855	2.04954825242077	0.30304359982386	0.122416756409838
snp2008	15	91	200	0.415	166	0.318488512784034	0.063192380459156	0.350417678329436	0.484767455981737	0.130356070069061	1.43145230120159	0.8962847209606	0.358965912840239
snp2009	15	92	200	0.4575	183	-0.514211552284814	0.851598136678451	0.359405378586676	0.478455258646627	1.77989084932896	1.7897829090586	0.0750938255457257	0.201561359403954
snp2010	15	93	200	0.48	192	0.992702628980629	-1.19029653239234	0.362275051969411	0.470965125959396	2.52735599046236	2.8301864452684	0.011492494538873	0.0182246964395819
snp2011	15	94	200	0.465	186	-0.123443449381106	0.143251852250611	0.341553752007125	0.449951068764233	0.318372067976291	0.367599944157211	0.75020272336448	0.934667096635466
snp2012	15	95	200	0.435	174	-0.193029017231627	0.320462897082556	0.350504753948463	0.468867529323048	0.683482811328907	0.686511779752069	0.494301807945476	0.790057768217024
snp2013	15	96	200	0.4775	191	0.26942522341164	-0.45013199716731	0.323840795579259	0.45051528786798	0.999149217105409	1.01351368445029	0.317722412115759	0.598334693013789
snp2014	15	97	200	0.48	192	-0.255334006992318	0.651543546756363	0.334459951010478	0.448851070623042	1.4515806898978	1.50350374328903	0.146618231190006	0.322948712549987
snp2015	15	98	200	0.46	184	-0.0789353673300293	0.501316356594196	0.327928819286193	0.468216560059295	1.07069334867333	1.28324649512685	0.284307334460296	0.438953943536719
snp2016	15	99	200	0.46	184	-0.0424152316340427	-0.25012202318881	0.317822167020712	0.459146207711396	0.544754631505153	0.892671974694586	0.585922285468399	0.671372182616943
snp2017	15	100	200	0.4475	179	-0.529356884236366	0.454864442194498	0.335650884450278	0.432753309822701	1.05109408032224	1.59210168109203	0.293215382618541	0.281564456784928
snp2018	15	101	200	0.48	192	0.192535308153321	-0.208074571917498	0.325873846060591	0.446564935554066	0.465944715653356	0.593764192816912	0.64125507301058	0.83838491487125
snp2019	15	102	200	0.47	188	-0.314473648317188	0.236098332168816	0.311741836394627	0.433311276165185	0.54487003952053	1.03536807341518	0.585842903422896	0.585087702769041
snp2020	15	103	200	0.465	186	-0.104423267502309	-0.435989787666169	0.340728837524189	0.467792352726658	0.932015637119505	1.68473578830604	0.351328444259869	0.241915366742061
snp2021	15	104	200	0.4825	193	0.509722817608008	-0.181002543230809	0.352230788379054	0.485617550596555	0.372726527302106	1.6834556006115	0.709351990958656	0.242437488888322
snp2022	15	105	200	0.45	180	-0.0340281158261688	0.623786838795097	0.330981263487456	0.446177424312111	1.3980690299533	1.94708301076494	0.162092338907738	0.150233260101951
snp2023	15	106	200	0.4525	181	0.440401181118855	-0.51096790725056	0.355118421356441	0.471665192045735	1.08332757190404	1.26183633245606	0.278663051278227	0.451077792719834
snp2024	15	107	200	0.4625	185	-0.200498402270215	0.24528049913566	0.315624084365631	0.434437309004172	0.56459354215663	0.654091866221206	0.572350258744756	0.807414521893713
snp2025	15	108	200	0.4725	189	-0.239620283857782	0.797276822429857	0.315001231020527	0.453771128174821	1.75700209406601	1.86183033150676	0.0789174522689384	0.17671693008411
snp2026	15	109	200	0.4825	193	-0.118195376865864	0.147403946484202	0.308687769148618	0.436848468301751	0.337425805925874	0.393965844298966	0.735795933833287	0.925330282316761
snp2027	15	110	200	0.4325	173	0.638445235673259	-0.386861328824323	0.349713366877376	0.456631726381079	0.847206417062379	1.98742053796338	0.396880077361587	0.138772386203956
snp2028	15	111	200	0.465	186	-0.691739497309167	0.957790869568406	0.370753874359819	0.494240717997978	1.93790360585452	2.0342576419688	0.0526349839722254	0.12629913771135
snp2029	15	112	200	0.4775	191	0.425914373217711	-0.371783310613059	0.320509618426337	0.4420021204927	0.841134676455018	1.33731502615475	0.400272490707707	0.408932268398921
snp2030	15	113	200	0.47	188	-0.204614919850176	-0.288193663706444	0.311577459398007	0.419948767294019	0.686259101469562	1.75698178977266	0.492549734490334	0.213633680347572
snp2031	15	114	200	0.4775	191	-0.474361534315516	0.646427984211998	0.327575761923899	0.470785163472884	1.37308486835786	1.53240644453486	0.169725964561295	0.309086299204461
snp2032	15	115	200	0.47	188	-0.224685126535632	-0.316344178560612	0.31332543894503	0.447416192618069	0.707046780559091	1.9516983876294	0.479537406955005	0.148887647940281
snp2033	15	116	200	0.48	192	0.0423620556370041	0.396504074392657	0.356707693028177	0.483957661280348	0.819294963414102	1.42665134119513	0.412618145464417	0.361437181355675
snp2034	15	117	200	0.455	182	-0.328965609906206	-0.0415505033947416	0.328792722812275	0.4537220497287	0.0915769983398129	1.56437030920032	0.927034127306914	0.294161238367778
snp2035	15	118	200	0.46	184	0.0687765902413289	0.491295581009516	0.329783761971115	0.456376951998974	1.07651269166332	1.74069329733852	0.281698027881784	0.219806739020303
snp2036	15	119	200	0.4775	191	0.205318291209085	0.292264769147596	0.339497357015481	0.461725932770486	0.632983223172944	1.72907276455592	0.526744598774884	0.224283071571997
snp2037	15	120	200	0.4475	179	0.132015414948402	-0.298411028130721	0.324418313276428	0.449203584194751	0.664311324820922	0.670985040821163	0.506491074283365	0.798428017530809
snp2038	15	121	200	0.45	180	0.77826431818626	-0.865738826320826	0.330988351259066	0.446740355392727	1.93790154811459	2.3696218471456	0.0526352350691419	0.0603524431504464
snp2039	15	122	200	0.455	182	0.372275862573898	-0.702739254323217	0.362556298172983	0.468914316976493	1.49865173418974	1.50846502341231	0.133964004121716	0.320544757485997
snp2040	15	123	200	0.4425	177	-0.783201903808468	0.852862319918419	0.33177286077109	0.452006706744892	1.88683554290659	2.37643905071856	0.0591824488987537	0.0593839506089713
snp2041	15	124	200	0.465	186	-0.782602177995847	0.377695350833054	0.332478108680804	0.457293425216673	0.825936543159561	2.69503607177666	0.408840089572464	0.0264735352689433
snp2042	15	125	200	0.46	184	0.0822556456834694	-0.144311070135407	0.30771157342479	0.437291897186052	0.330010848735228	0.33390941546625	0.74139176481435	0.945777679292453
snp2043	15	126	200	0.4825	193	-0.78389553736288	0.558851988071243	0.309314786329692	0.42570606720853	1.31276491250356	2.64880977855085	0.189262176686368	0.0299538737722717
snp2044	15	127	200	0.475	190	-0.534615265026736	0.599921511112441	0.362000365551195	0.477029980042664	1.25761804542932	1.48828782644025	0.208529924002802	0.330383781118328
snp2045	15	128	200	0.4825	193	-0.298402094864023	-0.321556472397351	0.323144916623436	0.449846863996373	0.714813191183974	2.06550304815395	0.474724483017836	0.1184633770071
snp2046	15	129	200	0.46	184	-0.0132563848971388	-0.282695667907921	0.32276834086741	0.449755514148502	0.628554089977383	0.960375071035327	0.529641024603899	0.630551693689336
snp2047	15	130	200	0.445	178	0.276250862572455	0.0236058450522164	0.33040650353704	0.47360022212142	0.0498433994529766	1.18049915374478	0.960247181881124	0.498182339201749
snp2048	15	131	200	0.4525	181	-0.616739530010467	0.806703525569304	0.322365392264024	0.456020743823757	1.76900620529902	2.01123738621478	0.0768928390426615	0.132319224058307
snp2049	15	132	200	0.455	182	0.117313292582757	-0.384000449387403	0.331313507448978	0.440213936187104	0.872304163546952	0.975516959945147	0.383042466872864	0.621377389189598
snp2050	15	133	200	0.46	184	0.501626935713273	-0.915678055437686	0.343792798733608	0.467748859672111	1.95762755269905	1.95762850023233	0.0502737318701959	0.147171799215048
snp2051	15	134	200	0.4725	189	-0.174560767979774	0.497142385410786	0.336489623079557	0.467838990527287	1.06263564063028	1.12522051794637	0.28794721769285	0.530964238745313
snp2052	15	135	200	0.45	180	-0.382584595117717	-0.245108011733453	0.326410800048453	0.485442357640632	0.504916820453694	2.11802023538893	0.613617259502422	0.106139091745216
snp2053	15	136	200	0.475	190	0.427720405716607	0.0436856515211207	0.327412186260958	0.44800793564205	0.0975108877446865	1.99814076776226	0.922320688265898	0.135839224698446
snp2054	15	137	200	0.4425	177	0.212433116709086	0.0199369413178516	0.337466466523667	0.456614959648836	0.0436624795061123	0.973280029664511	0.965173447694003	0.622733258692285
snp2055	16	1	200	0.4425	177	0.104111947297445	0.140134431485246	0.341490556761154	0.475467479993293	0.294729792008536	0.76342210085909	0.768200302816642	0.747211761041071
snp2056	16	2	200	0.4525	181	-0.416542499630832	0.575739721248988	0.360410609863777	0.485200910292756	1.18660066177865	1.25536593806106	0.235385174761215	0.454766208652949
snp2057	16	3	200	0.475	190	0.46103401492034	-0.185602835857263	0.307846505261418	0.443209958205371	0.418769552491101	1.70647570047957	0.675384558864247	0.233160164993674
snp2058	16	4	200	0.48	192	-0.884466018155583	0.674885459193834	0.332292717656479	0.444503172393472	1.51829165933698	2.72740887189494	0.128940889378926	0.0242490078158588
snp2059	16	5	200	0.47	188	-0.426617248425892	0.551639214061859	0.359782564947342	0.493212767699841	1.11846093651326	1.248111576813	0.263370181303477	0.458914548964036
snp2060	16	6	200	0.4475	179	-0.266685969875229	0.68863947700998	0.385133558012187	0.488075198600208	1.41092905147606	1.57216806435847	0.15826553500694	0.290585852934271
snp2061	16	7	200	0.415	166	0.15487736253272	0.33370121036696	0.377142340260333	0.495118375199873	0.673982681883397	1.50318009972198	0.500322323963483	0.323105880490181
snp2062	16	8	200	0.455	182	-0.207461014128786	0.130213684475412	0.359554111656781	0.487907831841295	0.266881726378534	0.619846692409227	0.789560226742689	0.825220247966018
snp2063	16	9	200	0.4425	177	-0.195047401980967	0.227870498283887	0.336046011007533	0.463790023188024	0.491322553075934	0.592335304440617	0.623198331010334	0.839095664937598
snp2064	16	10	200	0.465	186	-0.086819652902052	0.319137302037501	0.355125788012742	0.470203459588993	0.678721722542111	0.777362603676591	0.49731419971429	0.739229901139215
snp2065	16	11	200	0.445	178	-0.123078518578205	0.0192287853934119	0.342165618766374	0.439089060914896	0.0437924491977696	0.507138679882908	0.965069845979053	0.879330180099158
snp2066	16	12	200	0.4575	183	0.102324655368775	-0.388818366095466	0.32743765157226	0.448427130290648	0.86707145895355	0.984915951907242	0.385902857504372	0.615678900879303
snp2067	16	13	200	0.48	192	0.211145672216544	-0.550272975847546	0.352239109036886	0.459007169712952	1.19883307311227	1.26628363416357	0.230592859658239	0.448549102856756
snp2068	16	14	200	0.4825	193	-0.08152613861339	-0.336520331472134	0.323598530411148	0.438955810414505	0.766638289066863	1.37641274913274	0.443296603733806	0.387803687292065
snp2069	16	15	200	0.485	194	-0.0320292850210296	0.170451293999322	0.350244709830654	0.463148802616245	0.368027063951096	0.465379255567332	0.712853054143877	0.89736828616086
snp2070	16	16	200	0.4225	169	0.268989595320731	-0.324381209588715	0.336655508503443	0.454999427242584	0.712926632797211	0.823272136021147	0.47589115782659	0.712561891766734
snp2071	16	17	200	0.465	186	-0.582798093221212	0.95155186717039	0.32537833711205	0.46264557521913	2.0567620618001	2.12441827365844	0.0397091190665383	0.10470834077386
snp2072	16	18	200	0.435	174	-0.225976137597033	0.337507783682015	0.363444861906158	0.470869994274498	0.71677488008561	0.734111038184471	0.473513013857534	0.76379220622348
snp2073	16	19	200	0.455	182	-0.429814857704537	0.916582346817834	0.306953493738706	0.424963148694357	2.15685136378039	2.16518135781472	0.0310172475341184	0.0959426025799177
snp2074	16	20	200	0.455	182	-0.531780073507984	0.279130620091223	0.309382601224988	0.42947457186789	0.649935149541485	1.87649075815492	0.515734112305823	0.171940157757673
snp2075	16	21	200	0.47	188	-0.180238913060198	0.251516881597861	0.328008238985282	0.449147353742604	0.559987450670809	0.59935158754326	0.575487997519873	0.835595058739478
snp2076	16	22	200	0.45	180	0.420895415078086	0.0903905734158652	0.344549680724464	0.455895162590967	0.198270525403588	2.03230702284778	0.842833411213173	0.126801054906946
snp2077	16	23	200	0.4625	185	0.811468763955714	-0.658654770650423	0.361920173655506	0.463885648528589	1.4198645134628	2.29111814709714	0.155647128807383	0.072467928393641
snp2078	16	24	200	0.435	174	-0.629245936347358	0.720431152621829	0.356852556120597	0.479734424109493	1.5017291159773	1.79001011320184	0.133167081226335	0.20147940672735
snp2079	16	25	200	0.4525	181	0.381048780385075	-0.686447855604743	0.358379657376235	0.478769685469477	1.43377468632254	1.43435028762503	0.151636570959938	0.357478387291224
snp2080	16	26	200	0.465	186	-0.182546980007394	0.121316019046662	0.320536338823039	0.45067281237942	0.269188679046666	0.604925550226559	0.78778449165885	0.832795253905416
snp2081	16	27	200	0.435	174	-0.236949709369644	0.210698864477118	0.317087468833417	0.460440216635957	0.457603086925192	0.752362815280342	0.647237625333742	0.7535010232592
snp2082	16	28	200	0.4525	181	0.0249223924983601	0.1118203582568	0.330868429072989	0.466968912481186	0.239459962468711	0.425206238915094	0.810748938755799	0.913565528032103
snp2083	16	29	200	0.4675	187	0.0067973627112532	0.224759046039079	0.357130905278567	0.471265921600698	0.476926159387177	0.740620525516346	0.633414703469527	0.760134884831483
snp2084	16	30	200	0.445	178	0.258209706725376	-0.117877961983239	0.344293990320639	0.473832723503736	0.248775477370147	0.870356302796155	0.803534461078695	0.684709891211097
snp2085	16	31	200	0.4525	181	0.328938562671141	-0.24330076872586	0.328439751607519	0.456762745553352	0.532663338011749	1.02892440409223	0.594266649010518	0.588991978264707
snp2086	16	32	200	0.46	184	0.562140014947454	-0.539501360208544	0.331630286079042	0.465851668310249	1.1580968726922	1.69562480782653	0.246824506084316	0.237503778904216
snp2087	16	33	200	0.485	194	0.037593230398354	0.244617036530824	0.338315365731415	0.47223208067724	0.518001733766186	0.836270191060081	0.604457059667202	0.704917914538246
snp2088	16	34	200	0.46	184	-0.243612554567991	0.116567377885474	0.317516176757937	0.446854041205987	0.260862311037576	0.865258220038185	0.794198690185306	0.687745863543935
snp2089	16	35	200	0.475	190	-0.410823526468983	0.275455354745581	0.348550892272585	0.472063699620569	0.583513104199675	1.26616981423354	0.559547938107071	0.448613753236168
snp2090	16	36	200	0.4775	191	0.886561431971842	-1.80745431879379	0.344354730245741	0.475147108338845	3.80398888485885	3.81692563288274	0.000142384571623677	0.00068611819889895
snp2091	16	37	200	0.465	186	0.177435452760555	-0.58595592489323	0.333603848442514	0.445800638310041	1.31439005362239	1.4363732019652	0.188714975924542	0.356441913580272
snp2092	16	38	200	0.47	188	-0.00769904506546417	0.172394193053646	0.357901579054693	0.470978896659223	0.36603379530693	0.550880449691578	0.714339857864659	0.859216256476699
snp2093	16	39	200	0.465	186	-0.0613942053243012	-0.240684511525267	0.31603290407642	0.423449284249679	0.568390408196681	0.996178689540037	0.569769902004914	0.608848390374586
snp2094	16	40	200	0.47	188	-0.248825959734434	0.237260638946731	0.333825378609478	0.450498114680331	0.526662889843809	0.746525608667977	0.598427710560383	0.756804555227663
snp2095	16	41	200	0.48	192	-0.184777227226592	0.21762024416833	0.348883411166572	0.475204913976471	0.457950323676798	0.541188761547265	0.646988131121871	0.86377527895318
snp2096	16	42	200	0.4475	179	0.270849948462965	-0.205271666673856	0.369609346537802	0.500760027495065	0.409920232053423	0.755812485889855	0.681864463341563	0.751543447631922
snp2097	16	43	200	0.4725	189	-0.424778762303891	0.153418160726625	0.330252622145361	0.458545459952657	0.33457568360281	1.52358222805529	0.737945190424015	0.313282041595094
snp2098	16	44	200	0.4625	185	0.148275824256639	-0.660031916848512	0.351580605631136	0.464620155368193	1.42058390972183	1.69374260330827	0.15543775889676	0.238262564044066
snp2099	16	45	200	0.4725	189	0.0208815420923302	-0.298500889177006	0.302325511233057	0.428029754079873	0.697383502739634	0.8961894758514	0.485562823011484	0.669263256814837
snp2100	16	46	200	0.465	186	0.304057105630995	-0.205173965196423	0.344086808213594	0.460687667934396	0.445364570135706	0.934209116085313	0.656056311933203	0.646376365130769
snp2101	16	47	200	0.4775	191	0.274386798408644	-0.69716906358926	0.332915816750492	0.458098529661423	1.52187579406669	1.57427494786528	0.128040205404592	0.289624273184509
snp2102	16	48	200	0.47	188	0.49200860403908	-0.411089237954252	0.337172734042534	0.449252446349826	0.91505175162506	1.46691055877363	0.36016446243954	0.340986192499994
snp2103	16	49	200	0.47	188	-0.208295766705829	-0.501263945485138	0.340551320062375	0.46266180448497	1.0834348991552	2.20871092335765	0.278615432185632	0.0872304360688598
snp2104	16	50	200	0.445	178	0.138973763781995	0.198237678334282	0.368296680396395	0.496158644357982	0.39954494512697	1.07295230091627	0.689491713517313	0.562359856457444
snp2105	16	51	200	0.4475	179	0.298621170531369	-1.07536269574945	0.330279766522808	0.466401361975757	2.30565942430791	2.49337075674898	0.0211296700263389	0.0446701911126332
snp2106	16	52	200	0.48	192	0.533580580339951	-0.208841927031089	0.345524932641964	0.482863873462709	0.432506837866009	1.7968465656306	0.665373083529366	0.199024212618506
snp2107	16	53	200	0.4725	189	0.384937630325579	-0.171198673136207	0.332445266571305	0.444366541851186	0.385264544047378	1.34810745930165	0.700041427619394	0.403049111009779
snp2108	16	54	200	0.4675	187	-0.0456965867435115	-0.244885681706713	0.330979428054372	0.483207493624933	0.506791978472077	0.826529104600796	0.612300785260814	0.710650038674298
snp2109	16	55	200	0.47	188	0.251886867473294	-0.462917556481553	0.337094044550369	0.469235163108789	0.986536374244887	0.988239989088904	0.323869974935602	0.613663137111587
snp2110	16	56	200	0.4775	191	-0.585196355430741	0.735955190290362	0.30724027478044	0.438812086311056	1.67715341771301	1.97761270423037	0.0935124853722562	0.141497107476967
snp2111	16	57	200	0.47	188	0.0442861597824569	-0.0648924501167279	0.35438105568828	0.476348216196644	0.136229018835959	0.140948094436079	0.891640235294905	0.990115988453087
snp2112	16	58	200	0.465	186	0.097226313943858	-0.239834969898812	0.325934854151005	0.453188612994751	0.529216672753404	0.538576306700211	0.596655152032478	0.864994423346401
snp2113	16	59	200	0.4575	183	-0.597124897773488	0.427405599772227	0.327777469818148	0.450125361183817	0.949525702458005	1.89477542404469	0.342353306083115	0.166113007564602
snp2114	16	60	200	0.4725	189	-0.214429410852424	0.589894307245155	0.330327241625803	0.460474951394786	1.2810562343475	1.33807708713343	0.200173914784637	0.408515612811458
snp2115	16	61	200	0.47	188	-0.082761550562312	-0.0490392575260942	0.314830476988781	0.453844955915767	0.108052886535101	0.484400850341763	0.913953740359289	0.889298711112327
snp2116	16	62	200	0.4725	189	0.0835161068590901	-0.145611835062856	0.334884091473022	0.47265587134686	0.308071567265052	0.312310635591835	0.758027875774176	0.95240114080211
snp2117	16	63	200	0.4625	185	-0.436238333538229	-0.00965314435872711	0.353246827144537	0.455241714146498	0.0212044372445639	1.95193203540619	0.983082574670016	0.148819765101291
snp2118	16	64	200	0.465	186	-0.30654031694153	0.904279429024678	0.32918087485196	0.443397674202684	2.03943205306783	2.20582157758841	0.0414069261258091	0.0877885307559319
snp2119	16	65	200	0.41	164	0.0241829372732804	-0.53196977503309	0.325544092581678	0.4488521061539	1.18517829757201	1.64238223029666	0.235946958771669	0.259574975494954
snp2120	16	66	200	0.47	188	-0.468047560108979	-0.0558749144005899	0.324685115399805	0.434130938390917	0.128705211860014	2.27369907090975	0.8975909112466	0.0754071084016527
snp2121	16	67	200	0.4475	179	-0.485599714060881	0.390017832143822	0.334770805930979	0.467969889994584	0.833425056788025	1.48440928693754	0.404605048041528	0.332293898379496
snp2122	16	68	200	0.4575	183	-0.00214703418720443	0.104345624351007	0.320911845180184	0.465026848076554	0.224386236585269	0.301852860173148	0.822456779280946	0.955464590499236
snp2123	16	69	200	0.45	180	-0.0035913584627594	0.257214459828179	0.35547824904153	0.486414222665386	0.528797160614939	0.773165893683312	0.596946167652903	0.741638946260042
snp2124	16	70	200	0.4725	189	0.640209478748975	-0.273850374526807	0.360983321157915	0.49355264186858	0.55485545268285	2.01163858529966	0.578993534133538	0.132212487227581
snp2125	16	71	200	0.46	184	-0.565690385105812	0.874100686514422	0.348451057958436	0.469487229339456	1.86181994288585	1.89699434030459	0.0626284744690595	0.165415669550416
snp2126	16	72	200	0.4675	187	-0.216628399994547	0.173630022574457	0.36101114268058	0.463857737450157	0.374317400694677	0.617653844058118	0.708168187651742	0.826340687794844
snp2127	16	73	200	0.4625	185	-0.0711191555080915	0.336064316746412	0.314080439185215	0.437366716256156	0.76838109589845	0.888853280602854	0.442260807989424	0.673659777131353
snp2128	16	74	200	0.4625	185	0.184818781975323	-0.0827282696803047	0.3263154257013	0.458057173051335	0.180606864268084	0.641159658637262	0.856676167585453	0.814205201925219
snp2129	16	75	200	0.4775	191	-0.364432791216062	0.250692254209404	0.325651401265607	0.452708681864211	0.553760650617695	1.17426661283551	0.579742661313056	0.501851490352299
snp2130	16	76	200	0.485	194	-0.352502631414254	0.277921129864897	0.321595057584107	0.456103777308918	0.609337487851283	1.11731364601483	0.542300763725054	0.535692545416598
snp2131	16	77	200	0.465	186	-0.217052789211977	-0.0261336310629872	0.32046718675226	0.432799665557339	0.0603827432013691	1.04497203093	0.951850802506668	0.579271920947426
snp2132	16	78	200	0.465	186	0.076956033072206	0.231875271355361	0.358799741758552	0.493247054275786	0.47009965765698	0.918808445655198	0.638283818754835	0.655665531943067
snp2133	16	79	200	0.46	184	0.0176219504037707	-0.290099207592091	0.327967884859493	0.44294726443878	0.654929448451727	0.885045438283815	0.512513179071116	0.675938817350251
snp2134	16	80	200	0.4525	181	-0.296306131854259	-0.0792734915974889	0.352538499632429	0.47333538062028	0.16747848321333	1.37623008637346	0.86699357631893	0.387901194429907
snp2135	16	81	200	0.4575	183	-0.451759325273768	0.962690348482546	0.341896746486699	0.470361300767032	2.04670398460217	2.06387788012144	0.0406871577952178	0.118861544835402
snp2136	16	82	200	0.4475	179	0.548301234267015	-0.784407012147484	0.369747342010462	0.498459196289835	1.57366343722021	1.65029556402267	0.115565278913437	0.256215158573448
snp2137	16	83	200	0.435	174	0.0277197963392896	-0.115601097019162	0.362247208891318	0.474465516743731	0.243644886592677	0.297884088457015	0.807505861184645	0.956602374913598
snp2138	16	84	200	0.4725	189	0.0261708280149264	-0.0170740314824078	0.309502551211856	0.439298063218279	0.038866621348895	0.0879990368036349	0.968996728755506	0.996135570959534
snp2139	16	85	200	0.45	180	0.0519608680164297	0.500732911605675	0.347353241728616	0.457846202892143	1.09367055671233	1.81958289814815	0.274099492019303	0.191007810019581
snp2140	16	86	200	0.425	170	-0.22066552697764	-0.133682745248396	0.359222170437282	0.487272475145462	0.274349059442539	1.1969057551155	0.783816386235302	0.488560633542034
snp2141	16	87	200	0.485	194	-0.159504049523079	0.167586562639344	0.330568253697967	0.457309407677319	0.366462092897932	0.483030549047667	0.714020293687058	0.889888365935184
snp2142	16	88	200	0.4525	181	0.0782380992716627	-0.161195373174867	0.339023967346489	0.42949075282405	0.375317447733047	0.375912753711572	0.707424391597184	0.931783116307756
snp2143	16	89	200	0.455	182	0.096055342322418	-0.171549441019695	0.318111929564297	0.438995419779329	0.390777291266337	0.39138663844804	0.695961861896787	0.926267924957895
snp2144	16	90	200	0.485	194	-0.259259573120422	0.227575034939872	0.314768670941944	0.438550521166568	0.518925469144377	0.827950273413851	0.60381271613967	0.709815055831607
snp2145	16	91	200	0.48	192	0.00243699091479154	0.279024134417364	0.313757162803435	0.423571013321167	0.658742278489671	0.942211674572944	0.510061278829624	0.641541490402725
snp2146	16	92	200	0.475	190	-0.160877880316712	0.0281786423431703	0.330378768027558	0.454327982939081	0.0620226871364616	0.646048090070422	0.950544765057858	0.811647564147418
snp2147	16	93	200	0.4325	173	0.223414564652903	-0.607565673443036	0.335514599382701	0.462555402652443	1.31349816683376	1.38578621456561	0.189015138220522	0.38281565805114
snp2148	16	94	200	0.4525	181	-0.165372283695616	0.0609879029510394	0.335504610139755	0.453694371806014	0.13442508159902	0.609000919403487	0.893066449377781	0.830737797892625
snp2149	16	95	200	0.465	186	0.466726499569771	0.00132983797968989	0.360279311513021	0.499671988738214	0.00266142191209884	1.88443454526115	0.997876495053411	0.169390805061265
snp2150	16	96	200	0.47	188	0.468594569714908	-0.533715672795022	0.381478475102072	0.485081293096034	1.10026026645674	1.24731803772721	0.271218738896787	0.45936915007817
snp2151	16	97	200	0.455	182	0.313047159118137	-0.14991310720594	0.333667843892413	0.457259973917374	0.327850928918238	1.04422925899626	0.743024377830137	0.579721552466661
snp2152	16	98	200	0.4675	187	-0.570687438370115	0.727526482925327	0.347620496868433	0.481845879519714	1.50987382864101	1.71879956369671	0.131075621873297	0.22829058404387
snp2153	16	99	200	0.4825	193	-0.470458697550438	0.0775228578593538	0.310432668765865	0.444769161721862	0.174299084853893	1.88790824842028	0.861630418416989	0.168284584520067
snp2154	16	100	200	0.485	194	0.0621375585491922	0.152431195883854	0.319096630082739	0.462022053632949	0.329921904561188	0.639878079094229	0.741458971898249	0.814873837732209
snp2155	16	101	200	0.4725	189	-0.149122877470983	0.315352107930376	0.313824272683343	0.425212472621259	0.741634190517414	0.745391605785808	0.458309002314181	0.757445021592789
snp2156	16	102	200	0.49	196	-0.122743072940585	0.681628348683036	0.361448465104213	0.479382985863958	1.42188681864582	1.80094360118328	0.155059110365447	0.197562769018035
snp2157	16	103	200	0.4625	185	0.301886699137778	-0.0216750583195284	0.325086129834373	0.455330800956697	0.0476028818476301	1.26205345412282	0.96203273525303	0.450954216329496
snp2158	16	104	200	0.445	178	0.245961895180442	-0.328911699917986	0.33017079018464	0.438779356831366	0.749606139844895	0.806615914144126	0.453491951858169	0.722300070388177
snp2159	16	105	200	0.46	184	-0.264175078949077	0.170739579953863	0.369821714289152	0.485755703942134	0.351492691837134	0.781237547506865	0.725218754237392	0.737000983140622
snp2160	16	106	200	0.47	188	0.480434508477439	-0.514955521407778	0.358178464507275	0.481004667315541	1.07058321134744	1.3438200207119	0.284356875602923	0.405381725357404
snp2161	16	107	200	0.4575	183	-0.100757400000828	-0.0698012778487206	0.317211871982365	0.445397254544174	0.156716901904023	0.609132956477799	0.875467965888415	0.830670993129852
snp2162	16	108	200	0.485	194	-0.0109634627243375	0.514244561802307	0.318895269803534	0.450240885714021	1.14215429588715	1.56999094285658	0.253389889786326	0.291581483556868
snp2163	16	109	200	0.4725	189	-0.327549953668028	0.00728492851452733	0.356266492278806	0.476038252678137	0.0153032418582817	1.34769237501988	0.987790256157952	0.403274676886086
snp2164	16	110	200	0.4225	169	-0.314171498059947	0.194959026848752	0.349999132415987	0.459876394591551	0.423937886661717	0.955978354347087	0.671611112724496	0.633213705119744
snp2165	16	111	200	0.4725	189	0.430293914414821	-0.594587974444176	0.329391173736518	0.44965076724224	1.32233283641625	1.41943485126154	0.186057343051327	0.365168039742213
snp2166	16	112	200	0.475	190	0.158689706105678	-0.379253823872514	0.364425932520917	0.472011455964744	0.80348436267793	0.854845173871125	0.42169483142743	0.693932812136511
snp2167	16	113	200	0.47	188	0.281600061846998	-0.457727228486837	0.367757477691208	0.473575979424898	0.966533879194406	0.96830734872497	0.333777102612617	0.625746738519944
snp2168	16	114	200	0.4325	173	0.183034084226517	-0.484267925476652	0.333212384352986	0.466905156832679	1.03718692841552	1.07578015530111	0.29964874878926	0.560653914923522
snp2169	16	115	200	0.4425	177	0.000114432888702435	0.177125806057768	0.370831607791489	0.474051398240032	0.373642619166122	0.577530536456203	0.708670221269054	0.846393616143831
snp2170	16	116	200	0.445	178	-0.430005528780464	0.175805713242796	0.333367462621416	0.464322580479174	0.37862839464186	1.49884370171146	0.704963833513519	0.325215831195615
snp2171	16	117	200	0.4825	193	0.208527593499189	-0.77874896272271	0.316965517249618	0.442448680878308	1.76008878855014	1.93607732780323	0.0783927534107648	0.153478051428224
snp2172	16	118	200	0.455	182	-0.087549347656108	-0.0611762313079469	0.320802877099653	0.458319569801396	0.133479422086333	0.54140931028522	0.893814237432843	0.863672165180328
snp2173	16	119	200	0.47	188	-0.309064393428525	0.434217113472848	0.344553958478986	0.446760662974135	0.971923334928856	1.00476205407409	0.331088689951723	0.603642349720476
snp2174	16	120	200	0.4675	187	0.687133546771473	-0.957843793684251	0.387577090474671	0.49791600815237	1.92370556078032	1.98454795757973	0.054391500628424	0.139566331240667
snp2175	16	121	200	0.465	186	0.166451530370806	0.31883399033955	0.337320456021798	0.470794177290993	0.677225857325082	1.56036884803464	0.498262664275757	0.296006024756394
snp2176	16	122	200	0.455	182	-0.171799410540806	0.561858004747295	0.340059625556258	0.466776876602676	1.20369716862721	1.31146462821826	0.228706647025832	0.423174889286073
snp2177	16	123	200	0.4775	191	-0.047850971792603	0.361538235168107	0.347505099132413	0.483076645213773	0.748407605190926	0.918513646201091	0.454214336644111	0.655843123837172
snp2178	16	124	200	0.4825	193	-0.280389948217567	0.549713134998939	0.345609185083468	0.477492560321626	1.15124963335275	1.1529824061367	0.249629551395837	0.514435953510026
snp2179	16	125	200	0.4525	181	0.352139407081622	-0.31428886394602	0.340047699404995	0.478695947584322	0.656552171648913	1.03970963304552	0.511468910922599	0.58245808074167
snp2180	16	126	200	0.45	180	0.425492187524711	-0.935109345144777	0.340066682985897	0.461460444891782	2.02641278466256	2.06642563151951	0.0427225019211816	0.118237797975717
snp2181	16	127	200	0.455	182	-0.694515273445575	0.714017603202027	0.336017727332739	0.430035720253952	1.66036812658347	2.07122977974774	0.0968404181259637	0.117068458459739
snp2182	16	128	200	0.4325	173	-0.197207421678643	0.220060423631897	0.337654960619665	0.469130441550481	0.469081526461158	0.590689815840375	0.639011363146368	0.83991277714463
snp2183	16	129	200	0.465	186	-0.314928247562776	0.226748101943364	0.345140226695058	0.468920936340515	0.483552949699621	0.95207340116073	0.628703172998947	0.635577095753569
snp2184	16	130	200	0.435	174	0.0731120467566561	-0.105034445652902	0.334913952438029	0.483352743765079	0.217303919358635	0.234647770511639	0.827971502867467	0.97284570289379
snp2185	16	131	200	0.4475	179	0.248406068073458	-0.594599802823153	0.343297279548308	0.456922968347553	1.30131300900347	1.35338168639521	0.193151336143036	0.40018793907322
snp2186	16	132	200	0.47	188	0.523849955622989	-0.298409054214598	0.370582426711671	0.448256393728972	0.665710647721455	1.59549670397019	0.505596066377099	0.280045030315004
snp2187	16	133	200	0.445	178	0.617437272373916	-1.02074324818112	0.333079084053405	0.442414112799796	2.30721222187375	2.32016626091377	0.0210429920835856	0.0677733832097979
snp2188	16	134	200	0.425	170	0.03076553872071	-0.182430907703284	0.307271740235524	0.458151407762195	0.398189123971818	0.456526174393991	0.690490782367763	0.901037795418479
snp2189	16	135	200	0.45	180	-0.386978225134256	0.761759900438713	0.349880999811065	0.45275642813026	1.68249383798821	1.70153190370442	0.0924731188077274	0.235132660896766
snp2190	16	136	200	0.475	190	0.257991449290719	-0.470904835201709	0.328379899457761	0.43159384712818	1.09108329123574	1.09219582216667	0.275236234326878	0.550765661526201
snp2191	16	137	200	0.4525	181	-0.334295122444216	0.463072436286363	0.330594257515527	0.433938481384445	1.0671384450832	1.11583777000871	0.28590932359855	0.536576055565008
snp2192	17	1	200	0.455	182	0.323223254539519	-0.456065490573183	0.350548005966446	0.468057978730394	0.974378199491993	1.01603828325566	0.329868789793162	0.596803779887757
snp2193	17	2	200	0.4425	177	-0.240410428855115	-0.270002007186559	0.340289482885304	0.469218984438697	0.575428565639876	1.67901319679859	0.565001489520851	0.244254965786664
snp2194	17	3	200	0.45	180	0.0291425724533732	-0.390927471927555	0.339423661046973	0.447489317571557	0.873601796907794	1.22861775064428	0.38233514730411	0.470127761330796
snp2195	17	4	200	0.45	180	0.655308094255644	-0.821968496349439	0.370558834312246	0.51598323091102	1.59301397236916	1.82710142043473	0.111157056592822	0.188407181297252
snp2196	17	5	200	0.44	176	0.346402012722302	-1.01659021467444	0.311266276248816	0.448074863898277	2.26879545491583	2.35436979174551	0.0232807675055154	0.062566295391906
snp2197	17	6	200	0.465	186	0.475171222708396	-0.047258562694814	0.324032202606727	0.444926889046832	0.106216468049517	2.04097197745812	0.915410605245191	0.124582976597031
snp2198	17	7	200	0.4625	185	-0.338552314796443	0.805440927764048	0.305801544315333	0.420318762825688	1.91626213007787	1.94776684133711	0.0553317385985421	0.150033326318554
snp2199	17	8	200	0.445	178	-0.2752718826962	0.237920598128403	0.353731449982666	0.456723453577578	0.520929232481359	0.785301917459702	0.602416070512389	0.734658472677121
snp2200	17	9	200	0.435	174	-0.0696229054235523	-0.472775086998558	0.332804068405327	0.449891521078604	1.05086463035598	1.77205134103631	0.293320767041846	0.208027919976167
snp2201	17	10	200	0.45	180	-0.304533609904521	0.0326096837733985	0.355175582321168	0.475148002603632	0.0686305816181687	1.16864487545294	0.945283675639698	0.505167398497691
snp2202	17	11	200	0.4425	177	-0.325355512467623	0.531995617603522	0.304913035699411	0.431612491629402	1.23257697105836	1.26416237062616	0.217733633163569	0.449754567908133
snp2203	17	12	200	0.46	184	0.377343968966175	0.0715193706438809	0.312165172297907	0.426764532253777	0.167585085541625	1.88363697741346	0.866909705264726	0.169645530869202
snp2204	17	13	200	0.4925	197	0.15990830780931	-0.0579477585939876	0.361575502447366	0.472334262023092	0.122683792502765	0.542223750182788	0.902357498611458	0.863291130595907
snp2205	17	14	200	0.4475	179	0.299179290899147	-0.193856679594297	0.346052607493466	0.486415823312602	0.39854106363993	0.919137084844443	0.690231395399523	0.655467543989923
snp2206	17	15	200	0.4375	175	0.188755795040146	-0.425753393204986	0.326601474295814	0.475566629905491	0.895254978865098	0.897317242568245	0.370650801012348	0.668586753888858
snp2207	17	16	200	0.46	184	0.544193357780631	-0.29984254357176	0.323388497853026	0.455833935467547	0.657788989019023	1.85804251203729	0.510673730729111	0.177966314982667
snp2208	17	17	200	0.47	188	0.178109705579729	-0.471540803931927	0.322580764826558	0.458013663241456	1.02953436060125	1.05752893629944	0.303228641946337	0.571675517561434
snp2209	17	18	200	0.4425	177	-0.165199627946855	0.174121906980716	0.328852211781905	0.463371770891729	0.375771503399159	0.504197187075016	0.707086774766123	0.880639085359042
snp2210	17	19	200	0.4675	187	0.248608947410113	0.0171884970561714	0.308117639871851	0.419148811810721	0.0410081015902615	1.24071993072761	0.967289437161624	0.463155247533002
snp2211	17	20	200	0.455	182	0.607884885487046	-0.493247035260922	0.359914015074775	0.48637061538899	1.01413823050645	1.71209851137171	0.310516797920124	0.230929997313294
snp2212	17	21	200	0.4675	187	-0.380573227081509	-0.117754355333923	0.317001957744849	0.451537312347988	0.260785437025353	1.91047164755456	0.794257975520533	0.161225550750503
snp2213	17	22	200	0.475	190	-0.46777085436671	-0.623499538269917	0.324451876800611	0.451242415291028	1.38173965288213	3.80820090185386	0.16705165437686	0.000709324780052462
snp2214	17	23	200	0.4525	181	0.108340121569839	-0.484579492584276	0.33045465226415	0.459877552944539	1.0537141669159	1.21320542988083	0.292013800853131	0.47905795006316
snp2215	17	24	200	0.4425	177	0.674307691184276	-0.95095691080226	0.325615311365783	0.467457887543846	2.03431568092444	2.2366053663632	0.0419197771531631	0.0819864095685787
snp2216	17	25	200	0.4725	189	-0.0151544339541966	-0.159528078372148	0.342848139820329	0.478997381763384	0.333045825396499	0.503169779901928	0.739099692105517	0.881094923474306
snp2217	17	26	200	0.475	190	-0.264264097140832	0.0494216576406685	0.324191565451698	0.445203801357391	0.111009064814779	1.04562019839775	0.911609158480592	0.578879581543156
snp2218	17	27	200	0.465	186	-0.0458843974868366	-0.43928053751824	0.348843811100253	0.477012920473304	0.920898614407288	1.49159527845514	0.357103362080444	0.328759684504631
snp2219	17	28	200	0.45	180	0.193637911029133	-0.14008455716577	0.372464972433619	0.473339576933333	0.295949386006022	0.538843139880996	0.767268734854046	0.864870093115126
snp2220	17	29	200	0.4675	187	-0.735501574190646	0.853970275160958	0.331259597266089	0.452859504171667	1.88572894527845	2.25950840005965	0.0593314902530093	0.0778719782675619
snp2221	17	30	200	0.4525	181	0.0525817240436902	-0.224504535685618	0.316839992040287	0.448481861947861	0.500587771176614	0.569340708399812	0.616661270582004	0.850377916107814
snp2222	17	31	200	0.47	188	0.118651851104651	-0.112834661354069	0.326449222278721	0.470310535370065	0.239915232316207	0.363508742261866	0.81039597199812	0.936065990002387
snp2223	17	32	200	0.465	186	-0.444713177963888	0.742830302059309	0.337106991338737	0.468721201711793	1.5848020088412	1.60146794358965	0.113011325851543	0.277384738961647
snp2224	17	33	200	0.44	176	-0.298013327525646	-0.335622559106669	0.331870775543248	0.457760222292789	0.733184192863313	2.20415057509738	0.463446095008578	0.0881125874984956
snp2225	17	34	200	0.45	180	0.122823131817648	-0.251136081830695	0.361629870186994	0.494281931979128	0.508082666151955	0.510389394207873	0.611395370879987	0.877877104833383
snp2226	17	35	200	0.4575	183	0.356179363694747	-0.507829426888813	0.335350865557341	0.45754416186784	1.10990253884061	1.17660776579287	0.267041026361694	0.500472354627425
snp2227	17	36	200	0.4425	177	-0.1184818524263	-0.5149422723485	0.332692918305932	0.438779813496871	1.17357785501719	2.24007318174937	0.240564155557168	0.0813524824754872
snp2228	17	37	200	0.45	180	-0.243049031056265	0.629152762616072	0.347391996865785	0.456587591899084	1.37794537954752	1.45584427908678	0.168220152673958	0.346545456115846
snp2229	17	38	200	0.4825	193	0.00548431932851254	-0.412638464420284	0.328534797719299	0.444666205166589	0.927973521769421	1.30810992282129	0.353421304681225	0.425038389844288
snp2230	17	39	200	0.475	190	-0.232266527227944	0.615241867296515	0.339074381380862	0.466714464954673	1.31824040927522	1.37893140304115	0.187423182212424	0.386460387251959
snp2231	17	40	200	0.4475	179	0.242500078325427	-0.1025165394476	0.32653861591573	0.444470714318644	0.230648580761397	0.867324092187899	0.817587823008645	0.686516142090361
snp2232	17	41	200	0.4575	183	0.458518034046834	-0.716771802126339	0.315395323112979	0.429535547204234	1.6687135832917	1.7046079075906	0.0951741558816752	0.23390410406454
snp2233	17	42	200	0.455	182	0.690275205500396	-0.884904322212485	0.343810839616552	0.446269932736196	1.98289030315555	2.12724676581385	0.0473796840428172	0.104080629003672
snp2234	17	43	200	0.445	178	-0.458458593413065	-0.074266526721499	0.369996965463832	0.473235103530382	0.156933680886019	2.03130708090005	0.875297115222232	0.127058937107701
snp2235	17	44	200	0.44	176	-0.457836572051802	0.812114774250219	0.311594091086889	0.43964265866499	1.8472155925821	1.86163183974995	0.0647159004091213	0.17678224582101
snp2236	17	45	200	0.4575	183	0.244551593699877	-0.0783564419663363	0.301713249911302	0.441061233991403	0.177654338961613	0.965254308877112	0.858994446932651	0.62759643381142
snp2237	17	46	200	0.45	180	0.517068888062773	-0.860002885427916	0.322520348334169	0.442298476267629	1.94439486358877	1.97791684078312	0.051847852792257	0.141412021065354
snp2238	17	47	200	0.475	190	0.114041335791676	-0.041846219154934	0.32587524184188	0.487446800032183	0.0858477666735553	0.393403444103459	0.931587434293128	0.925535180823096
snp2239	17	48	200	0.4625	185	0.293775518726589	-0.40196005291269	0.311218166672877	0.445847425643773	0.901564144577682	1.00017937790522	0.36728844504745	0.606421861514607
snp2240	17	49	200	0.46	184	0.447454951855938	-0.618616441669405	0.329105974406513	0.475643455322027	1.30058857059345	1.45099791590544	0.193399321309463	0.348995072433551
snp2241	17	50	200	0.47	188	-0.125759291424546	-0.0426682563035712	0.335398197346847	0.46415227246721	0.0919272808399003	0.586877685285347	0.926755816253114	0.841800095883318
snp2242	17	51	200	0.4475	179	0.354117032810661	-0.00463665552902626	0.371051222800906	0.499442706796205	0.00928365849762667	1.48482696064662	0.992592818616742	0.332087911470467
snp2243	17	52	200	0.435	174	0.0613233644787516	-0.077000422852317	0.337517933598042	0.448494973054511	0.171686256209071	0.191447836527967	0.863684191327637	0.98184076547935
snp2244	17	53	200	0.445	178	0.0838631168522811	-0.200550110388878	0.349364487929256	0.474186171601625	0.422935383609975	0.432517074676072	0.672342405961488	0.910705677745148
snp2245	17	54	200	0.4625	185	0.0169275920145651	0.01862563156687	0.357381545669031	0.459894870578576	0.0404997593111613	0.119550672212555	0.967694698927424	0.992879291627668
snp2246	17	55	200	0.465	186	-0.000776483746700126	-0.555160022418432	0.335060830399943	0.45476617252138	1.22075927358544	1.77774080012444	0.222177177966223	0.20593778379685
snp2247	17	56	200	0.4625	185	-0.104545606309865	-0.0727472125134394	0.339743998048649	0.460711835252998	0.157901766238522	0.625152334121092	0.874534206268941	0.822499239939686
snp2248	17	57	200	0.4675	187	-0.411526934137535	-0.115716150992059	0.344199024552452	0.466658338845706	0.24796760576118	2.05237126905672	0.804159471020571	0.121710024350635
snp2249	17	58	200	0.4775	191	0.312468198222105	-0.457478472517227	0.32598017906772	0.44718082140309	1.02302793550454	1.0684897347934	0.306294637741348	0.565053333520355
snp2250	17	59	200	0.48	192	-0.22805878192353	-0.723264757663613	0.33299391784066	0.455011645928715	1.58955218868601	3.01142935563174	0.111935781417576	0.0107338456810449
snp2251	17	60	200	0.455	182	-0.372091378269809	0.347022034287124	0.315917836239782	0.44377115993185	0.781984197306595	1.17914708385176	0.434223860754501	0.498977675515128
snp2252	17	61	200	0.435	174	0.550539277417896	-0.287093037598526	0.324313123295919	0.480594424443165	0.597370720501309	1.85581371426064	0.550259897610739	0.178704393536078
snp2253	17	62	200	0.435	174	0.201509359830892	-0.0289761721038843	0.340195196916627	0.447270604902568	0.0647844320334808	0.809095393749448	0.948345636846684	0.720854706899828
snp2254	17	63	200	0.4725	189	0.0996084284981134	0.443758491683834	0.337845112022059	0.472036255458673	0.940094085045731	1.64107162839594	0.347169302584394	0.260134091398932
snp2255	17	64	200	0.4625	185	0.293103764655867	-0.581765752803525	0.355575789830149	0.479547951155317	1.21315449560768	1.22142839103433	0.225070758018603	0.474286524800167
snp2256	17	65	200	0.4525	181	0.702498856352502	-0.902986177476559	0.366135073585114	0.484421178362351	1.86405181649824	2.0208374308948	0.0623144280486057	0.129782934194975
snp2257	17	66	200	0.435	174	-0.456696624191049	0.355980554684173	0.360832751999273	0.472177413329851	0.753912712964723	1.30219488101475	0.450901636361282	0.428332397961616
snp2258	17	67	200	0.46	184	0.0583699433073182	0.163530550332624	0.366801078082965	0.491150679989619	0.332953932459343	0.664499656576182	0.739169057517731	0.801893160122259
snp2259	17	68	200	0.4675	187	-0.16436726198486	0.836961410553761	0.368565296329332	0.489912695171176	1.70838890031483	2.13875942616569	0.0875642054417688	0.101555895092693
snp2260	17	69	200	0.455	182	-0.654315388493142	1.08827195882028	0.330862734715766	0.44430175568951	2.44939828592707	2.45805426402735	0.0143095119050224	0.0487516916098276
snp2261	17	70	200	0.4325	173	0.665729498734526	-0.867271194111659	0.329728458570355	0.442491277853774	1.95997353511284	2.14160517268079	0.0499988836426627	0.10093925710891
snp2262	17	71	200	0.44	176	0.360343325815896	-0.22206764149232	0.323965015173283	0.444684236772411	0.49938276000994	1.19881172053848	0.617509762094695	0.487446484160927
snp2263	17	72	200	0.455	182	0.200249573605817	0.242726542813967	0.337316172635479	0.454805525982704	0.533693037896812	1.51064315837091	0.593553926762375	0.319492533116054
snp2264	17	73	200	0.4775	191	0.143447300431649	-1.05847344204141	0.330125007451691	0.450851613981181	2.34772020154194	2.98752744465215	0.018888704455599	0.0115316469293663
snp2265	17	74	200	0.445	178	-0.552471900722043	0.227448186073946	0.332610357911126	0.447319638787065	0.508469037243002	1.9723586514492	0.611124447850788	0.142973021841251
snp2266	17	75	200	0.465	186	0.266332348757001	-0.733195850631872	0.320852317567626	0.448902186720837	1.63330870804564	1.69441374083035	0.102404086254431	0.237991823115758
snp2267	17	76	200	0.485	194	-0.289479091261559	0.819105466665573	0.317712050018477	0.449561566092168	1.82200954985027	1.90760423189987	0.0684535366364141	0.162110520219527
snp2268	17	77	200	0.4625	185	0.0970100400229921	-1.13647481914332	0.335503225619332	0.467769385579519	2.42956220346772	3.24640501126488	0.0151170706385453	0.00514580865747083
snp2269	17	78	200	0.4725	189	-0.0536918222345103	-0.304685687948655	0.327240472735822	0.457003097559889	0.666703769789496	1.07599154680548	0.504961370349853	0.560526418148644
snp2270	17	79	200	0.4675	187	-0.846318885895865	0.771770793336388	0.311900487428553	0.42217367068444	1.82808840751526	2.72273905018966	0.0675362844728164	0.0245595630321054
snp2271	17	80	200	0.4775	191	0.0939236579325053	0.185842181418776	0.309218858003755	0.434312009304498	0.427900167247001	0.954446095872796	0.668723805337037	0.634141175550426
snp2272	17	81	200	0.4475	179	-0.0152249915785904	-0.169491539690968	0.336428138990465	0.462855744209694	0.366186531789439	0.598530377847939	0.71422589137891	0.836006152392453
snp2273	17	82	200	0.465	186	-0.341695757942849	0.198675199007939	0.345485404978757	0.466434828065591	0.425944177093055	1.07672172489641	0.670148523173028	0.560086055551182
snp2274	17	83	200	0.47	188	-0.183836686041144	0.0457751252965279	0.316576449408208	0.427919859792258	0.106971256998332	0.716909916139322	0.914811782479727	0.773383747849965
snp2275	17	84	200	0.435	174	0.418237881460313	-0.392252129554459	0.373460894471088	0.487877064143558	0.803997888777649	1.12176275435635	0.42139819429958	0.533030923577318
snp2276	17	85	200	0.48	192	-0.0651004616664832	-0.21691010414404	0.346568192229813	0.492641090017545	0.440300471355962	0.812436173292462	0.659719499391148	0.718904849108472
snp2277	17	86	200	0.4675	187	-0.190389031909346	0.611790835727324	0.325589143019946	0.439226485637196	1.39288238695302	1.51336156158247	0.163655359380812	0.318182039720868
snp2278	17	87	200	0.4675	187	-0.324073503653966	0.511600475413585	0.305441560169168	0.428274678047395	1.19456157843861	1.23028006836662	0.232258368250728	0.469167926064786
snp2279	17	88	200	0.44	176	-0.0339689081972231	0.155653180443719	0.350266438040579	0.461517810285594	0.337263648281306	0.404371084100029	0.735918160456708	0.921494945627039
snp2280	17	89	200	0.47	188	0.569947069859436	-0.393037887289193	0.356652513849367	0.480212251413287	0.818467013560075	1.68263321154077	0.413090570080288	0.242773283152672
snp2281	17	90	200	0.475	190	-0.0957269408567662	-0.279592188855731	0.338943777184412	0.475655477610938	0.587803992629352	1.12552999022498	0.556663863811659	0.530779350729691
snp2282	17	91	200	0.4525	181	-0.081104767782621	-0.118413958139082	0.377337503428955	0.482355431867564	0.245491084614953	0.681648480866229	0.806076210460808	0.792690577552467
snp2283	17	92	200	0.4775	191	0.0970120874606176	-0.282105379999238	0.359666269351961	0.468866888174694	0.601674776176836	0.657822772656406	0.547390643372885	0.805440939886611
snp2284	17	93	200	0.4575	183	-0.383126247602901	0.449040152198416	0.368398651145298	0.473662083027986	0.948017939979131	1.06388135470013	0.343120321331953	0.567836491693543
snp2285	17	94	200	0.4825	193	-0.370355768118012	0.15523594998301	0.34717828513699	0.459238170959154	0.33802928371304	1.27194473293828	0.735341120117246	0.445338014581226
snp2286	17	95	200	0.475	190	0.397794724915386	0.00445281551856858	0.32679854937352	0.441486585459923	0.0100859588155545	1.72705686284829	0.991952705617676	0.225065748534464
snp2287	17	96	200	0.47	188	0.115724302172453	-0.141690537245733	0.334228436789345	0.454099679249735	0.312025186804437	0.355898975955557	0.755021381944905	0.938631758142146
snp2288	17	97	200	0.445	178	-0.317608190228715	0.430562323066179	0.340080268515045	0.454310228097527	0.94772755803717	1.01183990158279	0.343268167801962	0.599349730958733
snp2289	17	98	200	0.4525	181	0.482477820247956	-0.415473208953288	0.3123823308779	0.41876250631603	0.992145196112043	1.55874364785309	0.321126701980847	0.296757230589142
snp2290	17	99	200	0.4625	185	0.0990585322283521	-0.382638456447559	0.314975377695645	0.464433378477279	0.823882335292312	0.879752801799821	0.410006418453414	0.679102981747944
snp2291	17	100	200	0.4525	181	-0.010561626752355	-0.0811976158067272	0.3185843225006	0.462203839734151	0.175674905369523	0.270096828490598	0.860549351285026	0.964181090902729
snp2292	17	101	200	0.485	194	-0.161662217844367	-0.18058304152638	0.361396983214034	0.467766675074097	0.386053669808296	1.1791533998102	0.699456921147821	0.498973959410729
snp2293	17	102	200	0.4575	183	-0.308648910090836	0.452724779311907	0.327547549200647	0.445846862051296	1.01542663601795	1.05633532678308	0.309902501456605	0.572397178072026
snp2294	17	103	200	0.465	186	0.613034042963207	-0.680977707980932	0.331481504971175	0.464743363318389	1.46527688554512	1.86180698357169	0.142845390199989	0.176724612069073
snp2295	17	104	200	0.47	188	-0.199616916740679	-0.130637814204105	0.334106986150145	0.485251102623175	0.269216934279803	1.11886676848145	0.787762749520088	0.5347631059278
snp2296	17	105	200	0.465	186	-0.41398366507466	0.313062821628066	0.343500032303662	0.454758441024225	0.688415636492581	1.2346020808164	0.491191079825147	0.466675488182153
snp2297	17	106	200	0.47	188	-0.607745488668631	0.512837343847512	0.305548623778063	0.43218867670086	1.18660522936947	2.01178052115701	0.235383372249183	0.132174741493343
snp2298	17	107	200	0.4675	187	0.0761992840003507	-0.433415458624274	0.370194906470401	0.486732766703086	0.890458765618022	1.11790158715348	0.373219599963568	0.535340664165067
snp2299	17	108	200	0.4475	179	0.420983920158019	-0.406914024726626	0.346975980541645	0.457158302835652	0.890094355068316	1.21349401341628	0.373415223794483	0.478890235967868
snp2300	17	109	200	0.47	188	0.481054973610213	-0.288522621769622	0.35197593005177	0.476104388783063	0.606007061827543	1.49437105427512	0.544510063872293	0.327400062244455
snp2301	17	110	200	0.455	182	0.134667830203192	0.252844412406079	0.339351364343604	0.47991404149804	0.526853541556799	1.2248507429702	0.598295298357159	0.472305304337919
snp2302	17	111	200	0.465	186	0.223218432251583	-0.451581415488348	0.344447116683358	0.460280755052847	0.981099927665887	0.985380220187847	0.326543466114108	0.615397370355553
snp2303	17	112	200	0.435	174	0.294899658420326	-0.267999458469581	0.328450838359868	0.462219439794817	0.579810010995098	0.901117710463406	0.562042745819673	0.666305793742385
snp2304	17	113	200	0.47	188	0.0469316912980221	-0.00945651987951687	0.328214303835513	0.45651866081449	0.0207144213177292	0.181902525054048	0.983473464940651	0.98359184041242
snp2305	17	114	200	0.4625	185	-0.00907878866829225	-0.689208507046121	0.341725379246117	0.459240868270533	1.50075604037949	2.21459268145212	0.13341867249785	0.0861030561890489
snp2306	17	115	200	0.4475	179	0.616009390022292	-0.016157426693161	0.372479987666038	0.480805416258834	0.0336049182201037	2.60340465222535	0.973192200312455	0.0337471978554967
snp2307	17	116	200	0.46	184	-0.0238495894264628	0.381346190833884	0.332185732318573	0.462082528785808	0.825277233129608	1.09437648332134	0.409214214268516	0.549454152465284
snp2308	17	117	200	0.475	190	0.0335057547917112	0.13612010627322	0.353814617804339	0.475131890287096	0.286489097145152	0.546043214863399	0.774503542902843	0.861498816958838
snp2309	17	118	200	0.455	182	-0.342335296485907	0.0556783305763672	0.340383358184641	0.441615191288103	0.126078838941126	1.34179504852539	0.899669517869877	0.406485518236385
snp2310	17	119	200	0.4475	179	-0.155298942627861	0.154062225226917	0.315819425952781	0.431857732561994	0.356743004954301	0.491758980064143	0.721284207712705	0.886110651599216
snp2311	17	120	200	0.4625	185	0.34150479378353	-0.00588089266059511	0.333255871116106	0.454646859792286	0.0129350781467663	1.47866996673334	0.989679588650134	0.335131450268725
snp2312	17	121	200	0.4575	183	-0.000300944969835411	0.175624576055298	0.351572711987939	0.464348293954998	0.378217338884675	0.538898595006126	0.705269145932179	0.864844248457369
snp2313	17	122	200	0.4675	187	0.57483231066277	-0.644414252468629	0.337041019636657	0.451208973285004	1.42819467391573	1.73093058428445	0.153235833209813	0.223563375954745
snp2314	17	123	200	0.455	182	-0.536167321039131	0.702194725319554	0.335583340930184	0.441394301419586	1.59085589247799	1.71265933664341	0.111642010910728	0.230708331213399
snp2315	17	124	200	0.4575	183	0.503994085741472	0.220732932957252	0.307303472981388	0.465216679540444	0.474473385552942	2.79207644622941	0.635162372431037	0.0202855708589524
snp2316	17	125	200	0.4575	183	0.077892267594112	-0.392138395904283	0.318858485495087	0.440841815779209	0.889521778262253	1.02467149325245	0.373722724177322	0.591569659745795
snp2317	17	126	200	0.4475	179	0.233219116910015	-0.340191354898341	0.351957780190964	0.472949239174439	0.719297816171911	0.741749380835715	0.471957441183153	0.759499153128523
snp2318	17	127	200	0.4475	179	0.22546851439158	-0.434969987112945	0.310927057037419	0.446822095704859	0.973474658693373	0.976567584751222	0.330317448987182	0.620740521716738
snp2319	17	128	200	0.4725	189	0.762909754778302	-0.971159667614286	0.321902084883746	0.459815197801444	2.11206517804931	2.46362742293044	0.0346808592334373	0.0480876428872309
snp2320	17	129	200	0.485	194	-0.0892579954372122	0.273609727159905	0.356886414012084	0.492507317506496	0.555544491288287	0.605061108383069	0.578522287106635	0.832726957684502
snp2321	17	130	200	0.46	184	0.0402429518840479	0.458920340399675	0.350045244003284	0.463141902788675	0.990884948298609	1.62914019935838	0.321741762848663	0.265258914381426
snp2322	17	131	200	0.4525	181	0.297798514052004	-0.176382640666865	0.379223085252706	0.491834907900436	0.358621638752349	0.859201877454052	0.719878156795541	0.691346638690208
snp2323	17	132	200	0.455	182	0.603714163531893	-0.309083209745579	0.349305923271723	0.469073934391257	0.658922159353606	1.97761241825717	0.509945755388251	0.141497187499856
snp2324	17	133	200	0.46	184	-0.42039913375154	0.925275792914861	0.302039050621769	0.424402675649925	2.18018369346495	2.18428118376859	0.0292438478492436	0.0920390675412451
snp2325	17	134	200	0.455	182	-0.251528382226094	0.428954999416626	0.330885254246523	0.449348723538082	0.95461492811	0.961738378303879	0.33977246514324	0.629726075998867
snp2326	17	135	200	0.4675	187	-0.0505663138772846	0.418041604949217	0.325447862031494	0.474861752008927	0.880343812026702	1.03697289133733	0.378673085147828	0.584115589399906
snp2327	17	136	200	0.43	172	-0.18992331893972	0.402677684133061	0.342050119705087	0.457774140003686	0.879642707929762	0.887585517556367	0.379052895079477	0.674418780147846
snp2328	17	137	200	0.46	184	-0.3791831051867	0.638672999666864	0.323286734156028	0.452473099074259	1.41151595746479	1.42719209804267	0.158092533754407	0.361158397603502
snp2329	18	1	200	0.4325	173	-0.252558188866809	0.383043588247315	0.326913110678841	0.445255894061127	0.86027741205988	0.885360303795654	0.389636141094115	0.675750446033674
snp2330	18	2	200	0.445	178	-0.304422737190913	0.402947749926186	0.345377964515915	0.469153829023222	0.85888193807375	0.939702766304436	0.390405655311177	0.643057814886194
snp2331	18	3	200	0.4675	187	-0.479024938642049	0.644775276209945	0.332035569792112	0.443712520612354	1.45313743980024	1.5540912943228	0.146185597726966	0.298913849597476
snp2332	18	4	200	0.465	186	-0.635548532991702	0.914960957261598	0.336165539974114	0.476209028104107	1.92134315660553	2.069730671457	0.0546884597278737	0.117432388717273
snp2333	18	5	200	0.475	190	-0.360298617231412	0.370425920434927	0.327315773660033	0.454894966484133	0.814310879933308	1.10080677704797	0.415466878445908	0.545589847709066
snp2334	18	6	200	0.4725	189	0.181886871944778	-0.271067909112327	0.347941059949176	0.462768270618021	0.585753013598619	0.600844242258035	0.558041502973246	0.834846918791276
snp2335	18	7	200	0.465	186	-0.109995484213375	-0.214954713702607	0.332590610085984	0.449314212339484	0.478406219521486	1.09888157041248	0.632361107758275	0.546746318487213
snp2336	18	8	200	0.4625	185	0.704352628770224	-1.250119859691	0.344450598994004	0.456720307359521	2.73716723243253	2.73748744077841	0.00619707811446526	0.0235903218017071
snp2337	18	9	200	0.4525	181	0.0830464140128138	-0.0843221308317102	0.338541697429801	0.489567931699164	0.172237855815126	0.245500408668523	0.863250537929845	0.970314313605058
snp2338	18	10	200	0.44	176	-0.0738997282351396	0.0258224471780166	0.328763027577367	0.449122071352356	0.0574953867225059	0.275859128536371	0.954150580893699	0.962665644545389
snp2339	18	11	200	0.4675	187	-0.189081627956713	0.0951602352145789	0.361193592311965	0.487343951499187	0.195262986073477	0.604265052177683	0.845187072130397	0.833127883790127
snp2340	18	12	200	0.4625	185	-0.228103524335224	0.561194108943797	0.324156578343013	0.451085915891426	1.24409583445934	1.27955780281695	0.213464293965392	0.44103365759307
snp2341	18	13	200	0.47	188	0.0293282166955258	-0.127027075130302	0.334522662198249	0.438098736208443	0.289950791069763	0.346694791812237	0.771853884136493	0.941671643138458
snp2342	18	14	200	0.4575	183	0.323321614077552	-0.193761802993023	0.339939259694031	0.466125381878872	0.415686016092929	1.04823638932308	0.677639775252597	0.577296220408898
snp2343	18	15	200	0.435	174	-0.207625204955525	0.1142488011585	0.332501647721839	0.462504382999559	0.247022093969234	0.666285153819818	0.8048911253111	0.800941031600245
snp2344	18	16	200	0.4775	191	0.521747352114205	-0.570826775849324	0.318456886819447	0.438386463185021	1.30210858177983	1.64860574312182	0.192879269921853	0.256930297165684
snp2345	18	17	200	0.47	188	-0.416018979467201	0.70513874291103	0.312132081946052	0.446008469581776	1.58099854823887	1.60937079080943	0.113878369678018	0.273887683420619
snp2346	18	18	200	0.4475	179	0.490825105904526	-0.938692016542378	0.34288283601193	0.456829416834465	2.05479765958793	2.05796894178028	0.039898552371254	0.120317874700064
snp2347	18	19	200	0.4475	179	0.0947484052679559	0.10778988231165	0.353631620534905	0.453909760974006	0.237469848809493	0.754171088470348	0.812292307445707	0.752475368833294
snp2348	18	20	200	0.4725	189	-0.270268390688716	0.215716595264051	0.320222547452437	0.451099668944427	0.478201626192338	0.856499862842262	0.632506705201206	0.692950987414899
snp2349	18	21	200	0.4075	163	-0.161084284979185	0.508837911313454	0.328803970743151	0.453877563424089	1.12109069123122	1.20771170701665	0.262249260646766	0.482254264827486
snp2350	18	22	200	0.4675	187	-0.483092747469361	0.767068356370309	0.351873743633348	0.47514079949714	1.61440220916016	1.63878496307002	0.106440212859116	0.26111141702592
snp2351	18	23	200	0.4625	185	-0.141245231100528	0.242978442383451	0.334800111712418	0.448711186470731	0.541502974986117	0.543402734809799	0.588160947663133	0.86273882824031
snp2352	18	24	200	0.4725	189	-0.171906166240797	0.0515454548807314	0.308869010016568	0.453677216980172	0.113617023186298	0.659100960740839	0.909541392186416	0.804763335283511
snp2353	18	25	200	0.4525	181	0.198204013886708	-0.495804772835897	0.354343772663126	0.46848202566179	1.0583218686683	1.09131296525386	0.28990872622412	0.551296780043021
snp2354	18	26	200	0.465	186	-0.267956192348476	0.174920575313424	0.332698135899835	0.444109150066003	0.393868433666424	0.84999602606969	0.693678176756795	0.696807129190083
snp2355	18	27	200	0.455	182	0.0801854955203517	0.30485470733608	0.346794460247396	0.463305147371527	0.657999828116771	1.23742360734504	0.510538241602247	0.465050818621843
snp2356	18	28	200	0.4625	185	-0.11196670053036	-0.199627192610537	0.323706793742129	0.460476712509784	0.433522884409264	0.996085169428345	0.664634944558114	0.60890511233981
snp2357	18	29	200	0.465	186	-0.868700548966118	1.01288373492537	0.391190282421054	0.493717480597318	2.0515452150893	2.27040526330816	0.0402138811180127	0.075973549677729
snp2358	18	30	200	0.4275	171	0.0648266214610222	-0.0747113675681801	0.337909347262581	0.465672550169961	0.160437559699218	0.194964373701174	0.872536404449723	0.981173913272122
snp2359	18	31	200	0.4625	185	-0.145021594924107	0.197546151231322	0.319819460613843	0.445917160145574	0.443010874860324	0.482827605638493	0.657757868817767	0.889975585741529
snp2360	18	32	200	0.4675	187	0.0579119191872114	0.0316020841976038	0.314374587891587	0.453577875888996	0.0696728960504629	0.326676906890314	0.944454015160375	0.948039699259692
snp2361	18	33	200	0.4475	179	0.622958131777798	-0.480225491911297	0.304313128218251	0.430344688879284	1.11590895466124	2.08586723356891	0.264461108384221	0.113560328113828
snp2362	18	34	200	0.445	178	0.463892219426986	-0.903197832754874	0.343448434021591	0.443522424912845	2.03641976599573	2.05358955007297	0.0417082222935444	0.12140599491307
snp2363	18	35	200	0.4375	175	0.199204220386023	-0.254813654025118	0.30934155737497	0.447378269037271	0.569570923892795	0.662203024011017	0.568968753954861	0.803115754794552
snp2364	18	36	200	0.445	178	-0.000385367328426554	-0.317767247347484	0.333834367141826	0.451464325515608	0.703859041319751	1.02968282802438	0.481520560928039	0.588532361985513
snp2365	18	37	200	0.455	182	0.492478065146409	-0.887023005064368	0.342184281404135	0.448608815955494	1.97727501893848	1.9783351218743	0.0480105518199905	0.141295063356863
snp2366	18	38	200	0.4225	169	-0.237870478338533	0.0823320161367112	0.32769988985738	0.4450047087929	0.185013808865172	0.883601918395375	0.853218204646178	0.676802230461783
snp2367	18	39	200	0.445	178	-0.819914399375857	1.59418561364291	0.356737046429661	0.48747126267897	3.27031711547841	3.27715055902701	0.00107426981158499	0.00465479274068136
snp2368	18	40	200	0.4425	177	0.0192636121701721	0.112071365300723	0.332077916935305	0.441278038311305	0.253969959007253	0.456136988441393	0.799518766570366	0.901197831996452
snp2369	18	41	200	0.4425	177	0.361723851286127	-0.646802766517616	0.33056910102164	0.449131302079335	1.44011954527134	1.44267728694001	0.14983358023984	0.353221875457515
snp2370	18	42	200	0.4675	187	-0.471747759923028	0.119509231709435	0.322001727820919	0.447657999584918	0.266965477708981	1.81137629900614	0.789495741487307	0.193874924230726
snp2371	18	43	200	0.4825	193	-0.2912742570928	0.21919401928639	0.314655547877828	0.434043779561364	0.505004401878316	0.960374704557919	0.613555744261409	0.630551915615638
snp2372	18	44	200	0.445	178	0.676384840067896	-0.318919800486312	0.363874064153698	0.479859424288875	0.664610892990032	2.15431430058026	0.506299400215945	0.0982210181075086
snp2373	18	45	200	0.4725	189	0.203526443328903	-0.094025627266431	0.347012283739484	0.463063455475156	0.203051279807753	0.672659071409501	0.839094951468386	0.797530569676724
snp2374	18	46	200	0.44	176	0.058681106240866	0.0957360816556042	0.346589854022763	0.476834764814729	0.20077412286162	0.487127417481901	0.84087519786902	0.888121642626946
snp2375	18	47	200	0.455	182	0.0435032774254061	-0.0520285169119267	0.341491702750878	0.463985297696983	0.112133977456124	0.130298450947521	0.910717177194531	0.991547085333774
snp2376	18	48	200	0.4875	195	-0.0236986571133462	0.540321058565793	0.364818184498131	0.47927992690128	1.12736008382234	1.66360195548516	0.259590268408878	0.250627944303224
snp2377	18	49	200	0.465	186	-0.445491162182662	0.887938967960218	0.315163390139034	0.459063300739924	1.93424080410921	1.93756260438347	0.0530835276351474	0.153037173514656
snp2378	18	50	200	0.4675	187	0.00237137279043354	0.13214379269011	0.354323129643527	0.469737749272202	0.281313973370992	0.433151969732041	0.778469593695748	0.910455446112331
snp2379	18	51	200	0.4375	175	-0.395529250445673	0.141918394108449	0.342997919652077	0.442175859542228	0.320954640661235	1.42862952247739	0.74824476528384	0.360417875202422
snp2380	18	52	200	0.445	178	-0.150735229999565	0.0966644820380604	0.335172389735476	0.473870315899176	0.203989316897046	0.471975608411111	0.83836184726983	0.894598300723111
snp2381	18	53	200	0.455	182	-0.379652038027933	0.652366104616414	0.336928667476994	0.444257995032019	1.46843976228136	1.47058611720144	0.141984807508369	0.339150348489435
snp2382	18	54	200	0.48	192	0.0283765335222609	0.108222550125732	0.365140546884803	0.469638367666366	0.230438051012507	0.447412146968853	0.817751396193403	0.904757058806193
snp2383	18	55	200	0.4525	181	-0.40120719246114	0.169282603339754	0.348681235303494	0.459985744311117	0.368017064514194	1.40955322201213	0.712860510130693	0.370308016422702
snp2384	18	56	200	0.4675	187	-0.462903714900134	0.319241919548007	0.357079113856311	0.469366490446925	0.680154902502794	1.36733415315053	0.496406384005483	0.392663863135931
snp2385	18	57	200	0.455	182	-0.207521540432483	0.250316292490398	0.321454284385487	0.458168261094619	0.546341407177272	0.658093406216853	0.584831278241324	0.80529753137885
snp2386	18	58	200	0.4475	179	0.299487673627592	-0.382676042985886	0.350326347700852	0.475903856050799	0.804103682120698	0.893541036122707	0.421337098237621	0.670851289595002
snp2387	18	59	200	0.45	180	0.774236951321002	-0.701112129463578	0.310179235426813	0.435797720427446	1.60880173667706	2.50435741881596	0.107659701033344	0.0434604895172737
snp2388	18	60	200	0.4775	191	-0.219736022954381	0.240234597346562	0.331263360898657	0.468188202237116	0.513115444171091	0.665164309058353	0.607870568785396	0.801538896063623
snp2389	18	61	200	0.455	182	-0.423194893238617	0.408574140041452	0.356171857463007	0.4949145247418	0.825544855961962	1.18846670115105	0.409062327454704	0.493502896970054
snp2390	18	62	200	0.455	182	-0.246766294276176	0.444709552723677	0.317219003409569	0.432317930015958	1.02866321715424	1.03088243742203	0.303637960268118	0.587805422541573
snp2391	18	63	200	0.4725	189	-0.0701481618640241	-0.417234712963565	0.349486478010412	0.499869024080202	0.834688074003604	1.30486322779695	0.403893358198381	0.426845131332909
snp2392	18	64	200	0.45	180	0.108956698655238	-0.517436854871976	0.30071748408655	0.426419716631623	1.21344495737513	1.3901187911845	0.22495974666353	0.380520537995445
snp2393	18	65	200	0.4925	197	-0.601546945710529	0.72759220938368	0.351723479723811	0.466138033165497	1.56089432231623	1.76608133067268	0.118548687163324	0.210236617351937
snp2394	18	66	200	0.4575	183	-0.0596140959092081	-0.53122148834699	0.30345607594645	0.427827013217305	1.24167355481401	1.83034627004556	0.214357030922346	0.187292496050228
snp2395	18	67	200	0.4875	195	0.394090554915484	-0.403684733781701	0.35788505671779	0.466408912174572	0.865516767035116	1.10152498706028	0.386755217151592	0.545158528540866
snp2396	18	68	200	0.4375	175	0.0821745343870466	0.0292967941236581	0.353737405981639	0.505335780533978	0.0579749055028337	0.395136570300186	0.95376861740516	0.924902960450209
snp2397	18	69	200	0.4575	183	0.65883975027513	-1.07286578828394	0.327436343347768	0.442794457717405	2.42294312764107	2.45770731218031	0.0153953366704576	0.0487932831398949
snp2398	18	70	200	0.4425	177	0.67066143746891	-0.918629049170772	0.321494862750834	0.481764682206025	1.9068003178737	2.20470228203705	0.0565464501795137	0.0880054903411581
snp2399	18	71	200	0.395	158	-0.252263315118954	0.995890748257905	0.337710736569252	0.45785338154746	2.17513026744933	2.49279446003085	0.0296203558804077	0.044734417375258
snp2400	18	72	200	0.475	190	-0.0439008469627787	0.103412895168673	0.347592228363861	0.468695806555295	0.220639685105595	0.226791943939198	0.825372998222152	0.974610579978664
snp2401	18	73	200	0.455	182	0.408496712432593	-0.534187849290758	0.359424218896207	0.465010180141281	1.14876592406742	1.21589444798677	0.250652513975249	0.477495924430185
snp2402	18	74	200	0.46	184	0.122368650492941	-0.327156302870236	0.395314071229242	0.522523497114991	0.626108308385296	0.675377932833938	0.53124390301655	0.79607038308984
snp2403	18	75	200	0.4525	181	0.190241146422968	-0.0366437718229969	0.298957231384911	0.4459707848852	0.0821663056525769	0.777219815231595	0.934514467010774	0.739311951490852
snp2404	18	76	200	0.42	168	0.153687404316893	-0.0523877851044025	0.328727362346326	0.447168755027845	0.117154395326973	0.56578817929289	0.906737705232354	0.852094253656747
snp2405	18	77	200	0.4625	185	0.050214713960587	-0.208725599118259	0.33846861880784	0.443068822284562	0.471090694312507	0.565923454060376	0.637575970155744	0.852029031734321
snp2406	18	78	200	0.4725	189	-0.355083950041983	0.313420865621111	0.324431262775418	0.441651915705447	0.709655849947999	1.10317833903834	0.477917576777732	0.544165840969454
snp2407	18	79	200	0.465	186	-0.003721989227409	-0.383786334352341	0.312365366166638	0.456519651282511	0.840678672372946	1.12000627151541	0.400527971796048	0.534081396296165
snp2408	18	80	200	0.44	176	-0.394044595102266	0.470418771871101	0.309467755874282	0.4294603983323	1.09537171226463	1.30075347504195	0.273353821790384	0.429136683425076
snp2409	18	81	200	0.475	190	-0.232260474563112	-0.21204719378846	0.348055844317532	0.476808089542848	0.444722307441901	1.48276155847841	0.65652044635051	0.333107199745124
snp2410	18	82	200	0.4525	181	0.143514291885779	0.32604698082314	0.339354871446251	0.472254264855833	0.690405582515329	1.50143379666369	0.489939167076521	0.323954656232964
snp2411	18	83	200	0.4375	175	-0.235167989457638	0.8117392494005	0.338111810608649	0.467333025006559	1.73696102343528	1.89657583885463	0.0823940508692723	0.165547029848619
snp2412	18	84	200	0.475	190	-0.0589229442245229	-0.128526659484737	0.329807009273197	0.46099646011428	0.278801836033351	0.595963116351828	0.780396905356047	0.837288974293403
snp2413	18	85	200	0.4675	187	0.388644822811027	0.0586705609165129	0.363717473326161	0.474053822673643	0.123763501337493	1.71722175971768	0.901502531286113	0.228910247166687
snp2414	18	86	200	0.44	176	-0.136081026719895	0.27809876387289	0.355216004690905	0.460662097079117	0.603693608908153	0.615640357636692	0.546047364010156	0.827367318328348
snp2415	18	87	200	0.45	180	-0.163065246348093	0.444456008879561	0.341537848970736	0.456901137366909	0.972761878950294	1.04772520172038	0.33067166308295	0.577605569386707
snp2416	18	88	200	0.455	182	0.16423649177589	-0.772482715798613	0.332160237563629	0.447592505642506	1.72586159522429	2.02087852477723	0.0843723153506132	0.129772156831673
snp2417	18	89	200	0.4725	189	-0.675104422599125	1.10183474276789	0.33557876998367	0.455387314383126	2.41955519613113	2.4508757287264	0.0155395021871469	0.0496182822790345
snp2418	18	90	200	0.4675	187	1.01411185608682	-1.12970365267538	0.301978320384065	0.430814895863968	2.62224835659371	3.38013354596084	0.00873517496483874	0.00330390097749319
snp2419	18	91	200	0.445	178	-0.144417282454787	-0.0911346339260732	0.336509275943531	0.481628348244234	0.189221905766765	0.789569468035763	0.849918899474701	0.732193853842977
snp2420	18	92	200	0.455	182	0.287900753956286	-0.177029804384841	0.330593056496326	0.463936198689103	0.381582219462625	0.933842823902701	0.702771274865956	0.646597545390481
snp2421	18	93	200	0.4525	181	0.374763137856278	-0.145925971776351	0.341131394479985	0.470721519385631	0.310004887745111	1.29120634135614	0.756557239459764	0.434479329717962
snp2422	18	94	200	0.455	182	-0.214952421074502	0.20791861416825	0.35114937170502	0.47961120421768	0.433514922795429	0.612180492770536	0.664640727260127	0.829126553178126
snp2423	18	95	200	0.4275	171	0.214503407662222	-0.202932646043037	0.325934875818911	0.458922641122879	0.442193580919232	0.65879284717401	0.658349130719912	0.804926743358356
snp2424	18	96	200	0.4525	181	-0.360063749943405	0.431026691877492	0.334189622306209	0.443979958784051	0.970824658522798	1.10365531855291	0.33163560111979	0.543879517910196
snp2425	18	97	200	0.4725	189	-0.0751619292069849	-0.072531597980091	0.31557670259553	0.444230039611019	0.163274861023811	0.496876524212068	0.870302026276932	0.883871896632995
snp2426	18	98	200	0.4625	185	0.349988493274271	-0.613705567436036	0.326439864141103	0.475722444576318	1.290049638046	1.312392815021	0.197033424098637	0.422659896528096
snp2427	18	99	200	0.455	182	-0.125719660396075	0.736636493231492	0.360509662883072	0.477701476606344	1.54204357596852	1.93163343400952	0.1230630047737	0.154802702233253
snp2428	18	100	200	0.4875	195	0.115070729772034	-0.257659054390084	0.347697568891655	0.474499144500401	0.543012684799196	0.550724988956503	0.587121068768544	0.859289832764452
snp2429	18	101	200	0.4475	179	-0.207706675748598	0.0476295485987321	0.330750837316258	0.427914881623822	0.111306128027122	0.825966279114973	0.911373596140914	0.710980591430549
snp2430	18	102	200	0.4875	195	-0.189758392474014	-0.0728605897646292	0.324214171985817	0.448703550584621	0.162380238956653	0.991130937720084	0.871006431341947	0.611909876549986
snp2431	18	103	200	0.48	192	-0.0200833503085219	0.323019394850354	0.314427234343489	0.433003511524187	0.745997171508644	1.02208350733362	0.455669123673443	0.593138500649147
snp2432	18	104	200	0.4625	185	0.422778540954066	-0.671333191633652	0.333871016434703	0.448488684388219	1.49687877309416	1.50953803912351	0.134424804438023	0.320026157039533
snp2433	18	105	200	0.4525	181	-0.202105772783981	-0.143740418839217	0.328907975307447	0.455553795954625	0.315528967414278	1.25800573196438	0.752360060671205	0.453260070655867
snp2434	18	106	200	0.4825	193	-0.568381520834964	0.809312096843557	0.349137324297902	0.458027671428783	1.76695022446781	1.82750726368714	0.0772365647032101	0.188267510490411
snp2435	18	107	200	0.45	180	0.117220275167324	-0.0828405318992285	0.354049227562226	0.479274596405114	0.172845655748477	0.347054333076827	0.862772748995751	0.941554209205657
snp2436	18	108	200	0.445	178	0.0307210154152289	-0.136967632441836	0.365141495093243	0.492473200124833	0.278122002186346	0.327923459334915	0.78091870648437	0.947652980950286
snp2437	18	109	200	0.4375	175	-0.0140025945325516	-0.196121998420741	0.354559809997743	0.461867305098878	0.424628451192827	0.710942205916291	0.671107549158999	0.776685781456043
snp2438	18	110	200	0.45	180	0.15374934137905	-0.334843573852814	0.344765395057236	0.485883298338156	0.689144029025208	0.691137917210809	0.490732635020141	0.78754417839769
snp2439	18	111	200	0.45	180	-0.319598484154958	-0.123907167207591	0.336021698387841	0.445671847700132	0.278023321075826	1.75791250193513	0.780994456601432	0.21328453018395
snp2440	18	112	200	0.44	176	0.0543609652840952	0.10497502558629	0.33833339650218	0.458155446609143	0.229125346786166	0.543267361082536	0.818771493548762	0.862802287853853
snp2441	18	113	200	0.4825	193	-0.254483311251182	-0.0168916488711723	0.32126972927711	0.46627913127793	0.0362264740969158	1.11892706611842	0.971101776563636	0.534727028367862
snp2442	18	114	200	0.475	190	-0.424378194954612	0.0954153366208532	0.308664058328016	0.448404873531598	0.212788357694176	1.73011659550114	0.831492045008158	0.223878515220395
snp2443	18	115	200	0.455	182	0.150945425246991	-0.814924290481023	0.377007905025408	0.483228547253287	1.68641586908125	2.21290362798495	0.0917157270123663	0.086425610145367
snp2444	18	116	200	0.465	186	-0.0588122655776577	-0.70268994341848	0.327846651612947	0.43858955132789	1.60215842190264	2.57198067076139	0.109120581711048	0.0366060304634986
snp2445	18	117	200	0.475	190	-0.133176313167373	0.867402431449421	0.358227861972034	0.466129898707527	1.8608598887446	2.45385735939437	0.062763965477658	0.0492567940745065
snp2446	18	118	200	0.4625	185	-0.0788109988683039	0.100997985167841	0.360302532607468	0.479389041539073	0.210680629752377	0.230805388192697	0.83313649057359	0.973716034427752
snp2447	18	119	200	0.445	178	-0.723278855694251	0.969307259010675	0.312993014326543	0.426312895381086	2.27369912923746	2.47852464169646	0.022984082571454	0.0463496193393027
snp2448	18	120	200	0.4375	175	0.440802637066623	0.135901110607828	0.328188336101844	0.465354537054851	0.292037790085646	2.22090562692329	0.770257730433993	0.0849059673055986
snp2449	18	121	200	0.455	182	-0.199249993280862	0.693298337604573	0.351624885175911	0.454890529682466	1.52409929942601	1.78867477702291	0.127483907691775	0.201961391915628
snp2450	18	122	200	0.4525	181	0.319199138761673	0.0881803456979743	0.329242250078509	0.447389362096792	0.197099781909648	1.62563482896153	0.843749454090937	0.266776433629523
snp2451	18	123	200	0.445	178	-0.517004110081346	0.670483274133849	0.328372737030143	0.463693667165861	1.44596168033069	1.64077324618327	0.148187950051821	0.260261489976663
snp2452	18	124	200	0.4625	185	0.0122669321860287	0.0208556861219847	0.370844811101643	0.47206980861367	0.0441792415897803	0.110988890980925	0.964761528706592	0.993859662440474
snp2453	18	125	200	0.48	192	0.214643430405062	-0.550693512819811	0.39694848522144	0.511052829968919	1.07756670255266	1.19381554242602	0.281227168517086	0.490368674097115
snp2454	18	126	200	0.44	176	0.123160834587676	-0.217917868719468	0.341912367727528	0.472425974484824	0.461274105339161	0.463496548469852	0.644601960620885	0.898153288623165
snp2455	18	127	200	0.4625	185	0.52269596299564	-0.879866017429335	0.317840554818136	0.479266553236645	1.83585942204252	1.92969110435507	0.0663784503906535	0.155384299477893
snp2456	18	128	200	0.4525	181	-0.429828505630546	-0.139418372026435	0.315708839049503	0.444709203318129	0.313504580040589	2.30609894751432	0.753897341586284	0.0700149717357247
snp2457	18	129	200	0.4575	183	-0.0039988984113255	0.269972744105155	0.330356401594038	0.458993967381026	0.588183643557654	0.810340250351609	0.556409034870984	0.720128463996552
snp2458	18	130	200	0.485	194	-0.414495294072237	0.146743767289174	0.333683491498092	0.464017699687843	0.316246055673937	1.47041901198602	0.751815752761687	0.339233697686207
snp2459	18	131	200	0.4975	199	-0.212779576795096	0.544300169553979	0.320652105349297	0.435753310025637	1.24910162936446	1.30426044464715	0.211627904771568	0.427180920649028
snp2460	18	132	200	0.455	182	0.0935517853954741	-0.220335954204475	0.302927875403868	0.435384092037998	0.506072587937471	0.5079173421503	0.612805693231507	0.878982743701553
snp2461	18	133	200	0.4425	177	-0.415934285876662	1.07244134175027	0.333222903160165	0.434061991309981	2.4707100903115	2.64445667134203	0.0134845086443619	0.0303009703174091
snp2462	18	134	200	0.445	178	-0.269470461320955	-0.175446441540179	0.35986188831115	0.4616616237106	0.380032544464126	1.68515466793991	0.703921257292834	0.241744685718664
snp2463	18	135	200	0.48	192	-0.289469674365694	0.462450772602519	0.318739748184162	0.43992257513971	1.05120945988201	1.0773495098027	0.293162399367852	0.559707483210345
snp2464	18	136	200	0.4725	189	0.384682315987625	-0.139240280375089	0.339669730772137	0.457762872871175	0.304175564745448	1.40185655206134	0.760994139890794	0.374336221937486
snp2465	18	137	200	0.4725	189	-0.558350702139537	0.611711932934536	0.361759459397289	0.484692003402368	1.26206318371364	1.55827232932878	0.206926051655501	0.296975294786638
snp2466	19	1	200	0.45	180	0.536670923602059	-0.666585117664288	0.342831555080305	0.470658262882858	1.41628261996581	1.62153926385033	0.156692774348971	0.268556276228242
snp2467	19	2	200	0.4725	189	0.0150341247443973	-0.372038539830686	0.337346812998973	0.454253396661039	0.819011024607262	1.14253322920168	0.412780123635301	0.520642793260074
snp2468	19	3	200	0.4425	177	-0.453576884231712	0.664909841686888	0.331932789643122	0.4539460240601	1.46473326440867	1.52750837884759	0.142993705630124	0.311411240452872
snp2469	19	4	200	0.47	188	-0.0298988078658714	-0.589232391328203	0.323570985072539	0.440809891948391	1.33670410326724	1.97304029563071	0.181319242026159	0.142780898205615
snp2470	19	5	200	0.455	182	-0.0593454823636972	-0.0505430565784771	0.372829093713287	0.483305847365571	0.104577788276264	0.387407801354833	0.9167108404316	0.927704148727852
snp2471	19	6	200	0.475	190	0.4333495262576	-0.618617009357931	0.307267515029682	0.42823934875955	1.44455900923125	1.53854002560368	0.148581793555067	0.306189004728808
snp2472	19	7	200	0.4725	189	-0.119804031217966	0.190232290534507	0.336926994297342	0.462659701277029	0.411171083216086	0.421253994925137	0.680947090247423	0.915094935796266
snp2473	19	8	200	0.4675	187	-0.577865792017602	-0.112787135184069	0.363149367292259	0.47668622150581	0.236606660934702	2.74723664759845	0.812961952242625	0.0229679709962436
snp2474	19	9	200	0.4625	185	0.0950734891635514	-0.449252755010564	0.358987032826605	0.468980796659328	0.957934222916392	1.18856327044308	0.338095928021884	0.493446258893868
snp2475	19	10	200	0.465	186	0.145069716539491	-0.302478148772421	0.394322250505709	0.503523868077307	0.600722563415766	0.620147894187537	0.548024788097905	0.825066157187189
snp2476	19	11	200	0.4675	187	0.0950641591495222	-0.284773733743359	0.293775645985011	0.442288711727809	0.643863897477477	0.655795304797431	0.519663694514939	0.806514227204622
snp2477	19	12	200	0.4675	187	1.01681496720945	-0.496107704022692	0.331340828382465	0.446822157733316	1.11030237743669	3.45339516610707	0.266868748978466	0.00257226335017294
snp2478	19	13	200	0.435	174	-0.171632605031944	-0.0247114113384701	0.313479137325255	0.453117068506928	0.0545364830768724	0.790293647257824	0.95650774253524	0.731775120649201
snp2479	19	14	200	0.48	192	-0.0582325737091782	-0.238820517195535	0.345662853885406	0.460011834856438	0.519161680416476	0.967943626191875	0.603647998595299	0.625967120926677
snp2480	19	15	200	0.4425	177	0.170720079571808	-0.0183384317315142	0.362461675286437	0.48647904599099	0.0376962417654755	0.649529058733969	0.969929872505459	0.80981941625197
snp2481	19	16	200	0.4725	189	-0.104891130374189	0.327196452676157	0.35040148837704	0.456517938436158	0.716722006142842	0.789240383156449	0.473545644608475	0.732384088767685
snp2482	19	17	200	0.45	180	0.386540521924239	-0.0445866381451441	0.325309633196726	0.451971833089246	0.0986491521836496	1.59567526588428	0.921416842522411	0.279965253801995
snp2483	19	18	200	0.45	180	-0.421672538582046	0.410429234962924	0.344237264044928	0.474804089332754	0.864418070913634	1.22494755476218	0.387358269332417	0.472249299484515
snp2484	19	19	200	0.48	192	-0.0511813555175921	0.0939400724313864	0.331860180022481	0.452038990346359	0.207814092229983	0.207926656750255	0.835374128817347	0.978615220121167
snp2485	19	20	200	0.43	172	-0.0924503767036699	-0.387734207952461	0.349099926445132	0.46662630821188	0.830930877940135	1.52877441580722	0.406012678885839	0.310809340698319
snp2486	19	21	200	0.4675	187	-0.118777013491714	-1.21704945528325	0.316886222835029	0.448983315555239	2.71067857784019	4.06791164865734	0.00671456806841179	0.000255075088705376
snp2487	19	22	200	0.44	176	-0.476979360526866	0.192982154825127	0.334924216139922	0.473183528641181	0.407837853906929	1.65617610816145	0.683392720602786	0.253736322737068
snp2488	19	23	200	0.4775	191	-0.327199292542069	0.0461212131044146	0.365931446196144	0.476681786767527	0.0967547206222659	1.24597313101185	0.922921182864162	0.460139984528059
snp2489	19	24	200	0.4775	191	0.487770510536561	-0.276229926019876	0.39878493392098	0.493449506347806	0.559793702225687	1.35946350520761	0.57562015979975	0.396900162013596
snp2490	19	25	200	0.4575	183	0.285361714466455	-0.294215763919386	0.355637108985119	0.471471805127586	0.624036815605056	0.803543224362769	0.532603407362465	0.724089079117601
snp2491	19	26	200	0.455	182	0.463224324521994	-0.9368823733564	0.361110647446513	0.468873990786898	1.99815385746618	2.02459124191628	0.0456999823042111	0.128801238661365
snp2492	19	27	200	0.4775	191	-0.342182689641646	0.268316260979503	0.324862676485703	0.467480904085978	0.573961970712187	1.08297843038109	0.565993535919284	0.556314698511092
snp2493	19	28	200	0.46	184	-0.286002028413605	0.534642047572596	0.31122592165882	0.462850136093496	1.15510832963134	1.17362285978371	0.248046067613856	0.502230898180341
snp2494	19	29	200	0.4625	185	0.722874064032688	-0.664837044716381	0.344013994289887	0.466846305467896	1.42410261563503	2.10524842580882	0.154416769370909	0.109040547862891
snp2495	19	30	200	0.4725	189	0.105548281647593	-0.245344780255593	0.366353161046441	0.475095692207313	0.51641129204037	0.544385842718144	0.60556718072925	0.862277639253852
snp2496	19	31	200	0.4575	183	0.0757543828832711	-0.187320246070244	0.354311803164361	0.461480442968212	0.405911559036853	0.428895114800597	0.684807584592799	0.912127487501842
snp2497	19	32	200	0.445	178	0.6107905939163	-0.320496823145077	0.357623401862329	0.47239531050594	0.678450475729366	1.92461463529816	0.497486114385013	0.156911904774881
snp2498	19	33	200	0.42	168	-0.0597603747116076	0.0458634279674438	0.358088216938112	0.508080779071938	0.0902679846523974	0.172170575563693	0.928074260806688	0.985287942079525
snp2499	19	34	200	0.47	188	0.383396257762869	-0.159321001388413	0.343145722004945	0.461587708150211	0.345158674235246	1.32091097269941	0.729975084962239	0.417946059560114
snp2500	19	35	200	0.425	170	0.2234740971484	0.0880901810955199	0.371722484103166	0.486210426001963	0.181177071458283	1.15861528084789	0.856228591087348	0.511097612504546
snp2501	19	36	200	0.44	176	0.392100889535959	-0.057967722630242	0.343344253016335	0.455315602202857	0.127313279733418	1.54829953585923	0.898692450128341	0.301611435826382
snp2502	19	37	200	0.4675	187	-0.0736575430205295	-0.0414645952350966	0.314258381597181	0.435368884174901	0.0952401440302268	0.435996072473588	0.924124084564859	0.909330842746125
snp2503	19	38	200	0.4425	177	-0.112797984727973	0.0927305379171284	0.355597522204164	0.483593064430533	0.191753242007979	0.322794052527865	0.847935498660952	0.949235837007603
snp2504	19	39	200	0.455	182	-0.460209628068187	0.597310263653539	0.340549368120322	0.461788687656429	1.2934709741048	1.4437237353829	0.195848216717382	0.352688830057184
snp2505	19	40	200	0.44	176	-0.0760219542337982	0.541421875981295	0.329192094999048	0.452206570307385	1.19728883110492	1.53035254395923	0.231193996216389	0.310059999207078
snp2506	19	41	200	0.4725	189	-0.75698169586636	1.128270855232	0.350640942367891	0.463002555125232	2.4368566495855	2.49009357261303	0.0148155513373395	0.0450364552647796
snp2507	19	42	200	0.4725	189	-0.196060243522732	-0.236956882292857	0.338880330495643	0.46474409223013	0.509865292005738	1.44515009407222	0.610145839269375	0.351962938528527
snp2508	19	43	200	0.47	188	0.0497142519702428	-0.147793232768651	0.354481641256439	0.495166534365164	0.29847177163968	0.31890328065675	0.765343117778076	0.950421554524676
snp2509	19	44	200	0.455	182	0.0752881658123693	0.179503208909452	0.336480959220632	0.456278632403106	0.393407002129496	0.85330027565757	0.694018898794882	0.69484902987258
snp2510	19	45	200	0.4575	183	0.69142062053372	-0.812662196252333	0.308105771306477	0.446973705864091	1.81814318289997	2.27510652172763	0.0690422513274043	0.0751661078875393
snp2511	19	46	200	0.4775	191	0.0165024334940992	-0.184003656327797	0.313847758180741	0.451779558187506	0.40728637007394	0.512115516416506	0.683797672271254	0.877102733878938
snp2512	19	47	200	0.4725	189	1.1073697866927	-1.434531295441	0.361459617409896	0.469028116241523	3.05851876628714	3.26136020877838	0.00222434147003434	0.00490139605284012
snp2513	19	48	200	0.465	186	-0.122766310592167	0.281806479856094	0.321939356119873	0.463966851425206	0.607384943537335	0.61006041397923	0.543595478165326	0.830201485238214
snp2514	19	49	200	0.475	190	-0.362853673265521	0.348437406478696	0.330373040046119	0.450223828637094	0.773920402066405	1.09972946830841	0.438977863785919	0.546236934314777
snp2515	19	50	200	0.465	186	-0.0417377942731676	0.0776653661397412	0.323385286186397	0.45898546179142	0.169210950247995	0.170197960644776	0.865630716938396	0.985620710925156
snp2516	19	51	200	0.4675	187	0.103956980599572	-0.0942119488897068	0.337354896366173	0.465073021771822	0.202574530190508	0.310280120496202	0.839467599195738	0.953003334305402
snp2517	19	52	200	0.47	188	0.183904190855316	-0.823402894619264	0.317669499385978	0.446060381736792	1.84594491762133	2.05958452856009	0.064900203750323	0.119918346320089
snp2518	19	53	200	0.4525	181	0.425246596687045	-0.442849260333141	0.313656305953732	0.464563224093144	0.95325940015508	1.35744817277276	0.340458656734279	0.397988260293774
snp2519	19	54	200	0.435	174	0.254062020952278	0.000445400044507882	0.308425019113499	0.453661135637051	0.000981790172266865	1.13599571917923	0.999216644905448	0.524534992738402
snp2520	19	55	200	0.465	186	0.326781032656855	0.0262129970992135	0.323670209421708	0.474225041739253	0.0552754384354642	1.42126302850763	0.955919029532104	0.364221056317156
snp2521	19	56	200	0.4475	179	-0.397941654587297	0.815966799227888	0.331700832814737	0.455557739461548	1.79113804584317	1.80088529284416	0.073271145158899	0.197583515843818
snp2522	19	57	200	0.4425	177	-0.0886348278291247	0.525595218341713	0.328257025607367	0.441978608767253	1.18918700569622	1.48855666571152	0.234366086724795	0.330251605700079
snp2523	19	58	200	0.4525	181	0.25312537234086	-0.261175649851003	0.332088149350581	0.472680345959852	0.552541801416863	0.762953526809229	0.580577203152951	0.747479019226725
snp2524	19	59	200	0.445	178	-0.0320578918909008	0.0973638674403252	0.364356613354105	0.486922246048199	0.199957730891366	0.219547106093685	0.841513639313743	0.97618763126515
snp2525	19	60	200	0.455	182	0.121934940157023	-0.204375368537186	0.350335401583481	0.482670484822873	0.423426281414713	0.425663928153893	0.671984273257319	0.913387658556458
snp2526	19	61	200	0.48	192	0.0167923515750528	-0.366235119633035	0.324751356016094	0.452740939051478	0.808928656640423	1.07794414310289	0.418556184388311	0.559348934922701
snp2527	19	62	200	0.45	180	0.278632108617347	-0.690406520424112	0.349201755902959	0.470795922099378	1.46646665363082	1.52319455097029	0.142521199353802	0.31346711521633
snp2528	19	63	200	0.4875	195	0.436745567004378	-0.67754206175138	0.398570727000058	0.485454197669326	1.39568689487962	1.3959666320524	0.162808802408986	0.377433298393726
snp2529	19	64	200	0.4475	179	0.483682480820357	-1.22090002452403	0.326107662571161	0.480568088960801	2.5405349472208	2.56510674384339	0.0110683031641445	0.0372580852635105
snp2530	19	65	200	0.4375	175	0.481773561465454	0.185582723562676	0.318896425857464	0.474916480475908	0.390769179828642	2.49688184675442	0.695967858132632	0.044280562041452
snp2531	19	66	200	0.4575	183	-0.0906840878753117	0.248836531076396	0.366423136089571	0.49315195851569	0.50458388490508	0.541277110285844	0.613851130836132	0.863733976584661
snp2532	19	67	200	0.4875	195	0.180009277406431	-0.0587066223095433	0.336402628631679	0.464009461549455	0.126520312998588	0.649971060383994	0.899320070799542	0.809586877122321
snp2533	19	68	200	0.45	180	-0.0580925918925572	-0.333139693891174	0.31322099035617	0.437362348665732	0.761701812941806	1.25836080021743	0.446237993070234	0.453057626051932
snp2534	19	69	200	0.47	188	0.247941023438674	-0.684394046166654	0.339763089517742	0.445155168092265	1.5374280592982	1.65831248647809	0.124188519523402	0.252839557523676
snp2535	19	70	200	0.4725	189	0.35493652156182	-0.518528619729865	0.306410111287214	0.434884959073352	1.19233514268863	1.27996161874047	0.233129860095927	0.440805795861228
snp2536	19	71	200	0.49	196	-0.356775576050269	0.0289758760692869	0.328676931594163	0.436965042029757	0.0663116571858708	1.55196574957795	0.94712970256135	0.299902204061865
snp2537	19	72	200	0.465	186	0.0116449959944978	-0.191924827461253	0.305745099105588	0.448809248710987	0.427631177415516	0.545027849782656	0.668919663450739	0.861976148616804
snp2538	19	73	200	0.4725	189	-0.130138521905632	-0.169093334844248	0.365721507082779	0.481158158456552	0.351429840422247	0.988803851306169	0.725265898842526	0.613321182626226
snp2539	19	74	200	0.4675	187	0.199297529084258	-0.596820500747957	0.327814581773614	0.467852341579852	1.27565996299731	1.33559590995324	0.202075747345377	0.409872879507097
snp2540	19	75	200	0.4725	189	-0.133029586998891	0.170502311782377	0.33999820519359	0.465079272512802	0.366609139257402	0.41177865263816	0.713910590066023	0.918713617366733
snp2541	19	76	200	0.46	184	0.401525841091919	-0.338845091578187	0.338796232485556	0.451122018244826	0.751116278687808	1.20156131955914	0.452582679650091	0.485840546600657
snp2542	19	77	200	0.4675	187	-0.324253274004081	0.0352863517993756	0.394201350567671	0.512415345065753	0.0688627929260152	1.15792562196215	0.945098835127242	0.511506046268665
snp2543	19	78	200	0.445	178	0.0272577726819773	0.0376627411955203	0.323737627255769	0.453097943239422	0.0831227370538269	0.214292203672716	0.933753946851819	0.977301013812349
snp2544	19	79	200	0.455	182	-0.433271768598196	0.300407899720588	0.331734465925168	0.478898117694496	0.627289790084803	1.34924785380687	0.530469294803342	0.402429688032523
snp2545	19	80	200	0.4625	185	-0.235054862188542	0.190193188691897	0.311861896892358	0.443185117023413	0.429150667263606	0.761526746829638	0.667813581684673	0.748292381467295
snp2546	19	81	200	0.455	182	-0.0541005237069869	0.319325092377608	0.321502020927372	0.440353394140537	0.725156423514921	0.884226059535073	0.46835607280802	0.676428950388863
snp2547	19	82	200	0.4525	181	-0.360600763078318	0.0542149036374455	0.314038285754144	0.442127027376555	0.1226229121507	1.46656623577316	0.902405710094074	0.341158444851716
snp2548	19	83	200	0.445	178	0.677168179559721	-0.615226000660398	0.361791838004868	0.47175994964533	1.30410816162526	1.87945548408633	0.192196706526545	0.170985510783262
snp2549	19	84	200	0.4625	185	0.0996829724822041	0.212829594871036	0.359114777871229	0.480790579153938	0.442665900911701	1.02389464114068	0.658007410166394	0.592040568793732
snp2550	19	85	200	0.4475	179	-0.18112503574874	0.62986299578817	0.316295839234666	0.421898105045011	1.4929268187184	1.65471044050307	0.135456344097841	0.254352718191532
snp2551	19	86	200	0.485	194	-0.037491803284395	-0.363553266386202	0.32675488613841	0.44241696408474	0.821743504203801	1.28867256377241	0.411222893651152	0.435901713712794
snp2552	19	87	200	0.455	182	-0.250339245856745	0.469298870789061	0.355996823950784	0.479369953411665	0.978991001519958	0.979177660901987	0.32758442569955	0.61915821216057
snp2553	19	88	200	0.4675	187	0.111015265545627	-0.231670860371501	0.335768410032966	0.444036980085076	0.5217377623078	0.524342815326738	0.601852928471504	0.871562506247311
snp2554	19	89	200	0.4525	181	0.0274003977989984	-0.364867578529538	0.318498695845251	0.451529366290314	0.808070539303404	1.06035682351967	0.419049976046335	0.569966155294706
snp2555	19	90	200	0.4475	179	0.286608182004102	0.10014652188552	0.319609272203838	0.439797385097489	0.22771058964646	1.47096959046269	0.819871239354993	0.338959120274814
snp2556	19	91	200	0.4425	177	-0.262674963001708	0.26020899391198	0.363184995830822	0.468617527666004	0.555269443735868	0.723260296880362	0.578710375907437	0.769855281023191
snp2557	19	92	200	0.4575	183	-0.503446167824588	0.541936571669276	0.319064976300298	0.443164127755252	1.22288005217014	1.58405496758959	0.22137500387746	0.285185603544191
snp2558	19	93	200	0.465	186	-0.868806435076708	0.776991608334108	0.32138880934939	0.420322994381799	1.84855841512285	2.7169466134199	0.0645216020928728	0.0249495510711461
snp2559	19	94	200	0.465	186	-0.589673520500567	-0.046599268544246	0.311888429030282	0.450416305698036	0.10345821844089	2.70227781704076	0.917599308348926	0.0259611860593019
snp2560	19	95	200	0.4775	191	-0.135017759158181	-0.0952628315320329	0.363858373151466	0.492588687495224	0.193392243773273	0.801203595451271	0.846651789350715	0.725449656382289
snp2561	19	96	200	0.46	184	-0.0830135240115144	0.591426510413897	0.344564351635082	0.475432412264184	1.24397599986359	1.56996055763469	0.213508396109004	0.29159539350968
snp2562	19	97	200	0.4775	191	-0.0874498251585294	0.195053090275074	0.352229935306949	0.473077502876037	0.412306839977095	0.421962377353288	0.680114535839988	0.914821674505851
snp2563	19	98	200	0.475	190	-0.570347986208649	0.883655062468999	0.33841150610037	0.444065209408856	1.98992184874228	2.01576577454534	0.0465995451408758	0.131118231941637
snp2564	19	99	200	0.475	190	-0.45440221273609	-0.0245430167676981	0.331405001268865	0.486240017673374	0.0504751066872998	1.90508995888803	0.959743786098227	0.162889393542867
snp2565	19	100	200	0.4575	183	-0.794318258703361	0.735270419724709	0.356491166750941	0.466284010310956	1.57687247142438	2.23122538997081	0.114824871925329	0.0829777009591103
snp2566	19	101	200	0.46	184	-0.20978903068549	0.397343739701946	0.348992679930976	0.470586711381227	0.844358181164308	0.844454085150389	0.398469283363896	0.700086520429148
snp2567	19	102	200	0.4525	181	0.336161121418227	-0.037771578806123	0.382833449915339	0.504552859034637	0.0748614899901499	1.29115906637038	0.940324917077906	0.43450585142547
snp2568	19	103	200	0.4575	183	0.231990968294048	-0.0681117015206447	0.30924908450597	0.432424348393575	0.157511254335411	0.910206221672807	0.874841938929236	0.660843861255655
snp2569	19	104	200	0.445	178	-0.0918361519902306	0.412265249292998	0.314511359321181	0.470406596181165	0.876401931094996	0.968984041944085	0.380811568902213	0.625336710963473
snp2570	19	105	200	0.455	182	-0.0918588971836959	0.415693635031365	0.345576660516492	0.456364905344121	0.910879934376007	1.14885038091293	0.362358639242572	0.51688823958273
snp2571	19	106	200	0.45	180	-0.287655781365651	0.551146318807773	0.332951990469771	0.456574408034954	1.20713362183361	1.20714087657324	0.227380688481491	0.482586766249061
snp2572	19	107	200	0.4725	189	-0.0952042046460527	-0.0180184441375317	0.321276440516323	0.440507739730477	0.0409038082930308	0.471544950799166	0.967372581411315	0.894780072179487
snp2573	19	108	200	0.465	186	0.372140552885619	-0.32780687340382	0.32317143531136	0.471073852122121	0.695871511286599	1.16391120243787	0.48650929990759	0.507964028687943
snp2574	19	109	200	0.4875	195	-0.38912096701283	0.856649058432093	0.358934487563047	0.480861446320732	1.78148833720538	1.82768235863485	0.0748327084990402	0.188207274032614
snp2575	19	110	200	0.46	184	0.430069767895713	-0.338738797458311	0.322885653993215	0.443454006957993	0.763864554482196	1.36548202299187	0.444947962234515	0.39365886186772
snp2576	19	111	200	0.45	180	-0.0911964717191532	0.373379764821919	0.321846070480875	0.449985929979253	0.829758754544024	0.915272632516491	0.406675194829867	0.657794967395598
snp2577	19	112	200	0.43	172	-0.277395930869661	0.461846431653959	0.339021279927342	0.455379716760682	1.01420070911212	1.02043235556502	0.310486990332495	0.594139525289693
snp2578	19	113	200	0.485	194	-0.391456501307097	-0.0307743015987151	0.330236727460577	0.497014623218346	0.0619183021204498	1.65097697262811	0.950627892478259	0.255927140591799
snp2579	19	114	200	0.4575	183	-0.310196759872022	0.0318004155634352	0.343553222499265	0.470673744857602	0.0675636062365366	1.27028962607962	0.946133027185941	0.446275918428546
snp2580	19	115	200	0.4475	179	-0.209377277294761	0.868893395938627	0.301757171627866	0.41948140791547	2.07135138659999	2.35844085426146	0.0383259703697087	0.0619689620411468
snp2581	19	116	200	0.4775	191	-0.196720523898441	0.492604887176315	0.334858649844062	0.460560860005505	1.06957609721857	1.10105653384713	0.284810159050568	0.545439850128826
snp2582	19	117	200	0.465	186	0.0325083138331258	-0.241419146137875	0.329060543204559	0.462616909835759	0.521855429416934	0.649976202495876	0.601770992973189	0.809584171295519
snp2583	19	118	200	0.4625	185	-0.333709365421511	0.184924971082852	0.331264455378086	0.442521497019609	0.417889237762065	1.11204547814823	0.676028101557017	0.538847557508593
snp2584	19	119	200	0.475	190	-0.239254487791335	0.418289248571589	0.34476613916781	0.465140207593385	0.899275620002405	0.901262418006732	0.36850587001222	0.666218907135473
snp2585	19	120	200	0.4575	183	-0.212769659094255	0.236866282649558	0.357784967877344	0.475902325361903	0.497720372493308	0.599605128739282	0.618681146803503	0.835468064242357
snp2586	19	121	200	0.46	184	-0.117955516432542	-0.0383347699611609	0.332497653755022	0.463405774653511	0.0827239798421238	0.603193685239623	0.934071017063974	0.833666938288774
snp2587	19	122	200	0.45	180	-0.0500295790197576	-0.616906864932975	0.320394270342286	0.457369083109649	1.34881627926975	2.02977103640232	0.177395984469593	0.127455852389982
snp2588	19	123	200	0.475	190	-0.198398307671363	0.144736723762378	0.344511597195972	0.445776120474016	0.324684784838794	0.597683798654021	0.745419651246558	0.836429567129529
snp2589	19	124	200	0.4675	187	-0.0328442932841517	-0.0618751831645383	0.32408242060264	0.440881810960926	0.140344150351039	0.334297146068082	0.888388082553436	0.945655169233056
snp2590	19	125	200	0.445	178	-0.460282956111489	1.34617619174888	0.321041454846515	0.428617070443637	3.14074329880405	3.39440181602971	0.00168519669059491	0.00314801921574681
snp2591	19	126	200	0.4675	187	-0.385493519702307	-0.041484908043241	0.35060304689983	0.475060980663545	0.0873254376423352	1.7127434627923	0.930412834937244	0.23067509246578
snp2592	19	127	200	0.4475	179	-0.19531790413311	-0.110716426565149	0.328377512756788	0.460668044632264	0.240338846714514	1.0851850287739	0.810067582057296	0.554985510192652
snp2593	19	128	200	0.4575	183	0.251480151152271	-0.227857013159106	0.339872651959965	0.481943775616465	0.472787542214128	0.741157225152135	0.636364762841086	0.759832688842323
snp2594	19	129	200	0.455	182	0.200664139278686	-0.111971554977503	0.333946624608711	0.47388617253162	0.236283650943691	0.642860398165802	0.813212572466754	0.813316663097256
snp2595	19	130	200	0.4475	179	0.277428216113135	0.336258362221091	0.33682625480955	0.460512354864957	0.730183150720673	1.98798877235595	0.465278240325255	0.13861573375592
snp2596	19	131	200	0.44	176	0.207275712509512	-0.409926440807853	0.365581494449301	0.481221755811742	0.851845195810765	0.85932995488207	0.394300017809832	0.69127055840337
snp2597	19	132	200	0.47	188	-0.0570994428925243	0.590983680036869	0.32184639598625	0.456283288039811	1.2952121971763	1.65122346697894	0.19524703832138	0.255823002796945
snp2598	19	133	200	0.465	186	-0.316770503836548	0.595105609698581	0.351371857095782	0.46349744376366	1.28394582905624	1.28851557388732	0.199160910275397	0.435989903908193
snp2599	19	134	200	0.4725	189	-0.113214417619039	0.119922407125839	0.319007359733436	0.462260849966564	0.259425835293023	0.35569804733348	0.795306698189154	0.938698863423447
snp2600	19	135	200	0.4525	181	-0.0647660587850781	-0.261181124444596	0.337368927954165	0.47021033800192	0.555455938196599	0.996571135119494	0.578582840207545	0.60861036323323
snp2601	19	136	200	0.4575	183	0.32810941781406	-0.044138593687023	0.354975580991867	0.484371207825133	0.0911255520021699	1.26918594670495	0.927392829544831	0.446901760515098
snp2602	19	137	200	0.4375	175	-0.0771988023538113	0.0760172588485794	0.417876440650551	0.522092879123006	0.145601025963562	0.184824457699181	0.884236358015579	0.983064996883003
snp2603	20	1	200	0.4725	189	0.132549853140816	-0.241164706197748	0.350671729378173	0.471679946916667	0.511288868170507	0.51131810596168	0.609148798642614	0.877460707219501
snp2604	20	2	200	0.4625	185	-0.0592964067122231	-0.152035886303259	0.362379781166699	0.487839399856135	0.311651511436131	0.646903427376496	0.755305382015125	0.811198883764818
snp2605	20	3	200	0.4825	193	0.429911177694895	-0.832458641464005	0.306846163098995	0.433536875235572	1.92015648267906	1.92239617073409	0.0548381365608773	0.157582914396257
snp2606	20	4	200	0.4675	187	-0.339482063818071	0.428549720657493	0.334716261689588	0.474398703361046	0.903353482252967	1.04925062235336	0.366338320114611	0.576682494021816
snp2607	20	5	200	0.45	180	0.0430902106273898	-0.079158134472833	0.328720465650392	0.44387078130576	0.178335988325181	0.178346309969104	0.858459117196961	0.98422209298934
snp2608	20	6	200	0.48	192	0.0164619093061839	0.223024556849941	0.317748561874157	0.452919246780656	0.492415719656864	0.726841395613863	0.622425488824586	0.767858961031853
snp2609	20	7	200	0.4925	197	-0.134786437946395	0.29904134207344	0.365095296106538	0.475579378711806	0.628793752335201	0.651038213784849	0.529484090768378	0.809025066460153
snp2610	20	8	200	0.455	182	-0.201755436130102	0.856333432257951	0.353717501842146	0.477574817671801	1.79308749241138	2.09762845747484	0.0729589352617036	0.11080065725257
snp2611	20	9	200	0.4725	189	-0.0558672771471944	0.206310738682475	0.341132037252318	0.467928234387247	0.440902522055843	0.489888373936058	0.659283567744826	0.886924596863713
snp2612	20	10	200	0.4875	195	0.814860971462981	-0.645136900157196	0.340696985118839	0.469155331865626	1.37510299113892	2.43587880757613	0.169099517183921	0.051470174108801
snp2613	20	11	200	0.42	168	-0.190489620840718	-0.0930148691491444	0.328135029641747	0.456060286799771	0.203953012006024	1.07877026929377	0.838390218028784	0.558850855708671
snp2614	20	12	200	0.4525	181	0.0975267017112189	-0.318951510470035	0.341973439634217	0.475013372157772	0.671457961322608	0.72490685484292	0.501928831472994	0.768937971406985
snp2615	20	13	200	0.46	184	-0.57636526933992	0.615432185307849	0.344925347850948	0.453331130983989	1.35757759228228	1.67544543361135	0.174597757159573	0.245720958845995
snp2616	20	14	200	0.47	188	-0.00789321577470622	-0.298613882757922	0.361336661754891	0.478612004952107	0.623916407587403	0.981964439623936	0.532682484307287	0.617468588658568
snp2617	20	15	200	0.48	192	0.143913192731176	-0.084958902907295	0.307216050086884	0.429496457935327	0.197810485599134	0.503964543149699	0.843193341957163	0.880742365150208
snp2618	20	16	200	0.4675	187	-0.00613002542347411	0.275359849628547	0.311790600074762	0.444658563227312	0.619261321833088	0.852136280557781	0.535744220283155	0.695539051541522
snp2619	20	17	200	0.475	190	-0.514911771397957	0.869647852093113	0.330647236458366	0.442835806112088	1.96381557247652	1.96837189244846	0.0495514835089626	0.1441005508213
snp2620	20	18	200	0.4375	175	0.246524550986302	-0.790684885806752	0.341193574890512	0.471037937832635	1.67860128091782	1.84762918828185	0.093229776767244	0.181433368443329
snp2621	20	19	200	0.47	188	0.222256276765717	-0.101624257729814	0.344336677502144	0.474380263039716	0.214225307517286	0.747087272891789	0.83037136161674	0.756487176749263
snp2622	20	20	200	0.48	192	0.173859231407706	-0.114443476059321	0.303117272196204	0.429701486974885	0.266332511123029	0.608312617516885	0.789983136750529	0.831085899766799
snp2623	20	21	200	0.4725	189	-0.409242869054197	0.268067431174528	0.323703921539272	0.483262013171627	0.554704122956434	1.31981565594018	0.579097055643314	0.418550937152779
snp2624	20	22	200	0.4775	191	-0.295445290671599	0.351394268460466	0.345826317021352	0.485181519193443	0.724253201244387	0.871439996798253	0.468910302256853	0.684063975698898
snp2625	20	23	200	0.4725	189	0.0842995264237205	0.0564261170411907	0.337121558230261	0.452234363057278	0.124771847631676	0.496696576585107	0.900704175525321	0.883950914388781
snp2626	20	24	200	0.4625	185	0.153602544529744	-0.70769628502146	0.345458173667004	0.469455458065605	1.50748334663639	1.81449658252234	0.131686809327391	0.192781294065867
snp2627	20	25	200	0.48	192	-0.14201430758099	0.734456369784895	0.355017733103595	0.476926083654114	1.53997945375022	1.91892318910517	0.123565361755495	0.158637571546017
snp2628	20	26	200	0.4725	189	-0.130193450546455	-0.192856041469096	0.330781126961491	0.458984940997731	0.42017945305541	1.04965906578472	0.674354363632154	0.576435356114275
snp2629	20	27	200	0.4575	183	0.350423715476112	-0.269221048421935	0.32012902327651	0.463243624635248	0.58116514530322	1.11907256680581	0.561129156150316	0.534639973744178
snp2630	20	28	200	0.4725	189	0.232023646855913	0.0227604531235566	0.332788258282357	0.45816315878695	0.049677615249157	1.07245130474227	0.960379294873309	0.562662160834651
snp2631	20	29	200	0.46	184	0.0384441707295994	-0.394882006937773	0.338569617663982	0.471184083792416	0.838063127598642	1.08877440736733	0.40199525013086	0.552824407465698
snp2632	20	30	200	0.4575	183	-0.32008223382466	0.224131560543652	0.349833672668105	0.476297672365338	0.470570346125342	0.953569496175454	0.637947588037734	0.634671718811644
snp2633	20	31	200	0.4725	189	-0.311676434063056	-0.21236618259439	0.349171726351826	0.466446355577182	0.455285329288525	1.86215683049074	0.648903979315068	0.17660952961794
snp2634	20	32	200	0.4375	175	-0.19553685358758	-0.185038268902294	0.348416812315011	0.464944632637473	0.397979148296937	1.29668695304619	0.690645556190981	0.431409067228986
snp2635	20	33	200	0.47	188	-0.53397852725326	0.837722589482052	0.320806406673555	0.458345281961662	1.82771072911824	1.93584098176134	0.0675929770493765	0.153548292343394
snp2636	20	34	200	0.47	188	0.071241564101606	-0.473327652906302	0.346771968347254	0.469600928750048	1.00793593864087	1.24317431732686	0.313485217161679	0.461745598745683
snp2637	20	35	200	0.45	180	0.337791255224144	-0.806287700544349	0.329575475632939	0.469382775309427	1.71776158597389	1.73782734481379	0.0858401108943397	0.220905131205377
snp2638	20	36	200	0.465	186	0.219419523788501	0.349645760468184	0.319069025532472	0.451813188973879	0.773872407891126	1.81336506542334	0.439006247924251	0.193177382811628
snp2639	20	37	200	0.4475	179	0.170069878523379	0.270642166130531	0.338412844037801	0.476549456834928	0.567920416755985	1.39194794624877	0.570089007846006	0.379553566263343
snp2640	20	38	200	0.4625	185	-0.510658696347877	0.00636411538031445	0.350067082751184	0.449098343199999	0.0141708725420087	2.35193326562093	0.988693657998153	0.0629260505412405
snp2641	20	39	200	0.46	184	0.67193114597165	-0.572630139842149	0.329545098738935	0.463496917833937	1.23545619789281	2.07304921174653	0.216660768678398	0.116627927633671
snp2642	20	40	200	0.455	182	0.0285677701750499	0.262262886825219	0.325689468902613	0.462672447292241	0.566843537712468	0.87483542152377	0.570820487804806	0.682038952698272
snp2643	20	41	200	0.445	178	0.342280190877137	-0.23911739738008	0.322139758117971	0.435313835406508	0.549298868842027	1.10681665599677	0.582800363515891	0.541982505902567
snp2644	20	42	200	0.48	192	0.426899619736386	-0.638570743247882	0.3194395536797	0.441671034434448	1.44580625275905	1.50852004537448	0.148231551844762	0.320518153304964
snp2645	20	43	200	0.4525	181	0.158500010607494	-0.52410890973548	0.334692278803149	0.458123703566557	1.14403359977932	1.24999558138086	0.252609702873483	0.4578358905132
snp2646	20	44	200	0.46	184	-0.233143979404595	0.335725525930505	0.34569969071907	0.480572957947817	0.698594293287222	0.745502002245955	0.484805611111093	0.757382690455559
snp2647	20	45	200	0.4675	187	0.465534683410653	-0.622355836194207	0.322202369908172	0.452544065011583	1.37523809129676	1.52490369254961	0.169057642641929	0.312651653670602
snp2648	20	46	200	0.455	182	0.26611218057698	-0.432021998221783	0.361132647809364	0.463733944640752	0.931616076878875	0.932034055244451	0.351534971598624	0.647689580356155
snp2649	20	47	200	0.475	190	-0.148912124130705	-0.00884147454744305	0.354877824972761	0.483629911214063	0.0182814882670267	0.631437168281441	0.98541429522267	0.819257817861155
snp2650	20	48	200	0.4725	189	-0.158938707961721	-0.0188467978535214	0.342224290827346	0.464283229833039	0.0405933202892099	0.736361919941877	0.967620109406183	0.762529228657066
snp2651	20	49	200	0.455	182	0.355689420207893	-1.01279394590968	0.317939341791404	0.447817411124219	2.26162252907301	2.32869497302181	0.0237207348612523	0.066443046712497
snp2652	20	50	200	0.4575	183	0.057705065963095	-0.318385489511096	0.336382118264048	0.466517189070489	0.682473222788346	0.820292362125514	0.494939769026563	0.714308898190869
snp2653	20	51	200	0.4625	185	0.247846456726983	-0.195821337909733	0.326116437957549	0.448443676854119	0.436668745746268	0.773004219719599	0.662351598682381	0.741731647818163
snp2654	20	52	200	0.4675	187	-0.345989333194191	-0.141924955801489	0.327913881671773	0.478348927926907	0.296697551756978	1.74976809779995	0.766697426337693	0.216352945467802
snp2655	20	53	200	0.4325	173	0.171514475595023	-0.30191317122293	0.331622712906195	0.439779357811959	0.686510555486376	0.686515110858934	0.492391210376949	0.790055961475758
snp2656	20	54	200	0.4525	181	-0.18042313207502	-0.312637000201479	0.334962899590119	0.475535022066734	0.657442639750738	1.6091795228125	0.510896342001378	0.273971999801998
snp2657	20	55	200	0.4825	193	-0.482129268029919	0.652621985408908	0.335244490315653	0.443194185414223	1.47254184934522	1.57255196451354	0.14087461465559	0.290410499742304
snp2658	20	56	200	0.45	180	0.225880036691696	-0.0184206513877391	0.340191088389237	0.462355247519164	0.0398409047730677	0.929273859023387	0.968219964811567	0.649355496052782
snp2659	20	57	200	0.4325	173	-0.460743868505971	0.0388568502542214	0.347864964476778	0.454999175107339	0.0853998257140897	1.85659099193837	0.931943531717949	0.178446747487985
snp2660	20	58	200	0.4675	187	0.240822486544565	-0.126408236565138	0.323090056813099	0.43943163670377	0.287663031076555	0.849085579591296	0.773604691271252	0.697346291113784
snp2661	20	59	200	0.455	182	-0.0227090091749858	-0.221345885850906	0.35971465674075	0.481782948299341	0.45943071798668	0.755027926202812	0.64592489356072	0.75198899859062
snp2662	20	60	200	0.465	186	0.0271887847056239	-0.250501983185306	0.328304659404083	0.454754279158212	0.55085129412967	0.718378470817421	0.581735618137289	0.772569108270707
snp2663	20	61	200	0.4875	195	-0.0352321365372276	-0.217570989247178	0.345554808162787	0.453708004136445	0.479539675878733	0.845665430168752	0.631554749582713	0.699370237289739
snp2664	20	62	200	0.48	192	-0.454141355285486	1.03809280199836	0.344551720330721	0.467830696819976	2.21894973770357	2.26772023050466	0.0264901441870049	0.0764378320157691
snp2665	20	63	200	0.4525	181	-0.00210538916949305	0.422945465456667	0.338153468944167	0.466519832800152	0.906596966988644	1.33283502767048	0.364619966250251	0.411385476302095
snp2666	20	64	200	0.46	184	0.512277765085633	-0.31291408202635	0.342918356589993	0.453349552335137	0.690226957134016	1.65564816728746	0.490051473509214	0.253958242033691
snp2667	20	65	200	0.4525	181	-0.222982372444717	0.553900157620179	0.314315294420348	0.432544678081244	1.2805617215712	1.31756736143519	0.200347652333804	0.419793701215232
snp2668	20	66	200	0.465	186	-0.347563021755956	0.351637167049679	0.323506961113097	0.461710150528783	0.761597219915914	1.07445835685727	0.446300434595906	0.56145122152192
snp2669	20	67	200	0.4525	181	-0.499648917724348	0.554253161191364	0.330115872485935	0.440628221552894	1.25787031806094	1.53094385824492	0.208438659783366	0.309779492677923
snp2670	20	68	200	0.455	182	-0.217870702022423	0.354653749028975	0.334159608624202	0.456167763354338	0.777463419205908	0.788186813669899	0.436885408546167	0.732992926931517
snp2671	20	69	200	0.465	186	0.198151563212898	-0.0807017723410682	0.363079739017808	0.460680963049446	0.175179308054903	0.640145470418884	0.860938742695312	0.814734397373675
snp2672	20	70	200	0.445	178	0.242865754800357	0.0386122344520805	0.360808518100074	0.485873505406983	0.0794697262196622	1.1006069751347	0.936659010413049	0.545709848845569
snp2673	20	71	200	0.4375	175	0.225465182801624	0.663839609660888	0.345823677194561	0.469614167066994	1.41358514332509	2.89646343495842	0.157483745933728	0.0150745073772999
snp2674	20	72	200	0.485	194	0.239928987225808	0.0414332413812879	0.354548463326966	0.469947782752235	0.0881656279738897	1.12700061510881	0.929745035803548	0.529900941238682
snp2675	20	73	200	0.47	188	0.23951539324394	-0.269460574694967	0.371300997974944	0.475108375965912	0.56715601813406	0.653689292153178	0.570608186590848	0.807627093177685
snp2676	20	74	200	0.4625	185	-0.140194222482336	0.50404681843052	0.359961034832729	0.464007396586978	1.08629048187174	1.27825614523224	0.27735049672074	0.441768457305932
snp2677	20	75	200	0.455	182	-0.136086844421192	0.520895758481525	0.368861108178718	0.469215905343785	1.11014088088057	1.36043583474135	0.266938323361015	0.39637568014022
snp2678	20	76	200	0.4475	179	0.50532782375895	-0.57351255058269	0.333591841683221	0.484625514274655	1.18341386016598	1.53044876087271	0.236645166921194	0.310014346101048
snp2679	20	77	200	0.4275	171	0.224521235738221	-0.411851401151608	0.324654025018209	0.450162621168972	0.914894710898299	0.919018782013428	0.360246906978978	0.655538816536951
snp2680	20	78	200	0.46	184	0.313809270917823	-0.438065850541289	0.332062856945386	0.456585319724644	0.959439192669349	1.02867712201352	0.337337538892555	0.589141839236607
snp2681	20	79	200	0.4275	171	-0.304384672145205	0.271639704401205	0.336590719021257	0.461733044594867	0.588304665609425	0.908526546853145	0.556327814521166	0.661854031773418
snp2682	20	80	200	0.4725	189	0.0945730093335695	0.181909001774887	0.33160842255878	0.455450743863474	0.399404335651753	0.912939877738866	0.689595299811017	0.659199136583007
snp2683	20	81	200	0.46	184	0.172631984537659	-0.197275527332878	0.319450671725732	0.44822817985598	0.440122991366283	0.5472535253326	0.659848030803742	0.860929025581059
snp2684	20	82	200	0.4525	181	-0.11084218810133	0.0405371905251559	0.305204698876088	0.469434061026363	0.0863533217775592	0.411217046228091	0.931185552086896	0.918925956462318
snp2685	20	83	200	0.4525	181	0.471619761370077	-0.515461864748317	0.316605121469005	0.433414707688783	1.18930404438063	1.49605818486605	0.234320044417194	0.326575196388273
snp2686	20	84	200	0.445	178	0.174973834723961	0.21629644238079	0.35087181586878	0.477991782927744	0.452510796432429	1.29926044910742	0.65090104522794	0.429970422601747
snp2687	20	85	200	0.4525	181	0.0604132915922189	-0.291989431139612	0.325406887207496	0.461631682892791	0.632516012137372	0.718611142465591	0.527049748834536	0.772439966083521
snp2688	20	86	200	0.4325	173	0.100270357199529	-0.702275833277869	0.337187487417735	0.497634887556408	1.4112270880491	1.65251111929534	0.158177665380446	0.255279437699138
snp2689	20	87	200	0.455	182	0.574707301113354	-0.196082474855137	0.327922303323052	0.461981000346777	0.42443839618502	2.13749204803372	0.671246123629911	0.101831465863061
snp2690	20	88	200	0.475	190	0.287934494247931	-0.225815721070881	0.325577689450476	0.453087396959699	0.49839329583243	0.900206532903925	0.618206861170196	0.666852830765774
snp2691	20	89	200	0.4675	187	-0.216201510489497	0.545606590674049	0.34854541619301	0.452271024536698	1.20637087293612	1.29204218811701	0.227674521617993	0.434010518961445
snp2692	20	90	200	0.4325	173	-0.0505406794661625	0.0349616173851979	0.315283408088617	0.453565249374569	0.0770817813609116	0.167138272334163	0.938558486242147	0.986129493315878
snp2693	20	91	200	0.46	184	-0.162899367001385	-0.314680164127602	0.348146399841731	0.480243151523833	0.655251747222439	1.5528075095666	0.512305682300988	0.299510566709155
snp2694	20	92	200	0.4525	181	-0.155649838137422	0.839625291008937	0.398741451044935	0.514967849180049	1.63044215740035	2.03547232709351	0.103008080833568	0.12598734706631
snp2695	20	93	200	0.425	170	-1.02512195583402	1.24575497983166	0.320670778482678	0.422500311104758	2.94853032551443	3.32846768882273	0.0031928881210283	0.00392908549847442
snp2696	20	94	200	0.4575	183	0.194831404757525	0.0347356239223229	0.315665680464929	0.44039364959881	0.078874034523355	0.953717544867559	0.93713281633216	0.634582118581303
snp2697	20	95	200	0.46	184	-0.230912307417736	0.128405040714367	0.349478343647504	0.467437756156302	0.274699762745375	0.727203689207895	0.783546913453141	0.767656736986179
snp2698	20	96	200	0.4575	183	0.268298900614548	0.00498309343535763	0.36755910398926	0.475620670915918	0.010477032938374	1.13317970875383	0.991640690106822	0.526213567826342
snp2699	20	97	200	0.4575	183	-0.186443324909886	0.0359215490371808	0.340447409046454	0.461604151878711	0.0778189470154926	0.747400454633965	0.937972074613416	0.756310161962096
snp2700	20	98	200	0.4925	197	-0.325618008440104	0.269822784748922	0.368584569366712	0.488751785906809	0.552065061508276	0.890848932693621	0.580903778331379	0.672464531311892
snp2701	20	99	200	0.4775	191	0.304757393009712	0.0351450327318988	0.327372600720533	0.453785717955422	0.0774485210558155	1.39000437318227	0.938266742445553	0.380581063865442
snp2702	20	100	200	0.4725	189	0.463112027821719	-0.647554236896084	0.360802170964968	0.509597016997139	1.27071826423136	1.38432473585913	0.203828895595181	0.383591349463791
snp2703	20	101	200	0.4725	189	0.124555238886277	0.0890691623863274	0.372415268026313	0.482671817514637	0.184533588153044	0.74840379031375	0.853594880040447	0.755742842057036
snp2704	20	102	200	0.46	184	0.0266764319397022	-0.170267661625841	0.316730520657932	0.432965203820314	0.393259458551094	0.488309993347852	0.694127858344669	0.887609553398507
snp2705	20	103	200	0.4725	189	0.165610074732282	-0.547004710421133	0.333988923587429	0.452315516722424	1.20934323541418	1.34021652740496	0.226531006942305	0.407346880550404
snp2706	20	104	200	0.455	182	0.247447432071236	-0.155300204390807	0.326426035774771	0.436354610753471	0.355903663129958	0.827533321807437	0.72191271241187	0.710060075354565
snp2707	20	105	200	0.4675	187	0.0916487351827	-0.11146822242288	0.347961701265998	0.476978702618926	0.233696435104642	0.270512972214493	0.815220655506834	0.964072640429213
snp2708	20	106	200	0.4825	193	-0.272847808079163	0.195226228591141	0.326415974300455	0.472982705061046	0.412755533135073	0.873016797138125	0.679785733455656	0.683123808636968
snp2709	20	107	200	0.465	186	0.625042787477197	-0.0698689817424216	0.317185718644252	0.450472202298341	0.155101649748742	2.68245184294074	0.87674118161445	0.0273846143095926
snp2710	20	108	200	0.455	182	-0.387889019442251	0.0321931626679995	0.353445276826817	0.472406419576947	0.0681471744114515	1.57075917163802	0.94566847786235	0.29122992962297
snp2711	20	109	200	0.4575	183	0.161729317292783	0.190332674632355	0.341508452877094	0.476234666077485	0.399661528632583	1.16728845740277	0.68940583144732	0.505968344770925
snp2712	20	110	200	0.4525	181	-0.128923510614644	0.35054601694349	0.335522962753405	0.466318926137378	0.751730194283856	0.779428885421767	0.452213328560745	0.738041890560923
snp2713	20	111	200	0.47	188	0.69628423157941	-0.797169147054136	0.304022655467258	0.454065057581362	1.75562759949062	2.32101453026221	0.0791520164519406	0.0676401034965567
snp2714	20	112	200	0.4725	189	-0.483096147406803	0.477978963785307	0.334614672069817	0.460415269498989	1.03814750606649	1.44374655520629	0.299201387354531	0.352677210639622
snp2715	20	113	200	0.46	184	-0.144839844136614	0.011506298161825	0.332909907288988	0.46822687128679	0.024574194407517	0.59155689767404	0.980394602961836	0.839482388206511
snp2716	20	114	200	0.4375	175	0.392366370947978	-0.864663645646208	0.317287488016698	0.4333053079022	1.99550670134271	2.0128035860908	0.0459876439990537	0.131902912538332
snp2717	20	115	200	0.47	188	-0.0933228802845443	-0.114225737443825	0.344218612632862	0.473574224514208	0.241199228190676	0.703869638066089	0.809400709058336	0.780581414556763
snp2718	20	116	200	0.4675	187	-0.572813237470469	0.620258278600545	0.345893985020427	0.478772505574224	1.29551774878264	1.66801189187976	0.195141682633202	0.248793551782434
snp2719	20	117	200	0.4375	175	0.265433765702592	-0.4214632220641	0.348459960076714	0.454095739929289	0.928137361803328	0.935976512131796	0.35333632129812	0.645308994518104
snp2720	20	118	200	0.46	184	0.206828691260839	-0.168292263826628	0.36377822429538	0.474312521145376	0.354813032175987	0.577797921438724	0.722729664533946	0.846262893348439
snp2721	20	119	200	0.4675	187	0.544730454292759	-0.553546202393015	0.336621112990942	0.462362514540244	1.19721254423802	1.6182302117915	0.231223721703862	0.269999678917916
snp2722	20	120	200	0.4775	191	0.409534816429753	-0.412360594615627	0.366082825365946	0.486053704467857	0.848384840656836	1.11869546299933	0.396223682320599	0.534865604884135
snp2723	20	121	200	0.445	178	0.423197307810913	-1.1239568227742	0.375103344858014	0.488008262560197	2.30315121485378	2.50950783141912	0.021270336584137	0.0429029462617215
snp2724	20	122	200	0.47	188	-0.30401909350308	0.39648423470448	0.306876179809031	0.423989650333973	0.935127153203322	1.04224383974017	0.349722774581298	0.580923552048736
snp2725	20	123	200	0.455	182	0.0160232895820373	-0.251652117570635	0.320701777046424	0.433296192443029	0.580785434904839	0.796963031708207	0.561385072684293	0.727912058420787
snp2726	20	124	200	0.4575	183	0.227090075423278	-0.0892687825117092	0.362243159202965	0.479999710013513	0.185976742588441	0.754526240109376	0.852462999863632	0.75227380154035
snp2727	20	125	200	0.48	192	-0.142035818103048	0.697678456138503	0.334328171861688	0.458548367599617	1.52149370804801	1.80182137359536	0.128135989071378	0.197250628850495
snp2728	20	126	200	0.48	192	0.281298296505684	-0.198630732601585	0.342036255209322	0.458794819030883	0.432940225918755	0.866971888857881	0.665058195429925	0.686725844660993
snp2729	20	127	200	0.4725	189	-0.524707323547076	0.0419179288314796	0.336918410754041	0.468930696419572	0.0893904560983866	2.14954844768625	0.928771608037727	0.0992335352885877
snp2730	20	128	200	0.4525	181	0.34226149736863	-1.17776970749677	0.311467872679524	0.418245364153631	2.81597791258278	3.1718381520271	0.00486290098001115	0.00653698890687864
snp2731	20	129	200	0.455	182	0.243368764184878	-0.210150629024368	0.345033070888611	0.465454003494384	0.451496017751846	0.710792455840056	0.651632094522735	0.77676846595116
snp2732	20	130	200	0.4675	187	0.188299765534185	-0.11767864579211	0.329905123514665	0.455080031562402	0.2585889022379	0.611384840548285	0.795952446810462	0.82953024223459
snp2733	20	131	200	0.4675	187	-0.296970659380247	0.301358785217346	0.337455189596327	0.47461754696743	0.634950787519085	0.880029916557239	0.525460511884982	0.678937415655801
snp2734	20	132	200	0.4625	185	-0.646924519197258	0.564142554248063	0.315914209501776	0.424086810454645	1.3302525340113	2.06896126858946	0.183435080510595	0.117619508877384
snp2735	20	133	200	0.475	190	0.073452357599779	-0.186254546825662	0.307244834244481	0.453137635406411	0.411033055461424	0.413983813780939	0.681048296544264	0.917877537169769
snp2736	20	134	200	0.475	190	0.176422476196936	-0.116576781268155	0.361758676008291	0.484431559165798	0.240646545548979	0.52217426989934	0.80982907193054	0.872552038178665
snp2737	20	135	200	0.4825	193	-0.687517407785561	0.156867596726056	0.320955896787668	0.425222398286194	0.368907182119972	2.89495971617657	0.712196909807076	0.0151402899614869
snp2738	20	136	200	0.485	194	-0.0342325969302366	0.446420383544454	0.317269981732947	0.452999391535028	0.985476784045382	1.26765380356342	0.324389929622455	0.447771114237235
snp2739	20	137	200	0.45	180	-0.19323180234388	0.103223691264994	0.31462666736553	0.438989868384388	0.23513911982727	0.672304298029555	0.814100756524736	0.797720866103111
snp2740	21	1	200	0.4775	191	-0.226928015432035	0.244294315631303	0.345547693030328	0.456715670789229	0.534893657599157	0.659367775494766	0.592723394284406	0.804621795127798
snp2741	21	2	200	0.46	184	-0.863651111960687	0.8749190602606	0.319951210416339	0.440801519383562	1.98483676164304	2.70280132001767	0.0471626360067783	0.0259244824675512
snp2742	21	3	200	0.445	178	-0.359306088167538	0.590402609375598	0.337937440675355	0.468613559591979	1.25989228713241	1.28956290105444	0.207708221469862	0.435401694707984
snp2743	21	4	200	0.4625	185	0.0684531689191369	0.0684595538768319	0.348201882743545	0.467236496859539	0.146520133459121	0.470336347721053	0.883510797230812	0.895289508352551
snp2744	21	5	200	0.4725	189	-0.617082307533253	0.890033418220227	0.334581760861052	0.436244601215262	2.04021646512261	2.11077629961079	0.0413287705277322	0.107777291843537
snp2745	21	6	200	0.47	188	-0.456613460083233	-0.041866651846663	0.329678983849272	0.439439445457717	0.0952728579089095	2.18226525933225	0.924098100819624	0.09244505314254
snp2746	21	7	200	0.4675	187	0.58711532565394	-0.3219372999223	0.311255361039708	0.440092771868864	0.731521443888265	2.02330342347672	0.46446071130751	0.129137393988523
snp2747	21	8	200	0.475	190	-0.316181282866165	0.285979508915888	0.315752134242887	0.427485850081845	0.668980058313357	1.00762391144886	0.503508198873727	0.601906613091562
snp2748	21	9	200	0.455	182	0.276617149800335	-0.576699910313903	0.351536572349465	0.46947024484812	1.22840566924635	1.24432496572456	0.219294720747938	0.461085258687323
snp2749	21	10	200	0.4425	177	0.593174854589239	-0.539223070773742	0.335066720330722	0.481386419436689	1.12014599706558	1.77782381729541	0.262651552231605	0.20590739241153
snp2750	21	11	200	0.4725	189	-0.303203044304938	0.194680620668354	0.336040475066281	0.459190414118545	0.423964905805057	0.96818553206939	0.671591407439346	0.625820548788952
snp2751	21	12	200	0.48	192	-0.443237292983377	0.655908909573894	0.356886777840422	0.472308240442755	1.38873060728101	1.4251925527784	0.164914683345675	0.362189795986479
snp2752	21	13	200	0.4575	183	0.519936703712311	-0.211854421340718	0.341554435046767	0.446492383212534	0.474486081523756	1.8185295257639	0.635153320955175	0.191374159285107
snp2753	21	14	200	0.4825	193	0.285418922308158	-0.184055459034618	0.342692989740073	0.478957638732909	0.384283377380805	0.891804144043113	0.70076842687417	0.671892235158473
snp2754	21	15	200	0.445	178	0.362423899444916	-0.20077275112466	0.36099445316923	0.47808559828289	0.419951472802701	1.11568485100027	0.674520904405312	0.536667614579685
snp2755	21	16	200	0.45	180	0.388199331559277	-0.242804456829298	0.334656096683696	0.451408015588988	0.537882466514228	1.24207981263231	0.590658193905382	0.462374028252989
snp2756	21	17	200	0.45	180	0.22377103571934	-0.551758405227165	0.326596574193374	0.454109596541898	1.21503357213517	1.23410376778782	0.224353287195663	0.466962625841396
snp2757	21	18	200	0.47	188	0.308651445857414	-0.228097941596866	0.362707616484719	0.484328668378521	0.470956927576706	0.888924258522856	0.637671493860781	0.673617276282443
snp2758	21	19	200	0.4675	187	0.172481956938923	0.124937613293529	0.352147893024837	0.472043116137397	0.26467415586072	1.03471210792024	0.791260488304786	0.585485083292927
snp2759	21	20	200	0.44	176	0.162663285103439	-0.308168947994103	0.342403301453081	0.483379725878835	0.637529733862585	0.638965089560211	0.523779848530608	0.815349687913845
snp2760	21	21	200	0.44	176	0.420670450716708	-1.36320744291319	0.305431023791549	0.427701960142818	3.18728359921004	3.45865295243345	0.001436158813443	0.00252594476295931
snp2761	21	22	200	0.47	188	-0.140926951632346	0.496920198639113	0.324606001358596	0.450819646870136	1.10225941147205	1.20330344388783	0.270348909634516	0.484823879504625
snp2762	21	23	200	0.465	186	0.253358978046279	-0.0700781607208196	0.335132527321893	0.473475603958478	0.148007965214962	0.927445672746361	0.882336482147624	0.650458527446677
snp2763	21	24	200	0.4925	197	-0.0222185569884027	0.0706619832199712	0.332473562608614	0.47216386145019	0.149655636504967	0.158262128126202	0.881036310833457	0.987554641473937
snp2764	21	25	200	0.4675	187	-0.154576629902171	0.105239001330998	0.331047625102174	0.428782568279127	0.245436753068959	0.49210966303086	0.806118274255844	0.885957799188513
snp2765	21	26	200	0.4425	177	-0.178715163599245	0.497370191802505	0.339582686460458	0.456530218590973	1.0894573273541	1.17871884991336	0.275952262898971	0.499229652540153
snp2766	21	27	200	0.475	190	-0.0894853313351426	0.0130600881808789	0.328005732190254	0.487059623831357	0.0268141466503512	0.346541282521735	0.978607969880082	0.941721749961747
snp2767	21	28	200	0.48	192	-0.563311635167092	0.831831566569987	0.371436577771176	0.468281387332724	1.77634983809201	1.78853550179153	0.0756752734758416	0.202011708460627
snp2768	21	29	200	0.465	186	0.39864890181937	-0.790808870044027	0.326868390897407	0.444351610205611	1.77969169432761	1.78101573696361	0.075126430478469	0.204741201793442
snp2769	21	30	200	0.4625	185	0.415114741025888	-0.73677369970419	0.310482839414799	0.437510387640451	1.68401418690355	1.69591390665909	0.092178927010611	0.237387372414205
snp2770	21	31	200	0.485	194	-0.0260445904871942	-0.354019738241948	0.353650512148247	0.491335803328834	0.720525017398365	1.0876580141383	0.471201802127072	0.553496429368521
snp2771	21	32	200	0.4575	183	-0.0679606438096837	-0.154255034480246	0.311709553458848	0.449039473624238	0.343522214729231	0.714686339771865	0.731205631547009	0.774615670140847
snp2772	21	33	200	0.4525	181	0.121647691345595	-0.765657100885977	0.33795604890423	0.44438660294118	1.72295270788647	2.15595482331631	0.0848970775780689	0.0978743662203921
snp2773	21	34	200	0.4525	181	-0.372039000569603	0.348136461384865	0.37493377054346	0.479438738230102	0.726133358914732	0.996163131572828	0.467757020509907	0.60885782662017
snp2774	21	35	200	0.4725	189	0.101162327012336	-0.570220294113211	0.374917773273739	0.480733544453027	1.18614625647145	1.53059999449115	0.235564545926039	0.309942596395238
snp2775	21	36	200	0.4525	181	-0.426580117778981	-0.0300194854734854	0.343695680498554	0.487737812334012	0.0615484071858827	1.70923137572537	0.950922464091616	0.232065423811639
snp2776	21	37	200	0.4625	185	-0.321097348143576	0.180840771283853	0.328128423655439	0.449489229705573	0.402325037692913	1.09071454683183	0.687444830477532	0.5516568297123
snp2777	21	38	200	0.4575	183	-0.239111345736133	0.2001770067084	0.321115068056294	0.444883385956457	0.449953882359618	0.755550030622071	0.652743694226488	0.751692517925293
snp2778	21	39	200	0.4125	165	0.331835388126475	0.188535543085082	0.330422969407418	0.466740159669129	0.403941120512823	1.85513109055143	0.686256017126954	0.178930882039954
snp2779	21	40	200	0.46	184	-0.628532393499492	0.647610963612404	0.306818503046812	0.450669151416163	1.43699865317469	2.04973412530896	0.150718376238762	0.122370127846922
snp2780	21	41	200	0.4775	191	0.404405076749547	-0.098906116980623	0.323423059768946	0.447667024696668	0.220936793474213	1.53944272647399	0.825141648186304	0.305763927342216
snp2781	21	42	200	0.48	192	-0.0337818417758355	0.390871893262142	0.383936006782641	0.496920893318166	0.786587761790641	1.11387186702698	0.431523225702276	0.537753357053171
snp2782	21	43	200	0.44	176	1.56771568055911e-05	-0.144638682799225	0.357326541015964	0.478822354050616	0.302071700654008	0.433087998392888	0.762597404945291	0.910480672692485
snp2783	21	44	200	0.4475	179	0.43774450715618	-0.317025637439918	0.319019603955393	0.441684992794335	0.717764113818412	1.43794282347479	0.47290274384783	0.355638760219025
snp2784	21	45	200	0.435	174	0.450527180042364	-1.04471816750574	0.352668510473255	0.480975882446019	2.17208015128074	2.22301159568517	0.0298496178324	0.08450958853452
snp2785	21	46	200	0.465	186	-0.168455803907517	0.138570411434706	0.345993045507613	0.466915749838226	0.296778190675121	0.494781238011042	0.766635857038699	0.884790631318431
snp2786	21	47	200	0.4625	185	0.554229950956646	-0.449385768431259	0.321684537171549	0.436797612021844	1.0288191969529	1.75094847521881	0.303564644117903	0.215906403694544
snp2787	21	48	200	0.475	190	0.791644179081544	-0.749206133660698	0.342315973007214	0.461243557153984	1.62431782957258	2.31784872952195	0.104307993925444	0.0681386031631283
snp2788	21	49	200	0.4375	175	-0.0527026290849754	-0.487591183071267	0.314088182530417	0.449422726352548	1.08492774058955	1.64704380654705	0.277953660452613	0.257592435534941
snp2789	21	50	200	0.4425	177	0.316192398037879	-1.56037480437493	0.308375359107403	0.442938299692472	3.52278140196566	4.09125357868433	0.000427043426490888	0.000231906120189399
snp2790	21	51	200	0.455	182	0.058086564689671	0.350521722863041	0.324938208374705	0.482070610853881	0.727116972018205	1.15443002811789	0.467154302648929	0.513577495412254
snp2791	21	52	200	0.49	196	0.466517884710344	0.0426886080565019	0.348866573562291	0.466333943739609	0.091540855281035	2.08686464903422	0.927062844673499	0.113324257775907
snp2792	21	53	200	0.465	186	0.924443979669737	-0.92486987873623	0.318622021891044	0.439457878238377	2.10457002715184	2.90165426508002	0.0353287529710932	0.0148493566630035
snp2793	21	54	200	0.48	192	-0.594839272032093	0.471952021458113	0.370851411778478	0.488093828295836	0.966928885591359	1.6495156229617	0.333579585382099	0.256545075928356
snp2794	21	55	200	0.445	178	-0.273884760715694	0.667042970596805	0.352079716184283	0.478875855262874	1.39293506504027	1.44419051591438	0.16363942768049	0.352451193973533
snp2795	21	56	200	0.4825	193	0.0527312422564989	-0.499153346937753	0.297725196206813	0.422237792948257	1.18216169957795	1.49625386183404	0.237141546550655	0.326479601158544
snp2796	21	57	200	0.4725	189	0.348130993505615	-0.660586490391059	0.327861852429197	0.465702651352241	1.41847268524871	1.42005904068257	0.156052807884412	0.364844574450254
snp2797	21	58	200	0.4825	193	0.0653372343550191	-0.179537543623114	0.313691842180975	0.451020413540648	0.39806966211061	0.407015534603739	0.690578836547813	0.920506862909637
snp2798	21	59	200	0.4525	181	-0.0219652957509158	0.20829856266499	0.31533409076416	0.450881338376165	0.461980891502785	0.590833328946323	0.644095023577297	0.83984157065449
snp2799	21	60	200	0.475	190	-0.589702218643532	0.197112291467147	0.34680364147249	0.450153213695698	0.437878227834655	2.04361804410957	0.661474559150368	0.123911539993857
snp2800	21	61	200	0.455	182	0.232712728131807	0.0177081114899085	0.343136000052114	0.45887098046343	0.0385906109643815	1.01452077040797	0.969216788083212	0.597723984004974
snp2801	21	62	200	0.4675	187	-0.163968719668946	0.655834707032338	0.311437613137279	0.446293195706827	1.46951536196658	1.65001128972836	0.14169305823053	0.256335376325597
snp2802	21	63	200	0.4475	179	-0.0878578245218019	-0.0126974417481826	0.326034797019703	0.473580504657218	0.0268115803402278	0.397204037923692	0.978610016763392	0.924145711013172
snp2803	21	64	200	0.4525	181	0.359897752476154	0.254605856540606	0.31319566630268	0.455600723389004	0.558835496675049	2.13079082593517	0.57627399447391	0.103298257437888
snp2804	21	65	200	0.47	188	-0.24261807732131	0.307248708683688	0.352187185617368	0.460589851508603	0.667076592498367	0.72514348827024	0.504723210905744	0.768806059732919
snp2805	21	66	200	0.4425	177	0.161902624874494	0.299928894892617	0.325199339674184	0.457547804118663	0.655513789363159	1.53100300970315	0.512137011196324	0.309751440530673
snp2806	21	67	200	0.445	178	-0.1686652962789	0.0673575139539674	0.3632891040961	0.475625480133237	0.141618808847454	0.558404802475188	0.887381109364197	0.8556379381966
snp2807	21	68	200	0.45	180	-0.527666406586907	0.965610876087157	0.341436443719778	0.448032985292623	2.15522273534501	2.16194396002341	0.0311444086180211	0.0966169735916043
snp2808	21	69	200	0.475	190	-0.00248857383313663	0.0112527687782571	0.316810074194024	0.46760820703381	0.0240645236952469	0.0267729992747225	0.980801141112395	0.999641667471359
snp2809	21	70	200	0.455	182	0.166475760870834	-0.203262357124985	0.355200038905801	0.479494134649453	0.423909996883665	0.48048857852136	0.671631453207498	0.890978807341771
snp2810	21	71	200	0.4825	193	0.343122661768647	-0.380235379203771	0.325254132335682	0.476314057161282	0.798287124822398	1.06024583313758	0.424703887881899	0.570033234710983
snp2811	21	72	200	0.435	174	0.118505989440603	0.0758448452155984	0.332029615579986	0.456536309446109	0.166131025389014	0.698300881197983	0.868053838676755	0.783634896499498
snp2812	21	73	200	0.4775	191	0.660014468660574	-0.59788200902029	0.342253921597668	0.439044957231921	1.36177855860093	1.93176047420436	0.173267780208945	0.154764717822285
snp2813	21	74	200	0.4725	189	-0.0561565651094151	0.36192327015	0.336875650178646	0.457692318022935	0.790756706849217	0.966942353049028	0.429085977913469	0.626573773205864
snp2814	21	75	200	0.4725	189	0.288920364806514	-0.336977975661081	0.364102223100655	0.482408165179991	0.698532902185335	0.811390718273673	0.484843988866347	0.719515328250527
snp2815	21	76	200	0.46	184	-0.287934418350428	0.535526541444996	0.32934010667867	0.467964059952159	1.14437536399642	1.15213434005037	0.252468000658749	0.51493903253078
snp2816	21	77	200	0.4725	189	-0.0792216075411327	0.389489160388022	0.339178198887937	0.44870720176546	0.868025204087561	1.02809771125931	0.385380535081862	0.589492989151437
snp2817	21	78	200	0.43	172	0.488115395638197	-0.685369856430213	0.333787695811848	0.464982256838968	1.47396991250694	1.57903593328401	0.140489692286861	0.287458367104779
snp2818	21	79	200	0.455	182	-0.435974335964982	-0.284496187646502	0.311844346972936	0.44855897286025	0.634244781310256	2.55134686619288	0.525921086785455	0.038592959488597
snp2819	21	80	200	0.44	176	-0.00985835197087879	0.816248392490079	0.310952871650863	0.443027228380374	1.84243391873256	2.49968115584503	0.0654117041850045	0.0439719679366026
snp2820	21	81	200	0.4625	185	-0.275317936318716	0.263491304859681	0.328270212180677	0.452595390864025	0.582178498010473	0.838741972248207	0.560446455013541	0.703460150964726
snp2821	21	82	200	0.47	188	0.0525316724889412	-0.170121388269092	0.34113101168051	0.447943330506136	0.379783282132741	0.430510397165629	0.704106293129019	0.911494607426601
snp2822	21	83	200	0.45	180	-0.0390873201689839	-0.155268875516699	0.322785691646529	0.436009443166964	0.356113561185512	0.647703249111335	0.721755521739386	0.810779012672767
snp2823	21	84	200	0.47	188	0.486015060597615	-0.420544309442247	0.348668874656882	0.475237364859616	0.884914235576731	1.40939524546345	0.376202889543974	0.370390479821014
snp2824	21	85	200	0.48	192	0.252033780810358	-0.750068583540815	0.341338996289455	0.494148782148357	1.51790029771969	1.58436007040198	0.129039534910988	0.285047793482799
snp2825	21	86	200	0.465	186	0.191567568288975	0.20638796527603	0.327731227208163	0.449684459105225	0.458961747725722	1.4185628466941	0.646261635678055	0.365620168657897
snp2826	21	87	200	0.4775	191	0.237289393296577	-0.124896749724004	0.306250661663111	0.444930254773462	0.280710849361312	0.838966272660072	0.778932186630067	0.7033278036426
snp2827	21	88	200	0.4525	181	0.328452030233554	-0.692671678199432	0.333382205736618	0.465357771593401	1.4884712805541	1.49280461424573	0.136626650601798	0.32816694935428
snp2828	21	89	200	0.455	182	-0.183794111436194	-0.0104726624409997	0.350122817774522	0.473360763108518	0.0221240610907982	0.792290443392414	0.982348993196855	0.730619793153976
snp2829	21	90	200	0.4525	181	0.314667504398572	-0.0703382288896738	0.336732703513285	0.469535872370612	0.149803738177761	1.15915326543552	0.880919460002407	0.510779061939704
snp2830	21	91	200	0.48	192	-0.124047906207781	-0.0918341705277015	0.324331905165652	0.461860082661344	0.198835478481994	0.74728147788637	0.842391442246742	0.756377413175652
snp2831	21	92	200	0.455	182	0.171893706091095	0.334827653785995	0.337822083835348	0.492073055229751	0.680442975341665	1.51992465944564	0.496224017453552	0.315030605299428
snp2832	21	93	200	0.4675	187	-0.190619669135284	-0.20325559275704	0.327749998037165	0.46757014272733	0.434706099006779	1.2820654402547	0.663775770824364	0.439619413122848
snp2833	21	94	200	0.475	190	-0.462660084464199	0.724819394859702	0.345421219744386	0.503710099492009	1.43896140972889	1.51640284576363	0.15016145674018	0.31671948718774
snp2834	21	95	200	0.4525	181	-0.0742114620629036	0.563438937991823	0.354529770239042	0.497912770121726	1.13160170174803	1.41899231627983	0.257801924335214	0.365397456169923
snp2835	21	96	200	0.48	192	-0.414729023219556	0.389535015628725	0.31593510851745	0.447989856852052	0.86951748944925	1.3155049448542	0.384564146192302	0.420935093258641
snp2836	21	97	200	0.4675	187	-0.196322869796267	-0.0273656487304331	0.351132301845619	0.450061785587771	0.0608042042376341	0.921438141737553	0.951515142021609	0.654080972174563
snp2837	21	98	200	0.485	194	-0.347827928711246	-0.218495313696506	0.341991697293372	0.464259651617777	0.470631709938885	2.06300470851918	0.637903759011869	0.11907589528174
snp2838	21	99	200	0.425	170	0.0392827880107768	-0.505443193143603	0.32551821860925	0.454063089517257	1.11315630980041	1.47066691710015	0.265641303110002	0.339110050843757
snp2839	21	100	200	0.4525	181	0.0754895981620859	-0.309715893805401	0.356350593610652	0.488435938397035	0.634097267334251	0.734452002900735	0.526017346040671	0.763601004018664
snp2840	21	101	200	0.4425	177	0.639263006901092	-0.638349398862896	0.372998079910288	0.495229363426453	1.28899747471799	1.71387245438499	0.19739896450087	0.230229326526674
snp2841	21	102	200	0.44	176	0.809054631374577	-0.462896449691702	0.364301120063914	0.482862497099708	0.958650656184874	2.49701511735265	0.337734764236963	0.0442658292583305
snp2842	21	103	200	0.465	186	-0.177047199363167	-0.0773653242845119	0.342692791937151	0.460787339255455	0.167898111978336	0.958964570222255	0.866663435467729	0.631405795891849
snp2843	21	104	200	0.47	188	0.319445616820346	0.0732630047615738	0.385168226308874	0.489837686904177	0.149565880127769	1.42999105683321	0.881107129034002	0.359717164203287
snp2844	21	105	200	0.4725	189	0.077120730837628	-0.0752275230293522	0.315258188189622	0.444767878360081	0.169138840032077	0.244677723692452	0.86568743509035	0.97050997886566
snp2845	21	106	200	0.4525	181	0.707309851685674	-0.848670692658771	0.352171507709869	0.468980127541229	1.80960907044865	2.06587510256424	0.0703564323263862	0.118372367106309
snp2846	21	107	200	0.46	184	-0.19297820929763	-0.0215625259860449	0.342885345842026	0.462332880087292	0.0466385301905712	0.843297056891286	0.962801322776958	0.700770410241165
snp2847	21	108	200	0.4575	183	-0.416576957743041	0.202932654085234	0.330153512488674	0.446993036982463	0.453995112441083	1.44677067955186	0.649832344625806	0.351139148499033
snp2848	21	109	200	0.47	188	0.0532354414197773	-0.535625349416753	0.318434453856311	0.44469051650645	1.20449015559113	1.5284125533098	0.228400184749751	0.310981309537975
snp2849	21	110	200	0.4575	183	0.0909468831615062	-0.546327217938464	0.354390341720012	0.463199398061725	1.17946443847853	1.49175949089363	0.23821328909015	0.328679164030942
snp2850	21	111	200	0.45	180	-0.0325947627745864	-0.124836600841661	0.338446513942856	0.460607501568813	0.271025982895355	0.496634902640223	0.786371048436472	0.883977991400462
snp2851	21	112	200	0.4375	175	-0.30739504080499	0.725132388199099	0.326569042577446	0.462484916341118	1.56790494690265	1.57907936797385	0.116903317136303	0.287438652196003
snp2852	21	113	200	0.455	182	-0.294029931419399	0.458569247522362	0.313959559243177	0.434437240693931	1.05554773985279	1.08637450966621	0.291174887685509	0.554269201137446
snp2853	21	114	200	0.4725	189	0.252704195027103	-0.606290876067478	0.318305660854876	0.4660302557476	1.30096891476472	1.30530776304959	0.193269095161413	0.426597566171238
snp2854	21	115	200	0.4675	187	0.333375015332916	-0.544365596640953	0.3003449779599	0.430898946295833	1.26332543005853	1.31069290149318	0.206472250800462	0.423603272001791
snp2855	21	116	200	0.485	194	-0.138504769116848	-0.161936513910733	0.320150633242782	0.447808480340445	0.361620025122395	1.05396535933513	0.717635998152285	0.573830346844146
snp2856	21	117	200	0.45	180	0.263212880112392	-0.585081144923344	0.315411604924378	0.448397566682879	1.30482676177663	1.31150628074256	0.191951844212653	0.423151773278294
snp2857	21	118	200	0.46	184	0.186755376157086	-0.421098054112983	0.379079022257518	0.484039614491728	0.86996609679388	0.917969635451233	0.384318932205158	0.656170821173622
snp2858	21	119	200	0.4775	191	0.281709211819719	-0.0663351792082917	0.342477553695438	0.446597128743107	0.148534719412514	1.06514615451958	0.881920787711424	0.567072472907213
snp2859	21	120	200	0.4825	193	-0.505381378313124	0.000193208760954189	0.3215459483191	0.446721456158443	0.000432503875268668	2.18300836624411	0.999654911846194	0.0922952350365026
snp2860	21	121	200	0.4675	187	-0.103450874715714	0.41237168262807	0.324567998900274	0.498501478951618	0.827222586170287	0.885399252575308	0.408110912145263	0.67572714354496
snp2861	21	122	200	0.45	180	0.0956898299067715	-0.0597869683971182	0.327866609914589	0.434502096064524	0.137598803178707	0.314470655069755	0.890557501456547	0.951756650157008
snp2862	21	123	200	0.465	186	0.387315768644631	-0.60435854330365	0.327698371651959	0.44813309279353	1.3486139564839	1.38416171430724	0.17746099548907	0.383677921022513
snp2863	21	124	200	0.4625	185	-0.195204520556927	0.293513935008202	0.338913276281806	0.471977435728742	0.621881286665773	0.6477382598791	0.534019930932947	0.810760626682674
snp2864	21	125	200	0.46	184	-0.473151446856824	0.960569441865157	0.33474323165802	0.477626293584946	2.0111318299823	2.01115544606573	0.0443115339050948	0.132341031763493
snp2865	21	126	200	0.45	180	-0.23636160158142	0.812445909024899	0.320572051396976	0.445179081246474	1.82498671489707	1.98157415312906	0.0680030341542636	0.140391818458696
snp2866	21	127	200	0.4725	189	0.188469113214078	-0.470974132609654	0.370114860721377	0.491544218140286	0.958152115778195	0.993705654988425	0.337986059019095	0.610348322448214
snp2867	21	128	200	0.47	188	0.973515290410193	-1.00412577712161	0.357357093738676	0.472383149460639	2.125659601254	2.72716023905579	0.0335316130268627	0.0242654564624662
snp2868	21	129	200	0.46	184	-0.244614750062826	0.671814268574822	0.342612492202325	0.477783870166383	1.40610495775186	1.49485919119257	0.159692960423011	0.327161285862022
snp2869	21	130	200	0.4325	173	-0.144401764783935	-0.0563386019994487	0.351266720982487	0.477491817687391	0.11798862286753	0.69112464729511	0.906076672548677	0.787551401198391
snp2870	21	131	200	0.4675	187	0.600571317923565	-0.642957669722533	0.399365188959812	0.494106767850286	1.30125250564742	1.51421113918101	0.193172038324421	0.317773095513871
snp2871	21	132	200	0.4625	185	0.31988096501979	-0.639155387037052	0.365952714147576	0.488382465821888	1.30871894829687	1.31801666489198	0.190629570804755	0.419545219758262
snp2872	21	133	200	0.445	178	-0.981761886618183	0.589657799176326	0.327934320406601	0.436139765781372	1.35199274507775	3.18680991049312	0.176377636152374	0.00623311729585949
snp2873	21	134	200	0.455	182	0.462279193775119	-1.13090262298545	0.329306024287945	0.441766762073345	2.55995407548948	2.64465935626946	0.0104685996194411	0.0302847329843112
snp2874	21	135	200	0.48	192	0.227679010551382	-0.336878626894048	0.358216490511355	0.477058512045644	0.706157878725402	0.721795207244905	0.480089961421742	0.770670656616483
snp2875	21	136	200	0.445	178	0.0750507502145061	-0.375325468259099	0.295475015617386	0.421318201671801	0.890836110972177	1.01803019107347	0.373017099324315	0.595595975665742
snp2876	21	137	200	0.45	180	-0.274505579509186	0.0500244204819957	0.331389865169053	0.463275898843783	0.107979760239727	1.03711748957811	0.914011747313525	0.584028004966203
snp2877	22	1	200	0.4675	187	0.364203235640787	0.143425659414763	0.329444627674815	0.455554258177732	0.314837709976592	1.95127479097412	0.752884878218626	0.149010775785217
snp2878	22	2	200	0.4575	183	0.701654022101021	-0.711174325871293	0.34654347001023	0.487352353772937	1.45926108772348	2.0250755605128	0.144493261029675	0.128674989776797
snp2879	22	3	200	0.4725	189	-0.240391975980971	0.0746248239087225	0.324769979237658	0.457642690771382	0.163063510930194	0.890864310887804	0.870468429271408	0.672455318768195
snp2880	22	4	200	0.4375	175	-0.261913957640871	0.241607168938858	0.321670552426021	0.440019705495943	0.54908261134929	0.815490136291427	0.582948757858169	0.717120005145529
snp2881	22	5	200	0.43	172	-0.0170896942998683	-0.429819203926224	0.348974147775936	0.482009303193545	0.891723875614982	1.3099798584384	0.372540952960794	0.423999240613724
snp2882	22	6	200	0.4725	189	-0.0271052045134323	-0.188358881535863	0.342828155806848	0.475846030031281	0.395839976900682	0.656220848167274	0.692223083208882	0.80628911220668
snp2883	22	7	200	0.455	182	-0.139929360190121	0.444005932940541	0.358083030236588	0.478424339181001	0.928058830996391	1.03345580350516	0.353377053403111	0.586246195438851
snp2884	22	8	200	0.47	188	-0.37959218314015	0.400828932910585	0.333290017327071	0.461432438104758	0.868662234837478	1.14122545224306	0.385031903347367	0.521420862183544
snp2885	22	9	200	0.45	180	0.169950680503163	-0.62505305939133	0.334802458160673	0.442602688266183	1.41222156114746	1.61929034560882	0.157884733834115	0.269536729138513
snp2886	22	10	200	0.4425	177	-0.121680874518817	0.232655229131545	0.314470423495692	0.434298671389069	0.535703294664513	0.535794618410559	0.592163626247343	0.866287935580607
snp2887	22	11	200	0.485	194	-0.0343287977715274	0.267894535831705	0.319078204036206	0.439750798961924	0.609196245837636	0.751620905076937	0.542394368408327	0.753921526632766
snp2888	22	12	200	0.46	184	0.117815012589184	0.225087550901278	0.370549431520527	0.481349940691666	0.467617281884035	1.15270398309062	0.640058304019755	0.514601102695328
snp2889	22	13	200	0.445	178	-0.270809943394205	0.108146777178692	0.333296086365187	0.455906879837767	0.237212426399829	0.953541965849598	0.812491996532308	0.634688380241897
snp2890	22	14	200	0.44	176	-0.514539932543261	0.342714680665568	0.326292355331208	0.442710167214357	0.774128777800643	1.69003702747071	0.438854640939155	0.239761025902318
snp2891	22	15	200	0.4325	173	-0.0555097383286617	-0.332852590955664	0.318435488886392	0.443476950906273	0.750552177008204	1.18704297772371	0.452922211290913	0.494338133348497
snp2892	22	16	200	0.465	186	-0.288297614179775	0.330588785659449	0.298249639773031	0.429064557278558	0.770487284608836	0.986671283497866	0.441010894799113	0.614614454606941
snp2893	22	17	200	0.475	190	-0.608505544763688	0.667949153964143	0.353336199800888	0.46317089872007	1.44212245590118	1.73465380853731	0.149267831150591	0.222125682984518
snp2894	22	18	200	0.455	182	-0.145835916488429	0.268694301192425	0.361248118242209	0.456814799625082	0.588190884824547	0.593448223616982	0.556404174947494	0.838542178165703
snp2895	22	19	200	0.4475	179	0.0305667376766182	-0.238591879265418	0.355151309918634	0.481200152229525	0.49582669115951	0.647092355103895	0.620016691597617	0.811099732246919
snp2896	22	20	200	0.475	190	-0.49086385095193	1.18863843586065	0.347409200093678	0.483215974378628	2.45984921626222	2.50705903904359	0.0138995398834655	0.0431672785103965
snp2897	22	21	200	0.4575	183	-0.423900311016095	0.377264177535734	0.32712149751422	0.460500053068352	0.819248933896943	1.30710487590834	0.41264440129948	0.425597345389151
snp2898	22	22	200	0.4675	187	-0.378383556754778	-0.108696042955635	0.371002610110921	0.476294605229494	0.2282117869113	1.85023108481553	0.819481598569621	0.180562638518006
snp2899	22	23	200	0.4725	189	0.563891280813064	-0.613707194345404	0.349123521892955	0.460494960824339	1.33271207408393	1.6230885932971	0.182626309416143	0.267882107981383
snp2900	22	24	200	0.4475	179	-0.0950691629341009	0.713663740272609	0.343379173855199	0.464493138237729	1.5364354853125	2.04599098556712	0.124431609250251	0.123311752566771
snp2901	22	25	200	0.4675	187	0.313561838615395	-0.336632992490414	0.348132917761016	0.446344395604616	0.754200110509762	0.907895755758287	0.45072907126389	0.662233310959299
snp2902	22	26	200	0.4475	179	0.363006015070674	-0.489037232188793	0.329122521597745	0.473113279734821	1.03365780064955	1.16101106627787	0.301296167585174	0.509679415480996
snp2903	22	27	200	0.4625	185	0.596482455033975	-0.781549589118328	0.329296568252091	0.459806319899297	1.6997365092535	1.90188340277432	0.0891804987416688	0.163886651602891
snp2904	22	28	200	0.465	186	-0.28694457597505	0.70837628781384	0.325039115879568	0.455244122665476	1.55603609699838	1.58826132409912	0.119699509034751	0.283289193821407
snp2905	22	29	200	0.4325	173	0.17099815572374	-0.644453225155387	0.354227831976204	0.470898864134272	1.36855973594285	1.58327678566543	0.171136937290106	0.285537277277016
snp2906	22	30	200	0.445	178	0.215786101656249	-0.057278255789563	0.299712376496962	0.410550301205302	0.139515805058246	0.902067386435032	0.88904256744931	0.665735533045676
snp2907	22	31	200	0.4575	183	-0.67213589246389	0.9699427661084	0.330745174765727	0.463667542508441	2.09189274034799	2.23131729357853	0.0364481116507119	0.0829606871397488
snp2908	22	32	200	0.455	182	0.365465575341892	-0.559955304881207	0.32729331883448	0.436564543864581	1.28264036269263	1.32213772559547	0.199618102411203	0.417269041103627
snp2909	22	33	200	0.4675	187	-0.0277069914782909	0.0545451303344857	0.327437114267289	0.450727150512974	0.121015852434023	0.121021378952956	0.903678479049285	0.992703661386752
snp2910	22	34	200	0.48	192	0.139106528290232	-0.0510952683710208	0.337419856258398	0.471726722915911	0.108315399337953	0.494789884134764	0.913745507578209	0.8847868462124
snp2911	22	35	200	0.4875	195	-0.0153046468413674	0.395034355997439	0.320067993969113	0.488689449481442	0.808354582683579	1.06670174315143	0.418886489312584	0.566132966954634
snp2912	22	36	200	0.465	186	0.0501355453387942	0.172452484017283	0.335975378072446	0.453099585617076	0.380606139337824	0.765417778862766	0.703495525060138	0.746072731591632
snp2913	22	37	200	0.4625	185	0.144017969101642	-1.0122986184237	0.371147184288783	0.499321317439951	2.02734908978815	2.63196502459935	0.0426267244965403	0.0313161936768859
snp2914	22	38	200	0.4625	185	0.0815959388819067	-0.181082271471379	0.322927878275522	0.45639122560517	0.396769835421935	0.399327768080513	0.691537196631781	0.923364390438945
snp2915	22	39	200	0.4775	191	0.643901806600997	-0.871810624917862	0.327440085457047	0.443375481913952	1.96630319104352	2.12772057625004	0.0492635984408992	0.103975766096263
snp2916	22	40	200	0.48	192	-0.467926981008619	0.55251822895324	0.347072315138299	0.450789500882452	1.22566791788994	1.38532048028403	0.22032366787171	0.383062768599305
snp2917	22	41	200	0.49	196	0.419676154569591	-0.194288806171435	0.334378233889086	0.441167956208425	0.440396459981435	1.42346322105897	0.659649988394777	0.363083018104126
snp2918	22	42	200	0.4275	171	-0.256580942354425	-0.143676829697004	0.339657629892201	0.452117965514388	0.31778615462347	1.42752678068929	0.750647153732603	0.360985908949284
snp2919	22	43	200	0.48	192	0.433236736203993	-0.416972101972085	0.309761452418991	0.423437049418329	0.984732211186704	1.39972437786955	0.324755626183357	0.375455934197504
snp2920	22	44	200	0.4475	179	0.587485815011279	-0.0974416128912203	0.324102141575083	0.428665541294987	0.227313846120805	2.47063234379009	0.820179707252293	0.0472637298181165
snp2921	22	45	200	0.445	178	-0.00948317695383971	-0.522796361609078	0.324428519712157	0.444831520425225	1.17526824787354	1.70061380813402	0.239887413507299	0.235500165631355
snp2922	22	46	200	0.4625	185	0.129769155245523	-0.604795951478047	0.342442053754631	0.481736667602222	1.25544927789769	1.40399480422785	0.209315710141133	0.373214967433713
snp2923	22	47	200	0.455	182	0.0266646372439387	-0.0384545918427639	0.321193069198016	0.450475505144889	0.0853644457991018	0.0914035576781958	0.931971658096618	0.995831407624925
snp2924	22	48	200	0.4075	163	-0.0177038630839607	0.193705366183237	0.342280241614344	0.461720945583038	0.419529085774169	0.56238746508531	0.674829502483736	0.853730396122689
snp2925	22	49	200	0.465	186	0.413305803198703	-0.90304001454654	0.311233370492466	0.427179151276178	2.11396087999321	2.1288092531643	0.0345186087064409	0.103735133865754
snp2926	22	50	200	0.455	182	-0.201985083388664	-0.0399946203315673	0.319434882442045	0.445528829592746	0.0897688716757701	0.949445030485181	0.928470885094606	0.637167355799284
snp2927	22	51	200	0.485	194	0.266517611096836	0.0720156427856363	0.311929296121242	0.445969353807703	0.161481147013274	1.40069176040921	0.871714458988745	0.374947709585779
snp2928	22	52	200	0.4775	191	0.322547541227776	-0.461885905140432	0.359155440308513	0.472424802575057	0.97769190487633	1.01141367718622	0.32822672670985	0.599608214308854
snp2929	22	53	200	0.4475	179	-0.401074083004564	-0.214973867867461	0.316181253457113	0.441823139977402	0.486560907331508	2.29720384568027	0.62656953272885	0.071463192338338
snp2930	22	54	200	0.4375	175	0.243460942506441	-0.846586468195718	0.316948955839828	0.444198739835054	1.90587318755133	2.03457054475042	0.0566666605115072	0.126218764570118
snp2931	22	55	200	0.46	184	-0.629454931691764	0.535273191208887	0.350628772302287	0.467238953272124	1.14560908815567	1.81421573680835	0.25195693518338	0.192879551606153
snp2932	22	56	200	0.43	172	0.283755961196296	-0.420152473607239	0.330959597300472	0.464577545951321	0.904375334685811	0.947611373566785	0.365796412478024	0.638276529542789
snp2933	22	57	200	0.48	192	0.0233628183243239	0.0297119448432681	0.350788072834702	0.46072244125504	0.0644899014737174	0.180569337806155	0.948580147830971	0.983829525995845
snp2934	22	58	200	0.45	180	0.115644563451973	-0.550588624999207	0.329661581626846	0.443657729464362	1.24102114858665	1.5135509180566	0.214597936352184	0.3180908673058
snp2935	22	59	200	0.4425	177	-0.304832333759442	0.367996064487805	0.352313589336988	0.451507347956035	0.815038927170767	0.896000453349993	0.415050028225585	0.669376627639788
snp2936	22	60	200	0.455	182	0.468162712545869	-0.71801642839504	0.34077746415432	0.456796252661674	1.57185271160015	1.60585368124838	0.115984713594583	0.275440671292826
snp2937	22	61	200	0.4675	187	-0.334629774993668	0.312671370002997	0.359869835241366	0.467177453441968	0.669277525487081	0.930735334881574	0.503318460554862	0.648473505053712
snp2938	22	62	200	0.4575	183	-0.425720793191266	0.61261135367712	0.315574546180798	0.450771624545611	1.35902820922823	1.4635954322205	0.174137649934076	0.342646561984315
snp2939	22	63	200	0.485	194	0.131427074667718	-0.112559805244729	0.326661014488518	0.455376679005591	0.247179555814159	0.405100737614673	0.804769266582433	0.921222852701548
snp2940	22	64	200	0.4375	175	0.565367912202188	-0.336377869240456	0.362564828773749	0.486509542936132	0.691410629296977	1.70843402977627	0.489307526206961	0.23238183561838
snp2941	22	65	200	0.44	176	-0.0130120044570009	0.333320545204165	0.343443566587489	0.479097330510264	0.69572615829264	0.965444185175647	0.486600340535071	0.627481407846682
snp2942	22	66	200	0.4525	181	-0.0632619217052175	-0.068574503876794	0.330325162446615	0.452363583971173	0.151591565516388	0.470612968461692	0.879509086264817	0.895173000228283
snp2943	22	67	200	0.455	182	0.214267229523206	-0.397057937642155	0.34862000340719	0.475076177906703	0.835777410249627	0.835777490164542	0.403280137067279	0.705208336871178
snp2944	22	68	200	0.45	180	-0.130286680109811	0.422131897507179	0.359011705033478	0.479297726767418	0.88073002213929	0.978178063082485	0.378463963198945	0.619764221268274
snp2945	22	69	200	0.4475	179	0.545090688843821	-0.716861939605237	0.33842600588788	0.450200750060563	1.59231618230045	1.73150213788945	0.111313678701144	0.223342273212234
snp2946	22	70	200	0.45	180	-0.264914617327489	0.0587084026160899	0.335868432956239	0.436453209832212	0.134512477611654	1.04662162500103	0.892997345048564	0.578273457135371
snp2947	22	71	200	0.4925	197	0.041580754019302	0.156841515971316	0.319501167477057	0.44979816620513	0.348693097827767	0.637440204544605	0.727319726570459	0.816143560762813
snp2948	22	72	200	0.4325	173	-0.585373738270819	0.600033453021562	0.331767050064402	0.443807913988739	1.35201161157479	1.76674264447999	0.176371600756748	0.209991172279594
snp2949	22	73	200	0.4425	177	0.238440328323036	-0.236906875202041	0.340221811659709	0.459833726744433	0.515201172561466	0.700876565324053	0.606412449750089	0.782224120878146
snp2950	22	74	200	0.4375	175	-0.384432665148827	0.416596258195642	0.354411576556347	0.489244436394029	0.851509444371325	1.09313884644522	0.394486419252139	0.550198438362879
snp2951	22	75	200	0.44	176	0.151310158610528	-0.295998388970055	0.331549873603452	0.461287495980622	0.641678761183002	0.641866588588121	0.521081782172061	0.813836039639388
snp2952	22	76	200	0.4575	183	0.692403913647775	-0.719977379352009	0.334600466900824	0.46132086624207	1.56068678448682	2.07038026391386	0.118597670918084	0.117274584397559
snp2953	22	77	200	0.4575	183	0.422057163472033	-0.610300281268866	0.327268793450547	0.470005949384218	1.29849480005191	1.40794178111499	0.194117362031696	0.371149612487669
snp2954	22	78	200	0.46	184	0.22570444538972	-0.389294136003131	0.35465029802377	0.488069378398815	0.797620488464711	0.800819495084212	0.425090757684187	0.725672888967337
snp2955	22	79	200	0.465	186	0.0502711862967574	-0.304598562870997	0.369560743370659	0.491168466962203	0.620150891922865	0.824431633441828	0.535158449183453	0.711881539079512
snp2956	22	80	200	0.4625	185	-0.458202149455008	-0.387981647594636	0.3111437416259	0.438578718167702	0.884634004165886	3.23351561287397	0.376354060560267	0.00536525373589366
snp2957	22	81	200	0.4375	175	-0.413280155402985	0.228336622002706	0.351693061136925	0.461660383410562	0.494598692475726	1.31523001160913	0.620883425343752	0.421087347017547
snp2958	22	82	200	0.4875	195	-0.140981177098909	0.23062107500494	0.355676765377476	0.465863470661234	0.495040048273376	0.496005453769243	0.620571851339414	0.884254196494334
snp2959	22	83	200	0.4575	183	0.0256815016501787	0.305360767976111	0.310515045640021	0.424937416669669	0.718601742273702	1.10644944484971	0.472386339589296	0.542202795001281
snp2960	22	84	200	0.465	186	-0.10160109405122	0.188619972077186	0.316214369746983	0.455557482273087	0.41404209000373	0.417752584832064	0.678843282259815	0.91644006344231
snp2961	22	85	200	0.46	184	-0.125701074804647	0.175734328693612	0.312865887443672	0.448921457702559	0.391458963875253	0.43107739256385	0.695458015510195	0.911271994623217
snp2962	22	86	200	0.4625	185	0.154300546051918	-0.277334595000906	0.322719380956229	0.456803890988429	0.607119598742495	0.609350486179718	0.543771544544438	0.830560913117741
snp2963	22	87	200	0.47	188	-0.0123969307160273	0.597610661670882	0.370188394601753	0.502784583972166	1.18860180029697	1.68367050641484	0.234596399113224	0.242349789059901
snp2964	22	88	200	0.475	190	-0.424945455040112	0.453011167904808	0.32787455440521	0.457646265076422	0.989871878074128	1.29953571987215	0.32223674651811	0.429816655572102
snp2965	22	89	200	0.47	188	-0.162110001046106	0.305331786001214	0.3434792810125	0.458211400790155	0.666355715887229	0.666728264837611	0.505183760896382	0.800704519433281
snp2966	22	90	200	0.47	188	0.217038423666156	-0.416173855657998	0.317410042513727	0.435929921067164	0.954680639124741	0.954709521763731	0.339739223645894	0.633981734134616
snp2967	22	91	200	0.4675	187	0.00574205722570768	-0.0729345318562985	0.336547192690156	0.45498056418264	0.160302521905135	0.220201609806215	0.872642772373909	0.97604715959362
snp2968	22	92	200	0.4425	177	1.03923679720682	-1.80843324377252	0.363571301814646	0.488682829640748	3.70062775707095	3.70511013116772	0.000215066768242359	0.00104480967217763
snp2969	22	93	200	0.4325	173	-0.0712364569996298	0.597653927465798	0.327605479114652	0.449962283837711	1.32823116277309	1.71914257695257	0.1841017525454	0.228156016774288
snp2970	22	94	200	0.47	188	-0.112321611288572	-0.0679357976268302	0.331010352814819	0.468075486979862	0.145138550333342	0.642662347444951	0.884601481757513	0.81342020437266
snp2971	22	95	200	0.4775	191	0.216807206887101	0.0580931661626707	0.325895691680324	0.463115508884894	0.12543990656359	1.07631948316761	0.900175296732828	0.560328637377828
snp2972	22	96	200	0.4675	187	-0.249487018765094	0.360542620948554	0.346021348392196	0.469463207527095	0.767989088746099	0.799836386001385	0.442493667325193	0.726244080091765
snp2973	22	97	200	0.4475	179	-0.814373855939658	1.20164255651712	0.326834920573238	0.436569980593494	2.75246262897771	2.85744415543954	0.00591488969010993	0.0168653585493389
snp2974	22	98	200	0.45	180	0.450017275166977	-0.40201882577486	0.344351291603971	0.455629631526146	0.882336876177884	1.31621248774839	0.377594660369016	0.42054337391741
snp2975	22	99	200	0.46	184	-0.486608069929547	0.559499525429321	0.317409071960989	0.451060625018709	1.24040870427587	1.54674131863215	0.214824263137714	0.302339611094143
snp2976	22	100	200	0.4625	185	-0.297305869638833	0.302870804240838	0.364936761561509	0.475263566621566	0.637269139719272	0.815625899999881	0.523949548809426	0.717040607733047
snp2977	22	101	200	0.4725	189	-0.115659274856928	-0.6906691394238	0.327903431480648	0.454422754003245	1.51988238559654	2.5045803052758	0.128540538222819	0.0434362361117778
snp2978	22	102	200	0.455	182	0.103827702583235	0.0978707258782487	0.341629102269033	0.473034802857584	0.206899630401433	0.656306974942177	0.836088245169143	0.806243540506708
snp2979	22	103	200	0.45	180	-0.501359842245164	-0.166884236964618	0.35370447867592	0.46715976869606	0.357231611425843	2.58087921933059	0.720918422586774	0.0357763301804906
snp2980	22	104	200	0.4725	189	-0.532511257657151	0.467327932922422	0.31472591921713	0.437345321119327	1.06855592218606	1.69787741362235	0.285269819047487	0.236597745589737
snp2981	22	105	200	0.4675	187	-0.270829027828872	0.592239204908146	0.343197835992522	0.480186012088403	1.23335372126399	1.2397227339423	0.217443823115702	0.463728406695286
snp2982	22	106	200	0.4575	183	0.606802596797417	-0.834998194433508	0.354888368806329	0.487042647518269	1.71442521242904	1.83838753197983	0.0864506613906373	0.184550090547023
snp2983	22	107	200	0.4625	185	0.525361203483266	-0.0659864331543702	0.361729921530805	0.498201511426138	0.132449283354198	2.06503161043543	0.894628935526939	0.118578774441021
snp2984	22	108	200	0.4725	189	-0.341677501597441	0.0872337415485426	0.349648389487233	0.451310546722298	0.193289835972346	1.26073457757006	0.846731985953824	0.451705058517795
snp2985	22	109	200	0.4575	183	0.31406350933005	-0.429617500000758	0.366003932718056	0.486752712529044	0.882619631986381	0.937221468292221	0.377441817809347	0.644556986817493
snp2986	22	110	200	0.47	188	-0.085148600594753	0.346298583827191	0.336404367235876	0.467052262437029	0.741455746344621	0.830576096210607	0.45841715456579	0.70827111641549
snp2987	22	111	200	0.47	188	-0.21208966595024	-0.254631457884401	0.327413715507745	0.453868033315049	0.561025318360878	1.59438414867728	0.574780277543104	0.28054240000582
snp2988	22	112	200	0.4525	181	-0.329335797281222	0.82069830837407	0.323757818044689	0.44761848216963	1.8334772603582	1.86845323405814	0.0667316272222393	0.174547434395669
snp2989	22	113	200	0.4725	189	0.406558195235282	-0.446811472214884	0.345098219903222	0.470109514619439	0.950441244688666	1.18596159686217	0.341888095190402	0.49497280633676
snp2990	22	114	200	0.46	184	-0.0684241233147729	0.210747494065369	0.34744379448869	0.454574758249985	0.463614598568344	0.52414485345716	0.642923893232044	0.871652961950267
snp2991	22	115	200	0.45	180	-0.26181875435443	-0.270266185614244	0.352391735274938	0.440772742568595	0.613164471195004	2.09302376653411	0.539767594342139	0.111874872322594
snp2992	22	116	200	0.43	172	0.137194659944287	-0.48379172391492	0.315305416451073	0.439097328434642	1.10178699023201	1.19032579565947	0.270554287622883	0.492412868926777
snp2993	22	117	200	0.46	184	-0.749799490416841	0.871117042824005	0.342007371200777	0.469176872949769	1.85669220511061	2.22223758630939	0.0633549571371876	0.0846550982336215
snp2994	22	118	200	0.4775	191	-0.000832429044788569	0.228568386240923	0.342721944608829	0.4532661365403	0.504269716651558	0.760350653212429	0.614071855073411	0.74896235436702
snp2995	22	119	200	0.465	186	0.280762203714564	-0.376477628420198	0.348995593332715	0.488480906074328	0.770711042619365	0.853416838777996	0.440878225140492	0.694779916582302
snp2996	22	120	200	0.4625	185	0.387340891779898	-0.756943472781467	0.336400756821863	0.462544806186086	1.63647599682903	1.63753957887786	0.101740005292868	0.261644665002566
snp2997	22	121	200	0.4775	191	0.26230190747115	-0.431318417517555	0.330110837338208	0.469744170949004	0.918198551875974	0.940692817413354	0.358514926680409	0.642459506972273
snp2998	22	122	200	0.45	180	0.0683952901990716	0.115962752126625	0.330402257983485	0.474205245078997	0.244541268427571	0.548685674299929	0.806811644333145	0.860253655823861
snp2999	22	123	200	0.48	192	-0.693591997056908	0.471928213645712	0.357731227426391	0.446665693606127	1.0565580038969	2.06884221544113	0.290713355485673	0.117648483220457
